{"type": "FeatureCollection", "features": [{"type": "Feature", "properties": {"highway": "tertiary"}, "geometry": {"type": "LineString", "coordinates": [[-48.5036657, -1.4614054], [-48.5038, -1.4603921], [-48.5038939, -1.4596471], [-48.5039986, -1.4590062], [-48.5041474, -1.4579732], [-48.5041871, -1.4576771], [-48.5042658, -1.4571486], [-48.5042897, -1.4570332], [-48.5044115, -1.4563715], [-48.5044198, -1.4563451], [-48.5045732, -1.4556593], [-48.5046135, -1.4554995]]}}, {"type": "Feature", "properties": {"highway": "tertiary"}, "geometry": {"type": "LineString", "coordinates": [[-48.5050888, -1.4557465], [-48.5049706, -1.4564904], [-48.5049532, -1.4576991], [-48.5049407, -1.4585171], [-48.5049383, -1.4590263], [-48.5049402, -1.4594103], [-48.5049398, -1.4597514], [-48.5048177, -1.4604601], [-48.5044532, -1.4618164]]}}, {"type": "Feature", "properties": {"highway": "tertiary"}, "geometry": {"type": "LineString", "coordinates": [[-48.5037213, -1.4545464], [-48.5041866, -1.4549978], [-48.504294, -1.4551056], [-48.5044375, -1.4552792], [-48.5046135, -1.4554995]]}}, {"type": "Feature", "properties": {"highway": "primary"}, "geometry": {"type": "LineString", "coordinates": [[-48.4987405, -1.4479313], [-48.4985465, -1.4482172], [-48.4984527, -1.4483438], [-48.4983947, -1.4484296]]}}, {"type": "Feature", "properties": {"highway": "tertiary"}, "geometry": {"type": "LineString", "coordinates": [[-48.4985707, -1.4546393], [-48.4990226, -1.4549318], [-48.4990919, -1.4549778]]}}, {"type": "Feature", "properties": {"highway": "trunk"}, "geometry": {"type": "LineString", "coordinates": [[-48.3664222, -1.3657955], [-48.3667104, -1.3658305], [-48.3670702, -1.3658727], [-48.3677186, -1.3659755], [-48.3679549, -1.3660172], [-48.3682908, -1.3660764], [-48.3693158, -1.3662572], [-48.3696362, -1.3663137], [-48.3698842, -1.3663574], [-48.3703191, -1.3664311], [-48.3705181, -1.3664691], [-48.3706463, -1.3664917], [-48.3707314, -1.3665096]]}}, {"type": "Feature", "properties": {"highway": "trunk"}, "geometry": {"type": "LineString", "coordinates": [[-48.3306692, -1.3663765], [-48.330345, -1.3665089], [-48.3301361, -1.3665886], [-48.3294575, -1.3668372], [-48.3289506, -1.3670075], [-48.3287964, -1.3670593], [-48.3282093, -1.3672257], [-48.3276594, -1.3673345], [-48.3274122, -1.367366], [-48.3271991, -1.3673887], [-48.3270208, -1.3674077], [-48.3267243, -1.367423], [-48.3255902, -1.3674151], [-48.3248799, -1.3673969], [-48.3247711, -1.3673894], [-48.3239129, -1.3673302], [-48.3226789, -1.3672451], [-48.3225431, -1.3672357], [-48.321046, -1.3671141], [-48.3209114, -1.3671032], [-48.3205332, -1.3670807], [-48.3202016, -1.3670565], [-48.3199348, -1.3670417], [-48.3193265, -1.3670078], [-48.3182766, -1.3669368], [-48.3181515, -1.3669283], [-48.317974, -1.3669198], [-48.3177382, -1.3669024], [-48.3162232, -1.3667905], [-48.3161657, -1.3667864], [-48.3159034, -1.3667398], [-48.315419, -1.3666538], [-48.3149941, -1.366544], [-48.3148866, -1.3665162], [-48.3146909, -1.3664569], [-48.3143591, -1.3663564], [-48.3143199, -1.3663413], [-48.3140154, -1.3662241], [-48.3139926, -1.3662166], [-48.3130471, -1.3659116], [-48.312044, -1.365567], [-48.3113859, -1.365345], [-48.3109611, -1.3652223], [-48.3108934, -1.3652044], [-48.3107543, -1.365171], [-48.3106729, -1.3651514], [-48.3104487, -1.3651087], [-48.3101482, -1.3650613], [-48.3099559, -1.3650415], [-48.3096933, -1.3650193], [-48.3096157, -1.3650127], [-48.3092713, -1.3649894], [-48.3090569, -1.3649864], [-48.3081646, -1.3649779], [-48.3076012, -1.3649571], [-48.3074454, -1.3649574], [-48.3069187, -1.3649583], [-48.3066457, -1.3649548], [-48.3066212, -1.3649548], [-48.3063993, -1.3649547], [-48.3060613, -1.3649463], [-48.3054364, -1.3649543], [-48.3043533, -1.3649315]]}}, {"type": "Feature", "properties": {"highway": "tertiary"}, "geometry": {"type": "LineString", "coordinates": [[-48.4720652, -1.3975612], [-48.4721308, -1.3975588], [-48.4721822, -1.3975596], [-48.4723845, -1.3975569], [-48.4726702, -1.3975567], [-48.4728454, -1.3975608], [-48.4739206, -1.3975562], [-48.4747997, -1.3975525], [-48.4750711, -1.3975546]]}}, {"type": "Feature", "properties": {"highway": "tertiary"}, "geometry": {"type": "LineString", "coordinates": [[-48.4749823, -1.397643], [-48.4747992, -1.3976472], [-48.4739445, -1.3976641], [-48.4728414, -1.3976608], [-48.472182, -1.397683], [-48.4720656, -1.3976849]]}}, {"type": "Feature", "properties": {"highway": "tertiary"}, "geometry": {"type": "LineString", "coordinates": [[-48.4721753, -1.3950336], [-48.4721917, -1.3956947], [-48.4721774, -1.396876], [-48.4721747, -1.3971119], [-48.4721822, -1.3975596], [-48.472182, -1.397683], [-48.4722024, -1.3987327], [-48.4722032, -1.3994855], [-48.472205, -1.3995425], [-48.4722372, -1.3998226]]}}, {"type": "Feature", "properties": {"highway": "tertiary"}, "geometry": {"type": "LineString", "coordinates": [[-48.4799285, -1.3885964], [-48.4799597, -1.388597], [-48.480372, -1.3886044], [-48.4804941, -1.3886066], [-48.48083, -1.3886126], [-48.4808334, -1.388743], [-48.4808475, -1.3892749], [-48.4808475, -1.3893219], [-48.4808501, -1.3893862], [-48.4808515, -1.3894238], [-48.4808526, -1.3894462], [-48.4808673, -1.3897395], [-48.4808785, -1.3900031], [-48.4808799, -1.3900772], [-48.4807903, -1.3914753], [-48.4807538, -1.3919185]]}}, {"type": "Feature", "properties": {"highway": "secondary"}, "geometry": {"type": "LineString", "coordinates": [[-48.4539686, -1.4195615], [-48.4538946, -1.4196702], [-48.4538608, -1.4197438], [-48.4538546, -1.4197999], [-48.4538571, -1.4198696], [-48.4538959, -1.4200398], [-48.4541534, -1.421171], [-48.4541871, -1.421284], [-48.4542253, -1.4213834], [-48.4542924, -1.4215136], [-48.4543534, -1.4216152], [-48.4544719, -1.4217361], [-48.4549204, -1.4220859], [-48.454954, -1.4221138], [-48.4550305, -1.4221771], [-48.4554146, -1.4225225], [-48.4554999, -1.4225825]]}}, {"type": "Feature", "properties": {"highway": "secondary"}, "geometry": {"type": "LineString", "coordinates": [[-48.4532926, -1.4277335], [-48.4533126, -1.4277004], [-48.4542989, -1.4265475], [-48.4545401, -1.4262738]]}}, {"type": "Feature", "properties": {"highway": "secondary"}, "geometry": {"type": "LineString", "coordinates": [[-48.4532926, -1.4277335], [-48.4533126, -1.4277004], [-48.4542989, -1.4265475], [-48.4545401, -1.4262738]]}}, {"type": "Feature", "properties": {"highway": "secondary"}, "geometry": {"type": "LineString", "coordinates": [[-48.4680524, -1.4142756], [-48.4672524, -1.4146102], [-48.4670404, -1.4147004], [-48.466063, -1.4151085], [-48.4655889, -1.4153064], [-48.4644844, -1.4157771], [-48.4644216, -1.4158074], [-48.4643446, -1.4158474], [-48.4642062, -1.4159584], [-48.464127, -1.4160219], [-48.4640041, -1.4161506], [-48.4639528, -1.4161993], [-48.4638599, -1.4162876], [-48.4634785, -1.4166499], [-48.463228, -1.4168907], [-48.4631268, -1.416988], [-48.4628834, -1.4172219], [-48.4628307, -1.4172725], [-48.4622426, -1.4178715], [-48.4621721, -1.4179446], [-48.4619726, -1.418131], [-48.4618875, -1.4182273]]}}, {"type": "Feature", "properties": {"highway": "secondary"}, "geometry": {"type": "LineString", "coordinates": [[-48.4573359, -1.4232316], [-48.4572025, -1.4231075]]}}, {"type": "Feature", "properties": {"highway": "secondary"}, "geometry": {"type": "LineString", "coordinates": [[-48.4574824, -1.4230469], [-48.4575797, -1.4231834], [-48.4576853, -1.4233407], [-48.4584885, -1.424548], [-48.459057, -1.4254032], [-48.4593182, -1.4257935], [-48.4598127, -1.4265801], [-48.4600875, -1.4269707], [-48.4601668, -1.4270834], [-48.4606552, -1.4278406], [-48.4609611, -1.428305], [-48.461656, -1.4293521], [-48.4617379, -1.4294795], [-48.4617955, -1.429569]]}}, {"type": "Feature", "properties": {"highway": "tertiary"}, "geometry": {"type": "LineString", "coordinates": [[-48.4620622, -1.4472299], [-48.462387, -1.4470137], [-48.4626634, -1.4468298], [-48.4627067, -1.446798], [-48.4632176, -1.4464611], [-48.4632512, -1.4464387], [-48.4636272, -1.4461885], [-48.4640224, -1.4459246], [-48.4644781, -1.4456223], [-48.4645477, -1.4455765]]}}, {"type": "Feature", "properties": {"highway": "tertiary"}, "geometry": {"type": "LineString", "coordinates": [[-48.4828883, -1.4401834], [-48.4828295, -1.4416701], [-48.4828259, -1.442355], [-48.4828336, -1.4429203], [-48.482835, -1.4432297], [-48.48284, -1.4436339], [-48.4828458, -1.4445428]]}}, {"type": "Feature", "properties": {"highway": "tertiary"}, "geometry": {"type": "LineString", "coordinates": [[-48.4898955, -1.4478717], [-48.4899751, -1.4479389], [-48.4907734, -1.4485381], [-48.4916509, -1.4491911], [-48.4935131, -1.4504117]]}}, {"type": "Feature", "properties": {"highway": "secondary"}, "geometry": {"type": "LineString", "coordinates": [[-48.4789315, -1.4373123], [-48.4788765, -1.4381819], [-48.4787755, -1.4394014], [-48.4786832, -1.4402911], [-48.4785543, -1.4415475], [-48.4784907, -1.4420513], [-48.4784549, -1.4426949], [-48.4784297, -1.4430334], [-48.4784231, -1.4431212], [-48.4782913, -1.4445357]]}}, {"type": "Feature", "properties": {"highway": "primary"}, "geometry": {"type": "LineString", "coordinates": [[-48.4724278, -1.4515866], [-48.4719416, -1.4515644], [-48.4707767, -1.4515202]]}}, {"type": "Feature", "properties": {"highway": "secondary"}, "geometry": {"type": "LineString", "coordinates": [[-48.486173, -1.4509156], [-48.4865255, -1.4496316]]}}, {"type": "Feature", "properties": {"highway": "primary"}, "geometry": {"type": "LineString", "coordinates": [[-48.4665273, -1.4482984], [-48.4665585, -1.4482988], [-48.4666031, -1.4482995]]}}, {"type": "Feature", "properties": {"highway": "tertiary"}, "geometry": {"type": "LineString", "coordinates": [[-48.4935639, -1.4636049], [-48.4933235, -1.463288], [-48.4929801, -1.4628449], [-48.4927585, -1.4625541], [-48.4927111, -1.4624915]]}}, {"type": "Feature", "properties": {"highway": "secondary"}, "geometry": {"type": "LineString", "coordinates": [[-48.4762719, -1.4715244], [-48.4763371, -1.471476], [-48.476492, -1.4713593], [-48.4775072, -1.4705842], [-48.4776239, -1.4704959], [-48.4781623, -1.4700887], [-48.4785394, -1.4697994], [-48.4785684, -1.469777], [-48.4790977, -1.4693655], [-48.4797835, -1.4688428], [-48.4805253, -1.468291], [-48.4807132, -1.468132], [-48.4811137, -1.4678258], [-48.4812276, -1.4677387], [-48.4818715, -1.4672464], [-48.4821457, -1.4670368], [-48.4825242, -1.4667474], [-48.4825895, -1.4666974]]}}, {"type": "Feature", "properties": {"highway": "tertiary"}, "geometry": {"type": "LineString", "coordinates": [[-48.4983887, -1.4718979], [-48.4982331, -1.471708]]}}, {"type": "Feature", "properties": {"highway": "tertiary"}, "geometry": {"type": "LineString", "coordinates": [[-48.471505, -1.4423529], [-48.4714827, -1.4424451], [-48.4712304, -1.4427351], [-48.4710814, -1.4428935], [-48.4710536, -1.442923], [-48.4710138, -1.443039], [-48.4709944, -1.4431843], [-48.4709929, -1.4432277], [-48.4709829, -1.4434905], [-48.4709808, -1.4438033], [-48.4709803, -1.4439213]]}}, {"type": "Feature", "properties": {"highway": "primary"}, "geometry": {"type": "LineString", "coordinates": [[-48.43448, -1.4111517], [-48.4346392, -1.4111272], [-48.4354991, -1.410995], [-48.4355357, -1.4109898], [-48.4355891, -1.4109823], [-48.4358216, -1.4109601], [-48.4359398, -1.4109521], [-48.4360358, -1.4109702], [-48.4361412, -1.4110127], [-48.436274, -1.411097], [-48.4363904, -1.411198], [-48.4364587, -1.4112865], [-48.4366338, -1.4116266], [-48.436915, -1.4123061], [-48.4369937, -1.4124962], [-48.4370297, -1.4125674], [-48.4370695, -1.4126263], [-48.4371499, -1.4127136], [-48.4374408, -1.4130136], [-48.4375429, -1.4131084], [-48.4377953, -1.4133427], [-48.4379301, -1.413492], [-48.4381789, -1.4137698], [-48.4382933, -1.4139145], [-48.4383234, -1.4139504], [-48.4385985, -1.4142789], [-48.4388849, -1.4146317], [-48.4392428, -1.4151174], [-48.4396996, -1.4157646], [-48.4397412, -1.4158226], [-48.4400992, -1.4163218], [-48.4403289, -1.4166004], [-48.4404943, -1.4167826], [-48.4405908, -1.4168729], [-48.4407294, -1.4169862], [-48.4409568, -1.4171224], [-48.4411359, -1.4172128], [-48.4412845, -1.4173138], [-48.4414116, -1.417398], [-48.4415081, -1.4174852], [-48.4415724, -1.4175471], [-48.4416628, -1.4176339], [-48.4418235, -1.4178266], [-48.4423457, -1.4185063], [-48.4426565, -1.4188981], [-48.4429637, -1.4192853], [-48.4436427, -1.4201413], [-48.4444064, -1.4211519], [-48.4445301, -1.4213155], [-48.4449826, -1.4219025], [-48.4450829, -1.4220288], [-48.4451863, -1.4221368], [-48.4454817, -1.422413], [-48.4455936, -1.4225176], [-48.4457289, -1.4226679], [-48.4458729, -1.4228976], [-48.446125, -1.4232887], [-48.4462521, -1.4234755], [-48.4463226, -1.4235918], [-48.4463922, -1.4237656], [-48.4464137, -1.4239187], [-48.4464206, -1.424081], [-48.4464198, -1.4242578], [-48.4463902, -1.4244488], [-48.4463843, -1.4244869], [-48.4463754, -1.4245376]]}}, {"type": "Feature", "properties": {"highway": "tertiary"}, "geometry": {"type": "LineString", "coordinates": [[-48.4838563, -1.4633325], [-48.4841956, -1.4619613], [-48.4843257, -1.461407], [-48.4843922, -1.461125], [-48.4844742, -1.4607874], [-48.4845639, -1.4603425], [-48.4846744, -1.4597412], [-48.4849507, -1.4585277], [-48.4849569, -1.4585007], [-48.4849714, -1.4584369]]}}, {"type": "Feature", "properties": {"highway": "tertiary"}, "geometry": {"type": "LineString", "coordinates": [[-48.480562, -1.4582598], [-48.4805041, -1.459654]]}}, {"type": "Feature", "properties": {"highway": "secondary"}, "geometry": {"type": "LineString", "coordinates": [[-48.4649509, -1.4673194], [-48.4649061, -1.467351], [-48.4644828, -1.4673461], [-48.4642709, -1.4673371], [-48.4638315, -1.4673237], [-48.4632832, -1.467312], [-48.4627452, -1.4672988], [-48.4624081, -1.4672881], [-48.4622843, -1.4672892], [-48.4618006, -1.4672796], [-48.4617167, -1.4672802], [-48.4614293, -1.4672785], [-48.4610246, -1.4672674], [-48.4608449, -1.4672654], [-48.4604018, -1.4672554], [-48.4600988, -1.4672466], [-48.4600556, -1.4672446], [-48.4600061, -1.4672423], [-48.4595914, -1.4672286], [-48.4593002, -1.4672332], [-48.4590519, -1.4672815], [-48.4587917, -1.4673673], [-48.4583829, -1.4675248], [-48.4583301, -1.4675451]]}}, {"type": "Feature", "properties": {"highway": "secondary"}, "geometry": {"type": "LineString", "coordinates": [[-48.4936323, -1.4411793], [-48.4935393, -1.4412463], [-48.4922888, -1.4421466], [-48.4922491, -1.4421737], [-48.4921641, -1.4422316]]}}, {"type": "Feature", "properties": {"highway": "primary"}, "geometry": {"type": "LineString", "coordinates": [[-48.4686102, -1.4509288], [-48.4683631, -1.4506901], [-48.4680413, -1.4504092], [-48.4675719, -1.4500231], [-48.4675061, -1.4499431], [-48.4674131, -1.4498194]]}}, {"type": "Feature", "properties": {"highway": "primary"}, "geometry": {"type": "LineString", "coordinates": [[-48.4674131, -1.4498194], [-48.4668721, -1.4490537], [-48.4664465, -1.4484182]]}}, {"type": "Feature", "properties": {"highway": "trunk"}, "geometry": {"type": "LineString", "coordinates": [[-48.3804091, -1.3699344], [-48.3798276, -1.3695901], [-48.3792817, -1.3692663], [-48.3790194, -1.3691078], [-48.3785406, -1.3688282], [-48.3782279, -1.3686361], [-48.3781878, -1.3686115], [-48.3779783, -1.3684876], [-48.3778081, -1.3683869], [-48.3773186, -1.368138], [-48.3771023, -1.3680447], [-48.3768448, -1.3679441], [-48.3763805, -1.3678123], [-48.3759751, -1.3677202]]}}, {"type": "Feature", "properties": {"highway": "trunk"}, "geometry": {"type": "LineString", "coordinates": [[-48.428387, -1.4025303], [-48.4284541, -1.4026079], [-48.4285027, -1.4026669], [-48.42856, -1.4027329], [-48.4287161, -1.4029113], [-48.4290607, -1.4032934], [-48.4293766, -1.403592], [-48.4295301, -1.4037371], [-48.4300196, -1.4040844], [-48.4301202, -1.4041447], [-48.4304723, -1.4043108], [-48.4305789, -1.4043612], [-48.4307685, -1.4044412], [-48.4308484, -1.4044772], [-48.4311295, -1.4045626], [-48.4313782, -1.4046381], [-48.4315819, -1.4046878], [-48.4322697, -1.4048556]]}}, {"type": "Feature", "properties": {"highway": "primary"}, "geometry": {"type": "LineString", "coordinates": [[-48.4811673, -1.3288943], [-48.4808079, -1.3289558], [-48.4807608, -1.3289633], [-48.4803691, -1.3290265], [-48.4794424, -1.3291763], [-48.4792856, -1.329203], [-48.479197, -1.3292194], [-48.4789621, -1.3292616], [-48.4786447, -1.3293249], [-48.4778856, -1.3294717], [-48.4775199, -1.329541], [-48.4770797, -1.3296187], [-48.4764226, -1.3297338], [-48.4757794, -1.329855], [-48.4756603, -1.3298742], [-48.4742331, -1.3301341], [-48.4738328, -1.330207], [-48.4735315, -1.3302656], [-48.4729313, -1.3303624], [-48.4725991, -1.330416], [-48.4722547, -1.3304715], [-48.4720417, -1.3305059], [-48.471908, -1.3305339], [-48.4716484, -1.3305791], [-48.4714579, -1.3306347], [-48.4713708, -1.3306586], [-48.4712513, -1.3306913], [-48.4710422, -1.3307647], [-48.4708469, -1.3308406], [-48.4706816, -1.3309176], [-48.4705025, -1.3310278], [-48.4704934, -1.3310334], [-48.4703049, -1.331155]]}}, {"type": "Feature", "properties": {"highway": "tertiary"}, "geometry": {"type": "LineString", "coordinates": [[-48.4508028, -1.3763566], [-48.4510108, -1.3763336], [-48.4512949, -1.3763022], [-48.45225, -1.3761991], [-48.452738, -1.376155], [-48.4532363, -1.3761225], [-48.4537105, -1.3761342], [-48.45379, -1.3761362], [-48.454902, -1.3762099], [-48.4553363, -1.3762258], [-48.4559049, -1.376262], [-48.456246, -1.3762869], [-48.4563368, -1.3762935], [-48.4564866, -1.3763065], [-48.4570196, -1.3763526], [-48.457184, -1.376372], [-48.4581496, -1.3764897], [-48.4585932, -1.3765442], [-48.4591108, -1.3766256], [-48.4592805, -1.3766664], [-48.4594697, -1.3767091], [-48.4597593, -1.3767772], [-48.4603831, -1.3769493], [-48.4606709, -1.3770618], [-48.4609215, -1.3771722]]}}, {"type": "Feature", "properties": {"highway": "tertiary"}, "geometry": {"type": "LineString", "coordinates": [[-48.4508028, -1.3763566], [-48.4510108, -1.3763336], [-48.4512949, -1.3763022], [-48.45225, -1.3761991], [-48.452738, -1.376155], [-48.4532363, -1.3761225], [-48.4537105, -1.3761342], [-48.45379, -1.3761362], [-48.454902, -1.3762099], [-48.4553363, -1.3762258], [-48.4559049, -1.376262], [-48.456246, -1.3762869], [-48.4563368, -1.3762935], [-48.4564866, -1.3763065], [-48.4570196, -1.3763526], [-48.457184, -1.376372], [-48.4581496, -1.3764897], [-48.4585932, -1.3765442], [-48.4591108, -1.3766256], [-48.4592805, -1.3766664], [-48.4594697, -1.3767091], [-48.4597593, -1.3767772], [-48.4603831, -1.3769493], [-48.4606709, -1.3770618], [-48.4609215, -1.3771722]]}}, {"type": "Feature", "properties": {"highway": "secondary"}, "geometry": {"type": "LineString", "coordinates": [[-48.4596446, -1.3841129], [-48.4597058, -1.3841286], [-48.4597447, -1.3841347], [-48.4597904, -1.3841297], [-48.4598274, -1.3841057], [-48.459861, -1.3840705], [-48.4598889, -1.3840347], [-48.4601549, -1.3835467], [-48.4601877, -1.383507], [-48.4605595, -1.3828502], [-48.4607293, -1.3823498], [-48.460885, -1.381521], [-48.4608999, -1.3814105], [-48.460949, -1.3810453], [-48.4610583, -1.3799043], [-48.4610679, -1.3798039], [-48.4610457, -1.3791279], [-48.4610422, -1.3790522], [-48.4610529, -1.3789508], [-48.4610487, -1.3788309], [-48.461058, -1.3787269], [-48.4610838, -1.3786382], [-48.4611097, -1.3785666], [-48.4611285, -1.3784669], [-48.4611121, -1.3783332]]}}, {"type": "Feature", "properties": {"highway": "tertiary"}, "geometry": {"type": "LineString", "coordinates": [[-48.4771209, -1.3955532], [-48.4771023, -1.3955272], [-48.4770779, -1.3954979], [-48.4770572, -1.3954749], [-48.4770026, -1.3954084], [-48.4769074, -1.3953066], [-48.4768151, -1.3951927], [-48.473053, -1.3906727], [-48.4724705, -1.389987], [-48.4721941, -1.3896827], [-48.4719913, -1.3894594], [-48.471726, -1.3892314], [-48.4715845, -1.3891281], [-48.4714383, -1.3890316], [-48.4710621, -1.3888204], [-48.4708348, -1.3887045], [-48.4705106, -1.3885912], [-48.4703785, -1.388559], [-48.4701917, -1.3885228], [-48.469497, -1.3884482], [-48.46885, -1.3884164], [-48.4687629, -1.3884138], [-48.4686767, -1.3884112], [-48.4678757, -1.3883874], [-48.4675557, -1.3883779], [-48.4672273, -1.3883682], [-48.4670404, -1.3883626]]}}, {"type": "Feature", "properties": {"highway": "tertiary"}, "geometry": {"type": "LineString", "coordinates": [[-48.4582075, -1.3491143], [-48.4581714, -1.348903], [-48.4579909, -1.3478847], [-48.4579151, -1.3474281], [-48.4578327, -1.3469435], [-48.4577506, -1.3464793], [-48.4576748, -1.345999], [-48.457589, -1.3455216], [-48.4575116, -1.3450497], [-48.4574321, -1.3445676], [-48.4572722, -1.3436005], [-48.4571958, -1.3431259], [-48.457118, -1.3426379], [-48.457076, -1.3423738], [-48.4570375, -1.3421391]]}}, {"type": "Feature", "properties": {"highway": "primary"}, "geometry": {"type": "LineString", "coordinates": [[-48.4746174, -1.2999002], [-48.4745325, -1.2998757], [-48.4743998, -1.299846], [-48.473998, -1.2997834], [-48.4739153, -1.2997718]]}}, {"type": "Feature", "properties": {"highway": "primary"}, "geometry": {"type": "LineString", "coordinates": [[-48.43574, -1.4074244], [-48.4356228, -1.4072753], [-48.435591, -1.4071588], [-48.4355402, -1.4063789], [-48.4355011, -1.4061446], [-48.43536, -1.4052682]]}}, {"type": "Feature", "properties": {"highway": "primary"}, "geometry": {"type": "LineString", "coordinates": [[-48.4524047, -1.3485493], [-48.452236, -1.348321], [-48.4521934, -1.3482576]]}}, {"type": "Feature", "properties": {"highway": "primary"}, "geometry": {"type": "LineString", "coordinates": [[-48.4512016, -1.3469602], [-48.4514181, -1.346933], [-48.4517106, -1.3468962]]}}, {"type": "Feature", "properties": {"highway": "primary"}, "geometry": {"type": "LineString", "coordinates": [[-48.4106265, -1.385313], [-48.4107614, -1.3848982], [-48.4109272, -1.3843695], [-48.4109806, -1.3842017], [-48.4110454, -1.3839786], [-48.4110718, -1.3838983], [-48.4112458, -1.3833592], [-48.4115442, -1.3824133], [-48.4116138, -1.3822103], [-48.4117659, -1.3817222], [-48.4119752, -1.3810506], [-48.4121425, -1.3805136], [-48.4122392, -1.3801732], [-48.4122657, -1.380087], [-48.4123734, -1.3798303], [-48.4124988, -1.3795774], [-48.412539, -1.3795092], [-48.4125514, -1.3794863], [-48.4125972, -1.3794016], [-48.4127943, -1.3790365], [-48.4128858, -1.3788672], [-48.4130479, -1.3785858], [-48.4130772, -1.3785333], [-48.4130924, -1.3785068], [-48.4134853, -1.3778013], [-48.4135673, -1.3776521], [-48.4136063, -1.3775838], [-48.4136976, -1.3774237], [-48.4139305, -1.3769982], [-48.4140946, -1.3766985], [-48.4141566, -1.3765826]]}}, {"type": "Feature", "properties": {"highway": "trunk"}, "geometry": {"type": "LineString", "coordinates": [[-48.4374237, -1.4083466], [-48.4376745, -1.4084485], [-48.4380426, -1.4085973], [-48.4382369, -1.4086838], [-48.4386996, -1.4088645], [-48.4390392, -1.408997], [-48.4393757, -1.4091405], [-48.439569, -1.4092225], [-48.4397435, -1.4092924], [-48.440069, -1.4094518], [-48.4401804, -1.4095176], [-48.4402268, -1.4095462], [-48.4403442, -1.4096189], [-48.4404531, -1.409696], [-48.4406226, -1.4098299], [-48.4409641, -1.4101284], [-48.4414162, -1.4106429], [-48.4416342, -1.4109349], [-48.4417671, -1.4111128], [-48.4418436, -1.4112148], [-48.4420893, -1.4115391], [-48.4421593, -1.4116325], [-48.4423206, -1.4118504], [-48.4424859, -1.4120895]]}}, {"type": "Feature", "properties": {"highway": "trunk"}, "geometry": {"type": "LineString", "coordinates": [[-48.435778, -1.4072634], [-48.4350753, -1.4066866], [-48.4344863, -1.4061904]]}}, {"type": "Feature", "properties": {"highway": "trunk"}, "geometry": {"type": "LineString", "coordinates": [[-48.4296726, -1.4041016], [-48.4294344, -1.4039242], [-48.429338, -1.4038477], [-48.4292042, -1.4037451], [-48.4291069, -1.4036546], [-48.4289467, -1.4034971], [-48.4285864, -1.4030787], [-48.4284398, -1.4029129], [-48.4281582, -1.4025943], [-48.4279694, -1.4023758], [-48.4276183, -1.4019754], [-48.4275233, -1.4018652], [-48.4270449, -1.4013145], [-48.4265591, -1.4007732], [-48.4257798, -1.3998811], [-48.425596, -1.3996706], [-48.4249878, -1.3989669], [-48.4248443, -1.3987899], [-48.4244753, -1.3983496], [-48.4242287, -1.3980552], [-48.4241442, -1.397956], [-48.4240801, -1.3978788], [-48.4238162, -1.3975678], [-48.4235796, -1.3972937], [-48.4230177, -1.3966461], [-48.422642, -1.3962129], [-48.4224944, -1.3960428], [-48.4218201, -1.3952652], [-48.4216096, -1.3950266], [-48.4213665, -1.3947819], [-48.4207896, -1.3943184]]}}, {"type": "Feature", "properties": {"highway": "trunk"}, "geometry": {"type": "LineString", "coordinates": [[-48.4345518, -1.406087], [-48.4348952, -1.4063493], [-48.435911, -1.4071886]]}}, {"type": "Feature", "properties": {"highway": "primary"}, "geometry": {"type": "LineString", "coordinates": [[-48.451386, -1.3473633], [-48.4512921, -1.3472948]]}}, {"type": "Feature", "properties": {"highway": "trunk"}, "geometry": {"type": "LineString", "coordinates": [[-48.43574, -1.4074244], [-48.4353653, -1.4071379], [-48.4350216, -1.4068541], [-48.4349963, -1.4068321], [-48.4349738, -1.4068125], [-48.4348473, -1.4067025], [-48.4347894, -1.4066521], [-48.4344855, -1.4063879], [-48.4341406, -1.4060879]]}}, {"type": "Feature", "properties": {"highway": "primary"}, "geometry": {"type": "LineString", "coordinates": [[-48.4141566, -1.3765826], [-48.4140876, -1.3765249], [-48.4139894, -1.3764292], [-48.4139268, -1.3763746], [-48.4134575, -1.3759783], [-48.4131948, -1.3757588], [-48.4131668, -1.3757358], [-48.4130694, -1.3756597], [-48.4129433, -1.3755486], [-48.412667, -1.3753175], [-48.4122338, -1.3749418], [-48.411776, -1.3745441], [-48.411506, -1.3743068], [-48.4112396, -1.37408], [-48.4110693, -1.3739271], [-48.4109576, -1.373831], [-48.4103278, -1.3732835], [-48.4102109, -1.3731682], [-48.4099905, -1.3729688], [-48.409585, -1.3726225], [-48.4089925, -1.3721491], [-48.4087571, -1.3719275], [-48.4085039, -1.3717217], [-48.4084756, -1.3716987], [-48.4084606, -1.371687], [-48.4083795, -1.371617], [-48.4078863, -1.3711909], [-48.4078269, -1.3711366], [-48.4076697, -1.370993]]}}, {"type": "Feature", "properties": {"highway": "secondary"}, "geometry": {"type": "LineString", "coordinates": [[-48.4090241, -1.3763519], [-48.4089993, -1.3768713], [-48.4089526, -1.3782297], [-48.4089468, -1.378396], [-48.4089474, -1.3785702], [-48.4089434, -1.3788892], [-48.4089538, -1.3791764], [-48.4089443, -1.3798695], [-48.4089404, -1.3800657], [-48.4089365, -1.3801283], [-48.4089266, -1.3805035], [-48.408918, -1.3811475], [-48.4089133, -1.3815042], [-48.4089177, -1.3817168], [-48.4089015, -1.3820323], [-48.4088932, -1.3823774], [-48.4088795, -1.3828278]]}}, {"type": "Feature", "properties": {"highway": "primary"}, "geometry": {"type": "LineString", "coordinates": [[-48.407294, -1.3704912], [-48.4073374, -1.3704764], [-48.4073919, -1.3704755], [-48.4074415, -1.3705022], [-48.407483, -1.3705478], [-48.407508, -1.370589], [-48.4075333, -1.3706444], [-48.4075529, -1.3707137]]}}, {"type": "Feature", "properties": {"highway": "primary"}, "geometry": {"type": "LineString", "coordinates": [[-48.4101011, -1.3870369], [-48.4100707, -1.3871036]]}}, {"type": "Feature", "properties": {"highway": "trunk"}, "geometry": {"type": "LineString", "coordinates": [[-48.3595298, -1.3798591], [-48.3593544, -1.380544], [-48.3592884, -1.3808016], [-48.359261, -1.3808898], [-48.3592041, -1.3810589], [-48.3591719, -1.3812076], [-48.3590628, -1.3814363], [-48.3587967, -1.3819426], [-48.3584767, -1.3824498], [-48.3583941, -1.382567], [-48.3581615, -1.3829293], [-48.3577238, -1.3837273], [-48.3572126, -1.3848661], [-48.3566284, -1.3861511], [-48.356095, -1.3873248], [-48.355986, -1.3875774], [-48.3557934, -1.3879978], [-48.3551749, -1.3893812], [-48.3551083, -1.3895301], [-48.3550685, -1.3896203], [-48.3550585, -1.3896425], [-48.3548337, -1.3901419], [-48.3546017, -1.3906555], [-48.3543334, -1.3912536], [-48.3542923, -1.3913383], [-48.35417, -1.3916021], [-48.3540109, -1.391957], [-48.3536962, -1.3926491], [-48.3535016, -1.3930772], [-48.3533732, -1.3933699], [-48.353236, -1.3936827], [-48.352798, -1.3946681], [-48.3525033, -1.3953531]]}}, {"type": "Feature", "properties": {"highway": "trunk"}, "geometry": {"type": "LineString", "coordinates": [[-48.2962979, -1.3645241], [-48.296468, -1.3645262], [-48.2970866, -1.3645483], [-48.2971986, -1.364555], [-48.2974078, -1.3645536], [-48.2978519, -1.3645584], [-48.2979302, -1.364561], [-48.2983561, -1.364563], [-48.2990138, -1.3645731], [-48.2997749, -1.3646227], [-48.3000391, -1.3646194], [-48.3001833, -1.3646171], [-48.3020031, -1.3646728], [-48.3029848, -1.3646728], [-48.3030303, -1.364674], [-48.3030465, -1.3646743], [-48.303604, -1.3646837], [-48.3039679, -1.3646893], [-48.3052715, -1.3647116], [-48.3066568, -1.3647398], [-48.3073944, -1.3647452], [-48.3074452, -1.3647463], [-48.3077538, -1.3647546], [-48.3081861, -1.3647627], [-48.3085424, -1.3647693], [-48.3094423, -1.3647894], [-48.3098955, -1.3648149], [-48.3099693, -1.3648243], [-48.3106385, -1.3649154], [-48.3108068, -1.3649466], [-48.3112916, -1.3650763], [-48.3120239, -1.3653043], [-48.3121473, -1.3653455], [-48.3130284, -1.3656394], [-48.3140945, -1.3660001], [-48.3144028, -1.3661092], [-48.3145787, -1.3661714], [-48.3149996, -1.3663059], [-48.3154279, -1.3664115], [-48.3158392, -1.3664936], [-48.31653, -1.366582], [-48.3177477, -1.3666676], [-48.3181423, -1.3666954], [-48.3184856, -1.3667093], [-48.3190079, -1.3667461], [-48.3195254, -1.3667826], [-48.3202166, -1.3668314], [-48.3206154, -1.3668606], [-48.3210572, -1.3668929], [-48.3218587, -1.3669515], [-48.3230384, -1.3670281], [-48.32354, -1.3670606], [-48.3237465, -1.367074], [-48.3244234, -1.3671207], [-48.3247148, -1.3671408], [-48.3248929, -1.3671531], [-48.3255965, -1.3672017], [-48.3261055, -1.3672215], [-48.326641, -1.3672155], [-48.32704, -1.367188], [-48.3272579, -1.3671605], [-48.3274332, -1.3671384], [-48.3279977, -1.3670475], [-48.3285852, -1.3669037], [-48.3293013, -1.366657], [-48.3306169, -1.3661788]]}}, {"type": "Feature", "properties": {"highway": "primary"}, "geometry": {"type": "LineString", "coordinates": [[-48.4428157, -1.3727336], [-48.4427915, -1.3726953], [-48.442728, -1.372597], [-48.4423179, -1.3719623], [-48.4422505, -1.3718665], [-48.4421793, -1.3717699], [-48.442054, -1.3716452], [-48.4419696, -1.3715754], [-48.4415799, -1.371291], [-48.4415281, -1.3712534], [-48.4411358, -1.3709735], [-48.4398597, -1.3700382], [-48.439778, -1.3699789], [-48.439237, -1.3695796], [-48.4387886, -1.3692528], [-48.4384582, -1.3690035], [-48.438365, -1.3689346], [-48.437916, -1.3686072], [-48.4374764, -1.3682907], [-48.4370351, -1.3679855], [-48.4366452, -1.3676992], [-48.4365632, -1.3676385]]}}, {"type": "Feature", "properties": {"highway": "primary"}, "geometry": {"type": "LineString", "coordinates": [[-48.3959145, -1.359279], [-48.3960733, -1.3592007], [-48.396665, -1.3588896], [-48.3970433, -1.3586774], [-48.397329, -1.3585188], [-48.3978298, -1.3582409], [-48.3978587, -1.3582249], [-48.3979869, -1.3581551], [-48.3980182, -1.3581394], [-48.3987128, -1.357762], [-48.3990119, -1.3575809]]}}, {"type": "Feature", "properties": {"highway": "primary"}, "geometry": {"type": "LineString", "coordinates": [[-48.4103765, -1.3505791], [-48.4102518, -1.350658], [-48.4101529, -1.3507205], [-48.4098932, -1.3508847], [-48.4098784, -1.3508941], [-48.4090911, -1.3513924], [-48.4089661, -1.3514709], [-48.4087684, -1.3515959], [-48.4082272, -1.3519381], [-48.4080188, -1.3520699], [-48.4075884, -1.3523421], [-48.4074407, -1.3524355], [-48.4065687, -1.3529869], [-48.4059599, -1.3533718], [-48.4058133, -1.3534645]]}}, {"type": "Feature", "properties": {"highway": "primary"}, "geometry": {"type": "LineString", "coordinates": [[-48.4106604, -1.3503196], [-48.4106892, -1.3503577], [-48.4107077, -1.3504018], [-48.4107148, -1.350449], [-48.4107101, -1.3504965], [-48.4106937, -1.3505414]]}}, {"type": "Feature", "properties": {"highway": "primary"}, "geometry": {"type": "LineString", "coordinates": [[-48.4144274, -1.3508988], [-48.4152991, -1.3510438], [-48.4163979, -1.351229], [-48.4168146, -1.3512836], [-48.417809, -1.3514482], [-48.4181112, -1.3514982], [-48.4182528, -1.3515216], [-48.4183464, -1.3515302], [-48.4183761, -1.3515263], [-48.4184051, -1.35152], [-48.4184402, -1.3515136], [-48.418566, -1.3514714]]}}, {"type": "Feature", "properties": {"highway": "primary"}, "geometry": {"type": "LineString", "coordinates": [[-48.4183014, -1.3517288], [-48.4181612, -1.3516971], [-48.4180183, -1.3516566], [-48.4163543, -1.3513984], [-48.415293, -1.3512266], [-48.4146854, -1.3511273]]}}, {"type": "Feature", "properties": {"highway": "primary"}, "geometry": {"type": "LineString", "coordinates": [[-48.4188689, -1.3514528], [-48.4189743, -1.3515256], [-48.4190816, -1.3516141], [-48.4193806, -1.3518501], [-48.419972, -1.3522657], [-48.4202819, -1.3524988], [-48.4207097, -1.3528207], [-48.4215868, -1.3534589], [-48.4217553, -1.3535818], [-48.4220393, -1.3537889], [-48.4224918, -1.3541049]]}}, {"type": "Feature", "properties": {"highway": "tertiary"}, "geometry": {"type": "LineString", "coordinates": [[-48.4681361, -1.4544938], [-48.46811, -1.4545069], [-48.4680954, -1.4545156], [-48.4680766, -1.4545203], [-48.4680508, -1.4545217], [-48.467997, -1.4545203], [-48.467086, -1.4545062], [-48.4668217, -1.4545032], [-48.4660788, -1.4545203], [-48.4657324, -1.4545282], [-48.4648126, -1.454613], [-48.4643945, -1.4546344], [-48.4639721, -1.4546424], [-48.4639315, -1.4546439], [-48.4637799, -1.4546495], [-48.4630619, -1.4546756], [-48.4629031, -1.454685], [-48.4621263, -1.4547311]]}}, {"type": "Feature", "properties": {"highway": "tertiary"}, "geometry": {"type": "LineString", "coordinates": [[-48.4583171, -1.4552691], [-48.4583987, -1.4552852], [-48.4584618, -1.4553147], [-48.4586017, -1.455378]]}}, {"type": "Feature", "properties": {"highway": "secondary"}, "geometry": {"type": "LineString", "coordinates": [[-48.4928413, -1.4541154], [-48.4918342, -1.4555337], [-48.4915049, -1.4559892], [-48.4913515, -1.4562201], [-48.4907237, -1.4571304]]}}, {"type": "Feature", "properties": {"highway": "primary"}, "geometry": {"type": "LineString", "coordinates": [[-48.4928413, -1.4541154], [-48.4927385, -1.4540385], [-48.4926686, -1.4540009], [-48.4926173, -1.4539745], [-48.492548, -1.453942]]}}, {"type": "Feature", "properties": {"highway": "tertiary"}, "geometry": {"type": "LineString", "coordinates": [[-48.4552252, -1.4254673], [-48.4552532, -1.4254849], [-48.4553551, -1.4255642]]}}, {"type": "Feature", "properties": {"highway": "tertiary"}, "geometry": {"type": "LineString", "coordinates": [[-48.4616238, -1.4296746], [-48.4615577, -1.4297186], [-48.4607393, -1.430237], [-48.4600389, -1.4307147], [-48.4597659, -1.4308995], [-48.4595453, -1.4310459], [-48.4592314, -1.4312601], [-48.4591706, -1.4312972]]}}, {"type": "Feature", "properties": {"highway": "tertiary"}, "geometry": {"type": "LineString", "coordinates": [[-48.4608066, -1.4337373], [-48.4611426, -1.4335048], [-48.4615958, -1.4331912], [-48.46184, -1.4330385], [-48.462295, -1.4327172], [-48.4632299, -1.4320886]]}}, {"type": "Feature", "properties": {"highway": "primary"}, "geometry": {"type": "LineString", "coordinates": [[-48.461889, -1.4473518], [-48.4618352, -1.4472592], [-48.4617574, -1.4471216], [-48.4610761, -1.446103], [-48.4606701, -1.4454858], [-48.4604344, -1.4451252], [-48.4602874, -1.4448899], [-48.4599757, -1.4444139], [-48.459681, -1.4439742], [-48.4595348, -1.4437534], [-48.4594931, -1.4436904]]}}, {"type": "Feature", "properties": {"highway": "secondary"}, "geometry": {"type": "LineString", "coordinates": [[-48.4495019, -1.4431344], [-48.4495777, -1.4430405], [-48.4497272, -1.4429383], [-48.4499414, -1.4427625], [-48.4503916, -1.4424984], [-48.4505967, -1.442379], [-48.4510354, -1.4421023], [-48.4511876, -1.4420501]]}}, {"type": "Feature", "properties": {"highway": "primary"}, "geometry": {"type": "LineString", "coordinates": [[-48.4644598, -1.4495361], [-48.463363, -1.4494001], [-48.4626812, -1.4493372], [-48.4623223, -1.4492987], [-48.461467, -1.4491969]]}}, {"type": "Feature", "properties": {"highway": "tertiary"}, "geometry": {"type": "LineString", "coordinates": [[-48.4608048, -1.4568756], [-48.4606873, -1.4568122], [-48.4606436, -1.4567779], [-48.4606867, -1.456172], [-48.4606903, -1.4561342], [-48.4607805, -1.4554977], [-48.4608706, -1.4547872], [-48.4608885, -1.4546429], [-48.4608921, -1.4546058], [-48.4609968, -1.4535307], [-48.4611763, -1.4520229]]}}, {"type": "Feature", "properties": {"highway": "primary"}, "geometry": {"type": "LineString", "coordinates": [[-48.4620622, -1.4472299], [-48.4620988, -1.4472854], [-48.4621136, -1.4473142], [-48.4621216, -1.4473538], [-48.462123, -1.4474014], [-48.4621191, -1.4474397], [-48.4620815, -1.4478251]]}}, {"type": "Feature", "properties": {"highway": "tertiary"}, "geometry": {"type": "LineString", "coordinates": [[-48.4748886, -1.4702169], [-48.4749185, -1.4699722], [-48.4749436, -1.4696348], [-48.4749429, -1.4696275], [-48.4749597, -1.4691961], [-48.4749672, -1.4690188], [-48.4749886, -1.4683097], [-48.4750383, -1.4676043]]}}, {"type": "Feature", "properties": {"highway": "tertiary"}, "geometry": {"type": "LineString", "coordinates": [[-48.4827885, -1.4541703], [-48.4832759, -1.454217], [-48.4845742, -1.4543551], [-48.4853969, -1.4544433], [-48.4857675, -1.4544821], [-48.4859162, -1.4544964]]}}, {"type": "Feature", "properties": {"highway": "secondary"}, "geometry": {"type": "LineString", "coordinates": [[-48.4757469, -1.4390327], [-48.4759256, -1.4392827]]}}, {"type": "Feature", "properties": {"highway": "secondary"}, "geometry": {"type": "LineString", "coordinates": [[-48.4752856, -1.4383472], [-48.4754144, -1.4385327]]}}, {"type": "Feature", "properties": {"highway": "secondary"}, "geometry": {"type": "LineString", "coordinates": [[-48.4638192, -1.4210188], [-48.4640052, -1.4212942], [-48.4641549, -1.4215354], [-48.4646439, -1.4222818], [-48.4650158, -1.4228472], [-48.4651998, -1.4231261], [-48.4654621, -1.4235147], [-48.4656435, -1.4237961], [-48.4658555, -1.4241047], [-48.4662801, -1.4247355], [-48.466669, -1.4253225], [-48.4671069, -1.4259908]]}}, {"type": "Feature", "properties": {"highway": "secondary"}, "geometry": {"type": "LineString", "coordinates": [[-48.4877331, -1.4376222], [-48.4883361, -1.4388137], [-48.4887492, -1.4396429], [-48.4888009, -1.4397479], [-48.4895546, -1.4412192], [-48.4895762, -1.4412627], [-48.4896248, -1.4413647], [-48.4900056, -1.4420998], [-48.4901666, -1.4424104], [-48.4903798, -1.442822], [-48.4904263, -1.4429211]]}}, {"type": "Feature", "properties": {"highway": "tertiary"}, "geometry": {"type": "LineString", "coordinates": [[-48.3730653, -1.3650012], [-48.3730519, -1.3643242], [-48.3730404, -1.3639672], [-48.3730334, -1.3637496], [-48.3730186, -1.3632904], [-48.3730026, -1.3627931], [-48.3729784, -1.3620034], [-48.3729675, -1.3617631], [-48.3728966, -1.3611936], [-48.3728403, -1.3606184], [-48.3728293, -1.3605047], [-48.3727981, -1.3603536], [-48.3727085, -1.359777], [-48.3726988, -1.3597147], [-48.3726121, -1.3591326], [-48.3725242, -1.3586276], [-48.3724174, -1.3579364], [-48.3723669, -1.3576755], [-48.3723278, -1.3574545]]}}, {"type": "Feature", "properties": {"highway": "secondary"}, "geometry": {"type": "LineString", "coordinates": [[-48.385642, -1.3494044], [-48.3858014, -1.3496187], [-48.3860946, -1.3500417], [-48.3864358, -1.3505161], [-48.3867864, -1.3509788], [-48.3871109, -1.3514488], [-48.3874103, -1.3518835], [-48.3877231, -1.3523018], [-48.3877665, -1.3523599], [-48.3879096, -1.3525639], [-48.3881153, -1.3528654], [-48.3884589, -1.3533243], [-48.3887715, -1.3537735], [-48.3889389, -1.3539853], [-48.3891403, -1.3542678], [-48.3894224, -1.3546904], [-48.389579, -1.3548905], [-48.3897793, -1.3551751]]}}, {"type": "Feature", "properties": {"highway": "primary"}, "geometry": {"type": "LineString", "coordinates": [[-48.3928317, -1.3414934], [-48.3928367, -1.3415223], [-48.3928576, -1.3416444], [-48.3928495, -1.3421723], [-48.3928486, -1.3422282], [-48.3928415, -1.3424293], [-48.3928399, -1.3425209], [-48.3928371, -1.3426872]]}}, {"type": "Feature", "properties": {"highway": "secondary"}, "geometry": {"type": "LineString", "coordinates": [[-48.4753162, -1.3615094], [-48.4747324, -1.3614934], [-48.472358, -1.3614282], [-48.472188, -1.3614326], [-48.4719382, -1.361439], [-48.4715716, -1.3614353], [-48.4715218, -1.3614305], [-48.4710155, -1.3614157], [-48.4701683, -1.3613893], [-48.4692114, -1.3613397], [-48.469139, -1.3613371], [-48.4687668, -1.3613283], [-48.4682854, -1.3613122], [-48.4678133, -1.3612948]]}}, {"type": "Feature", "properties": {"highway": "secondary"}, "geometry": {"type": "LineString", "coordinates": [[-48.4839702, -1.3925021], [-48.4841126, -1.3924804], [-48.4842069, -1.3924725], [-48.4842606, -1.3924652], [-48.4843149, -1.3924522], [-48.4844455, -1.3924046], [-48.4846319, -1.3923315]]}}, {"type": "Feature", "properties": {"highway": "secondary"}, "geometry": {"type": "LineString", "coordinates": [[-48.4569656, -1.2509009], [-48.4568283, -1.2510074], [-48.4566354, -1.2511922], [-48.4564316, -1.2513914], [-48.4564035, -1.2514198], [-48.4559576, -1.2518628], [-48.4555034, -1.252308], [-48.4550128, -1.2527969], [-48.4545595, -1.2532364], [-48.4540397, -1.2537803], [-48.4535551, -1.254237], [-48.4530933, -1.2547087], [-48.452633, -1.2551557], [-48.4521285, -1.2556734], [-48.4516869, -1.2561105], [-48.4516448, -1.2561536], [-48.4512485, -1.2565593], [-48.4506743, -1.2571383], [-48.4501656, -1.2576447], [-48.4496715, -1.2581439], [-48.4492108, -1.2586112], [-48.4490003, -1.2588217], [-48.4489165, -1.2589108], [-48.44849, -1.2593278], [-48.4480419, -1.2597868], [-48.4476237, -1.2602059], [-48.4475466, -1.2602771], [-48.4473648, -1.2604554], [-48.4471522, -1.260676], [-48.4466798, -1.2611429], [-48.4462758, -1.2615676], [-48.4462, -1.2616454], [-48.4460358, -1.2618089]]}}, {"type": "Feature", "properties": {"highway": "secondary"}, "geometry": {"type": "LineString", "coordinates": [[-48.4569656, -1.2509009], [-48.4568283, -1.2510074], [-48.4566354, -1.2511922], [-48.4564316, -1.2513914], [-48.4564035, -1.2514198], [-48.4559576, -1.2518628], [-48.4555034, -1.252308], [-48.4550128, -1.2527969], [-48.4545595, -1.2532364], [-48.4540397, -1.2537803], [-48.4535551, -1.254237], [-48.4530933, -1.2547087], [-48.452633, -1.2551557], [-48.4521285, -1.2556734], [-48.4516869, -1.2561105], [-48.4516448, -1.2561536], [-48.4512485, -1.2565593], [-48.4506743, -1.2571383], [-48.4501656, -1.2576447], [-48.4496715, -1.2581439], [-48.4492108, -1.2586112], [-48.4490003, -1.2588217], [-48.4489165, -1.2589108], [-48.44849, -1.2593278], [-48.4480419, -1.2597868], [-48.4476237, -1.2602059], [-48.4475466, -1.2602771], [-48.4473648, -1.2604554], [-48.4471522, -1.260676], [-48.4466798, -1.2611429], [-48.4462758, -1.2615676], [-48.4462, -1.2616454], [-48.4460358, -1.2618089]]}}, {"type": "Feature", "properties": {"highway": "secondary"}, "geometry": {"type": "LineString", "coordinates": [[-48.4896297, -1.2986616], [-48.4877767, -1.2985268], [-48.487682, -1.2985204]]}}, {"type": "Feature", "properties": {"highway": "secondary"}, "geometry": {"type": "LineString", "coordinates": [[-48.486755, -1.3107844], [-48.4887444, -1.310965], [-48.4887962, -1.3109396]]}}, {"type": "Feature", "properties": {"highway": "tertiary"}, "geometry": {"type": "LineString", "coordinates": [[-48.4830594, -1.3022827], [-48.4822854, -1.3022297], [-48.481443, -1.3022121], [-48.480664, -1.3021655], [-48.4794803, -1.3021093], [-48.4782274, -1.3020259], [-48.4779628, -1.3019994], [-48.4779135, -1.3019928]]}}, {"type": "Feature", "properties": {"highway": "tertiary"}, "geometry": {"type": "LineString", "coordinates": [[-48.4957836, -1.4567112], [-48.4958866, -1.4566377], [-48.4959373, -1.4565946], [-48.4960171, -1.4565268], [-48.4962142, -1.4563858], [-48.4965545, -1.4561432], [-48.4969181, -1.455884], [-48.4972329, -1.4556457], [-48.4978503, -1.4551748], [-48.4982139, -1.4549032], [-48.498251, -1.4548763], [-48.4985707, -1.4546393]]}}, {"type": "Feature", "properties": {"highway": "primary"}, "geometry": {"type": "LineString", "coordinates": [[-48.4895552, -1.4445472], [-48.4895298, -1.4445264]]}}, {"type": "Feature", "properties": {"highway": "secondary"}, "geometry": {"type": "LineString", "coordinates": [[-48.4573478, -1.4229343], [-48.4574274, -1.4228483], [-48.4578144, -1.4224343], [-48.4578412, -1.4224068], [-48.4593355, -1.4206799], [-48.4593989, -1.4206066]]}}, {"type": "Feature", "properties": {"highway": "secondary"}, "geometry": {"type": "LineString", "coordinates": [[-48.4889765, -1.4263569], [-48.4888024, -1.4267445]]}}, {"type": "Feature", "properties": {"highway": "tertiary"}, "geometry": {"type": "LineString", "coordinates": [[-48.4707459, -1.420097], [-48.4707604, -1.4201121], [-48.4711296, -1.4206603], [-48.4715084, -1.4212189], [-48.4723495, -1.4224629], [-48.4727542, -1.4230797], [-48.473207, -1.4237159], [-48.47396, -1.4249053], [-48.4739774, -1.4249327], [-48.4740123, -1.4249902], [-48.4747822, -1.4262415]]}}, {"type": "Feature", "properties": {"highway": "tertiary"}, "geometry": {"type": "LineString", "coordinates": [[-48.4617955, -1.429569], [-48.4617185, -1.4296179], [-48.4616238, -1.4296746]]}}, {"type": "Feature", "properties": {"highway": "tertiary"}, "geometry": {"type": "LineString", "coordinates": [[-48.4800254, -1.4190214], [-48.4791751, -1.4197048], [-48.4784482, -1.4202532], [-48.4782726, -1.4203738], [-48.4778735, -1.4205692], [-48.4778274, -1.4206057]]}}, {"type": "Feature", "properties": {"highway": "tertiary"}, "geometry": {"type": "LineString", "coordinates": [[-48.4704547, -1.4255362], [-48.4705477, -1.4254784]]}}, {"type": "Feature", "properties": {"highway": "tertiary"}, "geometry": {"type": "LineString", "coordinates": [[-48.4469079, -1.4515781], [-48.4470056, -1.4516671], [-48.4474593, -1.4521812], [-48.4476812, -1.4524232], [-48.4478511, -1.4526341], [-48.4480586, -1.4528848], [-48.4483727, -1.4532642], [-48.4487253, -1.4535623], [-48.4490445, -1.4538666], [-48.4491302, -1.4539518], [-48.4494339, -1.454254], [-48.4497156, -1.4545638], [-48.4501386, -1.4549813], [-48.4505268, -1.4553721], [-48.4507473, -1.4555926], [-48.4510596, -1.4559174], [-48.4513355, -1.4561964], [-48.4513756, -1.4562306], [-48.451665, -1.4565012], [-48.4519465, -1.4567031], [-48.4522517, -1.4568929], [-48.4524187, -1.4569919], [-48.4526198, -1.4571084]]}}, {"type": "Feature", "properties": {"highway": "tertiary"}, "geometry": {"type": "LineString", "coordinates": [[-48.4692354, -1.4424611], [-48.4694002, -1.4423693], [-48.4694736, -1.442337], [-48.4695287, -1.4423246], [-48.4695721, -1.4423169], [-48.4696117, -1.4423142], [-48.4697297, -1.4423143], [-48.470181, -1.442317], [-48.4706138, -1.4423195]]}}, {"type": "Feature", "properties": {"highway": "primary"}, "geometry": {"type": "LineString", "coordinates": [[-48.4042926, -1.3650238], [-48.4042956, -1.3645765], [-48.4042934, -1.3641062], [-48.4042895, -1.3636699], [-48.4042869, -1.3632241], [-48.4042969, -1.3627628], [-48.4042966, -1.3622965], [-48.4043032, -1.3618614], [-48.4043123, -1.3613787], [-48.4043157, -1.3607444], [-48.4043086, -1.3602497], [-48.4043219, -1.3597982], [-48.4043254, -1.3593385], [-48.4043247, -1.3588929]]}}, {"type": "Feature", "properties": {"highway": "tertiary"}, "geometry": {"type": "LineString", "coordinates": [[-48.4068379, -1.3703084], [-48.4066419, -1.3703556], [-48.4061801, -1.3704667], [-48.4057684, -1.3705702], [-48.4053257, -1.3706724], [-48.4049719, -1.3707576], [-48.4048577, -1.3707851], [-48.4047029, -1.3708223], [-48.4045737, -1.3708535], [-48.4044501, -1.3708832], [-48.4040028, -1.3709909], [-48.403555, -1.3710987], [-48.4031461, -1.3711971], [-48.4026399, -1.371319]]}}, {"type": "Feature", "properties": {"highway": "secondary"}, "geometry": {"type": "LineString", "coordinates": [[-48.4755847, -1.4754789], [-48.4753899, -1.4754616], [-48.4750693, -1.4753878], [-48.47467, -1.4753032], [-48.4746144, -1.4752914], [-48.4745222, -1.4752712], [-48.4744323, -1.4752499], [-48.4741695, -1.475197], [-48.473908, -1.4751421], [-48.4737935, -1.4751201], [-48.4735462, -1.475066], [-48.4731923, -1.4749887], [-48.4727879, -1.4749003], [-48.4724558, -1.4748277], [-48.4722512, -1.4747829]]}}, {"type": "Feature", "properties": {"highway": "secondary"}, "geometry": {"type": "LineString", "coordinates": [[-48.4481164, -1.4665853], [-48.4480125, -1.466473], [-48.4478523, -1.4661527], [-48.4476484, -1.4657478], [-48.4475023, -1.465485], [-48.4473427, -1.4651941], [-48.4472314, -1.464997], [-48.4470455, -1.4646685]]}}, {"type": "Feature", "properties": {"highway": "tertiary"}, "geometry": {"type": "LineString", "coordinates": [[-48.4705245, -1.4648967], [-48.4699189, -1.4648674], [-48.4686895, -1.4648471]]}}, {"type": "Feature", "properties": {"highway": "tertiary"}, "geometry": {"type": "LineString", "coordinates": [[-48.4830043, -1.4189497], [-48.4819835, -1.4196445], [-48.4814644, -1.4199971], [-48.4809349, -1.4203583], [-48.4803763, -1.4207201], [-48.4798282, -1.421075], [-48.4796312, -1.4212026], [-48.4792129, -1.4214735], [-48.479185, -1.4214969]]}}, {"type": "Feature", "properties": {"highway": "tertiary"}, "geometry": {"type": "LineString", "coordinates": [[-48.479185, -1.4214969], [-48.4791065, -1.4215576]]}}, {"type": "Feature", "properties": {"highway": "tertiary"}, "geometry": {"type": "LineString", "coordinates": [[-48.4791065, -1.4215576], [-48.4790925, -1.4215698], [-48.4781253, -1.4222196], [-48.4767058, -1.4231733], [-48.4763667, -1.4233996], [-48.4758365, -1.4237589], [-48.4751175, -1.4242442], [-48.4740123, -1.4249902], [-48.4738942, -1.4250709], [-48.4730977, -1.4256025], [-48.4726044, -1.4259317], [-48.4725101, -1.4259955], [-48.471402, -1.4267449]]}}, {"type": "Feature", "properties": {"highway": "secondary"}, "geometry": {"type": "LineString", "coordinates": [[-48.469717, -1.4242509], [-48.4697731, -1.4243314], [-48.4701244, -1.4248515], [-48.4705477, -1.4254784]]}}, {"type": "Feature", "properties": {"highway": "secondary"}, "geometry": {"type": "LineString", "coordinates": [[-48.4778443, -1.4364168], [-48.4780221, -1.4366995]]}}, {"type": "Feature", "properties": {"highway": "secondary"}, "geometry": {"type": "LineString", "coordinates": [[-48.4780221, -1.4366995], [-48.4780304, -1.4367112], [-48.4781302, -1.4368514], [-48.4782229, -1.4369622], [-48.4782924, -1.4370249], [-48.4784356, -1.4371394]]}}, {"type": "Feature", "properties": {"highway": "secondary"}, "geometry": {"type": "LineString", "coordinates": [[-48.4804928, -1.3918711], [-48.4806509, -1.3918998], [-48.4807538, -1.3919185]]}}, {"type": "Feature", "properties": {"highway": "tertiary"}, "geometry": {"type": "LineString", "coordinates": [[-48.4866231, -1.4397084], [-48.4868854, -1.43957], [-48.4872837, -1.4393599], [-48.4875427, -1.4392233], [-48.4876243, -1.4391802], [-48.4878265, -1.4390736], [-48.4883361, -1.4388137], [-48.4889989, -1.4384802], [-48.4893583, -1.4382995], [-48.4894136, -1.4382716], [-48.4899385, -1.4380074], [-48.4908778, -1.4374778], [-48.4910898, -1.4373777], [-48.4917732, -1.437067]]}}, {"type": "Feature", "properties": {"highway": "tertiary"}, "geometry": {"type": "LineString", "coordinates": [[-48.4832845, -1.4296805], [-48.4829101, -1.4298043], [-48.4826522, -1.4299091], [-48.4824173, -1.4300591]]}}, {"type": "Feature", "properties": {"highway": "primary"}, "geometry": {"type": "LineString", "coordinates": [[-48.4893472, -1.4443772], [-48.4893381, -1.4443631], [-48.4892535, -1.4442327], [-48.4887746, -1.4434296], [-48.4881199, -1.442332], [-48.4880693, -1.4422471], [-48.4875551, -1.4413881], [-48.4873901, -1.4411123], [-48.4871651, -1.4407364], [-48.4871146, -1.4406488], [-48.4866813, -1.4398038], [-48.4866231, -1.4397084], [-48.4865219, -1.4395093], [-48.4860695, -1.4386187], [-48.486044, -1.4385459]]}}, {"type": "Feature", "properties": {"highway": "tertiary"}, "geometry": {"type": "LineString", "coordinates": [[-48.5018044, -1.4557704], [-48.5016466, -1.4556124], [-48.5015725, -1.4555361], [-48.5014945, -1.455444], [-48.5012383, -1.4551223], [-48.5007451, -1.4544243], [-48.5001113, -1.4535194], [-48.5001085, -1.4535153], [-48.4996727, -1.4529376], [-48.4992885, -1.4523973], [-48.4989665, -1.4519496], [-48.4988143, -1.4517793], [-48.4985992, -1.4516086], [-48.4982235, -1.4513175], [-48.4978897, -1.4510155], [-48.4971892, -1.4504029]]}}, {"type": "Feature", "properties": {"highway": "tertiary"}, "geometry": {"type": "LineString", "coordinates": [[-48.4898592, -1.2949472], [-48.4898524, -1.2949019], [-48.4898296, -1.2948704], [-48.4898022, -1.2948538], [-48.4897678, -1.2948424], [-48.487922, -1.2943014], [-48.4859583, -1.2936946]]}}, {"type": "Feature", "properties": {"highway": "tertiary"}, "geometry": {"type": "LineString", "coordinates": [[-48.4840476, -1.2931075], [-48.4840218, -1.2934951], [-48.4839347, -1.2948016]]}}, {"type": "Feature", "properties": {"highway": "secondary"}, "geometry": {"type": "LineString", "coordinates": [[-48.474815, -1.2996518], [-48.4750265, -1.2996543], [-48.4751225, -1.2996574], [-48.4752855, -1.2996705], [-48.4754211, -1.2996941], [-48.475635, -1.2997303], [-48.4758339, -1.2997682], [-48.4760074, -1.2997929]]}}, {"type": "Feature", "properties": {"highway": "tertiary"}, "geometry": {"type": "LineString", "coordinates": [[-48.4570375, -1.3421391], [-48.4552701, -1.3424338], [-48.4551802, -1.3424481], [-48.4535666, -1.3427375], [-48.4520282, -1.3430005], [-48.4518101, -1.3430319]]}}, {"type": "Feature", "properties": {"highway": "tertiary"}, "geometry": {"type": "LineString", "coordinates": [[-48.4570375, -1.3421391], [-48.4552701, -1.3424338], [-48.4551802, -1.3424481], [-48.4535666, -1.3427375], [-48.4520282, -1.3430005], [-48.4518101, -1.3430319]]}}, {"type": "Feature", "properties": {"highway": "primary"}, "geometry": {"type": "LineString", "coordinates": [[-48.461065, -1.3487144], [-48.4606434, -1.3487789], [-48.4604358, -1.3488106], [-48.4594922, -1.3490078], [-48.4592451, -1.3490587], [-48.4590718, -1.3490943], [-48.4586127, -1.3491685], [-48.4573851, -1.3493666], [-48.4567305, -1.3494695], [-48.4564104, -1.3495198], [-48.4560706, -1.3495743], [-48.4553475, -1.3496847], [-48.4549673, -1.3497543], [-48.4545565, -1.3498389], [-48.4544525, -1.3498556], [-48.454356, -1.349866], [-48.4542559, -1.3498653], [-48.4541472, -1.3498591], [-48.4540384, -1.3498436], [-48.4540122, -1.3498402], [-48.4539854, -1.3498341], [-48.4538349, -1.3498001], [-48.4535742, -1.3497094], [-48.4533858, -1.3496263], [-48.4531127, -1.3495111]]}}, {"type": "Feature", "properties": {"highway": "primary"}, "geometry": {"type": "LineString", "coordinates": [[-48.461065, -1.3487144], [-48.4606434, -1.3487789], [-48.4604358, -1.3488106], [-48.4594922, -1.3490078], [-48.4592451, -1.3490587], [-48.4590718, -1.3490943], [-48.4586127, -1.3491685], [-48.4573851, -1.3493666], [-48.4567305, -1.3494695], [-48.4564104, -1.3495198], [-48.4560706, -1.3495743], [-48.4553475, -1.3496847], [-48.4549673, -1.3497543], [-48.4545565, -1.3498389], [-48.4544525, -1.3498556], [-48.454356, -1.349866], [-48.4542559, -1.3498653], [-48.4541472, -1.3498591], [-48.4540384, -1.3498436], [-48.4540122, -1.3498402], [-48.4539854, -1.3498341], [-48.4538349, -1.3498001], [-48.4535742, -1.3497094], [-48.4533858, -1.3496263], [-48.4531127, -1.3495111]]}}, {"type": "Feature", "properties": {"highway": "tertiary"}, "geometry": {"type": "LineString", "coordinates": [[-48.3987061, -1.3760765], [-48.3987367, -1.3749654], [-48.3987403, -1.3747636], [-48.3987664, -1.3743139], [-48.3987904, -1.3739009], [-48.398801, -1.3736786], [-48.3988299, -1.3722968], [-48.3988444, -1.3721139]]}}, {"type": "Feature", "properties": {"highway": "primary"}, "geometry": {"type": "LineString", "coordinates": [[-48.4075529, -1.3707137], [-48.4077993, -1.3709387], [-48.4079734, -1.3711048], [-48.4080619, -1.3711776], [-48.4084115, -1.3714727], [-48.4085421, -1.3715865], [-48.4085562, -1.3715988], [-48.4089524, -1.3719361], [-48.4095452, -1.3724526], [-48.4100251, -1.3728775], [-48.4101971, -1.3730179], [-48.4102437, -1.3730568], [-48.4104109, -1.3731974], [-48.4106416, -1.3733959], [-48.4111632, -1.3738509], [-48.4116966, -1.3743151], [-48.412311, -1.3748489], [-48.4127499, -1.3752198], [-48.4132536, -1.3756448], [-48.4141401, -1.3764221], [-48.4142121, -1.3764848]]}}, {"type": "Feature", "properties": {"highway": "primary"}, "geometry": {"type": "LineString", "coordinates": [[-48.4058613, -1.3634266], [-48.4058587, -1.3636844], [-48.4058561, -1.3639461], [-48.4058556, -1.3641056], [-48.4058351, -1.3645175], [-48.4058497, -1.3645971], [-48.4058504, -1.3649107], [-48.4058464, -1.3650232], [-48.405847, -1.365372], [-48.4058472, -1.3654996], [-48.4058478, -1.3658638], [-48.4058479, -1.3659558], [-48.4058482, -1.3661301]]}}, {"type": "Feature", "properties": {"highway": "secondary"}, "geometry": {"type": "LineString", "coordinates": [[-48.4430987, -1.4112776], [-48.442996, -1.411446], [-48.4428475, -1.4116426], [-48.4425707, -1.412053], [-48.4424859, -1.4120895]]}}, {"type": "Feature", "properties": {"highway": "trunk"}, "geometry": {"type": "LineString", "coordinates": [[-48.437074, -1.4083954], [-48.4368071, -1.4082727], [-48.4364398, -1.4080068], [-48.4363128, -1.4079043], [-48.4362626, -1.4078624], [-48.43574, -1.4074244]]}}, {"type": "Feature", "properties": {"highway": "tertiary"}, "geometry": {"type": "LineString", "coordinates": [[-48.3337431, -1.3616702], [-48.3338228, -1.361156], [-48.3338356, -1.3610622], [-48.3338618, -1.3607431], [-48.3338732, -1.3606278], [-48.333908, -1.3601907], [-48.3339489, -1.3596818], [-48.333952, -1.3593436], [-48.3340034, -1.3587385], [-48.3340947, -1.3581609], [-48.334472, -1.3564394]]}}, {"type": "Feature", "properties": {"highway": "tertiary"}, "geometry": {"type": "LineString", "coordinates": [[-48.4859583, -1.2936946], [-48.4859302, -1.294185], [-48.4859128, -1.2944875], [-48.4858015, -1.2964277], [-48.4856995, -1.2983933]]}}, {"type": "Feature", "properties": {"highway": "primary"}, "geometry": {"type": "LineString", "coordinates": [[-48.486755, -1.3107844], [-48.48484, -1.3106145]]}}, {"type": "Feature", "properties": {"highway": "secondary"}, "geometry": {"type": "LineString", "coordinates": [[-48.4889375, -1.3092019], [-48.4890673, -1.3078225], [-48.4891352, -1.3071012], [-48.4892011, -1.3057576], [-48.4892466, -1.3048936], [-48.4892532, -1.3047697]]}}, {"type": "Feature", "properties": {"highway": "tertiary"}, "geometry": {"type": "LineString", "coordinates": [[-48.4891352, -1.3071012], [-48.4883429, -1.3070337], [-48.4871352, -1.3069307]]}}, {"type": "Feature", "properties": {"highway": "primary"}, "geometry": {"type": "LineString", "coordinates": [[-48.4776723, -1.3019602], [-48.4776809, -1.3019922], [-48.477686, -1.3020133], [-48.4776506, -1.3023176], [-48.4776362, -1.3023783], [-48.4776294, -1.3024214], [-48.4776121, -1.3028195], [-48.4776053, -1.303043], [-48.4775909, -1.3035163], [-48.4775763, -1.3037364], [-48.4775577, -1.3040156], [-48.4775463, -1.3040944], [-48.477531, -1.3041565]]}}, {"type": "Feature", "properties": {"highway": "primary"}, "geometry": {"type": "LineString", "coordinates": [[-48.4747476, -1.2998211], [-48.475231, -1.3000519], [-48.4757654, -1.3003119], [-48.4759299, -1.3004044], [-48.4760521, -1.3004919], [-48.4761334, -1.3005564], [-48.4761485, -1.3005696], [-48.4774112, -1.301661]]}}, {"type": "Feature", "properties": {"highway": "tertiary"}, "geometry": {"type": "LineString", "coordinates": [[-48.4711075, -1.2904528], [-48.4711083, -1.2908272], [-48.471099, -1.2909074], [-48.4709943, -1.2918313], [-48.4708577, -1.2929632], [-48.4707919, -1.2935085], [-48.4707164, -1.2941349], [-48.4706212, -1.294488]]}}, {"type": "Feature", "properties": {"highway": "primary"}, "geometry": {"type": "LineString", "coordinates": [[-48.477531, -1.3041565], [-48.4775036, -1.3045105], [-48.477489, -1.3046988], [-48.4774744, -1.3048867], [-48.477464, -1.3050209], [-48.4774599, -1.3050741], [-48.4774584, -1.3050932], [-48.4774515, -1.3052002], [-48.4773868, -1.3062002]]}}, {"type": "Feature", "properties": {"highway": "secondary"}, "geometry": {"type": "LineString", "coordinates": [[-48.4697477, -1.3014065], [-48.4697358, -1.3018713], [-48.4697249, -1.3020364], [-48.4696856, -1.3025276], [-48.4696685, -1.3026828], [-48.4696569, -1.3027521], [-48.4695463, -1.3033936], [-48.4695173, -1.3036499], [-48.4694486, -1.3041288]]}}, {"type": "Feature", "properties": {"highway": "tertiary"}, "geometry": {"type": "LineString", "coordinates": [[-48.4689748, -1.3079984], [-48.4686929, -1.3079651], [-48.4676656, -1.3078582], [-48.4675726, -1.3078485], [-48.4659607, -1.3077063], [-48.4655012, -1.3076813]]}}, {"type": "Feature", "properties": {"highway": "tertiary"}, "geometry": {"type": "LineString", "coordinates": [[-48.4766834, -1.3167038], [-48.4766854, -1.3165501], [-48.4766998, -1.3164299], [-48.4767173, -1.3162258], [-48.4767421, -1.3159447], [-48.4767678, -1.315709], [-48.4768021, -1.3151781], [-48.4768217, -1.3151258], [-48.4768456, -1.3149783], [-48.4768858, -1.3145305], [-48.4769384, -1.3140144], [-48.4770615, -1.3130758], [-48.4771085, -1.3126642], [-48.4771219, -1.3125556], [-48.4771662, -1.3121065]]}}, {"type": "Feature", "properties": {"highway": "primary"}, "geometry": {"type": "LineString", "coordinates": [[-48.4857614, -1.3196339], [-48.4859157, -1.3191043]]}}, {"type": "Feature", "properties": {"highway": "primary"}, "geometry": {"type": "LineString", "coordinates": [[-48.4859157, -1.3191043], [-48.4859785, -1.3188886], [-48.4860067, -1.3187217], [-48.4859613, -1.3184595], [-48.485721, -1.3178331], [-48.4854837, -1.3172455], [-48.4854461, -1.3171048], [-48.4854381, -1.3169747], [-48.4854314, -1.3168956], [-48.4854408, -1.3167937], [-48.4854441, -1.3165755], [-48.4854473, -1.316503], [-48.485634, -1.3150053], [-48.4856672, -1.3147386], [-48.485774, -1.314083], [-48.4858227, -1.3138656], [-48.4859054, -1.3135716], [-48.4859818, -1.3133183], [-48.4860846, -1.3129949], [-48.4861892, -1.3126358], [-48.486287, -1.3122499]]}}, {"type": "Feature", "properties": {"highway": "primary"}, "geometry": {"type": "LineString", "coordinates": [[-48.4848104, -1.3224885], [-48.484968, -1.3221996]]}}, {"type": "Feature", "properties": {"highway": "primary"}, "geometry": {"type": "LineString", "coordinates": [[-48.4850374, -1.3221279], [-48.485133, -1.3218993], [-48.4852088, -1.3216425], [-48.485418, -1.3206939], [-48.4857614, -1.3196339]]}}, {"type": "Feature", "properties": {"highway": "primary"}, "geometry": {"type": "LineString", "coordinates": [[-48.4851904, -1.3919178], [-48.48516, -1.3920217], [-48.4851115, -1.3921521], [-48.4850626, -1.3922635], [-48.4850357, -1.3923291], [-48.4849913, -1.3923989]]}}, {"type": "Feature", "properties": {"highway": "primary"}, "geometry": {"type": "LineString", "coordinates": [[-48.4926123, -1.4178955], [-48.4924557, -1.4184006]]}}, {"type": "Feature", "properties": {"highway": "primary"}, "geometry": {"type": "LineString", "coordinates": [[-48.4924557, -1.4184006], [-48.4924253, -1.4184944], [-48.4922784, -1.4189547], [-48.4921723, -1.4192757], [-48.4920581, -1.4195485], [-48.4919507, -1.4197399], [-48.4918068, -1.4199284], [-48.4916333, -1.4200957], [-48.491367, -1.4202945], [-48.4909748, -1.420522], [-48.490659, -1.4207083], [-48.490537, -1.4207908], [-48.4903619, -1.4209336], [-48.4901749, -1.4210965], [-48.4900761, -1.421188], [-48.4900106, -1.4212486], [-48.4899017, -1.421364], [-48.4897019, -1.4216263], [-48.4896901, -1.4216415], [-48.4896605, -1.4216964], [-48.4895962, -1.4218432], [-48.4895727, -1.4219069], [-48.4895676, -1.4219338], [-48.4895278, -1.4221429], [-48.4895191, -1.4222414], [-48.489515, -1.422405], [-48.4895235, -1.422689], [-48.4895239, -1.4227033], [-48.4895272, -1.4229708], [-48.4895289, -1.4231087], [-48.4895331, -1.4234432], [-48.4895348, -1.4235845], [-48.4895369, -1.4236706], [-48.4895387, -1.4237428], [-48.4895514, -1.4242605], [-48.4895459, -1.4244194], [-48.489541, -1.4245626], [-48.4895209, -1.4247206], [-48.4895083, -1.4248193], [-48.4894761, -1.4250689], [-48.4894579, -1.4251294], [-48.4893941, -1.4253412], [-48.4893367, -1.4255024], [-48.4892966, -1.4256152], [-48.4891637, -1.4259337], [-48.4890801, -1.4261226], [-48.4889765, -1.4263569]]}}, {"type": "Feature", "properties": {"highway": "primary"}, "geometry": {"type": "LineString", "coordinates": [[-48.4932745, -1.4139766], [-48.493281, -1.4140102], [-48.4933285, -1.4142435], [-48.4933633, -1.4143909], [-48.4934123, -1.4145867], [-48.4934659, -1.4148682], [-48.4934753, -1.4150024], [-48.4934626, -1.4151854], [-48.4934331, -1.4153972], [-48.4933922, -1.4155675], [-48.493313, -1.4158249], [-48.4932433, -1.4160454], [-48.4930877, -1.4164925], [-48.4929369, -1.4169497], [-48.492821, -1.4172839], [-48.4927779, -1.4174082], [-48.4926616, -1.4177504], [-48.4926302, -1.4178429], [-48.4926123, -1.4178955]]}}, {"type": "Feature", "properties": {"highway": "primary"}, "geometry": {"type": "LineString", "coordinates": [[-48.4666291, -1.4093426], [-48.4667191, -1.4093496], [-48.4668182, -1.4093573], [-48.4669885, -1.4094083], [-48.4671038, -1.4094686], [-48.4672192, -1.4095571], [-48.4674689, -1.4097555]]}}, {"type": "Feature", "properties": {"highway": "secondary"}, "geometry": {"type": "LineString", "coordinates": [[-48.4804654, -1.4223961], [-48.4805318, -1.4223514]]}}, {"type": "Feature", "properties": {"highway": "secondary"}, "geometry": {"type": "LineString", "coordinates": [[-48.4805318, -1.4223514], [-48.4805472, -1.422341], [-48.4809389, -1.4220774]]}}, {"type": "Feature", "properties": {"highway": "primary"}, "geometry": {"type": "LineString", "coordinates": [[-48.4849916, -1.3924198], [-48.485062, -1.3924712], [-48.4852085, -1.3926196], [-48.4853422, -1.3927462]]}}, {"type": "Feature", "properties": {"highway": "primary"}, "geometry": {"type": "LineString", "coordinates": [[-48.4847552, -1.3922388], [-48.484926, -1.3921156], [-48.4850183, -1.3920462], [-48.4851028, -1.3919791], [-48.4851904, -1.3919178]]}}, {"type": "Feature", "properties": {"highway": "primary"}, "geometry": {"type": "LineString", "coordinates": [[-48.4861133, -1.4374678], [-48.4861378, -1.4366928], [-48.4861569, -1.4360907]]}}, {"type": "Feature", "properties": {"highway": "tertiary"}, "geometry": {"type": "LineString", "coordinates": [[-48.4872719, -1.447298], [-48.4870948, -1.4472066], [-48.4862284, -1.4469623], [-48.4857896, -1.4468325], [-48.4853502, -1.4466995], [-48.4843269, -1.4464027], [-48.4837748, -1.4462428], [-48.4836759, -1.4462142], [-48.4835675, -1.4461798], [-48.4829479, -1.445983], [-48.482824, -1.4459452]]}}, {"type": "Feature", "properties": {"highway": "tertiary"}, "geometry": {"type": "LineString", "coordinates": [[-48.4744153, -1.4442073], [-48.4742526, -1.4442015]]}}, {"type": "Feature", "properties": {"highway": "tertiary"}, "geometry": {"type": "LineString", "coordinates": [[-48.4742526, -1.4442015], [-48.4742469, -1.4442008], [-48.4727244, -1.4440731], [-48.471649, -1.4439655], [-48.4710823, -1.4439295], [-48.4709803, -1.4439213], [-48.4699144, -1.4438234], [-48.4693365, -1.4437746], [-48.4691988, -1.4437633]]}}, {"type": "Feature", "properties": {"highway": "secondary"}, "geometry": {"type": "LineString", "coordinates": [[-48.4663961, -1.4192865], [-48.4664749, -1.4194126], [-48.4667181, -1.41977], [-48.4672226, -1.4204945], [-48.4676771, -1.4211606], [-48.4680293, -1.4216944], [-48.4680928, -1.4217904], [-48.4687871, -1.4228448], [-48.4688856, -1.4229926], [-48.4689689, -1.4231198], [-48.4692421, -1.4235317], [-48.4696074, -1.4240866], [-48.469717, -1.4242509]]}}, {"type": "Feature", "properties": {"highway": "tertiary"}, "geometry": {"type": "LineString", "coordinates": [[-48.4990919, -1.4549778], [-48.4981412, -1.4563733], [-48.4977076, -1.4570211], [-48.4973521, -1.4575328]]}}, {"type": "Feature", "properties": {"highway": "secondary"}, "geometry": {"type": "LineString", "coordinates": [[-48.5036499, -1.4616182], [-48.5025918, -1.4609652], [-48.5023596, -1.4608328], [-48.5021848, -1.4607332], [-48.5015598, -1.460324], [-48.5005225, -1.4597455], [-48.5004956, -1.4597309], [-48.5002541, -1.4595846]]}}, {"type": "Feature", "properties": {"highway": "secondary"}, "geometry": {"type": "LineString", "coordinates": [[-48.5003689, -1.4593805], [-48.5005849, -1.4595186], [-48.5008097, -1.4596607], [-48.5024019, -1.4606296]]}}, {"type": "Feature", "properties": {"highway": "secondary"}, "geometry": {"type": "LineString", "coordinates": [[-48.4957836, -1.4567112], [-48.4951225, -1.4563224], [-48.4945583, -1.4559587], [-48.4944872, -1.4559194], [-48.4942711, -1.4557682], [-48.4940729, -1.4556212], [-48.4938629, -1.4553978], [-48.4934434, -1.4548694], [-48.4933268, -1.4547078], [-48.4931156, -1.4544501], [-48.4929315, -1.4542254], [-48.4928413, -1.4541154]]}}, {"type": "Feature", "properties": {"highway": "tertiary"}, "geometry": {"type": "LineString", "coordinates": [[-48.4805041, -1.459654], [-48.4809414, -1.459692], [-48.4812162, -1.4597162], [-48.481286, -1.4597175], [-48.4815492, -1.4597362], [-48.4817325, -1.4597461], [-48.4819138, -1.4597512], [-48.4820089, -1.4597537], [-48.4822194, -1.4597604], [-48.4827264, -1.4597523], [-48.4838576, -1.459755], [-48.4839555, -1.4597517], [-48.4846744, -1.4597412]]}}, {"type": "Feature", "properties": {"highway": "tertiary"}, "geometry": {"type": "LineString", "coordinates": [[-48.5003482, -1.4702058], [-48.5004034, -1.4702748], [-48.5006524, -1.4705652], [-48.5009552, -1.470916], [-48.5012518, -1.4712754], [-48.5013439, -1.471378], [-48.5015217, -1.471572]]}}, {"type": "Feature", "properties": {"highway": "secondary"}, "geometry": {"type": "LineString", "coordinates": [[-48.4946198, -1.4627014], [-48.49414, -1.4631155], [-48.4935639, -1.4636049]]}}, {"type": "Feature", "properties": {"highway": "secondary"}, "geometry": {"type": "LineString", "coordinates": [[-48.4764617, -1.4640872], [-48.4751682, -1.4639939]]}}, {"type": "Feature", "properties": {"highway": "tertiary"}, "geometry": {"type": "LineString", "coordinates": [[-48.5044045, -1.4619745], [-48.5043667, -1.4621358], [-48.5042403, -1.4626331], [-48.5042257, -1.4626751]]}}, {"type": "Feature", "properties": {"highway": "tertiary"}, "geometry": {"type": "LineString", "coordinates": [[-48.5010789, -1.4510368], [-48.5015554, -1.451594], [-48.5019901, -1.4521017], [-48.5023861, -1.4525029], [-48.5026205, -1.4527315], [-48.5028333, -1.4529154], [-48.5034309, -1.4533814]]}}, {"type": "Feature", "properties": {"highway": "tertiary"}, "geometry": {"type": "LineString", "coordinates": [[-48.4989353, -1.451162], [-48.4983123, -1.4505808], [-48.4977011, -1.4499574], [-48.497618, -1.4498796], [-48.4975375, -1.4498097]]}}, {"type": "Feature", "properties": {"highway": "secondary"}, "geometry": {"type": "LineString", "coordinates": [[-48.4945058, -1.4503979], [-48.4945958, -1.4504933], [-48.4950581, -1.4509635], [-48.4950625, -1.4509679], [-48.4950886, -1.4509977], [-48.4959921, -1.4520788], [-48.4960284, -1.4521231], [-48.4961014, -1.4521965]]}}, {"type": "Feature", "properties": {"highway": "tertiary"}, "geometry": {"type": "LineString", "coordinates": [[-48.4962299, -1.4461791], [-48.4963314, -1.4463564], [-48.4964659, -1.4465808], [-48.4965407, -1.4466862]]}}, {"type": "Feature", "properties": {"highway": "tertiary"}, "geometry": {"type": "LineString", "coordinates": [[-48.4953319, -1.4444437], [-48.4955152, -1.4448327], [-48.4955973, -1.4449952], [-48.4957585, -1.4453171], [-48.4959795, -1.4457429], [-48.4960202, -1.4458138], [-48.4962299, -1.4461791]]}}, {"type": "Feature", "properties": {"highway": "tertiary"}, "geometry": {"type": "LineString", "coordinates": [[-48.4935131, -1.4504117], [-48.4942468, -1.4508694], [-48.4942662, -1.4508824]]}}, {"type": "Feature", "properties": {"highway": "secondary"}, "geometry": {"type": "LineString", "coordinates": [[-48.4949424, -1.4631166], [-48.4950086, -1.4631235], [-48.4950456, -1.463124], [-48.4950825, -1.463121], [-48.4951189, -1.4631145], [-48.4951693, -1.4630995], [-48.4952449, -1.4630683]]}}, {"type": "Feature", "properties": {"highway": "tertiary"}, "geometry": {"type": "LineString", "coordinates": [[-48.4666925, -1.4316589], [-48.4666048, -1.431529], [-48.4664467, -1.4312951], [-48.4662017, -1.4308275], [-48.4659067, -1.4304415]]}}, {"type": "Feature", "properties": {"highway": "secondary"}, "geometry": {"type": "LineString", "coordinates": [[-48.4761578, -1.4403454], [-48.4761549, -1.4401447]]}}, {"type": "Feature", "properties": {"highway": "tertiary"}, "geometry": {"type": "LineString", "coordinates": [[-48.4626812, -1.4493372], [-48.4626262, -1.4500013], [-48.4625534, -1.450699], [-48.4623934, -1.4521448], [-48.4622272, -1.4536661], [-48.4621348, -1.454592], [-48.4621263, -1.4547311], [-48.4620918, -1.4556146], [-48.4620709, -1.4557973], [-48.4620639, -1.4558414], [-48.4620476, -1.4559443], [-48.4619135, -1.4565152], [-48.4618058, -1.4569356]]}}, {"type": "Feature", "properties": {"highway": "tertiary"}, "geometry": {"type": "LineString", "coordinates": [[-48.4657324, -1.4545282], [-48.4657311, -1.4549379], [-48.4657061, -1.4558727]]}}, {"type": "Feature", "properties": {"highway": "secondary"}, "geometry": {"type": "LineString", "coordinates": [[-48.4583301, -1.4675451], [-48.4584658, -1.4683758], [-48.4584834, -1.4684923], [-48.4586337, -1.4694895], [-48.4586962, -1.4699476], [-48.4587565, -1.4703418], [-48.458788, -1.4705677], [-48.4588184, -1.4707593]]}}, {"type": "Feature", "properties": {"highway": "secondary"}, "geometry": {"type": "LineString", "coordinates": [[-48.4589038, -1.4714685], [-48.4588762, -1.4715152], [-48.4588325, -1.4715474], [-48.4587967, -1.4715582], [-48.4587821, -1.4715597], [-48.4587316, -1.4715525]]}}, {"type": "Feature", "properties": {"highway": "secondary"}, "geometry": {"type": "LineString", "coordinates": [[-48.4564012, -1.4721165], [-48.4562199, -1.4721692], [-48.4560552, -1.4722221], [-48.4560049, -1.4722346], [-48.455933, -1.4722563], [-48.4555208, -1.4723718]]}}, {"type": "Feature", "properties": {"highway": "tertiary"}, "geometry": {"type": "LineString", "coordinates": [[-48.4583301, -1.4675451], [-48.457814, -1.4676716], [-48.4575605, -1.4677159], [-48.4574358, -1.4677333], [-48.4572079, -1.4677476], [-48.4569881, -1.4677521], [-48.4559881, -1.4677543], [-48.4552996, -1.467753], [-48.4550687, -1.4677134], [-48.4546297, -1.4675956], [-48.4544918, -1.467552], [-48.4543885, -1.4675235]]}}, {"type": "Feature", "properties": {"highway": "tertiary"}, "geometry": {"type": "LineString", "coordinates": [[-48.463267, -1.4647262], [-48.4634628, -1.4647343], [-48.4639784, -1.4647483], [-48.4644233, -1.4647659], [-48.4648534, -1.4647886], [-48.4652679, -1.4648053], [-48.4654845, -1.4647954], [-48.4655691, -1.4647907], [-48.4659326, -1.4647685], [-48.4661054, -1.4647623], [-48.4662999, -1.4647641], [-48.4663327, -1.4647671], [-48.4665996, -1.4647778], [-48.4669094, -1.464802], [-48.4673257, -1.4648249], [-48.4680212, -1.4648364], [-48.4686895, -1.4648471]]}}, {"type": "Feature", "properties": {"highway": "tertiary"}, "geometry": {"type": "LineString", "coordinates": [[-48.4544167, -1.4564504], [-48.4546662, -1.4563602]]}}, {"type": "Feature", "properties": {"highway": "tertiary"}, "geometry": {"type": "LineString", "coordinates": [[-48.4546662, -1.4563602], [-48.4547041, -1.4563432], [-48.4554717, -1.4560546], [-48.4556233, -1.4559745], [-48.4558181, -1.4558982], [-48.4559709, -1.4558443]]}}, {"type": "Feature", "properties": {"highway": "secondary"}, "geometry": {"type": "LineString", "coordinates": [[-48.4935639, -1.4636049], [-48.4934224, -1.4637159], [-48.492931, -1.4641014], [-48.492486, -1.4644505], [-48.4913821, -1.4653423], [-48.4910749, -1.4655714], [-48.4907382, -1.4658458], [-48.4902896, -1.4662015], [-48.4898329, -1.4665704], [-48.4892314, -1.4670563], [-48.4881475, -1.467931]]}}, {"type": "Feature", "properties": {"highway": "trunk"}, "geometry": {"type": "LineString", "coordinates": [[-48.4647466, -1.4454446], [-48.4648721, -1.4456374], [-48.4648969, -1.4456756], [-48.4655569, -1.446699], [-48.4660571, -1.4474598], [-48.4662976, -1.4478297], [-48.4663859, -1.4479657], [-48.4666031, -1.4482995]]}}, {"type": "Feature", "properties": {"highway": "tertiary"}, "geometry": {"type": "LineString", "coordinates": [[-48.4535827, -1.4485611], [-48.4535509, -1.4485615], [-48.4532426, -1.4485234], [-48.4523847, -1.4484319], [-48.4518821, -1.4484058], [-48.4515557, -1.4483968], [-48.4512479, -1.4483909], [-48.450537, -1.4484715], [-48.4500778, -1.4485625], [-48.4496835, -1.4486524], [-48.4495946, -1.4487003], [-48.449501, -1.4487871], [-48.4493126, -1.4490073], [-48.4490449, -1.4492899], [-48.4488196, -1.4495365], [-48.4487167, -1.4495844], [-48.4486194, -1.4496128], [-48.4485579, -1.449618], [-48.4483817, -1.4496199], [-48.4479745, -1.449604], [-48.4471485, -1.4495638], [-48.4467993, -1.4495597]]}}, {"type": "Feature", "properties": {"highway": "tertiary"}, "geometry": {"type": "LineString", "coordinates": [[-48.4558781, -1.4529362], [-48.455606, -1.4530115]]}}, {"type": "Feature", "properties": {"highway": "tertiary"}, "geometry": {"type": "LineString", "coordinates": [[-48.455606, -1.4530115], [-48.4555712, -1.4530175], [-48.4552699, -1.4531173], [-48.4548783, -1.4532393], [-48.454757, -1.4532843], [-48.4542605, -1.4536084], [-48.4535936, -1.4540947], [-48.4532107, -1.454404], [-48.4531598, -1.4544481]]}}, {"type": "Feature", "properties": {"highway": "tertiary"}, "geometry": {"type": "LineString", "coordinates": [[-48.455606, -1.4530115], [-48.4555712, -1.4530175], [-48.4552699, -1.4531173], [-48.4548783, -1.4532393], [-48.454757, -1.4532843], [-48.4542605, -1.4536084], [-48.4535936, -1.4540947], [-48.4532107, -1.454404], [-48.4531598, -1.4544481]]}}, {"type": "Feature", "properties": {"highway": "tertiary"}, "geometry": {"type": "LineString", "coordinates": [[-48.457161, -1.4344539], [-48.4572163, -1.4344171]]}}, {"type": "Feature", "properties": {"highway": "secondary"}, "geometry": {"type": "LineString", "coordinates": [[-48.4529108, -1.4337453], [-48.4524926, -1.4340182], [-48.4523168, -1.4341335], [-48.4520072, -1.4343315], [-48.451667, -1.434549], [-48.4513827, -1.4347309], [-48.4511609, -1.4348816], [-48.4511222, -1.4349096], [-48.4509415, -1.4350434], [-48.4500881, -1.4356108], [-48.4499795, -1.4357091]]}}, {"type": "Feature", "properties": {"highway": "tertiary"}, "geometry": {"type": "LineString", "coordinates": [[-48.4570016, -1.4399184], [-48.4569288, -1.439962], [-48.4557486, -1.440757], [-48.4546011, -1.4415202]]}}, {"type": "Feature", "properties": {"highway": "tertiary"}, "geometry": {"type": "LineString", "coordinates": [[-48.4545766, -1.4362175], [-48.4539649, -1.4366603], [-48.4533566, -1.4370416], [-48.4528065, -1.4373987], [-48.4527755, -1.4374169], [-48.452174, -1.4378254]]}}, {"type": "Feature", "properties": {"highway": "tertiary"}, "geometry": {"type": "LineString", "coordinates": [[-48.4545766, -1.4362175], [-48.4539649, -1.4366603], [-48.4533566, -1.4370416], [-48.4528065, -1.4373987], [-48.4527755, -1.4374169], [-48.452174, -1.4378254]]}}, {"type": "Feature", "properties": {"highway": "tertiary"}, "geometry": {"type": "LineString", "coordinates": [[-48.4554104, -1.4374887], [-48.4547854, -1.4379094], [-48.4541717, -1.4383237]]}}, {"type": "Feature", "properties": {"highway": "tertiary"}, "geometry": {"type": "LineString", "coordinates": [[-48.4541717, -1.4383237], [-48.4535783, -1.438711], [-48.4529955, -1.4390822], [-48.4529834, -1.4390901]]}}, {"type": "Feature", "properties": {"highway": "tertiary"}, "geometry": {"type": "LineString", "coordinates": [[-48.4541717, -1.4383237], [-48.4535783, -1.438711], [-48.4529955, -1.4390822], [-48.4529834, -1.4390901]]}}, {"type": "Feature", "properties": {"highway": "tertiary"}, "geometry": {"type": "LineString", "coordinates": [[-48.4676748, -1.4483194], [-48.4677383, -1.4483725], [-48.467755, -1.4484044], [-48.4677614, -1.4484587], [-48.4677615, -1.4485095], [-48.467759, -1.4486155], [-48.4677584, -1.4490318], [-48.4677586, -1.4495321]]}}, {"type": "Feature", "properties": {"highway": "tertiary"}, "geometry": {"type": "LineString", "coordinates": [[-48.4815733, -1.4270861], [-48.4809052, -1.4274836], [-48.47962, -1.4283334], [-48.4789158, -1.4288007], [-48.4782456, -1.4292819], [-48.4771223, -1.4300241]]}}, {"type": "Feature", "properties": {"highway": "tertiary"}, "geometry": {"type": "LineString", "coordinates": [[-48.4771223, -1.4300241], [-48.4765732, -1.4303955], [-48.4764437, -1.430483], [-48.4760208, -1.4307689], [-48.4757519, -1.4309508], [-48.4755094, -1.4311149], [-48.4746945, -1.431666]]}}, {"type": "Feature", "properties": {"highway": "tertiary"}, "geometry": {"type": "LineString", "coordinates": [[-48.4787328, -1.4110418], [-48.4782473, -1.4113707]]}}, {"type": "Feature", "properties": {"highway": "tertiary"}, "geometry": {"type": "LineString", "coordinates": [[-48.4724616, -1.4059734], [-48.4724099, -1.4059366], [-48.4723187, -1.4058702], [-48.472253, -1.4058139], [-48.4721652, -1.4057375], [-48.4720961, -1.4056577], [-48.4719459, -1.4054392], [-48.47184, -1.4052877], [-48.4716918, -1.4051194]]}}, {"type": "Feature", "properties": {"highway": "tertiary"}, "geometry": {"type": "LineString", "coordinates": [[-48.4834286, -1.4154392], [-48.4835518, -1.415426], [-48.4837114, -1.4154213], [-48.4838106, -1.4154227], [-48.4840239, -1.4154367], [-48.4844376, -1.4154904], [-48.4845302, -1.4154984], [-48.484728, -1.4155051], [-48.4850632, -1.4154897], [-48.4852926, -1.415475], [-48.4856352, -1.4154501], [-48.4861247, -1.4154079], [-48.4864982, -1.4153878], [-48.4866551, -1.4153845], [-48.4872258, -1.4153584]]}}, {"type": "Feature", "properties": {"highway": "tertiary"}, "geometry": {"type": "LineString", "coordinates": [[-48.4731106, -1.4055504], [-48.4732528, -1.4057093], [-48.4735653, -1.4060217], [-48.474378, -1.4067939], [-48.4751008, -1.4074884], [-48.4755206, -1.4078799], [-48.475596, -1.4079494], [-48.4757302, -1.4080731], [-48.4758143, -1.4081507], [-48.4759216, -1.4082633], [-48.4761362, -1.4084846], [-48.4766914, -1.4090195], [-48.4774387, -1.4097417], [-48.477627, -1.4099237], [-48.4779909, -1.4102677], [-48.4782557, -1.4105045], [-48.4783802, -1.4106159], [-48.4787834, -1.4110103], [-48.4793139, -1.4115135], [-48.4797052, -1.4119136], [-48.4798296, -1.4120408], [-48.4803647, -1.4125455], [-48.4804679, -1.4126521], [-48.4806, -1.4127667], [-48.4808289, -1.4129891], [-48.4809601, -1.4131167], [-48.4819365, -1.4140626], [-48.4821558, -1.414261], [-48.4821874, -1.4142896], [-48.4828104, -1.4149013], [-48.4830546, -1.415122], [-48.4832011, -1.4152477], [-48.4834286, -1.4154392]]}}, {"type": "Feature", "properties": {"highway": "tertiary"}, "geometry": {"type": "LineString", "coordinates": [[-48.4720834, -1.4010825], [-48.4722031, -1.4011091], [-48.4722765, -1.4011264], [-48.472373, -1.4011482], [-48.4726393, -1.4012305], [-48.4728766, -1.4013105], [-48.4729779, -1.4013185], [-48.4731585, -1.4013384], [-48.4733208, -1.4013492], [-48.473887, -1.4013391], [-48.4748416, -1.401325], [-48.4758264, -1.401289], [-48.4759998, -1.4012777], [-48.4761584, -1.4012665], [-48.4762697, -1.401257], [-48.4765056, -1.401233], [-48.4768521, -1.4012211], [-48.4772096, -1.4012099], [-48.4773546, -1.4012092], [-48.4775599, -1.4012023], [-48.4778132, -1.4012025], [-48.4778992, -1.4012039], [-48.4782654, -1.4011929], [-48.4785666, -1.4011882], [-48.4786232, -1.4011869], [-48.4786598, -1.401188], [-48.4787977, -1.401187]]}}, {"type": "Feature", "properties": {"highway": "tertiary"}, "geometry": {"type": "LineString", "coordinates": [[-48.4405536, -1.3779293], [-48.4406502, -1.377982], [-48.4414981, -1.3784168], [-48.4415563, -1.3784442], [-48.4418371, -1.3785856], [-48.4419548, -1.3786302], [-48.4421063, -1.3786687], [-48.4424417, -1.3787312], [-48.4429275, -1.3788241], [-48.4431406, -1.3788649], [-48.4435269, -1.3789369], [-48.4437874, -1.3789854], [-48.4443303, -1.3790881], [-48.4447354, -1.3791965], [-48.4449892, -1.3792983], [-48.4452453, -1.3794153], [-48.4454911, -1.3795611], [-48.4460307, -1.3799118], [-48.4464402, -1.3801766], [-48.4466087, -1.3802903], [-48.4469715, -1.380526], [-48.4472345, -1.3806862], [-48.4473889, -1.3807803], [-48.4476238, -1.3809106], [-48.4478815, -1.38102], [-48.4482193, -1.3811598], [-48.4484247, -1.3812007], [-48.4489448, -1.3811574], [-48.4492542, -1.3811243]]}}, {"type": "Feature", "properties": {"highway": "tertiary"}, "geometry": {"type": "LineString", "coordinates": [[-48.4511358, -1.4256659], [-48.4507593, -1.4255717], [-48.4504083, -1.4254933], [-48.4503821, -1.4254875], [-48.4502415, -1.4254503], [-48.4501413, -1.425428], [-48.4496931, -1.4253282], [-48.4495161, -1.425287], [-48.4493313, -1.425244], [-48.4480741, -1.4249517], [-48.4475929, -1.4248516], [-48.4474326, -1.4248149], [-48.44699, -1.4247064], [-48.446661, -1.4246151], [-48.4466268, -1.4246056]]}}, {"type": "Feature", "properties": {"highway": "primary"}, "geometry": {"type": "LineString", "coordinates": [[-48.4499966, -1.4230904], [-48.4501753, -1.4230776]]}}, {"type": "Feature", "properties": {"highway": "secondary"}, "geometry": {"type": "LineString", "coordinates": [[-48.4424163, -1.4121806], [-48.4423849, -1.4122095], [-48.4423278, -1.4122541]]}}, {"type": "Feature", "properties": {"highway": "tertiary"}, "geometry": {"type": "LineString", "coordinates": [[-48.4285864, -1.4030787], [-48.428502, -1.4057073], [-48.4284431, -1.4075425], [-48.4284312, -1.407909]]}}, {"type": "Feature", "properties": {"highway": "tertiary"}, "geometry": {"type": "LineString", "coordinates": [[-48.4242875, -1.4066883], [-48.4242073, -1.4075474], [-48.4241979, -1.4077928], [-48.4241898, -1.4080153], [-48.4241711, -1.4082178], [-48.424163, -1.4083961], [-48.424155, -1.4084993]]}}, {"type": "Feature", "properties": {"highway": "secondary"}, "geometry": {"type": "LineString", "coordinates": [[-48.453093, -1.409311], [-48.4530586, -1.4092335], [-48.4530319, -1.4091264], [-48.4530194, -1.408959], [-48.453021, -1.4087283], [-48.4530239, -1.4086785]]}}, {"type": "Feature", "properties": {"highway": "tertiary"}, "geometry": {"type": "LineString", "coordinates": [[-48.4448224, -1.4022793], [-48.4447188, -1.402679]]}}, {"type": "Feature", "properties": {"highway": "tertiary"}, "geometry": {"type": "LineString", "coordinates": [[-48.4487039, -1.4047635], [-48.448052, -1.4041035], [-48.4479723, -1.404028], [-48.447641, -1.4036764], [-48.447435, -1.403485], [-48.4471203, -1.4032318], [-48.446909, -1.4030751], [-48.4466552, -1.4029219], [-48.4464373, -1.4028123], [-48.4462124, -1.4027275], [-48.4458662, -1.4026068], [-48.4451404, -1.4023749], [-48.4448224, -1.4022793], [-48.4439988, -1.4019088], [-48.4439461, -1.4018891], [-48.443892, -1.4018817], [-48.4429851, -1.4018439], [-48.4421336, -1.401837], [-48.4420205, -1.4017909], [-48.4419662, -1.4017882], [-48.4412147, -1.4015226], [-48.4410384, -1.4014796], [-48.4409138, -1.4014496]]}}, {"type": "Feature", "properties": {"highway": "tertiary"}, "geometry": {"type": "LineString", "coordinates": [[-48.4416333, -1.4023566], [-48.4410461, -1.4032858], [-48.4407336, -1.4037831]]}}, {"type": "Feature", "properties": {"highway": "tertiary"}, "geometry": {"type": "LineString", "coordinates": [[-48.4403227, -1.4014244], [-48.4403205, -1.4013377], [-48.440295, -1.400398], [-48.4402923, -1.4002997], [-48.4402672, -1.3995583], [-48.4402567, -1.3991891], [-48.4402086, -1.397494], [-48.4401796, -1.3964694], [-48.4401483, -1.3959568], [-48.440121, -1.3953225]]}}, {"type": "Feature", "properties": {"highway": "tertiary"}, "geometry": {"type": "LineString", "coordinates": [[-48.4576773, -1.4015392], [-48.4576902, -1.401572], [-48.457694, -1.401607], [-48.4576883, -1.4016417], [-48.4576735, -1.4016737], [-48.4576508, -1.4017006], [-48.4576217, -1.4017204], [-48.4575884, -1.4017318], [-48.4575538, -1.401734], [-48.4575198, -1.401727], [-48.4574815, -1.4017058], [-48.4574523, -1.4016732], [-48.4574354, -1.4016329], [-48.4574328, -1.4015892], [-48.4574448, -1.4015471], [-48.4574699, -1.4015113], [-48.4574997, -1.4014887], [-48.4575346, -1.4014755], [-48.4575719, -1.4014727], [-48.4576084, -1.4014805], [-48.4576413, -1.4014983], [-48.4576678, -1.4015246], [-48.4576773, -1.4015392]]}}, {"type": "Feature", "properties": {"highway": "tertiary"}, "geometry": {"type": "LineString", "coordinates": [[-48.4638143, -1.4014659], [-48.4636125, -1.4014739], [-48.4634619, -1.4014831], [-48.4629676, -1.4014922], [-48.4624919, -1.401513], [-48.4621676, -1.4015234], [-48.4621068, -1.4015267], [-48.4620707, -1.4015286], [-48.4620133, -1.4015267], [-48.4616306, -1.4015296], [-48.4614034, -1.4015314], [-48.4610027, -1.4015317], [-48.4605854, -1.4015481], [-48.460176, -1.4015799], [-48.459962, -1.4015942], [-48.4592606, -1.4016618], [-48.4589141, -1.4016755], [-48.4585972, -1.4016934], [-48.4582854, -1.4017005], [-48.4580229, -1.4017147], [-48.4575884, -1.4017318]]}}, {"type": "Feature", "properties": {"highway": "tertiary"}, "geometry": {"type": "LineString", "coordinates": [[-48.4575198, -1.401727], [-48.4564818, -1.4017095]]}}, {"type": "Feature", "properties": {"highway": "tertiary"}, "geometry": {"type": "LineString", "coordinates": [[-48.4576773, -1.4015392], [-48.4583386, -1.401461], [-48.4588744, -1.4014205], [-48.4593906, -1.40141], [-48.4599547, -1.4013876], [-48.4601349, -1.4013763], [-48.4620679, -1.401319], [-48.462165, -1.4013158], [-48.463795, -1.4012707], [-48.4638143, -1.4014659]]}}, {"type": "Feature", "properties": {"highway": "tertiary"}, "geometry": {"type": "LineString", "coordinates": [[-48.4580814, -1.3951193], [-48.4580621, -1.3953338], [-48.4578738, -1.3974236], [-48.4577624, -1.3992089], [-48.4577561, -1.3993101], [-48.4577483, -1.3995049], [-48.4576678, -1.4015246]]}}, {"type": "Feature", "properties": {"highway": "tertiary"}, "geometry": {"type": "LineString", "coordinates": [[-48.4640376, -1.4034966], [-48.4640041, -1.4025534], [-48.4639583, -1.4016016], [-48.4639522, -1.401529], [-48.4639356, -1.4014865], [-48.4638946, -1.4014633], [-48.4638143, -1.4014659]]}}, {"type": "Feature", "properties": {"highway": "secondary"}, "geometry": {"type": "LineString", "coordinates": [[-48.4530239, -1.4086785], [-48.4530302, -1.4084594]]}}, {"type": "Feature", "properties": {"highway": "secondary"}, "geometry": {"type": "LineString", "coordinates": [[-48.4530302, -1.4084594], [-48.4530305, -1.4084157], [-48.4530711, -1.40774], [-48.4530866, -1.4074823], [-48.4530947, -1.4072511], [-48.4531037, -1.4070095], [-48.453116, -1.4067992], [-48.4531298, -1.406531], [-48.4531518, -1.4062448], [-48.4531623, -1.4061027], [-48.4531841, -1.4057782], [-48.4531925, -1.4056915], [-48.4532067, -1.4052343], [-48.4532307, -1.4046411], [-48.4532383, -1.4044779], [-48.4532612, -1.4040899], [-48.45327, -1.4035595], [-48.4532852, -1.4030584]]}}, {"type": "Feature", "properties": {"highway": "tertiary"}, "geometry": {"type": "LineString", "coordinates": [[-48.472073, -1.3997567], [-48.4720709, -1.3987367], [-48.4720656, -1.3976849], [-48.4720652, -1.3975612], [-48.4720634, -1.3968774], [-48.4720616, -1.3957], [-48.4720713, -1.395028]]}}, {"type": "Feature", "properties": {"highway": "tertiary"}, "geometry": {"type": "LineString", "coordinates": [[-48.4911982, -1.4001315], [-48.4911242, -1.4001244], [-48.4909728, -1.4001025], [-48.4908177, -1.4000392], [-48.4905487, -1.3999192]]}}, {"type": "Feature", "properties": {"highway": "tertiary"}, "geometry": {"type": "LineString", "coordinates": [[-48.4764532, -1.3972352], [-48.4767699, -1.3973342], [-48.4770731, -1.3974165], [-48.4771446, -1.3974392], [-48.4774164, -1.3975123], [-48.4775033, -1.3975395], [-48.4777636, -1.397612], [-48.4778512, -1.3976417], [-48.4780975, -1.3977105], [-48.4781985, -1.3977441], [-48.4784609, -1.3978129], [-48.4785525, -1.3978394], [-48.4786903, -1.3978821], [-48.478883, -1.3979375], [-48.4789573, -1.3979524], [-48.4792335, -1.3980367], [-48.4793051, -1.3980572], [-48.4796023, -1.398145], [-48.4796551, -1.3981607], [-48.4799521, -1.398251], [-48.4799875, -1.3982595], [-48.4803061, -1.398347], [-48.4803455, -1.3983593], [-48.4806921, -1.3984652], [-48.4810502, -1.3985633], [-48.4811652, -1.3986026], [-48.4814014, -1.3986665], [-48.4814786, -1.3986888], [-48.48175, -1.3987559], [-48.4821013, -1.3988564], [-48.4824038, -1.3989581], [-48.4824392, -1.3989693], [-48.4825047, -1.3989893], [-48.4827871, -1.3990572], [-48.4831437, -1.3991589], [-48.4836168, -1.3993074], [-48.4839821, -1.3994066], [-48.4843187, -1.3995035], [-48.4846772, -1.3996108], [-48.4850104, -1.3997084], [-48.4852678, -1.3997847], [-48.4853348, -1.3997928], [-48.4854112, -1.3997983]]}}, {"type": "Feature", "properties": {"highway": "tertiary"}, "geometry": {"type": "LineString", "coordinates": [[-48.4905487, -1.3999192], [-48.4904427, -1.3999216], [-48.4900948, -1.3999201], [-48.4897197, -1.3999307], [-48.4893752, -1.3999403], [-48.4890053, -1.3999493], [-48.4886586, -1.3999557], [-48.4882911, -1.3999678], [-48.4879339, -1.3999707], [-48.4875748, -1.3999828], [-48.48722, -1.3999911], [-48.4868445, -1.3999975], [-48.4867408, -1.3999997], [-48.4864916, -1.4000077], [-48.4864149, -1.4000091], [-48.4861379, -1.4000142], [-48.4857696, -1.4000253], [-48.485411, -1.4000307]]}}, {"type": "Feature", "properties": {"highway": "tertiary"}, "geometry": {"type": "LineString", "coordinates": [[-48.4761584, -1.4012665], [-48.4761207, -1.4005656], [-48.47611, -1.4002187], [-48.4761027, -1.3999611], [-48.4761012, -1.3993209], [-48.4761007, -1.3991532], [-48.4761036, -1.3988242], [-48.4760913, -1.3983287], [-48.4760908, -1.3982254], [-48.4760919, -1.3979332], [-48.4760879, -1.3976577], [-48.4760964, -1.3974093], [-48.4761027, -1.397237]]}}, {"type": "Feature", "properties": {"highway": "tertiary"}, "geometry": {"type": "LineString", "coordinates": [[-48.4807489, -1.4011653], [-48.4807317, -1.400124]]}}, {"type": "Feature", "properties": {"highway": "tertiary"}, "geometry": {"type": "LineString", "coordinates": [[-48.4787977, -1.401187], [-48.4789157, -1.4013169], [-48.479067, -1.4015512], [-48.4795144, -1.4023361], [-48.4795292, -1.4023616], [-48.4800111, -1.4031779], [-48.4806718, -1.4042908], [-48.4807777, -1.4044692], [-48.4809937, -1.4048338], [-48.4812394, -1.4052578], [-48.4813491, -1.4054358], [-48.4814183, -1.4055432], [-48.4814295, -1.4055605], [-48.4814926, -1.4056744], [-48.4815234, -1.4057455], [-48.4815556, -1.4058219], [-48.4815623, -1.4061517], [-48.4815553, -1.4073869], [-48.4815555, -1.4074706], [-48.4815542, -1.4077204], [-48.4815413, -1.4086736]]}}, {"type": "Feature", "properties": {"highway": "tertiary"}, "geometry": {"type": "LineString", "coordinates": [[-48.4814681, -1.4086755], [-48.4814693, -1.4082069], [-48.4814702, -1.4079549], [-48.4814811, -1.4074697], [-48.4814785, -1.4073899], [-48.4814738, -1.4072082], [-48.4814778, -1.4066049], [-48.4814858, -1.4061209], [-48.4814858, -1.4060043], [-48.4814765, -1.4059104], [-48.4814617, -1.4058353], [-48.4814148, -1.4057361], [-48.4813678, -1.4056476], [-48.4813347, -1.4055917], [-48.4812565, -1.4054599], [-48.4811385, -1.4052642], [-48.4809132, -1.4048848], [-48.4806973, -1.4045161], [-48.4804559, -1.4041259], [-48.4802346, -1.4037412], [-48.48002, -1.4033577], [-48.4799259, -1.4032089], [-48.4797867, -1.402981], [-48.4795587, -1.4026002], [-48.4793347, -1.4022101], [-48.4791067, -1.4018347], [-48.4789954, -1.4016255], [-48.4789538, -1.4015531], [-48.4788895, -1.4014539], [-48.4788372, -1.4013748], [-48.4787768, -1.4013051], [-48.4787145, -1.4012374], [-48.4786598, -1.401188]]}}, {"type": "Feature", "properties": {"highway": "tertiary"}, "geometry": {"type": "LineString", "coordinates": [[-48.4800111, -1.4031779], [-48.481255, -1.4033973], [-48.4816935, -1.4034797], [-48.4821284, -1.4035528], [-48.4825771, -1.4036352], [-48.4830023, -1.4037078], [-48.4834417, -1.4037823], [-48.4838847, -1.4038551], [-48.4843635, -1.4039528]]}}, {"type": "Feature", "properties": {"highway": "tertiary"}, "geometry": {"type": "LineString", "coordinates": [[-48.4843929, -1.4013994], [-48.4843808, -1.4024242], [-48.4843635, -1.4039528]]}}, {"type": "Feature", "properties": {"highway": "tertiary"}, "geometry": {"type": "LineString", "coordinates": [[-48.4815012, -1.4087595], [-48.4814993, -1.4091924], [-48.4814912, -1.4093332], [-48.4814798, -1.4095766], [-48.4814644, -1.4096671], [-48.4814476, -1.409722], [-48.4814248, -1.4097508], [-48.4813879, -1.4097756], [-48.4813499, -1.4097913]]}}, {"type": "Feature", "properties": {"highway": "tertiary"}, "geometry": {"type": "LineString", "coordinates": [[-48.4555866, -1.3789378], [-48.45557, -1.3794844], [-48.4555234, -1.3804779], [-48.4555216, -1.3805247], [-48.4555143, -1.3806272]]}}, {"type": "Feature", "properties": {"highway": "tertiary"}, "geometry": {"type": "LineString", "coordinates": [[-48.4579875, -1.3789914], [-48.4579801, -1.3794095], [-48.4579779, -1.3795207], [-48.4579686, -1.3799909], [-48.4579588, -1.3804585], [-48.457955, -1.3806527]]}}, {"type": "Feature", "properties": {"highway": "tertiary"}, "geometry": {"type": "LineString", "coordinates": [[-48.4554974, -1.3789362], [-48.4554442, -1.3782003], [-48.4554134, -1.3775071]]}}, {"type": "Feature", "properties": {"highway": "primary"}, "geometry": {"type": "LineString", "coordinates": [[-48.4537812, -1.3802068], [-48.4540891, -1.3802797], [-48.4551883, -1.3805466], [-48.455347, -1.3805857], [-48.4553803, -1.3805938], [-48.4553973, -1.3805981], [-48.4555143, -1.3806272], [-48.4556257, -1.3806552], [-48.4560304, -1.3807373], [-48.4565084, -1.3808365], [-48.4569598, -1.3809239], [-48.4571343, -1.380967], [-48.4572713, -1.3810113], [-48.4574358, -1.3810841], [-48.4576416, -1.3812225], [-48.4576726, -1.3812457], [-48.4577977, -1.3813505], [-48.4579365, -1.3814669]]}}, {"type": "Feature", "properties": {"highway": "tertiary"}, "geometry": {"type": "LineString", "coordinates": [[-48.455296, -1.3711721], [-48.4552874, -1.3716232], [-48.4552917, -1.3720756], [-48.4553005, -1.3725338], [-48.4552912, -1.3728651], [-48.4552824, -1.3733566], [-48.455264, -1.3737546], [-48.4552563, -1.374134]]}}, {"type": "Feature", "properties": {"highway": "tertiary"}, "geometry": {"type": "LineString", "coordinates": [[-48.4583196, -1.3692785], [-48.4579427, -1.3692777], [-48.4577234, -1.3692794], [-48.457641, -1.36928], [-48.4570674, -1.3692664], [-48.4565342, -1.3692515], [-48.4564893, -1.3692512], [-48.4562441, -1.3692497], [-48.4558743, -1.3692401], [-48.455474, -1.3692268], [-48.4554301, -1.3692267], [-48.4549423, -1.3692097], [-48.4544171, -1.3691855], [-48.4543098, -1.3691825], [-48.453987, -1.3691736], [-48.4538989, -1.3691613], [-48.4538068, -1.3691287], [-48.4537627, -1.3691187], [-48.4533642, -1.3691052]]}}, {"type": "Feature", "properties": {"highway": "tertiary"}, "geometry": {"type": "LineString", "coordinates": [[-48.4583196, -1.3692785], [-48.4579427, -1.3692777], [-48.4577234, -1.3692794], [-48.457641, -1.36928], [-48.4570674, -1.3692664], [-48.4565342, -1.3692515], [-48.4564893, -1.3692512], [-48.4562441, -1.3692497], [-48.4558743, -1.3692401], [-48.455474, -1.3692268], [-48.4554301, -1.3692267], [-48.4549423, -1.3692097], [-48.4544171, -1.3691855], [-48.4543098, -1.3691825], [-48.453987, -1.3691736], [-48.4538989, -1.3691613], [-48.4538068, -1.3691287], [-48.4537627, -1.3691187], [-48.4533642, -1.3691052]]}}, {"type": "Feature", "properties": {"highway": "tertiary"}, "geometry": {"type": "LineString", "coordinates": [[-48.4531403, -1.3660762], [-48.4530335, -1.3660855], [-48.4526984, -1.3661546], [-48.4525524, -1.3660506], [-48.451414, -1.3652397], [-48.4511925, -1.3650819], [-48.4494809, -1.3638627]]}}, {"type": "Feature", "properties": {"highway": "tertiary"}, "geometry": {"type": "LineString", "coordinates": [[-48.449368, -1.3731637], [-48.4491951, -1.3732995], [-48.4491322, -1.3733471], [-48.4490705, -1.3733825], [-48.4490206, -1.3733941], [-48.4488528, -1.3733801]]}}, {"type": "Feature", "properties": {"highway": "tertiary"}, "geometry": {"type": "LineString", "coordinates": [[-48.4418486, -1.380611], [-48.4420074, -1.3805926], [-48.4420941, -1.380579], [-48.4422135, -1.3805406], [-48.4422841, -1.3805019], [-48.4423498, -1.3804559], [-48.4423964, -1.3804136]]}}, {"type": "Feature", "properties": {"highway": "tertiary"}, "geometry": {"type": "LineString", "coordinates": [[-48.4422618, -1.3808226], [-48.4422266, -1.3807644], [-48.4421732, -1.3807164], [-48.442107, -1.3806716], [-48.4420158, -1.3806381], [-48.4418486, -1.380611]]}}, {"type": "Feature", "properties": {"highway": "tertiary"}, "geometry": {"type": "LineString", "coordinates": [[-48.4456464, -1.3812383], [-48.4460614, -1.381237], [-48.4466755, -1.3812351], [-48.4471816, -1.3812335], [-48.4474363, -1.3812327], [-48.4475619, -1.381228], [-48.4476674, -1.3812066], [-48.447793, -1.3812076], [-48.4479562, -1.3811684], [-48.4479688, -1.381168], [-48.4482193, -1.3811598]]}}, {"type": "Feature", "properties": {"highway": "secondary"}, "geometry": {"type": "LineString", "coordinates": [[-48.4791148, -1.3402554], [-48.4772021, -1.3405751], [-48.4764374, -1.3407133], [-48.4753218, -1.3409148], [-48.4734707, -1.3412871], [-48.4726379, -1.3414392], [-48.4715795, -1.3416351]]}}, {"type": "Feature", "properties": {"highway": "tertiary"}, "geometry": {"type": "LineString", "coordinates": [[-48.453051, -1.3587808], [-48.4533687, -1.3589307], [-48.4534312, -1.3589602], [-48.4537344, -1.3590802], [-48.4539506, -1.3591535], [-48.454096, -1.3591991], [-48.4541978, -1.3592271], [-48.4542966, -1.3592543]]}}, {"type": "Feature", "properties": {"highway": "tertiary"}, "geometry": {"type": "LineString", "coordinates": [[-48.453051, -1.3587808], [-48.4533687, -1.3589307], [-48.4534312, -1.3589602], [-48.4537344, -1.3590802], [-48.4539506, -1.3591535], [-48.454096, -1.3591991], [-48.4541978, -1.3592271], [-48.4542966, -1.3592543]]}}, {"type": "Feature", "properties": {"highway": "tertiary"}, "geometry": {"type": "LineString", "coordinates": [[-48.4696633, -1.3310516], [-48.4695529, -1.331071], [-48.4694419, -1.3311041], [-48.4693355, -1.3311537], [-48.4691852, -1.3312201], [-48.4687319, -1.3315473], [-48.4685844, -1.3316411], [-48.4680346, -1.3320031], [-48.4675589, -1.3323302], [-48.467356, -1.3324489], [-48.467097, -1.3326222], [-48.466786, -1.3328304], [-48.4662522, -1.333187], [-48.4657735, -1.333486], [-48.4652893, -1.3337997], [-48.4648826, -1.334068]]}}, {"type": "Feature", "properties": {"highway": "tertiary"}, "geometry": {"type": "LineString", "coordinates": [[-48.4681829, -1.3239295], [-48.4682033, -1.3242672], [-48.4682409, -1.3252547], [-48.4683444, -1.3270933], [-48.4684021, -1.3281004], [-48.4684509, -1.3294972], [-48.4685345, -1.3310434], [-48.4685844, -1.3316411]]}}, {"type": "Feature", "properties": {"highway": "secondary"}, "geometry": {"type": "LineString", "coordinates": [[-48.4254792, -1.3893713], [-48.4259182, -1.3893938], [-48.4263645, -1.3894016], [-48.426802, -1.3894154], [-48.427006, -1.3894214], [-48.4272501, -1.3894186], [-48.4277059, -1.3894181], [-48.4281431, -1.3894252], [-48.4286166, -1.389435], [-48.4290743, -1.3894474], [-48.4295242, -1.3894452], [-48.4297875, -1.3894524]]}}, {"type": "Feature", "properties": {"highway": "secondary"}, "geometry": {"type": "LineString", "coordinates": [[-48.4304655, -1.3882464], [-48.4308451, -1.3881547], [-48.4311647, -1.3880608], [-48.4313701, -1.387976], [-48.4315104, -1.387935], [-48.4315293, -1.3879269], [-48.4318522, -1.3877175], [-48.4322701, -1.3873891], [-48.4323478, -1.3873511], [-48.4326133, -1.3871528], [-48.4328455, -1.3870136], [-48.433005, -1.3869111], [-48.4331361, -1.3868449], [-48.4337677, -1.3866356], [-48.4339269, -1.3865824], [-48.4341061, -1.3864962], [-48.4342255, -1.3863768], [-48.4343395, -1.3862253], [-48.4344119, -1.3861244], [-48.4350552, -1.3851291], [-48.4354134, -1.3845587]]}}, {"type": "Feature", "properties": {"highway": "secondary"}, "geometry": {"type": "LineString", "coordinates": [[-48.4363958, -1.3864008], [-48.4363891, -1.3863737], [-48.4363748, -1.3863157], [-48.4363611, -1.3862604], [-48.4363171, -1.3861655], [-48.4362479, -1.3860213], [-48.4361763, -1.3858782]]}}, {"type": "Feature", "properties": {"highway": "secondary"}, "geometry": {"type": "LineString", "coordinates": [[-48.4306114, -1.3781383], [-48.4305644, -1.3781537], [-48.4305201, -1.3781807], [-48.4301407, -1.3784832], [-48.4297708, -1.3788352], [-48.42962, -1.378997], [-48.4294848, -1.3791888], [-48.4290594, -1.3799073], [-48.4290232, -1.3799476], [-48.4289768, -1.3799763], [-48.4289094, -1.3799897]]}}, {"type": "Feature", "properties": {"highway": "secondary"}, "geometry": {"type": "LineString", "coordinates": [[-48.4290116, -1.3685475], [-48.4287737, -1.3682404], [-48.428075, -1.3674373], [-48.4277505, -1.3670217], [-48.4274556, -1.3666562], [-48.4272248, -1.3663644], [-48.4269096, -1.3659833], [-48.4265554, -1.3655715], [-48.4262344, -1.3651983], [-48.4256195, -1.3644764], [-48.4252645, -1.3640677]]}}, {"type": "Feature", "properties": {"highway": "tertiary"}, "geometry": {"type": "LineString", "coordinates": [[-48.441783, -1.3748319], [-48.441522, -1.3746532], [-48.4407192, -1.3740258], [-48.4402853, -1.373703], [-48.439791, -1.3733084], [-48.4392405, -1.3728948], [-48.4390281, -1.3727359], [-48.4384902, -1.3723323], [-48.4378926, -1.3718611], [-48.4375995, -1.3716478]]}}, {"type": "Feature", "properties": {"highway": "tertiary"}, "geometry": {"type": "LineString", "coordinates": [[-48.4344865, -1.3602807], [-48.4341779, -1.3601079], [-48.4337907, -1.359894], [-48.4336587, -1.3598215], [-48.4335517, -1.359763], [-48.4333101, -1.3596327], [-48.4330625, -1.3594977], [-48.4329284, -1.3594248], [-48.4328771, -1.3594048], [-48.4328467, -1.3594017], [-48.4327959, -1.3593918], [-48.432769, -1.3593877], [-48.4327483, -1.3593956]]}}, {"type": "Feature", "properties": {"highway": "tertiary"}, "geometry": {"type": "LineString", "coordinates": [[-48.4318878, -1.3611681], [-48.4322572, -1.3604131], [-48.4324321, -1.3600591], [-48.4326012, -1.359704], [-48.4327253, -1.3594265], [-48.4327305, -1.359418], [-48.4327376, -1.3594066], [-48.4327483, -1.3593956]]}}, {"type": "Feature", "properties": {"highway": "tertiary"}, "geometry": {"type": "LineString", "coordinates": [[-48.4292086, -1.356594], [-48.4292829, -1.3566333], [-48.4314077, -1.3578639], [-48.4317919, -1.3580717], [-48.4319696, -1.3581582], [-48.4320685, -1.3582135], [-48.4322043, -1.3582896], [-48.4327997, -1.358602], [-48.4329157, -1.3586717], [-48.43297, -1.3587106], [-48.4330125, -1.3587334], [-48.4330431, -1.3587575], [-48.4330667, -1.3587905], [-48.4330791, -1.3588297], [-48.4330773, -1.3588715], [-48.4330934, -1.3588949]]}}, {"type": "Feature", "properties": {"highway": "secondary"}, "geometry": {"type": "LineString", "coordinates": [[-48.43783, -1.3439302], [-48.4378282, -1.3440101], [-48.4378328, -1.3440852], [-48.4378396, -1.3441201], [-48.4378537, -1.3441764], [-48.4378805, -1.3442501], [-48.4379475, -1.344407], [-48.4380153, -1.3445739], [-48.4382842, -1.345316], [-48.4384585, -1.3457839], [-48.4384897, -1.3458675], [-48.4386, -1.3461627], [-48.4387275, -1.3464373], [-48.4387811, -1.3465789], [-48.4388843, -1.3468229], [-48.4390157, -1.3471521], [-48.4390273, -1.3471809], [-48.4391673, -1.3475517], [-48.4391971, -1.3476302], [-48.4392648, -1.3477965], [-48.4393385, -1.3480079], [-48.4393739, -1.3481202], [-48.4394333, -1.3483066], [-48.4394952, -1.3484657], [-48.4396126, -1.3487144], [-48.439671, -1.348859], [-48.4397401, -1.3490617], [-48.4398484, -1.3493517], [-48.4399229, -1.3495339], [-48.4400471, -1.3498154], [-48.4401456, -1.350093], [-48.4402176, -1.3502613], [-48.4402449, -1.3503431], [-48.4404007, -1.3507335], [-48.4404522, -1.3508654], [-48.4405852, -1.351211], [-48.4406487, -1.35138], [-48.4407347, -1.3516247], [-48.4409118, -1.3520804], [-48.4415073, -1.353426], [-48.441527, -1.3534738], [-48.4416102, -1.3537104], [-48.4416871, -1.3539024], [-48.4417662, -1.3540856], [-48.4418284, -1.3542379], [-48.4419626, -1.3545846], [-48.4419854, -1.3546449], [-48.4421216, -1.3550079], [-48.4421385, -1.3550529], [-48.4422206, -1.3552543], [-48.4423386, -1.3555558]]}}, {"type": "Feature", "properties": {"highway": "secondary"}, "geometry": {"type": "LineString", "coordinates": [[-48.4499786, -1.3318401], [-48.4498974, -1.3318317], [-48.4497585, -1.3318083], [-48.4495035, -1.3317563], [-48.4493028, -1.3317113], [-48.4489807, -1.3316454], [-48.4488856, -1.3316283], [-48.4483364, -1.3315117], [-48.4478013, -1.3313998], [-48.4472622, -1.3312872], [-48.4467311, -1.3311705], [-48.4461933, -1.3310539], [-48.4458661, -1.3309962], [-48.4457521, -1.3309775], [-48.4456489, -1.3309654], [-48.4455295, -1.3309882], [-48.4453873, -1.3310351], [-48.4450521, -1.3311598], [-48.4448321, -1.3312416], [-48.4444553, -1.331377], [-48.4437968, -1.3316143]]}}, {"type": "Feature", "properties": {"highway": "tertiary"}, "geometry": {"type": "LineString", "coordinates": [[-48.4328903, -1.3334371], [-48.433023, -1.3334679], [-48.4333104, -1.3335252], [-48.4338458, -1.3336402], [-48.4343836, -1.3337515], [-48.4349173, -1.3338614], [-48.4354578, -1.33397], [-48.4359942, -1.3340813], [-48.436524, -1.3341805], [-48.4370551, -1.3342931], [-48.4375982, -1.3344111], [-48.43814, -1.3345237], [-48.4386724, -1.3346136], [-48.4392048, -1.3347262], [-48.4397453, -1.3348267], [-48.440271, -1.3349407], [-48.4405607, -1.3350104], [-48.4406814, -1.3350285], [-48.4407679, -1.3350258], [-48.4408236, -1.3350198], [-48.4409691, -1.3349756], [-48.4412594, -1.334867], [-48.4414425, -1.3348006], [-48.4420292, -1.3345881], [-48.4423585, -1.3344681]]}}, {"type": "Feature", "properties": {"highway": "secondary"}, "geometry": {"type": "LineString", "coordinates": [[-48.4429492, -1.3389488], [-48.4429356, -1.3388034], [-48.4428587, -1.3381853], [-48.4427762, -1.3375893], [-48.442736, -1.3372722], [-48.4426803, -1.3368854], [-48.4425871, -1.3361567], [-48.4424436, -1.3350788], [-48.4423585, -1.3344681]]}}, {"type": "Feature", "properties": {"highway": "secondary"}, "geometry": {"type": "LineString", "coordinates": [[-48.4492278, -1.3265074], [-48.4491128, -1.3265058], [-48.4490721, -1.3265052], [-48.4485671, -1.3264746], [-48.4483834, -1.3264625], [-48.4480025, -1.3264357], [-48.4478248, -1.3264183], [-48.4473681, -1.3263881], [-48.4469765, -1.326366], [-48.4468686, -1.3263579], [-48.4463476, -1.3263251], [-48.4460726, -1.3263023], [-48.4456837, -1.3262808], [-48.4454186, -1.3262595], [-48.4447228, -1.3262158], [-48.443896, -1.3261702], [-48.4436783, -1.3261591], [-48.4434628, -1.3261454], [-48.4430585, -1.3261213], [-48.4428366, -1.3261139], [-48.4424201, -1.3260801], [-48.4419061, -1.3260458], [-48.4418086, -1.3260384], [-48.4417682, -1.3260365], [-48.4412567, -1.3260147], [-48.4408315, -1.3259886], [-48.4406512, -1.3259806], [-48.440615, -1.325979]]}}, {"type": "Feature", "properties": {"highway": "secondary"}, "geometry": {"type": "LineString", "coordinates": [[-48.4391722, -1.3305686], [-48.4392012, -1.3307299]]}}, {"type": "Feature", "properties": {"highway": "tertiary"}, "geometry": {"type": "LineString", "coordinates": [[-48.43606, -1.3221259], [-48.4355396, -1.322099], [-48.4351292, -1.3220642], [-48.4347229, -1.322032], [-48.4343474, -1.3220025], [-48.4341858, -1.3219938], [-48.4341555, -1.3219922], [-48.433945, -1.3219784], [-48.4335347, -1.3219542], [-48.433159, -1.3219247], [-48.4330203, -1.321918], [-48.4327527, -1.3218964], [-48.4323968, -1.3218749], [-48.4317307, -1.3218463], [-48.4313343, -1.3218293], [-48.4309226, -1.321817], [-48.4304944, -1.3218022], [-48.4303623, -1.3217874]]}}, {"type": "Feature", "properties": {"highway": "tertiary"}, "geometry": {"type": "LineString", "coordinates": [[-48.4359822, -1.3257057], [-48.4360036, -1.3251586], [-48.4360023, -1.3247148], [-48.4360063, -1.3241799], [-48.436009, -1.3239158]]}}, {"type": "Feature", "properties": {"highway": "tertiary"}, "geometry": {"type": "LineString", "coordinates": [[-48.4609381, -1.3141119], [-48.4612303, -1.3141555], [-48.4613572, -1.3141699], [-48.461604, -1.3142128], [-48.461781, -1.3142302], [-48.4619755, -1.3142597]]}}, {"type": "Feature", "properties": {"highway": "tertiary"}, "geometry": {"type": "LineString", "coordinates": [[-48.4617863, -1.3058258], [-48.4615902, -1.3054806], [-48.4615503, -1.305341], [-48.4615356, -1.3051654], [-48.4616442, -1.3046103], [-48.4617287, -1.3041477]]}}, {"type": "Feature", "properties": {"highway": "tertiary"}, "geometry": {"type": "LineString", "coordinates": [[-48.4617287, -1.3041477], [-48.4617998, -1.303775], [-48.4618563, -1.3035529], [-48.4619112, -1.3033942], [-48.4619697, -1.3032148], [-48.462019, -1.3030282], [-48.4621363, -1.3025221], [-48.4621868, -1.3021316], [-48.4622047, -1.3018444], [-48.4622101, -1.3017679], [-48.4622261, -1.3016965]]}}, {"type": "Feature", "properties": {"highway": "tertiary"}, "geometry": {"type": "LineString", "coordinates": [[-48.4613214, -1.3063834], [-48.4615687, -1.3067632], [-48.4615932, -1.306787], [-48.4616201, -1.3068024], [-48.4616918, -1.3068205], [-48.4617646, -1.3068332], [-48.4620051, -1.3068597], [-48.4625236, -1.3069212], [-48.4630142, -1.3069706], [-48.4634671, -1.3070243], [-48.4636978, -1.3070564], [-48.4641815, -1.3071112], [-48.4643943, -1.3071366], [-48.4645939, -1.3071639], [-48.4648405, -1.3071991], [-48.4648922, -1.3072034], [-48.4650463, -1.3072244], [-48.4653069, -1.3072477], [-48.4655191, -1.3072771], [-48.465529, -1.3072807], [-48.4655343, -1.3072919], [-48.4655354, -1.30732]]}}, {"type": "Feature", "properties": {"highway": "tertiary"}, "geometry": {"type": "LineString", "coordinates": [[-48.4629518, -1.2931964], [-48.4628994, -1.2936307], [-48.4628856, -1.2937516], [-48.4628196, -1.2943271], [-48.4628082, -1.294517], [-48.4627557, -1.2950908], [-48.4627017, -1.2958426], [-48.462703, -1.2959988], [-48.4626436, -1.2967579], [-48.4626361, -1.2968452], [-48.4625938, -1.2973222], [-48.4625373, -1.2979601]]}}, {"type": "Feature", "properties": {"highway": "tertiary"}, "geometry": {"type": "LineString", "coordinates": [[-48.47044, -1.2956686], [-48.4690888, -1.2955515], [-48.4684029, -1.2954904], [-48.4677661, -1.2954401], [-48.4670581, -1.2953739], [-48.4666225, -1.2953368], [-48.4664507, -1.2953214], [-48.4659049, -1.2952705], [-48.4652526, -1.2952052], [-48.4651388, -1.2951939], [-48.4644994, -1.2951392], [-48.4642151, -1.2951043], [-48.4639657, -1.2950909], [-48.4638262, -1.2951123], [-48.4637229, -1.2951834]]}}, {"type": "Feature", "properties": {"highway": "secondary"}, "geometry": {"type": "LineString", "coordinates": [[-48.4428844, -1.2799146], [-48.4432295, -1.2803223], [-48.4435756, -1.2807219], [-48.4441908, -1.2814919], [-48.4444046, -1.2817802], [-48.4445733, -1.2819688], [-48.4446719, -1.2820553], [-48.4447332, -1.2821092], [-48.4447858, -1.2821465], [-48.444884, -1.282215], [-48.4449649, -1.2822618], [-48.4450169, -1.2822859]]}}, {"type": "Feature", "properties": {"highway": "secondary"}, "geometry": {"type": "LineString", "coordinates": [[-48.4706212, -1.294488], [-48.4708964, -1.2945196], [-48.4713908, -1.2945804], [-48.4726505, -1.2947137], [-48.4733742, -1.2947864], [-48.4743408, -1.2948809]]}}, {"type": "Feature", "properties": {"highway": "secondary"}, "geometry": {"type": "LineString", "coordinates": [[-48.4543551, -1.2962362], [-48.4543779, -1.2960318], [-48.4544201, -1.2953447], [-48.4544498, -1.2948864], [-48.4544728, -1.2946603], [-48.4545337, -1.293797], [-48.4545916, -1.2932214]]}}, {"type": "Feature", "properties": {"highway": "tertiary"}, "geometry": {"type": "LineString", "coordinates": [[-48.4790405, -1.2871756], [-48.4791014, -1.286813], [-48.479113, -1.2863914], [-48.4790357, -1.2861127], [-48.4789147, -1.285894], [-48.4788363, -1.2857529], [-48.4786856, -1.2855212], [-48.4785747, -1.2853509], [-48.477779, -1.2841288], [-48.477543, -1.2837668], [-48.4771125, -1.2830825], [-48.4765814, -1.2822383], [-48.4756952, -1.2807832], [-48.4755204, -1.2804978], [-48.4754738, -1.280418], [-48.4753931, -1.2802987], [-48.4753518, -1.2802376]]}}, {"type": "Feature", "properties": {"highway": "tertiary"}, "geometry": {"type": "LineString", "coordinates": [[-48.4730597, -1.2750008], [-48.4730782, -1.2739097], [-48.4730838, -1.2735785], [-48.4730484, -1.2728574], [-48.4729988, -1.2720177], [-48.4729735, -1.2713736]]}}, {"type": "Feature", "properties": {"highway": "secondary"}, "geometry": {"type": "LineString", "coordinates": [[-48.4670599, -1.261114], [-48.4666539, -1.2615276], [-48.4662426, -1.2619466], [-48.4660895, -1.2621026], [-48.465779, -1.262419], [-48.4657399, -1.2624559], [-48.4653322, -1.2628574], [-48.4649125, -1.2632597], [-48.4648762, -1.2632958], [-48.4644885, -1.2636824], [-48.4640032, -1.2641647], [-48.4637058, -1.2644596], [-48.463595, -1.2645695], [-48.4631962, -1.2649655], [-48.4631733, -1.2649882], [-48.462721, -1.2654374], [-48.4626239, -1.2655338], [-48.4624391, -1.2657174], [-48.4622538, -1.2659014], [-48.4613719, -1.2667771], [-48.4609892, -1.2671571], [-48.4607431, -1.2674014], [-48.4606828, -1.2674614], [-48.4603212, -1.2678204], [-48.4599439, -1.268198], [-48.4593274, -1.2687805], [-48.4591043, -1.2690288], [-48.4588016, -1.2693293], [-48.4583349, -1.2697927], [-48.4577607, -1.270308]]}}, {"type": "Feature", "properties": {"highway": "secondary"}, "geometry": {"type": "LineString", "coordinates": [[-48.471505, -1.4423529], [-48.4720035, -1.4423379], [-48.4720515, -1.4423366], [-48.4721208, -1.4423357], [-48.4721955, -1.4423382], [-48.4723034, -1.4423393], [-48.4723928, -1.4423388], [-48.4731655, -1.4423315], [-48.4733182, -1.4423539], [-48.474723, -1.4425605], [-48.4747482, -1.4425643]]}}, {"type": "Feature", "properties": {"highway": "primary"}, "geometry": {"type": "LineString", "coordinates": [[-48.4869391, -1.4361138], [-48.4867329, -1.4352862], [-48.4866815, -1.4350798], [-48.4865977, -1.4347436], [-48.4865737, -1.4346475], [-48.4863428, -1.4337419], [-48.4862404, -1.4333363], [-48.4857843, -1.4316946]]}}, {"type": "Feature", "properties": {"highway": "secondary"}, "geometry": {"type": "LineString", "coordinates": [[-48.4788765, -1.4381819], [-48.4787521, -1.4380854], [-48.4786769, -1.4380166], [-48.4785957, -1.4379346], [-48.4783275, -1.437518], [-48.4783192, -1.4375048], [-48.4782815, -1.4374442]]}}, {"type": "Feature", "properties": {"highway": "secondary"}, "geometry": {"type": "LineString", "coordinates": [[-48.4949424, -1.4631166], [-48.4946198, -1.4627014]]}}, {"type": "Feature", "properties": {"highway": "secondary"}, "geometry": {"type": "LineString", "coordinates": [[-48.4503436, -1.4706454], [-48.4507116, -1.4710589], [-48.4511647, -1.4715632], [-48.4514398, -1.4718693]]}}, {"type": "Feature", "properties": {"highway": "tertiary"}, "geometry": {"type": "LineString", "coordinates": [[-48.4605637, -1.4338688], [-48.4603374, -1.4335802], [-48.4597619, -1.4327466]]}}, {"type": "Feature", "properties": {"highway": "secondary"}, "geometry": {"type": "LineString", "coordinates": [[-48.4103648, -1.3594068], [-48.4103678, -1.359292], [-48.410378, -1.3589039], [-48.4103894, -1.3584725], [-48.4103909, -1.3584145], [-48.4104011, -1.3580264], [-48.4104093, -1.3577163], [-48.4104129, -1.3575814], [-48.4104226, -1.3572109], [-48.4104252, -1.3571135], [-48.4104346, -1.3567558], [-48.410437, -1.3566634], [-48.410447, -1.3562851], [-48.4104484, -1.3562335], [-48.4104606, -1.3557687], [-48.4104725, -1.3553167]]}}, {"type": "Feature", "properties": {"highway": "secondary"}, "geometry": {"type": "LineString", "coordinates": [[-48.4075827, -1.368259], [-48.4083803, -1.3682708], [-48.408451, -1.3682805], [-48.4085573, -1.3682801], [-48.4089194, -1.3682889], [-48.4089899, -1.3682838], [-48.4100448, -1.3682911]]}}, {"type": "Feature", "properties": {"highway": "primary"}, "geometry": {"type": "LineString", "coordinates": [[-48.4582625, -1.4078934], [-48.4582062, -1.4078945], [-48.4580707, -1.40789], [-48.4572037, -1.4078618], [-48.4566501, -1.4078592], [-48.456243, -1.4078981], [-48.4559643, -1.4079487], [-48.4557609, -1.4080063], [-48.4554684, -1.408108], [-48.4551439, -1.40827], [-48.4548487, -1.4084626], [-48.4545957, -1.4086463], [-48.454026, -1.4091401], [-48.4536573, -1.4094145], [-48.4533612, -1.4096177], [-48.4532146, -1.4096921]]}}, {"type": "Feature", "properties": {"highway": "primary"}, "geometry": {"type": "LineString", "coordinates": [[-48.4582625, -1.4078934], [-48.4582062, -1.4078945], [-48.4580707, -1.40789], [-48.4572037, -1.4078618], [-48.4566501, -1.4078592], [-48.456243, -1.4078981], [-48.4559643, -1.4079487], [-48.4557609, -1.4080063], [-48.4554684, -1.408108], [-48.4551439, -1.40827], [-48.4548487, -1.4084626], [-48.4545957, -1.4086463], [-48.454026, -1.4091401], [-48.4536573, -1.4094145], [-48.4533612, -1.4096177], [-48.4532146, -1.4096921]]}}, {"type": "Feature", "properties": {"highway": "primary"}, "geometry": {"type": "LineString", "coordinates": [[-48.4851904, -1.3919178], [-48.4854827, -1.3915236]]}}, {"type": "Feature", "properties": {"highway": "tertiary"}, "geometry": {"type": "LineString", "coordinates": [[-48.4463754, -1.4245376], [-48.4462235, -1.4244997]]}}, {"type": "Feature", "properties": {"highway": "tertiary"}, "geometry": {"type": "LineString", "coordinates": [[-48.4248443, -1.3987899], [-48.4247035, -1.4008192], [-48.4246164, -1.4020744], [-48.4246112, -1.4021481], [-48.424567, -1.4027603], [-48.4244058, -1.4050497], [-48.4243085, -1.4064257], [-48.4242875, -1.4066883]]}}, {"type": "Feature", "properties": {"highway": "secondary"}, "geometry": {"type": "LineString", "coordinates": [[-48.4265079, -1.3813251], [-48.4265726, -1.3812418], [-48.4266203, -1.3811893], [-48.4267619, -1.3810413], [-48.4273669, -1.3803971]]}}, {"type": "Feature", "properties": {"highway": "secondary"}, "geometry": {"type": "LineString", "coordinates": [[-48.4017644, -1.3667808], [-48.4015865, -1.3667297], [-48.4012256, -1.3665762]]}}, {"type": "Feature", "properties": {"highway": "secondary"}, "geometry": {"type": "LineString", "coordinates": [[-48.3903434, -1.3756078], [-48.3903952, -1.3755907], [-48.3904379, -1.3755615], [-48.3904531, -1.3755477], [-48.3904664, -1.3755322], [-48.3904777, -1.3755152], [-48.3904867, -1.3754969]]}}, {"type": "Feature", "properties": {"highway": "tertiary"}, "geometry": {"type": "LineString", "coordinates": [[-48.4012336, -1.3651664], [-48.4012331, -1.3649843], [-48.4012369, -1.3645673], [-48.401238, -1.3641139], [-48.4012339, -1.3636539], [-48.4012401, -1.3632283], [-48.4012413, -1.362772], [-48.4012423, -1.3623207], [-48.4012434, -1.3618505], [-48.4012536, -1.3613697]]}}, {"type": "Feature", "properties": {"highway": "secondary"}, "geometry": {"type": "LineString", "coordinates": [[-48.3980349, -1.3583115], [-48.3980247, -1.358411], [-48.3980249, -1.3588341], [-48.3980288, -1.3592964], [-48.3980233, -1.3597256], [-48.3980081, -1.3599367], [-48.3980075, -1.3600748], [-48.3980049, -1.3602131], [-48.3980008, -1.3607094], [-48.3980231, -1.3613683], [-48.3980209, -1.361848], [-48.3980219, -1.3622976], [-48.3980216, -1.3624114], [-48.3980207, -1.3627366], [-48.398018, -1.3631809], [-48.3980087, -1.3636435], [-48.3980096, -1.3640908], [-48.398019, -1.3645377], [-48.3980141, -1.364927]]}}, {"type": "Feature", "properties": {"highway": "secondary"}, "geometry": {"type": "LineString", "coordinates": [[-48.4212937, -1.369187], [-48.4212389, -1.3691186], [-48.4211108, -1.3685591], [-48.4209723, -1.3678737], [-48.420867, -1.3672712], [-48.4208293, -1.3670913], [-48.4208107, -1.3670024], [-48.4207351, -1.3666019], [-48.4206823, -1.3664026], [-48.4205549, -1.3659217], [-48.4204595, -1.3654696], [-48.4204369, -1.3653603], [-48.4204166, -1.365262], [-48.4202384, -1.3643989], [-48.4202202, -1.3643148], [-48.4201458, -1.3639886], [-48.4201242, -1.3638539], [-48.4201056, -1.3637379], [-48.4200963, -1.3634872], [-48.4201115, -1.3633444], [-48.4201117, -1.3633223], [-48.4201162, -1.3632791], [-48.4201244, -1.3632178], [-48.4201428, -1.36313], [-48.4201955, -1.362967], [-48.4204449, -1.362302], [-48.4206472, -1.3617928], [-48.4206997, -1.3616179], [-48.4207613, -1.3614504]]}}, {"type": "Feature", "properties": {"highway": "tertiary"}, "geometry": {"type": "LineString", "coordinates": [[-48.4192782, -1.393122], [-48.4197084, -1.3915819], [-48.4198695, -1.3910084], [-48.4199203, -1.3908275], [-48.4200564, -1.3903431], [-48.420313, -1.3893694], [-48.4204075, -1.3890321], [-48.4204681, -1.3886823], [-48.4204693, -1.3886199], [-48.4204479, -1.3884419], [-48.4204255, -1.388281], [-48.4204036, -1.3882127], [-48.4202123, -1.3876478], [-48.420008, -1.387181], [-48.4199003, -1.3865783], [-48.4198963, -1.3863182], [-48.4199266, -1.3859609], [-48.4199409, -1.3857968], [-48.4199896, -1.3851323], [-48.4199921, -1.3850872], [-48.4200604, -1.3843233], [-48.4200603, -1.3842209], [-48.4200602, -1.3841832], [-48.4200535, -1.384147], [-48.4200378, -1.3841142], [-48.4197932, -1.3839364], [-48.419727, -1.3838931], [-48.4196747, -1.3838587], [-48.4190109, -1.3834591], [-48.4188738, -1.3833624], [-48.4186533, -1.383225]]}}, {"type": "Feature", "properties": {"highway": "secondary"}, "geometry": {"type": "LineString", "coordinates": [[-48.4252554, -1.3875938], [-48.4252091, -1.3871361], [-48.4251496, -1.3867329], [-48.425142, -1.3866361], [-48.4250736, -1.3858454], [-48.4250602, -1.3853869], [-48.4250709, -1.3849605], [-48.4251359, -1.384639], [-48.4252094, -1.3844545], [-48.425309, -1.3841909], [-48.4254158, -1.3838409], [-48.4255169, -1.3835966], [-48.4256166, -1.3833839], [-48.4256399, -1.3833463], [-48.4256932, -1.3832712], [-48.4257415, -1.3832042], [-48.4257898, -1.3831398], [-48.4258592, -1.3830379], [-48.42605, -1.3827584], [-48.4260949, -1.3826757], [-48.4262484, -1.3823743], [-48.426357, -1.3821772], [-48.4264696, -1.3819479], [-48.4264979, -1.3818755], [-48.4265153, -1.3818045], [-48.4265147, -1.3817576], [-48.4265107, -1.3817193], [-48.426506, -1.381686]]}}, {"type": "Feature", "properties": {"highway": "tertiary"}, "geometry": {"type": "LineString", "coordinates": [[-48.4275589, -1.4015833], [-48.4275676, -1.3996284], [-48.4275697, -1.3991587], [-48.42757, -1.3991238], [-48.4275738, -1.3987096], [-48.4275671, -1.3982318], [-48.4275437, -1.3979799], [-48.4274296, -1.3974208], [-48.4273269, -1.3969176], [-48.4272766, -1.3966393], [-48.4272136, -1.3963998], [-48.4271969, -1.3962073], [-48.4271229, -1.396014], [-48.4270624, -1.3957551], [-48.4265693, -1.3946493], [-48.426381, -1.3942358], [-48.4261925, -1.3938907], [-48.426085, -1.3936939]]}}, {"type": "Feature", "properties": {"highway": "tertiary"}, "geometry": {"type": "LineString", "coordinates": [[-48.4225331, -1.3957618], [-48.4238377, -1.3935078], [-48.4238754, -1.3934275], [-48.4239253, -1.3932583], [-48.4240272, -1.3928232], [-48.4241001, -1.3925065]]}}, {"type": "Feature", "properties": {"highway": "tertiary"}, "geometry": {"type": "LineString", "coordinates": [[-48.4078057, -1.3862202], [-48.4078096, -1.3863039], [-48.4078093, -1.3863766], [-48.4078076, -1.3864555], [-48.4077939, -1.3871081], [-48.4077627, -1.3886001], [-48.4077584, -1.3888042], [-48.4077562, -1.3889097], [-48.4077478, -1.3892571], [-48.4077402, -1.3896712], [-48.4077375, -1.3898031], [-48.4077292, -1.3901977], [-48.4077203, -1.3906233], [-48.4077195, -1.3906603], [-48.407719, -1.3906811], [-48.4077114, -1.3910464], [-48.407678, -1.3926434], [-48.4077085, -1.3930931], [-48.4077165, -1.3933312], [-48.4076997, -1.3937133], [-48.4077054, -1.3942499], [-48.4077002, -1.394372], [-48.4077043, -1.3945485], [-48.4076965, -1.3946712], [-48.4076509, -1.3951385], [-48.4076453, -1.3955467], [-48.4076329, -1.3960263], [-48.4076224, -1.3961234], [-48.4076242, -1.3963746], [-48.407607, -1.3969975], [-48.4076074, -1.3971253], [-48.4075994, -1.3973043], [-48.4075986, -1.3974166]]}}, {"type": "Feature", "properties": {"highway": "tertiary"}, "geometry": {"type": "LineString", "coordinates": [[-48.4243396, -1.391898], [-48.4244966, -1.391436], [-48.4247363, -1.3908984], [-48.4250321, -1.3902966], [-48.4251076, -1.3901817]]}}, {"type": "Feature", "properties": {"highway": "tertiary"}, "geometry": {"type": "LineString", "coordinates": [[-48.4254126, -1.3894509], [-48.4253903, -1.3895702], [-48.4252981, -1.3897908]]}}, {"type": "Feature", "properties": {"highway": "tertiary"}, "geometry": {"type": "LineString", "coordinates": [[-48.420593, -1.3750781], [-48.4203109, -1.3749866], [-48.4198722, -1.3748537], [-48.4191153, -1.3746285]]}}, {"type": "Feature", "properties": {"highway": "tertiary"}, "geometry": {"type": "LineString", "coordinates": [[-48.4118167, -1.3647599], [-48.4122321, -1.3645992], [-48.4123297, -1.364613], [-48.4124277, -1.3646012], [-48.4125156, -1.3646004], [-48.4125882, -1.3646105], [-48.4129045, -1.364662], [-48.413217, -1.3647941], [-48.4134656, -1.3648937], [-48.4139093, -1.3650921], [-48.4140028, -1.3651608], [-48.4146063, -1.3655891], [-48.4146379, -1.3656101], [-48.4151025, -1.3659135], [-48.4152743, -1.3660314], [-48.415358, -1.3660964], [-48.4154281, -1.3661691], [-48.4154965, -1.3662569], [-48.4155675, -1.3663599], [-48.4156314, -1.3664637], [-48.4158549, -1.3669144], [-48.4159904, -1.3672363], [-48.4161741, -1.3674937], [-48.4164704, -1.3678824], [-48.4165792, -1.3680658], [-48.4166756, -1.3682337], [-48.4168071, -1.3684952], [-48.4169143, -1.3687888], [-48.4169653, -1.368943], [-48.4169948, -1.3690824], [-48.4169991, -1.3692253], [-48.4169682, -1.3693274], [-48.4169267, -1.3694307], [-48.4168809, -1.369514], [-48.4168253, -1.3695938], [-48.4166244, -1.3698223], [-48.4164222, -1.3700347], [-48.4163667, -1.3701287], [-48.4163241, -1.3702186], [-48.4162974, -1.3702764], [-48.4162629, -1.3703559], [-48.4162054, -1.3705615], [-48.4161703, -1.3707251], [-48.4161275, -1.3709231]]}}, {"type": "Feature", "properties": {"highway": "secondary"}, "geometry": {"type": "LineString", "coordinates": [[-48.4012272, -1.3663235], [-48.4026819, -1.3663278], [-48.4028657, -1.3663289], [-48.4042733, -1.3663867], [-48.4045058, -1.3663897], [-48.4058486, -1.3663972]]}}, {"type": "Feature", "properties": {"highway": "tertiary"}, "geometry": {"type": "LineString", "coordinates": [[-48.418643, -1.3801634], [-48.4186243, -1.379911], [-48.4186113, -1.3797207], [-48.41861, -1.3795386], [-48.4186093, -1.3794756], [-48.4186069, -1.3793821], [-48.4186049, -1.3790498], [-48.4185905, -1.3789012], [-48.4185629, -1.3784943], [-48.4185581, -1.3784034], [-48.4185404, -1.3780872], [-48.418523, -1.3778715], [-48.4184489, -1.3771493], [-48.4184438, -1.3770992], [-48.418436, -1.3770243], [-48.4184385, -1.3769499], [-48.4184532, -1.3768601], [-48.4184857, -1.3767737], [-48.4185101, -1.3766935], [-48.4185745, -1.3765842], [-48.4186185, -1.376506], [-48.4187177, -1.3763658], [-48.4188084, -1.3762153], [-48.4188457, -1.376116], [-48.4188873, -1.3759931], [-48.4189412, -1.3758037], [-48.418991, -1.3755995], [-48.4190464, -1.37537], [-48.419073, -1.3752623], [-48.4190933, -1.3751804], [-48.4190968, -1.3751661], [-48.4191134, -1.374684], [-48.4191153, -1.3746285]]}}, {"type": "Feature", "properties": {"highway": "tertiary"}, "geometry": {"type": "LineString", "coordinates": [[-48.4102102, -1.3776107], [-48.4103136, -1.377703], [-48.4104917, -1.3778619], [-48.4107391, -1.3780826], [-48.4113263, -1.3786064], [-48.4115551, -1.3788106], [-48.4118942, -1.3791131], [-48.4124552, -1.3795439], [-48.4124988, -1.3795774]]}}, {"type": "Feature", "properties": {"highway": "tertiary"}, "geometry": {"type": "LineString", "coordinates": [[-48.4256166, -1.3833839], [-48.4239939, -1.3827922], [-48.4232258, -1.3825324], [-48.4229662, -1.3824478], [-48.4227459, -1.3823827], [-48.4225349, -1.3823073], [-48.4224437, -1.3822711], [-48.4224149, -1.3822536], [-48.4223968, -1.3822375]]}}, {"type": "Feature", "properties": {"highway": "tertiary"}, "geometry": {"type": "LineString", "coordinates": [[-48.4210909, -1.3694146], [-48.4210701, -1.3694005], [-48.4209584, -1.3693241], [-48.4208176, -1.3692239], [-48.4206245, -1.3690978], [-48.4203972, -1.368947], [-48.4202718, -1.3688746], [-48.4201524, -1.3688056], [-48.420084, -1.3687714], [-48.4200116, -1.3687439], [-48.4199063, -1.3687231], [-48.4197273, -1.3687079], [-48.4195973, -1.3687006], [-48.4194647, -1.3686987], [-48.4192359, -1.3687135], [-48.4191842, -1.3687296], [-48.4190788, -1.3687457], [-48.4186818, -1.3688486], [-48.4169991, -1.3692253]]}}, {"type": "Feature", "properties": {"highway": "secondary"}, "geometry": {"type": "LineString", "coordinates": [[-48.4075365, -1.3721385], [-48.4076475, -1.3723737]]}}, {"type": "Feature", "properties": {"highway": "secondary"}, "geometry": {"type": "LineString", "coordinates": [[-48.4090241, -1.3763519], [-48.4090325, -1.3760075], [-48.4090327, -1.375533], [-48.4090319, -1.3750313], [-48.4090273, -1.3749722], [-48.4089938, -1.3748623], [-48.4089401, -1.3747443], [-48.4088254, -1.3745296], [-48.4085639, -1.3740785], [-48.4083061, -1.3735945], [-48.408254, -1.3735104], [-48.4082227, -1.3734533], [-48.4080509, -1.3731223], [-48.4077773, -1.3726173], [-48.4076475, -1.3723737]]}}, {"type": "Feature", "properties": {"highway": "secondary"}, "geometry": {"type": "LineString", "coordinates": [[-48.3904867, -1.3754969], [-48.3904952, -1.3756288], [-48.3905066, -1.375679], [-48.3905302, -1.3757272]]}}, {"type": "Feature", "properties": {"highway": "secondary"}, "geometry": {"type": "LineString", "coordinates": [[-48.4189361, -1.351175], [-48.4190476, -1.3507666], [-48.4190834, -1.3506198], [-48.4192319, -1.3499968], [-48.4192471, -1.3499312], [-48.4193483, -1.3495309], [-48.4193968, -1.3494054], [-48.4195382, -1.3489535], [-48.4196979, -1.3485825], [-48.4198611, -1.3481687], [-48.4200794, -1.3475838], [-48.4201417, -1.3473881], [-48.4201662, -1.347294], [-48.4201807, -1.3472178], [-48.4201945, -1.3471304], [-48.4202043, -1.3470314], [-48.4202135, -1.3468518], [-48.420212, -1.3467475], [-48.4202193, -1.3460458], [-48.4202195, -1.3460273], [-48.4202168, -1.3459153], [-48.4202175, -1.345747], [-48.4202267, -1.3455197], [-48.4202452, -1.345442], [-48.420245, -1.3454139], [-48.420314, -1.3452731], [-48.4204314, -1.3450814], [-48.420601, -1.3448407], [-48.4212925, -1.3438806], [-48.4214137, -1.3437101], [-48.4214187, -1.3437029], [-48.4214868, -1.343605]]}}, {"type": "Feature", "properties": {"highway": "secondary"}, "geometry": {"type": "LineString", "coordinates": [[-48.413605, -1.3407497], [-48.4136786, -1.340791], [-48.4137136, -1.3408106], [-48.4138023, -1.3408433], [-48.4138967, -1.340877], [-48.4140349, -1.3409139], [-48.4141423, -1.3409365], [-48.4142824, -1.3409466], [-48.414435, -1.3409643], [-48.4147294, -1.340997], [-48.4147455, -1.3409988], [-48.4148306, -1.3410033], [-48.4148505, -1.3410037], [-48.4151293, -1.3410098], [-48.4152514, -1.3410125], [-48.4156815, -1.3409922], [-48.4161072, -1.3409514], [-48.4164959, -1.3409359]]}}, {"type": "Feature", "properties": {"highway": "secondary"}, "geometry": {"type": "LineString", "coordinates": [[-48.405545, -1.3463421], [-48.4061191, -1.345191], [-48.4063501, -1.3446974], [-48.4065605, -1.3442942], [-48.4067248, -1.3439765], [-48.4069251, -1.343575], [-48.4070177, -1.3433873], [-48.4071324, -1.3431593], [-48.4071482, -1.3431277], [-48.4071577, -1.3431087]]}}, {"type": "Feature", "properties": {"highway": "tertiary"}, "geometry": {"type": "LineString", "coordinates": [[-48.396016, -1.3607086], [-48.3967549, -1.3607109], [-48.3980008, -1.3607094], [-48.3989995, -1.3607131], [-48.3990422, -1.3607133], [-48.3990898, -1.3607151], [-48.3991609, -1.3607177], [-48.3994214, -1.360713], [-48.3995766, -1.3607099]]}}, {"type": "Feature", "properties": {"highway": "secondary"}, "geometry": {"type": "LineString", "coordinates": [[-48.4189126, -1.3512575], [-48.4189022, -1.3513042], [-48.4188972, -1.3513299], [-48.4188913, -1.3513534], [-48.4188689, -1.3514528]]}}, {"type": "Feature", "properties": {"highway": "secondary"}, "geometry": {"type": "LineString", "coordinates": [[-48.4187603, -1.3513734], [-48.4188087, -1.3513442], [-48.418854, -1.3513105], [-48.4188814, -1.3512857], [-48.4189126, -1.3512575]]}}, {"type": "Feature", "properties": {"highway": "secondary"}, "geometry": {"type": "LineString", "coordinates": [[-48.4185319, -1.3525588], [-48.4186042, -1.3522454], [-48.4186199, -1.3521775], [-48.4186471, -1.3520049], [-48.4186646, -1.3518454], [-48.4186544, -1.3518239], [-48.418635, -1.3518118], [-48.4184727, -1.3517703], [-48.4183014, -1.3517288]]}}, {"type": "Feature", "properties": {"highway": "secondary"}, "geometry": {"type": "LineString", "coordinates": [[-48.4254996, -1.3445816], [-48.4250501, -1.3444728], [-48.4247005, -1.3443818], [-48.4245313, -1.3443274], [-48.4243505, -1.3442698], [-48.424145, -1.3442061], [-48.4236362, -1.3439951], [-48.4229765, -1.3437624], [-48.4229647, -1.3437582], [-48.4224463, -1.3435428], [-48.4221182, -1.3434021], [-48.421836, -1.3432589], [-48.4217487, -1.3432185]]}}, {"type": "Feature", "properties": {"highway": "tertiary"}, "geometry": {"type": "LineString", "coordinates": [[-48.4086625, -1.3400982], [-48.4083403, -1.3398632], [-48.4080459, -1.3396445], [-48.4073329, -1.3391151], [-48.4070717, -1.3389211]]}}, {"type": "Feature", "properties": {"highway": "tertiary"}, "geometry": {"type": "LineString", "coordinates": [[-48.4064497, -1.3472583], [-48.4061218, -1.3475936], [-48.4059558, -1.3477461], [-48.4059306, -1.3477639], [-48.4059006, -1.3477781], [-48.4058578, -1.3477881], [-48.4058171, -1.347792], [-48.4049785, -1.3477797], [-48.4044219, -1.3477715], [-48.4041255, -1.3477671], [-48.4038171, -1.3477626], [-48.4030046, -1.3477507], [-48.402993, -1.3477505]]}}, {"type": "Feature", "properties": {"highway": "secondary"}, "geometry": {"type": "LineString", "coordinates": [[-48.3925965, -1.3591459], [-48.3925478, -1.3591557], [-48.3925223, -1.3591537], [-48.3924925, -1.3591348], [-48.3922791, -1.3588747], [-48.3919352, -1.3584158], [-48.3917306, -1.3581402], [-48.3915989, -1.3579627], [-48.3915202, -1.357852], [-48.3912831, -1.3575184], [-48.3909473, -1.357046], [-48.3906934, -1.3566368], [-48.3906455, -1.3565641], [-48.3906015, -1.356499], [-48.3905602, -1.3564474], [-48.3902973, -1.3561316], [-48.3900835, -1.355822], [-48.3899473, -1.3556445], [-48.3896741, -1.3552368], [-48.389643, -1.3551919], [-48.3894962, -1.35498], [-48.3892908, -1.3546884], [-48.3888318, -1.35407], [-48.3888061, -1.3540334], [-48.3883069, -1.3533201], [-48.388107, -1.3530468], [-48.3879646, -1.3528555], [-48.3878084, -1.3526369], [-48.3876222, -1.352357], [-48.3875894, -1.3523154], [-48.3874643, -1.3521522], [-48.3872991, -1.351916], [-48.3872655, -1.3518752], [-48.3868004, -1.35122], [-48.3866348, -1.3509823], [-48.3863213, -1.3505165], [-48.3860988, -1.3502531], [-48.3859715, -1.3500838], [-48.3857638, -1.3497639], [-48.3857021, -1.3496761], [-48.3856851, -1.3496558], [-48.385658, -1.3496233], [-48.3856086, -1.3495691]]}}, {"type": "Feature", "properties": {"highway": "secondary"}, "geometry": {"type": "LineString", "coordinates": [[-48.3990575, -1.3545943], [-48.3990492, -1.3541525], [-48.3990532, -1.3537005], [-48.3990596, -1.353467], [-48.3990551, -1.3532511], [-48.3990602, -1.3531144], [-48.3990552, -1.3528111], [-48.3990609, -1.3523364], [-48.3990656, -1.3518861], [-48.3990757, -1.3517086], [-48.3990842, -1.3514326], [-48.3990774, -1.350931]]}}, {"type": "Feature", "properties": {"highway": "primary"}, "geometry": {"type": "LineString", "coordinates": [[-48.3926844, -1.3594944], [-48.3937147, -1.3595017], [-48.3947733, -1.3595219], [-48.3952212, -1.3595517], [-48.3954874, -1.3595513]]}}, {"type": "Feature", "properties": {"highway": "primary"}, "geometry": {"type": "LineString", "coordinates": [[-48.395907, -1.3590957], [-48.394797, -1.3590946], [-48.39372, -1.3590726], [-48.3927342, -1.3590884]]}}, {"type": "Feature", "properties": {"highway": "tertiary"}, "geometry": {"type": "LineString", "coordinates": [[-48.3966377, -1.3430787], [-48.3966374, -1.3431035], [-48.3966363, -1.3431884], [-48.3966306, -1.3436379], [-48.3966307, -1.3440936], [-48.3966191, -1.3445438], [-48.3966136, -1.3449753], [-48.3966076, -1.3454498], [-48.3966166, -1.3458724], [-48.3966133, -1.3463372], [-48.396613, -1.3467557], [-48.396618, -1.3472576], [-48.396617, -1.3476989], [-48.3965954, -1.3481029], [-48.3965877, -1.3486048], [-48.3965779, -1.3490603], [-48.3965735, -1.3495], [-48.3965748, -1.3495611]]}}, {"type": "Feature", "properties": {"highway": "secondary"}, "geometry": {"type": "LineString", "coordinates": [[-48.3990774, -1.350931], [-48.4000006, -1.3509142], [-48.4010445, -1.3509038], [-48.4018544, -1.3509078], [-48.4019743, -1.3509113], [-48.4028613, -1.3509313], [-48.4029431, -1.3509331]]}}, {"type": "Feature", "properties": {"highway": "tertiary"}, "geometry": {"type": "LineString", "coordinates": [[-48.3852676, -1.3485166], [-48.385505, -1.3484443], [-48.3855792, -1.3484217], [-48.385826, -1.3483213], [-48.3859771, -1.348277], [-48.3862501, -1.3482065], [-48.3863291, -1.3481899], [-48.3864107, -1.3481591], [-48.3865488, -1.3480871], [-48.3866765, -1.348002], [-48.3867998, -1.3479093], [-48.3868802, -1.3478433], [-48.387023, -1.3477137], [-48.3871982, -1.3475521], [-48.3874248, -1.3473217], [-48.3875083, -1.3472384], [-48.3876326, -1.3471131], [-48.3877959, -1.3469046], [-48.3878626, -1.3468263], [-48.3879204, -1.3467528], [-48.388143, -1.3464938], [-48.3881976, -1.3464421]]}}, {"type": "Feature", "properties": {"highway": "tertiary"}, "geometry": {"type": "LineString", "coordinates": [[-48.3965748, -1.3495611], [-48.3961748, -1.3495589], [-48.3956837, -1.3495563], [-48.3946945, -1.3495509]]}}, {"type": "Feature", "properties": {"highway": "tertiary"}, "geometry": {"type": "LineString", "coordinates": [[-48.3928799, -1.3410831], [-48.3939052, -1.3414799], [-48.3944236, -1.3416796], [-48.3950798, -1.3419416]]}}, {"type": "Feature", "properties": {"highway": "tertiary"}, "geometry": {"type": "LineString", "coordinates": [[-48.4178522, -1.3282552], [-48.4173916, -1.3270789], [-48.4172676, -1.3267851], [-48.4170552, -1.3262816], [-48.4169136, -1.3259003], [-48.4168372, -1.3256899], [-48.4166639, -1.3252418], [-48.4166053, -1.3251114], [-48.4163642, -1.3244829], [-48.4161707, -1.3239555]]}}, {"type": "Feature", "properties": {"highway": "tertiary"}, "geometry": {"type": "LineString", "coordinates": [[-48.3978907, -1.4003767], [-48.3978885, -1.4007289], [-48.3978768, -1.4013852], [-48.3978659, -1.4018843], [-48.3978523, -1.4025094], [-48.3978164, -1.4027759], [-48.3977772, -1.4033953], [-48.3977398, -1.4040739], [-48.3976995, -1.4049859], [-48.3976215, -1.4061647], [-48.3975957, -1.4066676], [-48.3975302, -1.4076747], [-48.3974448, -1.4092965], [-48.3974157, -1.4100146], [-48.3974448, -1.4104624], [-48.3975083, -1.4107657], [-48.3977514, -1.4115212], [-48.3982083, -1.4129013], [-48.3984866, -1.4139097], [-48.3986271, -1.4146491], [-48.398855, -1.416034], [-48.3990052, -1.4169048], [-48.3990931, -1.417419], [-48.3991601, -1.4177823], [-48.3992641, -1.4183876], [-48.3993988, -1.4192028]]}}, {"type": "Feature", "properties": {"highway": "primary"}, "geometry": {"type": "LineString", "coordinates": [[-48.4058216, -1.3548268], [-48.4058265, -1.3553032], [-48.4058249, -1.3553695], [-48.4058203, -1.355744], [-48.4058061, -1.3561897], [-48.4058091, -1.3562276], [-48.4058065, -1.3566416], [-48.4058106, -1.3570232], [-48.4058113, -1.357096], [-48.4057941, -1.3575473], [-48.405795, -1.3579912], [-48.4058044, -1.3584422], [-48.4057986, -1.3587991], [-48.4057986, -1.3588988], [-48.4057929, -1.3593539], [-48.4057965, -1.35961], [-48.4058144, -1.3597498], [-48.4057995, -1.360168], [-48.4058042, -1.3602731], [-48.4058712, -1.3606433], [-48.4058789, -1.3607031], [-48.4058797, -1.3607263], [-48.4058794, -1.3611467], [-48.4058765, -1.3613927], [-48.4058792, -1.3616232], [-48.4058761, -1.3618722], [-48.4058746, -1.3620671], [-48.4058791, -1.3623109], [-48.4058704, -1.3624928], [-48.4058677, -1.362777], [-48.4058657, -1.3629791], [-48.4058635, -1.3632134], [-48.4058613, -1.3634266]]}}, {"type": "Feature", "properties": {"highway": "tertiary"}, "geometry": {"type": "LineString", "coordinates": [[-48.3844391, -1.3959635], [-48.3841882, -1.3961394], [-48.3840956, -1.3962044], [-48.3837544, -1.3963858], [-48.3833647, -1.3963526], [-48.3828905, -1.3962962], [-48.3828636, -1.3962919], [-48.3827994, -1.3962815], [-48.3819, -1.3961609], [-48.3812722, -1.3960652], [-48.3811856, -1.3960421], [-48.3809088, -1.3957254], [-48.3808557, -1.3956671], [-48.3807678, -1.3956298], [-48.380606, -1.3956099], [-48.3802709, -1.3955714], [-48.3799386, -1.3955436], [-48.3795399, -1.3955027], [-48.379106, -1.3955072]]}}, {"type": "Feature", "properties": {"highway": "tertiary"}, "geometry": {"type": "LineString", "coordinates": [[-48.3751926, -1.3777904], [-48.3752543, -1.3774043], [-48.3753241, -1.3768679], [-48.3753785, -1.3764261], [-48.3754294, -1.3759917], [-48.3754684, -1.3755635], [-48.3755402, -1.3749439], [-48.3756095, -1.3743455], [-48.3756459, -1.3740631], [-48.3756966, -1.3736298], [-48.375716, -1.3734636], [-48.3757925, -1.3727658], [-48.3758225, -1.3725066], [-48.3758825, -1.3719887], [-48.375977, -1.3711729], [-48.3759842, -1.3711104], [-48.3760169, -1.3708278], [-48.3760495, -1.3705248], [-48.3760542, -1.3704812], [-48.3760685, -1.37041], [-48.3760936, -1.3701732], [-48.3760963, -1.3701471], [-48.3761289, -1.3698393], [-48.3761496, -1.3697134], [-48.3761685, -1.3695066], [-48.3762014, -1.3692715], [-48.3762153, -1.3691476], [-48.3762419, -1.3689206], [-48.3762563, -1.368802], [-48.3762811, -1.3685983], [-48.3763074, -1.3682153], [-48.3763105, -1.3681694], [-48.3763805, -1.3678123]]}}, {"type": "Feature", "properties": {"highway": "tertiary"}, "geometry": {"type": "LineString", "coordinates": [[-48.3695629, -1.3714738], [-48.369549, -1.3715371], [-48.36935, -1.3721405], [-48.3693157, -1.3722435], [-48.3692039, -1.3725816], [-48.369096, -1.3729032], [-48.3689368, -1.3733736], [-48.3688772, -1.3735598], [-48.368848, -1.3736437], [-48.3687056, -1.3741041], [-48.3686017, -1.3744398], [-48.3684842, -1.3748196], [-48.3683134, -1.3753579]]}}, {"type": "Feature", "properties": {"highway": "tertiary"}, "geometry": {"type": "LineString", "coordinates": [[-48.3852603, -1.3898233], [-48.3852399, -1.3900323], [-48.3851981, -1.3903557], [-48.3851623, -1.390739], [-48.3851263, -1.3910445], [-48.3851087, -1.3912139], [-48.3848298, -1.3914536], [-48.3845106, -1.3916949], [-48.3843899, -1.3917982], [-48.3843429, -1.3918652], [-48.3843161, -1.3919483], [-48.3842906, -1.3921146], [-48.3842384, -1.3925281], [-48.384241, -1.3926401], [-48.3842861, -1.3927107], [-48.3845156, -1.3930533], [-48.3847681, -1.3933574], [-48.3851422, -1.3938494], [-48.385074, -1.3943444], [-48.3850495, -1.3945195], [-48.3850051, -1.3948208], [-48.3849957, -1.3949072], [-48.3849746, -1.3951017], [-48.3849558, -1.3951955], [-48.3849022, -1.3955655]]}}, {"type": "Feature", "properties": {"highway": "tertiary"}, "geometry": {"type": "LineString", "coordinates": [[-48.388153, -1.3844578], [-48.3880511, -1.3851509], [-48.3879921, -1.3853467], [-48.3879197, -1.3855424], [-48.3878499, -1.3858079], [-48.3878137, -1.3860519], [-48.3877949, -1.3862865], [-48.387807, -1.3864836], [-48.3878325, -1.3866083], [-48.3878675, -1.3866974], [-48.3878553, -1.3868281], [-48.387799, -1.3872156], [-48.3877841, -1.3873924], [-48.3876946, -1.3881137], [-48.3876488, -1.3885161], [-48.3876032, -1.3888097], [-48.3875425, -1.3892563], [-48.387514, -1.3894621]]}}, {"type": "Feature", "properties": {"highway": "tertiary"}, "geometry": {"type": "LineString", "coordinates": [[-48.3943704, -1.3911492], [-48.3942355, -1.3910965], [-48.3942035, -1.391084], [-48.3940002, -1.3910056], [-48.3938406, -1.3909066], [-48.3937843, -1.3907886], [-48.3937747, -1.3906412], [-48.3937889, -1.3904189], [-48.3937848, -1.3903412], [-48.39375, -1.3902916], [-48.3936878, -1.3902429], [-48.3935858, -1.3902056], [-48.393111, -1.3901577], [-48.3929799, -1.390154], [-48.3928766, -1.3901736], [-48.3927672, -1.3902204], [-48.3927142, -1.3902531], [-48.392615, -1.3903322], [-48.3924547, -1.3905473], [-48.3924085, -1.3905759], [-48.3923528, -1.3905929], [-48.3922835, -1.3905839], [-48.3921687, -1.390535], [-48.391833, -1.3903032], [-48.3911584, -1.3898555]]}}, {"type": "Feature", "properties": {"highway": "tertiary"}, "geometry": {"type": "LineString", "coordinates": [[-48.3858208, -1.3889558], [-48.3859657, -1.3889806], [-48.3861025, -1.3890027], [-48.3875425, -1.3892563]]}}, {"type": "Feature", "properties": {"highway": "secondary"}, "geometry": {"type": "LineString", "coordinates": [[-48.3871053, -1.3729195], [-48.387052, -1.3725214], [-48.3870372, -1.3723055], [-48.3870301, -1.3721197], [-48.3870453, -1.3717317], [-48.3870748, -1.3713415], [-48.3871287, -1.3707046]]}}, {"type": "Feature", "properties": {"highway": "tertiary"}, "geometry": {"type": "LineString", "coordinates": [[-48.3777401, -1.3956727], [-48.3789066, -1.3955348], [-48.379106, -1.3955072]]}}, {"type": "Feature", "properties": {"highway": "tertiary"}, "geometry": {"type": "LineString", "coordinates": [[-48.3662614, -1.3819021], [-48.365623, -1.3817411], [-48.3649985, -1.3815705], [-48.3643384, -1.3814981], [-48.3636351, -1.3814246]]}}, {"type": "Feature", "properties": {"highway": "primary"}, "geometry": {"type": "LineString", "coordinates": [[-48.4028261, -1.3546226], [-48.4028229, -1.3545419], [-48.4028274, -1.3541838], [-48.4028297, -1.3540948], [-48.4028332, -1.3537177], [-48.4028334, -1.3536381], [-48.4028419, -1.3532792], [-48.4028461, -1.3531943], [-48.4028518, -1.3528141], [-48.4028522, -1.3527121], [-48.4028534, -1.3523876], [-48.4028529, -1.3522252], [-48.402852, -1.3519351], [-48.4028518, -1.351772], [-48.4028584, -1.351464], [-48.4028535, -1.3513909], [-48.4028613, -1.3509313], [-48.4028714, -1.350463], [-48.4028608, -1.3500083], [-48.4028683, -1.3495337]]}}, {"type": "Feature", "properties": {"highway": "tertiary"}, "geometry": {"type": "LineString", "coordinates": [[-48.5024242, -1.4549709], [-48.5023702, -1.4549775], [-48.5023326, -1.4549755], [-48.5023069, -1.4549696], [-48.5021834, -1.4548954], [-48.501986, -1.4547141], [-48.5013868, -1.4539224], [-48.5007704, -1.4530688], [-48.5003262, -1.4524707], [-48.4998921, -1.4519577], [-48.4997447, -1.4517607], [-48.4995727, -1.4515628], [-48.4994754, -1.4514723], [-48.4994011, -1.4514168], [-48.4989353, -1.451162]]}}, {"type": "Feature", "properties": {"highway": "secondary"}, "geometry": {"type": "LineString", "coordinates": [[-48.3629926, -1.3501601], [-48.362605, -1.3497397], [-48.3622348, -1.3493476], [-48.3617547, -1.3488106], [-48.3615512, -1.3485924], [-48.3613886, -1.3484218], [-48.3604713, -1.3473957], [-48.3602886, -1.347185], [-48.3598374, -1.3467502], [-48.3596569, -1.3465811], [-48.3595522, -1.3464951], [-48.3594051, -1.34634], [-48.3592451, -1.3461914], [-48.3589718, -1.3460027], [-48.3587927, -1.3458683]]}}, {"type": "Feature", "properties": {"highway": "primary"}, "geometry": {"type": "LineString", "coordinates": [[-48.3673182, -1.3605421], [-48.3673015, -1.3606328], [-48.3672883, -1.3607827], [-48.3672747, -1.3608636], [-48.3671024, -1.3617446], [-48.3670791, -1.3618949], [-48.3668013, -1.3637205]]}}, {"type": "Feature", "properties": {"highway": "secondary"}, "geometry": {"type": "LineString", "coordinates": [[-48.379324, -1.347107], [-48.3793777, -1.346987], [-48.379748, -1.346266], [-48.3798791, -1.3460337], [-48.3800727, -1.3456823], [-48.3801945, -1.3454517], [-48.3802834, -1.3452846], [-48.3803754, -1.3451084], [-48.3803932, -1.3450742], [-48.3804887, -1.3449163], [-48.3807699, -1.3445926], [-48.3809566, -1.3443964], [-48.3811286, -1.3442157], [-48.381384, -1.3439665], [-48.3814483, -1.3438846], [-48.3815398, -1.3437675]]}}, {"type": "Feature", "properties": {"highway": "tertiary"}, "geometry": {"type": "LineString", "coordinates": [[-48.3612196, -1.3379627], [-48.3622063, -1.3386487], [-48.3626422, -1.339043], [-48.3633503, -1.3397061], [-48.3640959, -1.3405029], [-48.3645976, -1.3410438], [-48.3651164, -1.3415856], [-48.365831, -1.3423553], [-48.3661764, -1.3427234], [-48.3665451, -1.3430998], [-48.366576, -1.3431313], [-48.3672092, -1.3438408], [-48.3675511, -1.344204], [-48.3679513, -1.3446675]]}}, {"type": "Feature", "properties": {"highway": "tertiary"}, "geometry": {"type": "LineString", "coordinates": [[-48.3927641, -1.3524318], [-48.3927539, -1.3524324], [-48.3927019, -1.3524358], [-48.3926745, -1.3524375], [-48.3911812, -1.3524235], [-48.3895994, -1.3524068], [-48.3882362, -1.3523719], [-48.3877665, -1.3523599], [-48.3877105, -1.3523588], [-48.3876849, -1.3523583], [-48.3876222, -1.352357]]}}, {"type": "Feature", "properties": {"highway": "tertiary"}, "geometry": {"type": "LineString", "coordinates": [[-48.3660832, -1.355669], [-48.3666726, -1.3563355], [-48.3666927, -1.3563563]]}}, {"type": "Feature", "properties": {"highway": "tertiary"}, "geometry": {"type": "LineString", "coordinates": [[-48.3631716, -1.3517877], [-48.3628276, -1.3521166]]}}, {"type": "Feature", "properties": {"highway": "secondary"}, "geometry": {"type": "LineString", "coordinates": [[-48.3752577, -1.3578469], [-48.3752066, -1.3578376], [-48.3750981, -1.3578178], [-48.3741336, -1.3576954], [-48.3737391, -1.3576499], [-48.3737137, -1.357647], [-48.3734683, -1.3576187], [-48.3732233, -1.3575905], [-48.3726307, -1.3574983], [-48.3724133, -1.3574667], [-48.3723278, -1.3574545]]}}, {"type": "Feature", "properties": {"highway": "tertiary"}, "geometry": {"type": "LineString", "coordinates": [[-48.3664543, -1.3546782], [-48.3657663, -1.355295], [-48.3650659, -1.3559701]]}}, {"type": "Feature", "properties": {"highway": "tertiary"}, "geometry": {"type": "LineString", "coordinates": [[-48.3708273, -1.3422678], [-48.3702547, -1.3426378], [-48.3701685, -1.3427029], [-48.3697557, -1.3430066], [-48.3692542, -1.3434799], [-48.3689457, -1.3437748], [-48.3683597, -1.3443084], [-48.3679513, -1.3446675], [-48.3676181, -1.3449788], [-48.3671486, -1.3453623], [-48.3669032, -1.3455754], [-48.3668093, -1.3456787], [-48.3666712, -1.3457927], [-48.3665948, -1.3458677], [-48.3665371, -1.3459321], [-48.3664848, -1.3459964], [-48.3664446, -1.3460581], [-48.3663944, -1.3461473], [-48.366344, -1.346227], [-48.3662911, -1.3462868], [-48.3657205, -1.3467937], [-48.3654004, -1.3470901], [-48.3651657, -1.3472952], [-48.3645107, -1.347911], [-48.3636027, -1.3487702], [-48.3630669, -1.3492908], [-48.362605, -1.3497397]]}}, {"type": "Feature", "properties": {"highway": "tertiary"}, "geometry": {"type": "LineString", "coordinates": [[-48.3716688, -1.3437728], [-48.3716292, -1.3437139], [-48.371467, -1.3434001], [-48.3713194, -1.3431589]]}}, {"type": "Feature", "properties": {"highway": "tertiary"}, "geometry": {"type": "LineString", "coordinates": [[-48.3726045, -1.3285693], [-48.3726719, -1.3289749], [-48.372756, -1.3293895], [-48.3728088, -1.3297346], [-48.3728597, -1.3300968], [-48.3728641, -1.330183], [-48.3729194, -1.3304868], [-48.3729409, -1.3305846], [-48.3729798, -1.3306825], [-48.3731514, -1.3310204], [-48.373311, -1.3313837], [-48.3734854, -1.3317538], [-48.3736557, -1.3321158], [-48.373834, -1.332518], [-48.3739296, -1.3327154], [-48.3740258, -1.3329135], [-48.374295, -1.3334952], [-48.3743747, -1.3336668], [-48.3744603, -1.3338601], [-48.3745274, -1.3340089], [-48.3746253, -1.334218], [-48.3746642, -1.3343494], [-48.3746838, -1.3345127], [-48.3747132, -1.3347582], [-48.3747447, -1.3354167], [-48.3747447, -1.3354944], [-48.3747152, -1.3357304], [-48.3747071, -1.3359677], [-48.3747138, -1.3360428], [-48.374742, -1.3361514], [-48.3748962, -1.3365871]]}}, {"type": "Feature", "properties": {"highway": "tertiary"}, "geometry": {"type": "LineString", "coordinates": [[-48.3779004, -1.33404], [-48.3775018, -1.3342394], [-48.3771909, -1.3343447], [-48.3770549, -1.3343846], [-48.3768132, -1.334426], [-48.3766362, -1.3344574], [-48.375583, -1.3346157], [-48.3754682, -1.3346362], [-48.3747132, -1.3347582], [-48.3740325, -1.3349997], [-48.3736235, -1.3351431], [-48.3724433, -1.3355413], [-48.3724031, -1.3355534]]}}, {"type": "Feature", "properties": {"highway": "primary"}, "geometry": {"type": "LineString", "coordinates": [[-48.3653734, -1.365072], [-48.3653844, -1.3649905], [-48.36542, -1.3648796], [-48.3654743, -1.3647673], [-48.3655728, -1.3646466], [-48.3657311, -1.364473], [-48.3659571, -1.3642706], [-48.3662353, -1.3640018], [-48.3662766, -1.3639514], [-48.3663426, -1.3638709], [-48.3664151, -1.363782]]}}, {"type": "Feature", "properties": {"highway": "secondary"}, "geometry": {"type": "LineString", "coordinates": [[-48.4545476, -1.4725472], [-48.4549215, -1.4724334]]}}, {"type": "Feature", "properties": {"highway": "secondary"}, "geometry": {"type": "LineString", "coordinates": [[-48.4545877, -1.4726411], [-48.4541607, -1.4727663], [-48.4539288, -1.472785]]}}, {"type": "Feature", "properties": {"highway": "secondary"}, "geometry": {"type": "LineString", "coordinates": [[-48.4549578, -1.4725284], [-48.4545877, -1.4726411]]}}, {"type": "Feature", "properties": {"highway": "primary"}, "geometry": {"type": "LineString", "coordinates": [[-48.4497948, -1.4237437], [-48.4497027, -1.423774], [-48.4496224, -1.4237816], [-48.4495671, -1.4237707], [-48.4495315, -1.4237384], [-48.4495003, -1.4237088], [-48.4494901, -1.4236514]]}}, {"type": "Feature", "properties": {"highway": "trunk"}, "geometry": {"type": "LineString", "coordinates": [[-48.4500221, -1.4235884], [-48.4497881, -1.4232327]]}}, {"type": "Feature", "properties": {"highway": "secondary"}, "geometry": {"type": "LineString", "coordinates": [[-48.2669359, -1.3642853], [-48.2661501, -1.3643242]]}}, {"type": "Feature", "properties": {"highway": "trunk"}, "geometry": {"type": "LineString", "coordinates": [[-48.4497881, -1.4232327], [-48.4496483, -1.423024], [-48.4495959, -1.4229429], [-48.4495396, -1.4228567], [-48.4493632, -1.4225874], [-48.4476484, -1.4199753], [-48.4474406, -1.4196659], [-48.4472193, -1.4193304], [-48.447146, -1.4192173], [-48.4469918, -1.4189917], [-48.4467906, -1.4186886], [-48.4464633, -1.4182094], [-48.4463864, -1.4180966], [-48.4463704, -1.4180748], [-48.4457453, -1.4170813], [-48.4454089, -1.4165591], [-48.4453519, -1.4164735], [-48.4451498, -1.4161674], [-48.4446052, -1.4153613], [-48.4442699, -1.4148637], [-48.4440369, -1.4145442]]}}, {"type": "Feature", "properties": {"highway": "secondary"}, "geometry": {"type": "LineString", "coordinates": [[-48.2902074, -1.3170698], [-48.2903579, -1.3168854]]}}, {"type": "Feature", "properties": {"highway": "secondary"}, "geometry": {"type": "LineString", "coordinates": [[-48.2903579, -1.3168854], [-48.2904932, -1.3167001], [-48.2905852, -1.3165518], [-48.29063, -1.3164099], [-48.2915178, -1.3138877], [-48.2916236, -1.313662], [-48.2917167, -1.3134597], [-48.2918185, -1.3133081], [-48.2919599, -1.3131177], [-48.2920835, -1.3130015], [-48.2923356, -1.3128231], [-48.2926301, -1.3126669], [-48.2929622, -1.3124812], [-48.2934384, -1.3122797], [-48.2937564, -1.3120933], [-48.2940957, -1.3119566], [-48.2950801, -1.3115252], [-48.2952967, -1.3113885], [-48.295536, -1.3113164], [-48.2963627, -1.3109468], [-48.2964258, -1.3109028], [-48.2965929, -1.3108452], [-48.2968205, -1.3107832], [-48.2970975, -1.3107615], [-48.2973763, -1.3107363], [-48.297585, -1.3107449], [-48.2978039, -1.3108093], [-48.2980431, -1.3108207], [-48.2982429, -1.310857], [-48.2984603, -1.3108976], [-48.2989495, -1.3109406], [-48.2995452, -1.3110443], [-48.3001885, -1.311155], [-48.3014503, -1.3113805], [-48.3027403, -1.3116066], [-48.3033741, -1.3117155], [-48.3039846, -1.3117757]]}}, {"type": "Feature", "properties": {"highway": "secondary"}, "geometry": {"type": "LineString", "coordinates": [[-48.2873928, -1.3640754], [-48.2874017, -1.3637928], [-48.2873724, -1.3628378], [-48.2873582, -1.3620919], [-48.2873366, -1.3617616], [-48.2873498, -1.3614807], [-48.287366, -1.3612019], [-48.2874616, -1.3609013], [-48.2875595, -1.360668], [-48.2877109, -1.3603679], [-48.2879135, -1.3599856], [-48.289056, -1.3579307], [-48.289085, -1.3578785], [-48.2901662, -1.3559339], [-48.2904096, -1.3554961], [-48.290892, -1.354659], [-48.2911793, -1.3541497], [-48.2914093, -1.3535833], [-48.2914892, -1.3533166], [-48.2915468, -1.3530288], [-48.2916454, -1.3524871], [-48.2916749, -1.3517281], [-48.2916769, -1.351364], [-48.2916678, -1.3508989], [-48.291654, -1.350406], [-48.2916502, -1.3501755], [-48.2916536, -1.349196], [-48.2916611, -1.3487563], [-48.2916267, -1.3477895], [-48.2916351, -1.3467553], [-48.2916225, -1.3461718], [-48.2916009, -1.3455159], [-48.2915989, -1.3450016], [-48.291544, -1.3444818], [-48.2914987, -1.3442179], [-48.291414, -1.3438811], [-48.2912971, -1.3435442], [-48.2912676, -1.3434664], [-48.2911442, -1.3431581], [-48.2906829, -1.3419447], [-48.2906306, -1.3418069], [-48.2905689, -1.3416444], [-48.2899734, -1.3400784], [-48.2897535, -1.3394925], [-48.2895719, -1.3390497], [-48.2894571, -1.3387055], [-48.2889548, -1.3374906], [-48.2888601, -1.3372617], [-48.2884502, -1.3362964], [-48.2883663, -1.3361417], [-48.2883342, -1.3360326], [-48.2878241, -1.3348064], [-48.2873727, -1.3338341], [-48.2872825, -1.3335175], [-48.2867677, -1.3323006], [-48.2857857, -1.329918], [-48.2856108, -1.329559], [-48.285402, -1.3290423], [-48.2850489, -1.328237], [-48.2848638, -1.3276363], [-48.2847843, -1.3271549], [-48.2847967, -1.3269834], [-48.2847965, -1.3266198], [-48.2848118, -1.3264594], [-48.2848484, -1.3262896], [-48.2849483, -1.3259861], [-48.2851201, -1.325604], [-48.2858746, -1.3238924], [-48.2867222, -1.3219768], [-48.2867755, -1.3218504], [-48.2869225, -1.321502], [-48.2870328, -1.3212902], [-48.2871113, -1.3211466], [-48.2872021, -1.3209937], [-48.2873692, -1.3207344], [-48.2876485, -1.3203394], [-48.2880268, -1.3198409], [-48.2896554, -1.3178265], [-48.2902074, -1.3170698]]}}, {"type": "Feature", "properties": {"highway": "secondary"}, "geometry": {"type": "LineString", "coordinates": [[-48.4890481, -1.4452231], [-48.489001, -1.4452838], [-48.4885674, -1.4458472], [-48.4885213, -1.4459093]]}}, {"type": "Feature", "properties": {"highway": "secondary"}, "geometry": {"type": "LineString", "coordinates": [[-48.4879551, -1.4462585], [-48.4881351, -1.4459948], [-48.4882086, -1.4458916], [-48.4882417, -1.4458458], [-48.488312, -1.4457486], [-48.4888186, -1.4450544], [-48.4889177, -1.4449241], [-48.4889384, -1.4448969], [-48.4890511, -1.4447486], [-48.489252, -1.4444954], [-48.4892749, -1.4444665], [-48.4893472, -1.4443772]]}}, {"type": "Feature", "properties": {"highway": "secondary"}, "geometry": {"type": "LineString", "coordinates": [[-48.4030059, -1.345122], [-48.4029928, -1.3456348]]}}, {"type": "Feature", "properties": {"highway": "secondary"}, "geometry": {"type": "LineString", "coordinates": [[-48.377463, -1.3471545], [-48.3770777, -1.3471662], [-48.3767992, -1.3471883], [-48.3766389, -1.3472158], [-48.3764941, -1.347254], [-48.3763359, -1.3473318], [-48.3762185, -1.3474049], [-48.3761276, -1.3474755], [-48.3760623, -1.3475438], [-48.3757502, -1.3478745], [-48.3752387, -1.3483996]]}}, {"type": "Feature", "properties": {"highway": "secondary"}, "geometry": {"type": "LineString", "coordinates": [[-48.3754462, -1.3527038], [-48.3754659, -1.3531518], [-48.3754718, -1.3533918], [-48.3754977, -1.3537492], [-48.3755004, -1.3538082], [-48.3755681, -1.3553319], [-48.3755739, -1.3555852], [-48.3755828, -1.3559741], [-48.3755681, -1.3562141], [-48.3755493, -1.3563898], [-48.375501, -1.3567102], [-48.3754161, -1.3571385], [-48.3753788, -1.3573261], [-48.375299, -1.3577286], [-48.3752577, -1.3578469]]}}, {"type": "Feature", "properties": {"highway": "primary"}, "geometry": {"type": "LineString", "coordinates": [[-48.3928317, -1.3414934], [-48.3927619, -1.3414653], [-48.3927165, -1.3414471]]}}, {"type": "Feature", "properties": {"highway": "secondary"}, "geometry": {"type": "LineString", "coordinates": [[-48.3853296, -1.3487428], [-48.3852908, -1.3486444], [-48.3852676, -1.3485166], [-48.3851802, -1.3483985], [-48.3851074, -1.3483346], [-48.3848936, -1.3481608], [-48.3846941, -1.347999], [-48.3845349, -1.3478692], [-48.3844381, -1.3478072], [-48.3843346, -1.3477403]]}}, {"type": "Feature", "properties": {"highway": "secondary"}, "geometry": {"type": "LineString", "coordinates": [[-48.3777605, -1.3471404], [-48.377463, -1.3471545]]}}, {"type": "Feature", "properties": {"highway": "primary"}, "geometry": {"type": "LineString", "coordinates": [[-48.4225354, -1.3541504], [-48.4226041, -1.3542056], [-48.4227153, -1.3542888]]}}, {"type": "Feature", "properties": {"highway": "primary"}, "geometry": {"type": "LineString", "coordinates": [[-48.4225912, -1.3544363], [-48.422482, -1.3543574], [-48.4223795, -1.354285]]}}, {"type": "Feature", "properties": {"highway": "primary"}, "geometry": {"type": "LineString", "coordinates": [[-48.4227153, -1.3542888], [-48.4241335, -1.3553158], [-48.4243883, -1.3555223], [-48.4245855, -1.3556982], [-48.4246445, -1.3557529], [-48.4246773, -1.3557852], [-48.4247338, -1.3558409], [-48.4248656, -1.3559706], [-48.4255309, -1.3566257], [-48.4264831, -1.3575696], [-48.4272442, -1.3583305], [-48.4273066, -1.3583968], [-48.427393, -1.3584864], [-48.4274265, -1.358521]]}}, {"type": "Feature", "properties": {"highway": "primary"}, "geometry": {"type": "LineString", "coordinates": [[-48.4223795, -1.354285], [-48.4221453, -1.3541132], [-48.4216357, -1.3537394], [-48.420165, -1.3526607], [-48.4192874, -1.352017], [-48.419154, -1.3519191], [-48.4189857, -1.351785], [-48.4188176, -1.3516731]]}}, {"type": "Feature", "properties": {"highway": "primary"}, "geometry": {"type": "LineString", "coordinates": [[-48.3880645, -1.333305], [-48.3880836, -1.3333392], [-48.3881395, -1.3334396], [-48.3882929, -1.3337644], [-48.3885067, -1.334225], [-48.3892427, -1.3358533]]}}, {"type": "Feature", "properties": {"highway": "primary"}, "geometry": {"type": "LineString", "coordinates": [[-48.4704186, -1.4002792], [-48.4711084, -1.4008935], [-48.4712961, -1.4010732], [-48.4713739, -1.4011724], [-48.4714249, -1.4012662], [-48.4714624, -1.401411], [-48.4714624, -1.4015236], [-48.471441, -1.4016054], [-48.4713981, -1.4017019], [-48.4713162, -1.4017945], [-48.4710695, -1.4020505], [-48.4707691, -1.4023777], [-48.470661, -1.4024962]]}}, {"type": "Feature", "properties": {"highway": "tertiary"}, "geometry": {"type": "LineString", "coordinates": [[-48.4661492, -1.3884837], [-48.4660278, -1.3884461], [-48.4658744, -1.3883838]]}}, {"type": "Feature", "properties": {"highway": "primary"}, "geometry": {"type": "LineString", "coordinates": [[-48.4444052, -1.3751257], [-48.4438203, -1.3742785], [-48.443709, -1.3741047]]}}, {"type": "Feature", "properties": {"highway": "primary"}, "geometry": {"type": "LineString", "coordinates": [[-48.4579183, -1.3818574], [-48.4578928, -1.3818356], [-48.457698, -1.3816651], [-48.4576484, -1.3816197], [-48.4576306, -1.381604], [-48.4574139, -1.3814203], [-48.4573005, -1.3813418], [-48.4572407, -1.381311], [-48.4572072, -1.3812957], [-48.4571518, -1.3812723], [-48.4570363, -1.3812301], [-48.4568658, -1.3811832], [-48.4563335, -1.3810497], [-48.4556569, -1.3808925], [-48.4556377, -1.380888], [-48.4555991, -1.3808797], [-48.4554887, -1.380853], [-48.4554582, -1.3808458]]}}, {"type": "Feature", "properties": {"highway": "primary"}, "geometry": {"type": "LineString", "coordinates": [[-48.4430925, -1.372795], [-48.443145, -1.3728758], [-48.4431933, -1.3729484]]}}, {"type": "Feature", "properties": {"highway": "tertiary"}, "geometry": {"type": "LineString", "coordinates": [[-48.4609987, -1.3872729], [-48.46109, -1.3873696], [-48.4613012, -1.3876064], [-48.4613927, -1.387705], [-48.4615164, -1.3878035], [-48.4616472, -1.3878902], [-48.4618178, -1.3879944], [-48.4620248, -1.3880532], [-48.4621971, -1.3880834], [-48.4623574, -1.388105], [-48.4626939, -1.3881187], [-48.4634181, -1.3881204], [-48.4640944, -1.3881249]]}}, {"type": "Feature", "properties": {"highway": "primary"}, "geometry": {"type": "LineString", "coordinates": [[-48.4612661, -1.3877245], [-48.4615144, -1.3880315], [-48.46176, -1.3882906], [-48.4620757, -1.3885832], [-48.4624339, -1.3888533], [-48.4628381, -1.3891188], [-48.4631736, -1.389349], [-48.4635556, -1.3896891], [-48.4638845, -1.3900698], [-48.4641708, -1.3905447], [-48.4643351, -1.3909311]]}}, {"type": "Feature", "properties": {"highway": "primary"}, "geometry": {"type": "LineString", "coordinates": [[-48.4595413, -1.3845404], [-48.4593978, -1.3842049], [-48.4588912, -1.3830497], [-48.4588449, -1.3829544], [-48.4587849, -1.3828371], [-48.4587034, -1.3826957]]}}, {"type": "Feature", "properties": {"highway": "primary"}, "geometry": {"type": "LineString", "coordinates": [[-48.4710617, -1.4009766], [-48.4707852, -1.4007414], [-48.470059, -1.4001019], [-48.4693717, -1.3995077], [-48.4686744, -1.3988798], [-48.4680431, -1.398209], [-48.4674647, -1.39752], [-48.467128, -1.3970805], [-48.4668043, -1.3966138], [-48.4664757, -1.3961089], [-48.4661907, -1.3956071], [-48.4658547, -1.3949219], [-48.4656358, -1.3944022], [-48.4654643, -1.3939656], [-48.4642003, -1.390993], [-48.4640082, -1.3906568], [-48.4638117, -1.3903776], [-48.4634536, -1.3899353], [-48.4633139, -1.3898025], [-48.4631542, -1.3896753], [-48.4629766, -1.3895585], [-48.4627811, -1.3894467], [-48.4623833, -1.3892064], [-48.4619496, -1.3889036], [-48.4617132, -1.3886859], [-48.4615235, -1.3884915], [-48.4613539, -1.3882862]]}}, {"type": "Feature", "properties": {"highway": "primary"}, "geometry": {"type": "LineString", "coordinates": [[-48.4712492, -1.4017207], [-48.4713013, -1.4015942], [-48.471309, -1.4015793], [-48.4713227, -1.401495], [-48.4713205, -1.4013795], [-48.4712915, -1.4012686], [-48.4712537, -1.401176], [-48.471177, -1.4010834], [-48.4710617, -1.4009766]]}}, {"type": "Feature", "properties": {"highway": "secondary"}, "geometry": {"type": "LineString", "coordinates": [[-48.4773447, -1.3957465], [-48.4772368, -1.3958229], [-48.4771282, -1.3959187], [-48.4769154, -1.3961434], [-48.4765896, -1.3964735], [-48.4764272, -1.3966381], [-48.4760125, -1.3970737], [-48.4758037, -1.3972762], [-48.4751279, -1.3979875], [-48.4751018, -1.3980128], [-48.4750848, -1.3980296], [-48.4750679, -1.3980464], [-48.475051, -1.3980629], [-48.4750286, -1.3980849], [-48.4744638, -1.3986317], [-48.474327, -1.3987685], [-48.4737799, -1.3993477], [-48.4737624, -1.3993658], [-48.4736464, -1.3994811], [-48.4733856, -1.3997506], [-48.4729772, -1.4001675], [-48.4729209, -1.4002211], [-48.4728739, -1.4002719]]}}, {"type": "Feature", "properties": {"highway": "primary"}, "geometry": {"type": "LineString", "coordinates": [[-48.4609987, -1.3872729], [-48.4610539, -1.3873817], [-48.4612661, -1.3877245]]}}, {"type": "Feature", "properties": {"highway": "tertiary"}, "geometry": {"type": "LineString", "coordinates": [[-48.3327708, -1.3615757], [-48.3326634, -1.3615891], [-48.3318884, -1.3615194], [-48.3311521, -1.3614524], [-48.3309609, -1.3614202]]}}, {"type": "Feature", "properties": {"highway": "tertiary"}, "geometry": {"type": "LineString", "coordinates": [[-48.3309246, -1.3613906], [-48.3300459, -1.3613125], [-48.329733, -1.3612991], [-48.3290005, -1.3612515], [-48.3278014, -1.3611405], [-48.3276911, -1.3611286], [-48.3260924, -1.3610286], [-48.3256619, -1.3610065], [-48.3253677, -1.3609874], [-48.3248262, -1.360963], [-48.3242256, -1.3609279], [-48.3238534, -1.3609027], [-48.3237435, -1.3608986], [-48.3228323, -1.3608626], [-48.3218949, -1.3608143], [-48.3211797, -1.3607767], [-48.3208373, -1.3607517], [-48.3192886, -1.3606385], [-48.3183412, -1.3606198], [-48.3182721, -1.3606271], [-48.3181527, -1.3606692]]}}, {"type": "Feature", "properties": {"highway": "tertiary"}, "geometry": {"type": "LineString", "coordinates": [[-48.3309831, -1.3613712], [-48.3312553, -1.3613947], [-48.3319015, -1.3614539], [-48.3322947, -1.3614899], [-48.3325388, -1.361518], [-48.3326902, -1.3615535], [-48.3327708, -1.3615757]]}}, {"type": "Feature", "properties": {"highway": "tertiary"}, "geometry": {"type": "LineString", "coordinates": [[-48.3468979, -1.3623748], [-48.3466847, -1.362356], [-48.3465043, -1.362347], [-48.3459183, -1.3623118], [-48.3454449, -1.3622997], [-48.3450593, -1.3622823], [-48.3448883, -1.3622722], [-48.3444578, -1.3622529], [-48.3431254, -1.3621924], [-48.3413348, -1.3620854], [-48.3405894, -1.3620409], [-48.3398773, -1.3619929], [-48.3395514, -1.3619819], [-48.3388675, -1.3619484], [-48.3387279, -1.3619423]]}}, {"type": "Feature", "properties": {"highway": "tertiary"}, "geometry": {"type": "LineString", "coordinates": [[-48.3383779, -1.3650052], [-48.3383846, -1.3650844], [-48.3384155, -1.365189], [-48.3384382, -1.3652345]]}}, {"type": "Feature", "properties": {"highway": "tertiary"}, "geometry": {"type": "LineString", "coordinates": [[-48.3432797, -1.358246], [-48.3432102, -1.3583507], [-48.3431476, -1.3584537], [-48.3428128, -1.3589413], [-48.3425026, -1.3593932], [-48.3423851, -1.3595568], [-48.3421089, -1.3599279], [-48.3418632, -1.3602837], [-48.3416502, -1.3605728], [-48.3409823, -1.3615006], [-48.3405894, -1.3620409], [-48.3403668, -1.3623158], [-48.3383779, -1.3650052]]}}, {"type": "Feature", "properties": {"highway": "tertiary"}, "geometry": {"type": "LineString", "coordinates": [[-48.313184, -1.3908245], [-48.3133354, -1.3914645], [-48.313432, -1.3919845], [-48.3134863, -1.3923167], [-48.3135325, -1.3925256], [-48.3135517, -1.3926239], [-48.3135789, -1.3927417], [-48.3137137, -1.392746], [-48.3139846, -1.3927527], [-48.3143386, -1.3927822], [-48.3146247, -1.3928021], [-48.3149716, -1.3928439], [-48.3152756, -1.3928775], [-48.3154812, -1.3929002], [-48.315674, -1.3929168], [-48.3161035, -1.3929538], [-48.3162933, -1.392973], [-48.3167272, -1.3930195], [-48.317329, -1.3930742], [-48.3179452, -1.3931067], [-48.3185524, -1.3931442], [-48.3186868, -1.3931567], [-48.3189795, -1.393177], [-48.3194285, -1.3932032], [-48.320159, -1.3932547], [-48.3204138, -1.3932649], [-48.3206847, -1.3932676], [-48.3208832, -1.3932729], [-48.3211595, -1.3932944], [-48.3214036, -1.3933239], [-48.3217442, -1.3933748], [-48.3219722, -1.3934043], [-48.3220822, -1.3934258], [-48.3221975, -1.3934633], [-48.322357, -1.3935626]]}}, {"type": "Feature", "properties": {"highway": "tertiary"}, "geometry": {"type": "LineString", "coordinates": [[-48.3308753, -1.3662945], [-48.3307314, -1.3673707], [-48.3306031, -1.3682483], [-48.3305857, -1.3683687], [-48.3305656, -1.3685082], [-48.3305025, -1.3689452], [-48.3303155, -1.3702411]]}}, {"type": "Feature", "properties": {"highway": "tertiary"}, "geometry": {"type": "LineString", "coordinates": [[-48.3257861, -1.3730736], [-48.3253873, -1.373624], [-48.3251152, -1.3740067], [-48.324284, -1.375176], [-48.3235406, -1.3762603], [-48.3229876, -1.3770362], [-48.3225374, -1.3776684], [-48.3223801, -1.3778923], [-48.3210666, -1.3797616], [-48.3208996, -1.379986], [-48.3204912, -1.3805571], [-48.3204003, -1.3806771]]}}, {"type": "Feature", "properties": {"highway": "tertiary"}, "geometry": {"type": "LineString", "coordinates": [[-48.3487353, -1.3885617], [-48.3479934, -1.3884647], [-48.3473573, -1.3883618], [-48.3454169, -1.388048], [-48.3434319, -1.3877335], [-48.343021, -1.387682], [-48.3428279, -1.3876582], [-48.342643, -1.3876346], [-48.3424018, -1.3876163], [-48.3422478, -1.3876014], [-48.3419008, -1.3875744], [-48.3416577, -1.3875565], [-48.341382, -1.387536], [-48.3411657, -1.3875036]]}}, {"type": "Feature", "properties": {"highway": "tertiary"}, "geometry": {"type": "LineString", "coordinates": [[-48.3507738, -1.365497], [-48.3507375, -1.3655349], [-48.3506356, -1.365567], [-48.3504814, -1.3655724], [-48.350315, -1.3655687], [-48.3498163, -1.3655572], [-48.349685, -1.3656097], [-48.3492797, -1.3656301], [-48.3483638, -1.3656274], [-48.346568, -1.3656206], [-48.3459619, -1.365622], [-48.3444634, -1.3656185], [-48.3436793, -1.3656166], [-48.3432083, -1.3656191], [-48.3430879, -1.3656197], [-48.3426028, -1.3656222], [-48.3403704, -1.3656321]]}}, {"type": "Feature", "properties": {"highway": "tertiary"}, "geometry": {"type": "LineString", "coordinates": [[-48.3404151, -1.3702301], [-48.3403759, -1.3716974], [-48.3403118, -1.372368], [-48.3403051, -1.3725522], [-48.3402166, -1.3736462]]}}, {"type": "Feature", "properties": {"highway": "tertiary"}, "geometry": {"type": "LineString", "coordinates": [[-48.3108934, -1.3652044], [-48.3108182, -1.3653419], [-48.3104113, -1.3660865], [-48.3101042, -1.3666483], [-48.3097986, -1.3672075], [-48.3095007, -1.3677526]]}}, {"type": "Feature", "properties": {"highway": "tertiary"}, "geometry": {"type": "LineString", "coordinates": [[-48.2538743, -1.3492516], [-48.2537884, -1.3492893], [-48.2537482, -1.3493181], [-48.253722, -1.3493623], [-48.2537073, -1.349414], [-48.2536668, -1.3496606], [-48.2535851, -1.3503814], [-48.2535041, -1.3513702], [-48.2535034, -1.3514719], [-48.2534753, -1.3518232], [-48.2534466, -1.3522573], [-48.253409, -1.3526993], [-48.2533536, -1.3534839], [-48.253295, -1.354159], [-48.2532383, -1.3548265], [-48.2531914, -1.3555018], [-48.2531507, -1.3560912], [-48.2531131, -1.3566833], [-48.2530506, -1.3575374], [-48.2530247, -1.3579556], [-48.2529938, -1.3583003]]}}, {"type": "Feature", "properties": {"highway": "trunk"}, "geometry": {"type": "LineString", "coordinates": [[-48.2994018, -1.4626096], [-48.2993663, -1.4705414], [-48.2993534, -1.4734067], [-48.2993625, -1.4804508]]}}, {"type": "Feature", "properties": {"highway": "primary"}, "geometry": {"type": "LineString", "coordinates": [[-48.45264, -1.3485532], [-48.4527279, -1.3487247], [-48.4527907, -1.348833], [-48.4528625, -1.3489475], [-48.452932, -1.3490531], [-48.4530303, -1.3491664]]}}, {"type": "Feature", "properties": {"highway": "primary"}, "geometry": {"type": "LineString", "coordinates": [[-48.4521934, -1.3482576], [-48.45198, -1.3479808]]}}, {"type": "Feature", "properties": {"highway": "tertiary"}, "geometry": {"type": "LineString", "coordinates": [[-48.4666925, -1.4316589], [-48.4669912, -1.4321156], [-48.4672799, -1.432467], [-48.4675782, -1.4328523], [-48.4681627, -1.4335604], [-48.4685013, -1.4339416], [-48.4685463, -1.4339889], [-48.469473, -1.4351375], [-48.4704341, -1.4362875]]}}, {"type": "Feature", "properties": {"highway": "tertiary"}, "geometry": {"type": "LineString", "coordinates": [[-48.4712134, -1.4268849], [-48.4706959, -1.4272306], [-48.4704322, -1.4274068], [-48.4700201, -1.4276783], [-48.4699525, -1.4277272], [-48.4697594, -1.4278604], [-48.4696157, -1.427954], [-48.4693638, -1.4281584], [-48.4687909, -1.4285033]]}}, {"type": "Feature", "properties": {"highway": "secondary"}, "geometry": {"type": "LineString", "coordinates": [[-48.4747822, -1.4262415], [-48.4753034, -1.4258922], [-48.475893, -1.4254971], [-48.4771415, -1.4246326]]}}, {"type": "Feature", "properties": {"highway": "secondary"}, "geometry": {"type": "LineString", "coordinates": [[-48.4814331, -1.4217449], [-48.4814634, -1.4216981], [-48.4815086, -1.4216475], [-48.4815465, -1.4215803], [-48.4815677, -1.4215188], [-48.4815761, -1.4214511], [-48.4815717, -1.42137], [-48.4815518, -1.4212613]]}}, {"type": "Feature", "properties": {"highway": "tertiary"}, "geometry": {"type": "LineString", "coordinates": [[-48.459089, -1.4489505], [-48.4587048, -1.4488822], [-48.458432, -1.4488134], [-48.4582901, -1.4487642], [-48.4581587, -1.4487262], [-48.457852, -1.4486776], [-48.4572569, -1.4486566]]}}, {"type": "Feature", "properties": {"highway": "tertiary"}, "geometry": {"type": "LineString", "coordinates": [[-48.4804651, -1.4330113], [-48.4804449, -1.4330163], [-48.4802051, -1.4330246], [-48.480012, -1.4330487], [-48.4797957, -1.4330889], [-48.4795171, -1.4331667], [-48.4792861, -1.4332622]]}}, {"type": "Feature", "properties": {"highway": "secondary"}, "geometry": {"type": "LineString", "coordinates": [[-48.476149, -1.4342937], [-48.4759384, -1.4339758], [-48.4753927, -1.4331523], [-48.4753168, -1.4330412], [-48.4752376, -1.4329215], [-48.4745558, -1.4318895], [-48.4745007, -1.4318117], [-48.4744101, -1.4316708], [-48.4740542, -1.4311478], [-48.4739275, -1.4309585], [-48.4737261, -1.4306565], [-48.4736449, -1.4305391]]}}, {"type": "Feature", "properties": {"highway": "secondary"}, "geometry": {"type": "LineString", "coordinates": [[-48.4778294, -1.436814], [-48.4776799, -1.4365812]]}}, {"type": "Feature", "properties": {"highway": "tertiary"}, "geometry": {"type": "LineString", "coordinates": [[-48.4806999, -1.4330171], [-48.4805887, -1.4330138], [-48.4804651, -1.4330113]]}}, {"type": "Feature", "properties": {"highway": "tertiary"}, "geometry": {"type": "LineString", "coordinates": [[-48.4818107, -1.4304508], [-48.4817613, -1.4304786], [-48.4817232, -1.4305001]]}}, {"type": "Feature", "properties": {"highway": "tertiary"}, "geometry": {"type": "LineString", "coordinates": [[-48.4813593, -1.4307461], [-48.4813044, -1.430791], [-48.4812198, -1.4308426], [-48.4808455, -1.4311002], [-48.4806365, -1.43125], [-48.4806031, -1.4312781], [-48.4802666, -1.4315193], [-48.479413, -1.4320874], [-48.4787856, -1.4325045], [-48.4783526, -1.4327864], [-48.4763482, -1.4341586]]}}, {"type": "Feature", "properties": {"highway": "trunk"}, "geometry": {"type": "LineString", "coordinates": [[-48.456336, -1.4332079], [-48.4562107, -1.4330153], [-48.4561916, -1.432986], [-48.4555291, -1.4319837], [-48.455065, -1.43128], [-48.4547085, -1.4307375], [-48.4542821, -1.4301028], [-48.4541175, -1.4298606], [-48.4539549, -1.4296138], [-48.4538596, -1.4294729]]}}, {"type": "Feature", "properties": {"highway": "trunk"}, "geometry": {"type": "LineString", "coordinates": [[-48.45964, -1.4381844], [-48.4595891, -1.4381076], [-48.459234, -1.4375717], [-48.4589773, -1.4371839], [-48.4588236, -1.4369541]]}}, {"type": "Feature", "properties": {"highway": "trunk"}, "geometry": {"type": "LineString", "coordinates": [[-48.4598286, -1.4380603], [-48.4599264, -1.4382064], [-48.4601483, -1.4385382], [-48.4603337, -1.4388155], [-48.4605167, -1.4390906], [-48.4606508, -1.4393023], [-48.4613367, -1.4403151]]}}, {"type": "Feature", "properties": {"highway": "trunk"}, "geometry": {"type": "LineString", "coordinates": [[-48.4645477, -1.4455765], [-48.4644312, -1.4454015], [-48.4643928, -1.4453438], [-48.4639633, -1.444691], [-48.4637224, -1.4443395], [-48.463638, -1.4442136], [-48.4629329, -1.4431621], [-48.4625991, -1.4426534], [-48.4624251, -1.4423882], [-48.4621949, -1.4420423]]}}, {"type": "Feature", "properties": {"highway": "trunk"}, "geometry": {"type": "LineString", "coordinates": [[-48.4565268, -1.4330859], [-48.4566408, -1.4332611], [-48.4566473, -1.4332741], [-48.4571904, -1.4341073], [-48.457339, -1.4343354]]}}, {"type": "Feature", "properties": {"highway": "trunk"}, "geometry": {"type": "LineString", "coordinates": [[-48.4588236, -1.4369541], [-48.4586711, -1.4367226], [-48.4586435, -1.4366811], [-48.45852, -1.4364957], [-48.4580223, -1.4357478], [-48.4579679, -1.4356661], [-48.4574661, -1.4349123], [-48.4573571, -1.4347485], [-48.4573041, -1.4346701], [-48.457161, -1.4344539]]}}, {"type": "Feature", "properties": {"highway": "tertiary"}, "geometry": {"type": "LineString", "coordinates": [[-48.4645477, -1.4455765], [-48.4646173, -1.4455303], [-48.4646682, -1.4454966], [-48.4646852, -1.4454853], [-48.4647466, -1.4454446]]}}, {"type": "Feature", "properties": {"highway": "tertiary"}, "geometry": {"type": "LineString", "coordinates": [[-48.4647466, -1.4454446], [-48.4648049, -1.4454042], [-48.4651037, -1.4452049], [-48.4665001, -1.4442738], [-48.4667484, -1.4441082], [-48.4668061, -1.4440697], [-48.4671702, -1.4438269], [-48.4673817, -1.4436826]]}}, {"type": "Feature", "properties": {"highway": "tertiary"}, "geometry": {"type": "LineString", "coordinates": [[-48.456336, -1.4332079], [-48.4562969, -1.4332378], [-48.4556526, -1.4336858], [-48.4551431, -1.4340432], [-48.4551102, -1.4340654], [-48.4546309, -1.434368], [-48.4545798, -1.4344002], [-48.4539913, -1.4348024], [-48.4539047, -1.4348624]]}}, {"type": "Feature", "properties": {"highway": "secondary"}, "geometry": {"type": "LineString", "coordinates": [[-48.4563656, -1.4385915], [-48.4564476, -1.4385368], [-48.4570141, -1.4381595], [-48.4572303, -1.4380154], [-48.4575707, -1.4377887], [-48.4580785, -1.4374505]]}}, {"type": "Feature", "properties": {"highway": "primary"}, "geometry": {"type": "LineString", "coordinates": [[-48.4612272, -1.4459814], [-48.4619196, -1.4470234], [-48.4620059, -1.4471472], [-48.4620622, -1.4472299]]}}, {"type": "Feature", "properties": {"highway": "primary"}, "geometry": {"type": "LineString", "coordinates": [[-48.4596517, -1.4435818], [-48.4596969, -1.4436535], [-48.4597884, -1.4437929], [-48.4604592, -1.4448148], [-48.4605909, -1.4450132], [-48.4612272, -1.4459814]]}}, {"type": "Feature", "properties": {"highway": "primary"}, "geometry": {"type": "LineString", "coordinates": [[-48.4563656, -1.4385915], [-48.4564378, -1.438702], [-48.4565192, -1.438825], [-48.4570097, -1.4395662], [-48.4571258, -1.4397425], [-48.4571774, -1.4398149]]}}, {"type": "Feature", "properties": {"highway": "tertiary"}, "geometry": {"type": "LineString", "coordinates": [[-48.4598286, -1.4380603], [-48.4597737, -1.4380964], [-48.4597602, -1.4381053], [-48.4596984, -1.4381459], [-48.45964, -1.4381844]]}}, {"type": "Feature", "properties": {"highway": "tertiary"}, "geometry": {"type": "LineString", "coordinates": [[-48.45964, -1.4381844], [-48.459612, -1.4382027], [-48.4582725, -1.4390998]]}}, {"type": "Feature", "properties": {"highway": "secondary"}, "geometry": {"type": "LineString", "coordinates": [[-48.4517604, -1.4320229], [-48.4516521, -1.4319316], [-48.4515919, -1.4318938], [-48.451558, -1.4318848], [-48.4514704, -1.4318797], [-48.4514379, -1.4318874], [-48.4513934, -1.4319281]]}}, {"type": "Feature", "properties": {"highway": "secondary"}, "geometry": {"type": "LineString", "coordinates": [[-48.4616238, -1.4296746], [-48.4615685, -1.4295928], [-48.4614857, -1.4294702], [-48.4612304, -1.4291091], [-48.4607873, -1.4284363], [-48.4604752, -1.4279524], [-48.4603566, -1.4277745], [-48.4599639, -1.427199], [-48.4598934, -1.4270889], [-48.4596442, -1.4266998], [-48.4595784, -1.4265913], [-48.4592302, -1.4260818]]}}, {"type": "Feature", "properties": {"highway": "secondary"}, "geometry": {"type": "LineString", "coordinates": [[-48.4617955, -1.429569], [-48.4618504, -1.4296532], [-48.4619453, -1.4297976], [-48.4625591, -1.4307276], [-48.4626138, -1.4308104], [-48.462884, -1.4312286], [-48.4629946, -1.4313947], [-48.463363, -1.4319275], [-48.4634205, -1.4320045], [-48.4634625, -1.4320666], [-48.464119, -1.4330931], [-48.4641777, -1.4331709], [-48.4642624, -1.4332813]]}}, {"type": "Feature", "properties": {"highway": "secondary"}, "geometry": {"type": "LineString", "coordinates": [[-48.4562068, -1.4386971], [-48.4563656, -1.4385915]]}}, {"type": "Feature", "properties": {"highway": "tertiary"}, "geometry": {"type": "LineString", "coordinates": [[-48.4828883, -1.4401834], [-48.4826785, -1.4400469], [-48.4823726, -1.439894], [-48.4812416, -1.4393287], [-48.481127, -1.4392714], [-48.480689, -1.4390495], [-48.4805828, -1.4389953], [-48.4790264, -1.4382044], [-48.4788765, -1.4381819]]}}, {"type": "Feature", "properties": {"highway": "tertiary"}, "geometry": {"type": "LineString", "coordinates": [[-48.4828883, -1.4401834], [-48.4826463, -1.4401502], [-48.4812972, -1.4394737], [-48.4811573, -1.4394035]]}}, {"type": "Feature", "properties": {"highway": "primary"}, "geometry": {"type": "LineString", "coordinates": [[-48.4562068, -1.4386971], [-48.4561372, -1.4385934], [-48.4560702, -1.4384911], [-48.4554683, -1.437583], [-48.4554104, -1.4374887], [-48.4553693, -1.4374204], [-48.455208, -1.4371633], [-48.4545766, -1.4362175], [-48.4545176, -1.4361365], [-48.4539487, -1.4352906], [-48.4539214, -1.4352494], [-48.4538713, -1.4351738]]}}, {"type": "Feature", "properties": {"highway": "tertiary"}, "geometry": {"type": "LineString", "coordinates": [[-48.4669044, -1.4261194], [-48.4662916, -1.4265294], [-48.4659119, -1.4267834], [-48.4644175, -1.4277831], [-48.4643147, -1.4278532], [-48.4642291, -1.4279195], [-48.4642012, -1.4279343], [-48.4634698, -1.4284418], [-48.4632684, -1.4285688], [-48.4629775, -1.4287697], [-48.4622697, -1.4292418], [-48.4619128, -1.4294947], [-48.4617955, -1.429569]]}}, {"type": "Feature", "properties": {"highway": "secondary"}, "geometry": {"type": "LineString", "coordinates": [[-48.4720153, -1.4280761], [-48.4720967, -1.4280128]]}}, {"type": "Feature", "properties": {"highway": "secondary"}, "geometry": {"type": "LineString", "coordinates": [[-48.4720967, -1.4280128], [-48.4721951, -1.4279362]]}}, {"type": "Feature", "properties": {"highway": "secondary"}, "geometry": {"type": "LineString", "coordinates": [[-48.4720153, -1.4280761], [-48.4719233, -1.427941], [-48.4715899, -1.4274429], [-48.4714975, -1.4273051], [-48.4713206, -1.42704], [-48.4712134, -1.4268849], [-48.4711656, -1.4268099], [-48.4710991, -1.4267085], [-48.4709194, -1.4264346], [-48.4706421, -1.4260121], [-48.4704462, -1.4257135], [-48.4703642, -1.4255983]]}}, {"type": "Feature", "properties": {"highway": "secondary"}, "geometry": {"type": "LineString", "coordinates": [[-48.4675352, -1.4382435], [-48.467608, -1.4383461], [-48.4677017, -1.4384845], [-48.4682544, -1.4393199], [-48.4683681, -1.4394901], [-48.4684771, -1.4396594], [-48.468769, -1.4400953], [-48.4688218, -1.4401803], [-48.4689531, -1.4403891], [-48.4691791, -1.4407125]]}}, {"type": "Feature", "properties": {"highway": "secondary"}, "geometry": {"type": "LineString", "coordinates": [[-48.4649079, -1.4346515], [-48.4648532, -1.4345682], [-48.4642006, -1.4336217], [-48.464072, -1.4334149]]}}, {"type": "Feature", "properties": {"highway": "secondary"}, "geometry": {"type": "LineString", "coordinates": [[-48.4642624, -1.4332813], [-48.4643858, -1.4334698], [-48.4646228, -1.4338128], [-48.4648865, -1.4342165], [-48.4650909, -1.4345352]]}}, {"type": "Feature", "properties": {"highway": "secondary"}, "geometry": {"type": "LineString", "coordinates": [[-48.4650909, -1.4345352], [-48.4651468, -1.4346198], [-48.4655215, -1.4351996], [-48.4655497, -1.4352542], [-48.465817, -1.435635], [-48.4659159, -1.4357849], [-48.4660249, -1.4359469], [-48.4662513, -1.4362929], [-48.4664598, -1.4366057], [-48.4666733, -1.4369322], [-48.46672, -1.4370032]]}}, {"type": "Feature", "properties": {"highway": "secondary"}, "geometry": {"type": "LineString", "coordinates": [[-48.464072, -1.4334149], [-48.4639906, -1.4332975], [-48.4639398, -1.4332242], [-48.4632933, -1.4321911], [-48.4632299, -1.4320886], [-48.4632037, -1.4320479], [-48.4628241, -1.4315024], [-48.4627215, -1.4313567], [-48.4624439, -1.4309243]]}}, {"type": "Feature", "properties": {"highway": "secondary"}, "geometry": {"type": "LineString", "coordinates": [[-48.464072, -1.4334149], [-48.4641699, -1.4333473], [-48.4642624, -1.4332813]]}}, {"type": "Feature", "properties": {"highway": "secondary"}, "geometry": {"type": "LineString", "coordinates": [[-48.4642624, -1.4332813], [-48.464352, -1.4332216], [-48.4646639, -1.4330138], [-48.4651619, -1.4326821], [-48.465758, -1.432285], [-48.4659571, -1.4321524], [-48.4661218, -1.4320427], [-48.466525, -1.4317741]]}}, {"type": "Feature", "properties": {"highway": "tertiary"}, "geometry": {"type": "LineString", "coordinates": [[-48.4650909, -1.4345352], [-48.464998, -1.4345933], [-48.4649079, -1.4346515]]}}, {"type": "Feature", "properties": {"highway": "tertiary"}, "geometry": {"type": "LineString", "coordinates": [[-48.4649079, -1.4346515], [-48.4648497, -1.4346898], [-48.4642731, -1.4351024], [-48.4641722, -1.4351743], [-48.4640403, -1.4352594], [-48.4635083, -1.4356063], [-48.4630726, -1.4359047], [-48.4625593, -1.4362542], [-48.4625374, -1.4362693], [-48.4624695, -1.4363159], [-48.4622497, -1.436465], [-48.4618743, -1.4367181], [-48.4615777, -1.4369154], [-48.4607871, -1.4374007], [-48.4598945, -1.4380183], [-48.4598286, -1.4380603]]}}, {"type": "Feature", "properties": {"highway": "tertiary"}, "geometry": {"type": "LineString", "coordinates": [[-48.4100329, -1.3263559], [-48.4106532, -1.3261083], [-48.4111988, -1.3258869], [-48.411836, -1.3256346], [-48.4119412, -1.3256031], [-48.4120798, -1.3255418], [-48.4126952, -1.3253045], [-48.4131309, -1.3251366], [-48.4135937, -1.3249543], [-48.4139096, -1.3248299], [-48.4144447, -1.3246241], [-48.4147005, -1.3245287], [-48.4151103, -1.3243634], [-48.4161707, -1.3239555]]}}, {"type": "Feature", "properties": {"highway": "tertiary"}, "geometry": {"type": "LineString", "coordinates": [[-48.3903202, -1.3290396], [-48.3901404, -1.329323], [-48.3897365, -1.3299638], [-48.3895617, -1.330136], [-48.3894738, -1.330329], [-48.3892817, -1.330661], [-48.3892095, -1.330799], [-48.3890328, -1.3310592], [-48.3888172, -1.331409], [-48.3885301, -1.331864], [-48.3881875, -1.3324509], [-48.3881034, -1.3325663], [-48.3880242, -1.3327097], [-48.3879425, -1.3328746], [-48.3879277, -1.3329121], [-48.3878446, -1.3331226]]}}, {"type": "Feature", "properties": {"highway": "tertiary"}, "geometry": {"type": "LineString", "coordinates": [[-48.4605686, -1.4339068], [-48.4605637, -1.4338688], [-48.4605721, -1.4338216], [-48.4605957, -1.4337799], [-48.4606317, -1.4337483], [-48.4606762, -1.4337304], [-48.4607177, -1.4337165], [-48.4607861, -1.4337095]]}}, {"type": "Feature", "properties": {"highway": "tertiary"}, "geometry": {"type": "LineString", "coordinates": [[-48.455518, -1.4372891], [-48.4560187, -1.4369573], [-48.4565178, -1.4366212], [-48.4567315, -1.4364851], [-48.4568493, -1.4364071], [-48.4569593, -1.4363343], [-48.4579245, -1.4356941], [-48.4579679, -1.4356661]]}}, {"type": "Feature", "properties": {"highway": "tertiary"}, "geometry": {"type": "LineString", "coordinates": [[-48.4606226, -1.4339854], [-48.4600067, -1.4344088], [-48.4594119, -1.4348218], [-48.4590995, -1.4350374], [-48.4587527, -1.4352768], [-48.4582953, -1.4355924], [-48.4582207, -1.4356429]]}}, {"type": "Feature", "properties": {"highway": "tertiary"}, "geometry": {"type": "LineString", "coordinates": [[-48.4589768, -1.4314287], [-48.4589138, -1.4313262], [-48.458673, -1.4309155], [-48.4581963, -1.4301662], [-48.4578005, -1.4295504], [-48.457386, -1.4289249], [-48.4570697, -1.4284521], [-48.4565362, -1.4276544], [-48.456402, -1.4274449], [-48.4560522, -1.4269065], [-48.4559793, -1.4267963], [-48.4557252, -1.4264066], [-48.4553473, -1.4258267], [-48.4552447, -1.4256865]]}}, {"type": "Feature", "properties": {"highway": "tertiary"}, "geometry": {"type": "LineString", "coordinates": [[-48.4675702, -1.4328577], [-48.4674201, -1.4329739]]}}, {"type": "Feature", "properties": {"highway": "secondary"}, "geometry": {"type": "LineString", "coordinates": [[-48.4110718, -1.3838983], [-48.4110221, -1.3838724], [-48.4109976, -1.3838569], [-48.4109433, -1.3838165], [-48.410862, -1.3837535], [-48.4107246, -1.3836643], [-48.4106337, -1.3835944], [-48.4104991, -1.3834844], [-48.4102372, -1.383292], [-48.4101586, -1.3832414], [-48.4101208, -1.3832173], [-48.4100011, -1.3831811], [-48.4098984, -1.3831543], [-48.4097012, -1.38311], [-48.4095881, -1.3830928], [-48.4094794, -1.3830812], [-48.4094048, -1.3830768], [-48.4093518, -1.3830815], [-48.4092848, -1.3830933], [-48.4092292, -1.3831211], [-48.4091893, -1.3831525], [-48.4090616, -1.3832761]]}}, {"type": "Feature", "properties": {"highway": "secondary"}, "geometry": {"type": "LineString", "coordinates": [[-48.500595, -1.449752], [-48.5005983, -1.4497551], [-48.5010177, -1.4501094], [-48.5011753, -1.4502419], [-48.5014553, -1.4504885], [-48.5014961, -1.4505244]]}}, {"type": "Feature", "properties": {"highway": "secondary"}, "geometry": {"type": "LineString", "coordinates": [[-48.4994051, -1.4587831], [-48.4993786, -1.4588168]]}}, {"type": "Feature", "properties": {"highway": "primary"}, "geometry": {"type": "LineString", "coordinates": [[-48.4961697, -1.4473505], [-48.4961724, -1.4473003], [-48.4964658, -1.4468098], [-48.4965295, -1.4467034], [-48.4965407, -1.4466862], [-48.4969174, -1.4460445]]}}, {"type": "Feature", "properties": {"highway": "primary"}, "geometry": {"type": "LineString", "coordinates": [[-48.4947258, -1.4416438], [-48.4953846, -1.443146], [-48.4959188, -1.4441706], [-48.4959582, -1.4442473], [-48.4961575, -1.4446], [-48.4963517, -1.4449273], [-48.4963815, -1.4449788], [-48.4966898, -1.4454926]]}}, {"type": "Feature", "properties": {"highway": "secondary"}, "geometry": {"type": "LineString", "coordinates": [[-48.4987405, -1.4479313], [-48.4988622, -1.4480409], [-48.4989079, -1.4480892]]}}, {"type": "Feature", "properties": {"highway": "primary"}, "geometry": {"type": "LineString", "coordinates": [[-48.4941901, -1.440389], [-48.4942533, -1.4403912], [-48.4943066, -1.4403998]]}}, {"type": "Feature", "properties": {"highway": "secondary"}, "geometry": {"type": "LineString", "coordinates": [[-48.4904725, -1.4430134], [-48.4905329, -1.4429206], [-48.4905365, -1.4429144], [-48.4918194, -1.4419634], [-48.491866, -1.4419297], [-48.4919615, -1.4418547]]}}, {"type": "Feature", "properties": {"highway": "tertiary"}, "geometry": {"type": "LineString", "coordinates": [[-48.5063985, -1.4676307], [-48.5063751, -1.4677519], [-48.5060132, -1.468644], [-48.5058862, -1.4689317], [-48.5056991, -1.469323], [-48.5056025, -1.4694893], [-48.5054957, -1.46964], [-48.5053959, -1.4697816], [-48.5051841, -1.4700283], [-48.5046711, -1.470594], [-48.5044464, -1.4708461], [-48.5041507, -1.4711544], [-48.5036813, -1.4716344], [-48.5034008, -1.471902], [-48.503086, -1.4721774], [-48.5028311, -1.4724039], [-48.5026869, -1.4725226], [-48.5022544, -1.4728785], [-48.5019343, -1.4731212], [-48.5013559, -1.4735596], [-48.5010528, -1.4738491], [-48.500945, -1.4739352], [-48.5007926, -1.4740239], [-48.5006721, -1.4740785]]}}, {"type": "Feature", "properties": {"highway": "secondary"}, "geometry": {"type": "LineString", "coordinates": [[-48.5018044, -1.4557704], [-48.5017226, -1.4558749], [-48.5015412, -1.4560818], [-48.5014963, -1.4561331], [-48.5012886, -1.4563708]]}}, {"type": "Feature", "properties": {"highway": "tertiary"}, "geometry": {"type": "LineString", "coordinates": [[-48.4720446, -1.4747379], [-48.4731042, -1.473928], [-48.4733622, -1.4737173], [-48.47347, -1.4736381], [-48.473865, -1.4733477], [-48.4740804, -1.4731898], [-48.4741372, -1.4731498], [-48.4742211, -1.4730674], [-48.4746326, -1.4727498], [-48.4746911, -1.4727121], [-48.4751032, -1.4723909]]}}, {"type": "Feature", "properties": {"highway": "secondary"}, "geometry": {"type": "LineString", "coordinates": [[-48.4766685, -1.4642119], [-48.4766518, -1.4644206], [-48.4766402, -1.4645649], [-48.4766141, -1.4648904], [-48.4765789, -1.4653281], [-48.4764875, -1.4664675], [-48.4764354, -1.4671451], [-48.4764056, -1.4674884], [-48.476385, -1.4677891], [-48.47633, -1.4684702], [-48.4762253, -1.4697356], [-48.4762213, -1.4697855], [-48.476204, -1.4700017], [-48.4761875, -1.4702146], [-48.476172, -1.4704006], [-48.4761223, -1.4710195], [-48.4761019, -1.4712734]]}}, {"type": "Feature", "properties": {"highway": "primary"}, "geometry": {"type": "LineString", "coordinates": [[-48.4658759, -1.4074033], [-48.4652849, -1.4080015], [-48.4650326, -1.4082568], [-48.4645954, -1.4087139]]}}, {"type": "Feature", "properties": {"highway": "primary"}, "geometry": {"type": "LineString", "coordinates": [[-48.4631776, -1.4078932], [-48.4632835, -1.4078967], [-48.463443, -1.4079139], [-48.4635566, -1.4079362], [-48.4636656, -1.4079794], [-48.4637898, -1.4080583], [-48.4639437, -1.4082099], [-48.4641353, -1.4084678]]}}, {"type": "Feature", "properties": {"highway": "primary"}, "geometry": {"type": "LineString", "coordinates": [[-48.4683916, -1.414008], [-48.4670188, -1.4136707], [-48.4665629, -1.4135623], [-48.4660419, -1.4134355], [-48.4657743, -1.4133564], [-48.4653588, -1.4132216]]}}, {"type": "Feature", "properties": {"highway": "tertiary"}, "geometry": {"type": "LineString", "coordinates": [[-48.4564818, -1.4017095], [-48.4573268, -1.4015784], [-48.4574448, -1.4015471]]}}, {"type": "Feature", "properties": {"highway": "secondary"}, "geometry": {"type": "LineString", "coordinates": [[-48.4782581, -1.4374018], [-48.4782035, -1.4373551], [-48.4781639, -1.437298], [-48.4780365, -1.437115], [-48.4778548, -1.436849], [-48.4778294, -1.436814]]}}, {"type": "Feature", "properties": {"highway": "secondary"}, "geometry": {"type": "LineString", "coordinates": [[-48.4779407, -1.4367594], [-48.4779262, -1.4367381]]}}, {"type": "Feature", "properties": {"highway": "tertiary"}, "geometry": {"type": "LineString", "coordinates": [[-48.4919615, -1.4418547], [-48.4919462, -1.4418249], [-48.4915186, -1.4410138], [-48.4914951, -1.440967], [-48.4912543, -1.4404804], [-48.4906862, -1.4394534], [-48.4906355, -1.4393618], [-48.4904075, -1.4389139]]}}, {"type": "Feature", "properties": {"highway": "primary"}, "geometry": {"type": "LineString", "coordinates": [[-48.4645954, -1.4087139], [-48.4641681, -1.4091578]]}}, {"type": "Feature", "properties": {"highway": "primary"}, "geometry": {"type": "LineString", "coordinates": [[-48.4702373, -1.4029575], [-48.4698802, -1.4033224]]}}, {"type": "Feature", "properties": {"highway": "primary"}, "geometry": {"type": "LineString", "coordinates": [[-48.4698802, -1.4033224], [-48.4698142, -1.4033878], [-48.4694407, -1.4037733], [-48.4692141, -1.4040066], [-48.4688647, -1.4043606], [-48.4685421, -1.4046857], [-48.4675619, -1.4056939], [-48.4667137, -1.4065545], [-48.4658759, -1.4074033]]}}, {"type": "Feature", "properties": {"highway": "secondary"}, "geometry": {"type": "LineString", "coordinates": [[-48.4549215, -1.4724334], [-48.4550025, -1.4724095], [-48.4554657, -1.4722714], [-48.4557746, -1.472184], [-48.456028, -1.4721103], [-48.4561007, -1.472087], [-48.456188, -1.4720617], [-48.4566246, -1.4719349], [-48.4575721, -1.4716569], [-48.4583357, -1.4714362], [-48.4587045, -1.4713094]]}}, {"type": "Feature", "properties": {"highway": "tertiary"}, "geometry": {"type": "LineString", "coordinates": [[-48.4929016, -1.4605372], [-48.4918709, -1.4613761], [-48.4918383, -1.4614027]]}}, {"type": "Feature", "properties": {"highway": "tertiary"}, "geometry": {"type": "LineString", "coordinates": [[-48.4580223, -1.4357478], [-48.4579785, -1.4357764], [-48.4570067, -1.4364096], [-48.4568941, -1.4364767], [-48.4567753, -1.4365604], [-48.4562188, -1.4369231], [-48.4560614, -1.4370256], [-48.4559281, -1.4371124], [-48.455639, -1.4373009], [-48.4555594, -1.4373528]]}}, {"type": "Feature", "properties": {"highway": "secondary"}, "geometry": {"type": "LineString", "coordinates": [[-48.4689798, -1.451119], [-48.4689837, -1.450969], [-48.4689863, -1.4508662], [-48.46899, -1.4507199], [-48.4689926, -1.450617], [-48.4689935, -1.4505837], [-48.4689983, -1.4503955], [-48.469008, -1.4500175], [-48.4690197, -1.4495609], [-48.4690229, -1.4494355], [-48.4690232, -1.4494249], [-48.4690298, -1.4490667], [-48.4690332, -1.4490325], [-48.469043, -1.4486475], [-48.4690471, -1.4484886], [-48.4690492, -1.4483677]]}}, {"type": "Feature", "properties": {"highway": "tertiary"}, "geometry": {"type": "LineString", "coordinates": [[-48.4641169, -1.4387545], [-48.4644652, -1.4392767], [-48.4645246, -1.4393827], [-48.464626, -1.4395432], [-48.464938, -1.4400091], [-48.4652837, -1.4405135], [-48.4657489, -1.4412283], [-48.4658411, -1.4413748], [-48.4660007, -1.4416286], [-48.4665752, -1.4424438], [-48.4669777, -1.4430707], [-48.4673817, -1.4436826], [-48.4674717, -1.4438239], [-48.4681781, -1.444933], [-48.4690284, -1.4462235]]}}, {"type": "Feature", "properties": {"highway": "tertiary"}, "geometry": {"type": "LineString", "coordinates": [[-48.4691092, -1.4465481], [-48.469065, -1.4465568], [-48.469038, -1.446541], [-48.4690116, -1.4465202], [-48.4688554, -1.4463393], [-48.4679952, -1.4450675], [-48.467287, -1.4440025], [-48.4671702, -1.4438269], [-48.4668344, -1.4433482], [-48.4663235, -1.4426199], [-48.4659504, -1.4420674], [-48.4657804, -1.4417985], [-48.4655249, -1.4413883], [-48.4651419, -1.4407987], [-48.4647179, -1.440169]]}}, {"type": "Feature", "properties": {"highway": "tertiary"}, "geometry": {"type": "LineString", "coordinates": [[-48.4762875, -1.4287949], [-48.4762126, -1.4286955], [-48.4754758, -1.4275435]]}}, {"type": "Feature", "properties": {"highway": "secondary"}, "geometry": {"type": "LineString", "coordinates": [[-48.4477081, -1.4058468], [-48.4479601, -1.4055864], [-48.4481423, -1.4053665], [-48.4481962, -1.405307], [-48.4487039, -1.4047635], [-48.4493916, -1.4039432], [-48.4494498, -1.4038866], [-48.4495186, -1.4038164], [-48.4498046, -1.4035254], [-48.449949, -1.4033995], [-48.4500868, -1.4032871], [-48.4501426, -1.4032417], [-48.4502044, -1.4032036], [-48.450568, -1.4030914], [-48.45096, -1.4030492], [-48.45125, -1.4030302], [-48.4515584, -1.4030084], [-48.4519202, -1.4029862], [-48.4522215, -1.4029664], [-48.4525836, -1.4029621]]}}, {"type": "Feature", "properties": {"highway": "secondary"}, "geometry": {"type": "LineString", "coordinates": [[-48.4476424, -1.4059206], [-48.447653, -1.4059088]]}}, {"type": "Feature", "properties": {"highway": "primary"}, "geometry": {"type": "LineString", "coordinates": [[-48.4640751, -1.4090728], [-48.4645158, -1.4086182]]}}, {"type": "Feature", "properties": {"highway": "tertiary"}, "geometry": {"type": "LineString", "coordinates": [[-48.4688554, -1.4463393], [-48.4690284, -1.4462235], [-48.4691312, -1.4461622]]}}, {"type": "Feature", "properties": {"highway": "primary"}, "geometry": {"type": "LineString", "coordinates": [[-48.4361498, -1.4073061], [-48.4363401, -1.4074731], [-48.4369778, -1.4080327]]}}, {"type": "Feature", "properties": {"highway": "primary"}, "geometry": {"type": "LineString", "coordinates": [[-48.4641353, -1.4084678], [-48.464327, -1.4087266], [-48.464463, -1.4089407], [-48.464659, -1.4091697], [-48.464718, -1.4092327], [-48.4648481, -1.4093426], [-48.4649983, -1.4094257], [-48.4651659, -1.4094713], [-48.4653443, -1.4094753], [-48.4663764, -1.409348], [-48.4666291, -1.4093426]]}}, {"type": "Feature", "properties": {"highway": "secondary"}, "geometry": {"type": "LineString", "coordinates": [[-48.4688359, -1.4582107], [-48.4688392, -1.4581073], [-48.4688365, -1.4579523], [-48.4688406, -1.4578942], [-48.4688411, -1.4576756], [-48.4688414, -1.4575544], [-48.4688416, -1.4574403]]}}, {"type": "Feature", "properties": {"highway": "secondary"}, "geometry": {"type": "LineString", "coordinates": [[-48.4993032, -1.4589124], [-48.4992765, -1.4589466]]}}, {"type": "Feature", "properties": {"highway": "secondary"}, "geometry": {"type": "LineString", "coordinates": [[-48.4993786, -1.4588168], [-48.4993356, -1.4588713], [-48.4993032, -1.4589124]]}}, {"type": "Feature", "properties": {"highway": "secondary"}, "geometry": {"type": "LineString", "coordinates": [[-48.4751972, -1.4386381], [-48.4750959, -1.4384806]]}}, {"type": "Feature", "properties": {"highway": "secondary"}, "geometry": {"type": "LineString", "coordinates": [[-48.5044532, -1.4618164], [-48.5044375, -1.4618645]]}}, {"type": "Feature", "properties": {"highway": "tertiary"}, "geometry": {"type": "LineString", "coordinates": [[-48.4674201, -1.4329739], [-48.467418, -1.4329756], [-48.4671455, -1.4331588], [-48.4667575, -1.4334183], [-48.4666591, -1.4334842], [-48.466556, -1.4335532], [-48.4662739, -1.4337421], [-48.4651672, -1.4344875], [-48.4650909, -1.4345352]]}}, {"type": "Feature", "properties": {"highway": "tertiary"}, "geometry": {"type": "LineString", "coordinates": [[-48.4628398, -1.4479003], [-48.4626812, -1.4493372]]}}, {"type": "Feature", "properties": {"highway": "tertiary"}, "geometry": {"type": "LineString", "coordinates": [[-48.4582036, -1.4445068], [-48.4584377, -1.4443464], [-48.4594296, -1.4437322], [-48.4594931, -1.4436904]]}}, {"type": "Feature", "properties": {"highway": "tertiary"}, "geometry": {"type": "LineString", "coordinates": [[-48.4688351, -1.4587612], [-48.4705025, -1.4588644], [-48.4705908, -1.4588684], [-48.4711903, -1.4589185], [-48.4718801, -1.4589693], [-48.4720863, -1.4589797]]}}, {"type": "Feature", "properties": {"highway": "secondary"}, "geometry": {"type": "LineString", "coordinates": [[-48.4770587, -1.435455], [-48.4765983, -1.4347568], [-48.4763233, -1.4343276], [-48.475898, -1.4336966]]}}, {"type": "Feature", "properties": {"highway": "tertiary"}, "geometry": {"type": "LineString", "coordinates": [[-48.4778274, -1.4206057], [-48.4777313, -1.4206695]]}}, {"type": "Feature", "properties": {"highway": "tertiary"}, "geometry": {"type": "LineString", "coordinates": [[-48.4777313, -1.4206695], [-48.4777146, -1.4206826], [-48.4765801, -1.4214223], [-48.4754986, -1.4221388], [-48.4743837, -1.4229116], [-48.4737921, -1.423308], [-48.473207, -1.4237159], [-48.4730758, -1.4238057]]}}, {"type": "Feature", "properties": {"highway": "tertiary"}, "geometry": {"type": "LineString", "coordinates": [[-48.4693013, -1.4352669], [-48.4692971, -1.4352697], [-48.4681118, -1.4360672], [-48.4671349, -1.4367245], [-48.4668045, -1.4369468], [-48.46672, -1.4370032]]}}, {"type": "Feature", "properties": {"highway": "tertiary"}, "geometry": {"type": "LineString", "coordinates": [[-48.4694669, -1.4351414], [-48.4693893, -1.4352039], [-48.4693013, -1.4352669]]}}, {"type": "Feature", "properties": {"highway": "secondary"}, "geometry": {"type": "LineString", "coordinates": [[-48.4779407, -1.4367594], [-48.4780846, -1.4369292], [-48.478215, -1.4370449], [-48.4783021, -1.4371013], [-48.4784356, -1.4371394]]}}, {"type": "Feature", "properties": {"highway": "secondary"}, "geometry": {"type": "LineString", "coordinates": [[-48.4712492, -1.4017207], [-48.4715317, -1.4014263], [-48.4717755, -1.4011851], [-48.4719405, -1.401031], [-48.4726127, -1.4003761], [-48.4726808, -1.4003105]]}}, {"type": "Feature", "properties": {"highway": "primary"}, "geometry": {"type": "LineString", "coordinates": [[-48.4697921, -1.403229], [-48.4701356, -1.4028703]]}}, {"type": "Feature", "properties": {"highway": "tertiary"}, "geometry": {"type": "LineString", "coordinates": [[-48.486196, -1.4677644], [-48.4868503, -1.4672206], [-48.4872796, -1.4668584], [-48.4877266, -1.4665109], [-48.4883625, -1.4660095], [-48.4889148, -1.465569], [-48.4894503, -1.4651144], [-48.4898889, -1.4647418], [-48.4899766, -1.4646673], [-48.4901045, -1.4645584], [-48.4904922, -1.4642354], [-48.491526, -1.463388], [-48.4915783, -1.4633455], [-48.4926063, -1.4625705], [-48.4927111, -1.4624915]]}}, {"type": "Feature", "properties": {"highway": "secondary"}, "geometry": {"type": "LineString", "coordinates": [[-48.4870398, -1.4688232], [-48.4864111, -1.4693213], [-48.4861358, -1.4695395], [-48.4859561, -1.4696899], [-48.4858598, -1.4697649], [-48.4849014, -1.4705237], [-48.4845982, -1.4707556], [-48.4844907, -1.4708427], [-48.4835399, -1.4716019], [-48.4830058, -1.4720518], [-48.4829964, -1.4720597], [-48.4829574, -1.4720897], [-48.4826252, -1.4723451], [-48.4824402, -1.4724932]]}}, {"type": "Feature", "properties": {"highway": "tertiary"}, "geometry": {"type": "LineString", "coordinates": [[-48.4914954, -1.4356142], [-48.4913831, -1.4356654]]}}, {"type": "Feature", "properties": {"highway": "secondary"}, "geometry": {"type": "LineString", "coordinates": [[-48.4692354, -1.4424611], [-48.4692407, -1.4422864], [-48.4692497, -1.4417739], [-48.4692603, -1.4413241], [-48.4692546, -1.4412661]]}}, {"type": "Feature", "properties": {"highway": "secondary"}, "geometry": {"type": "LineString", "coordinates": [[-48.4810587, -1.3919707], [-48.482098, -1.392158], [-48.4837166, -1.3924621]]}}, {"type": "Feature", "properties": {"highway": "tertiary"}, "geometry": {"type": "LineString", "coordinates": [[-48.4612925, -1.4406494], [-48.4612166, -1.4407021], [-48.4589375, -1.4422353], [-48.4588145, -1.4423202]]}}, {"type": "Feature", "properties": {"highway": "secondary"}, "geometry": {"type": "LineString", "coordinates": [[-48.4721951, -1.4279362], [-48.4727713, -1.4275572], [-48.4728026, -1.4275366], [-48.4731119, -1.4273332], [-48.4734316, -1.4271229], [-48.47374, -1.4269201], [-48.4739394, -1.4267915], [-48.4746673, -1.4263102]]}}, {"type": "Feature", "properties": {"highway": "secondary"}, "geometry": {"type": "LineString", "coordinates": [[-48.4729363, -1.4292285], [-48.4728543, -1.4291088], [-48.4721481, -1.4280822], [-48.4720967, -1.4280128]]}}, {"type": "Feature", "properties": {"highway": "secondary"}, "geometry": {"type": "LineString", "coordinates": [[-48.4720967, -1.4280128], [-48.4720128, -1.4278826], [-48.4716766, -1.42738], [-48.4712579, -1.4267574], [-48.4711861, -1.4266466]]}}, {"type": "Feature", "properties": {"highway": "secondary"}, "geometry": {"type": "LineString", "coordinates": [[-48.4762046, -1.439695], [-48.476206, -1.4399889], [-48.4762234, -1.440031], [-48.4762618, -1.4400574], [-48.4763001, -1.4400748], [-48.4763353, -1.4400779], [-48.4763986, -1.4400693]]}}, {"type": "Feature", "properties": {"highway": "secondary"}, "geometry": {"type": "LineString", "coordinates": [[-48.4763986, -1.4400693], [-48.4768386, -1.4401116], [-48.4769234, -1.4401462], [-48.477658, -1.4402004], [-48.4777055, -1.4402066], [-48.4786832, -1.4402911]]}}, {"type": "Feature", "properties": {"highway": "primary"}, "geometry": {"type": "LineString", "coordinates": [[-48.4932131, -1.4137108], [-48.4932745, -1.4139766]]}}, {"type": "Feature", "properties": {"highway": "tertiary"}, "geometry": {"type": "LineString", "coordinates": [[-48.4704341, -1.4362875], [-48.4708855, -1.4359812], [-48.4711176, -1.4358233], [-48.4711505, -1.4358041], [-48.4713228, -1.4356868], [-48.471601, -1.435505], [-48.4718842, -1.4353132], [-48.4726178, -1.43485], [-48.4726628, -1.4348159]]}}, {"type": "Feature", "properties": {"highway": "tertiary"}, "geometry": {"type": "LineString", "coordinates": [[-48.4702411, -1.4364265], [-48.470332, -1.4363617], [-48.4704341, -1.4362875]]}}, {"type": "Feature", "properties": {"highway": "secondary"}, "geometry": {"type": "LineString", "coordinates": [[-48.4761578, -1.4403454], [-48.4761945, -1.4401929], [-48.4762143, -1.4401359], [-48.4762394, -1.4401077], [-48.4762718, -1.4400953], [-48.4763082, -1.4400875], [-48.4763434, -1.4400821], [-48.4763986, -1.4400693]]}}, {"type": "Feature", "properties": {"highway": "tertiary"}, "geometry": {"type": "LineString", "coordinates": [[-48.467747, -1.4273694], [-48.4679018, -1.4272601], [-48.467943, -1.4272285]]}}, {"type": "Feature", "properties": {"highway": "tertiary"}, "geometry": {"type": "LineString", "coordinates": [[-48.455005, -1.4624254], [-48.4548348, -1.462244], [-48.4546635, -1.4620547], [-48.4545683, -1.4619655], [-48.4545104, -1.4618881], [-48.4544478, -1.4617968], [-48.4543997, -1.4616723], [-48.4543691, -1.461608], [-48.4541522, -1.4611362], [-48.4538695, -1.4604816], [-48.4535084, -1.4596941], [-48.453485, -1.4596365], [-48.4533296, -1.4592564], [-48.4532225, -1.4590015], [-48.453207, -1.4589637], [-48.4530971, -1.4586558], [-48.4528684, -1.4579179], [-48.4527453, -1.4575067], [-48.4526789, -1.4572627], [-48.4526528, -1.4571782], [-48.4526198, -1.4571084]]}}, {"type": "Feature", "properties": {"highway": "tertiary"}, "geometry": {"type": "LineString", "coordinates": [[-48.455005, -1.4624254], [-48.4548348, -1.462244], [-48.4546635, -1.4620547], [-48.4545683, -1.4619655], [-48.4545104, -1.4618881], [-48.4544478, -1.4617968], [-48.4543997, -1.4616723], [-48.4543691, -1.461608], [-48.4541522, -1.4611362], [-48.4538695, -1.4604816], [-48.4535084, -1.4596941], [-48.453485, -1.4596365], [-48.4533296, -1.4592564], [-48.4532225, -1.4590015], [-48.453207, -1.4589637], [-48.4530971, -1.4586558], [-48.4528684, -1.4579179], [-48.4527453, -1.4575067], [-48.4526789, -1.4572627], [-48.4526528, -1.4571782], [-48.4526198, -1.4571084]]}}, {"type": "Feature", "properties": {"highway": "primary"}, "geometry": {"type": "LineString", "coordinates": [[-48.3787759, -1.3360597], [-48.378882, -1.3362171], [-48.3791837, -1.3368848], [-48.3792615, -1.337043], [-48.3793071, -1.3371556], [-48.3796705, -1.3379667], [-48.3797108, -1.3380445], [-48.379763, -1.3380941], [-48.379861, -1.3381089], [-48.3799776, -1.3380941], [-48.380089, -1.3380432], [-48.3820196, -1.3371404], [-48.3821201, -1.3370993]]}}, {"type": "Feature", "properties": {"highway": "secondary"}, "geometry": {"type": "LineString", "coordinates": [[-48.4073919, -1.3704755], [-48.4074277, -1.3704549], [-48.4074596, -1.3704235], [-48.4074841, -1.370382], [-48.4075001, -1.3703352], [-48.4075299, -1.3702685]]}}, {"type": "Feature", "properties": {"highway": "secondary"}, "geometry": {"type": "LineString", "coordinates": [[-48.4075299, -1.3702685], [-48.4075329, -1.3704804], [-48.40753, -1.3705706], [-48.4075333, -1.3706444]]}}, {"type": "Feature", "properties": {"highway": "secondary"}, "geometry": {"type": "LineString", "coordinates": [[-48.4074213, -1.3709332], [-48.4073915, -1.3709457], [-48.4073694, -1.3709594], [-48.4073528, -1.3709758], [-48.4073368, -1.371002], [-48.4073295, -1.3710288], [-48.4073285, -1.3710543], [-48.4073315, -1.3710791], [-48.4073429, -1.3711056], [-48.4073791, -1.3711605], [-48.407475, -1.3712966], [-48.4075623, -1.371408]]}}, {"type": "Feature", "properties": {"highway": "primary"}, "geometry": {"type": "LineString", "coordinates": [[-48.4853422, -1.3927462], [-48.4854942, -1.3927902]]}}, {"type": "Feature", "properties": {"highway": "primary"}, "geometry": {"type": "LineString", "coordinates": [[-48.461888, -1.4477999], [-48.4619111, -1.4475254], [-48.4619124, -1.447451], [-48.4619084, -1.4474108], [-48.4619004, -1.4473759], [-48.461889, -1.4473518]]}}, {"type": "Feature", "properties": {"highway": "secondary"}, "geometry": {"type": "LineString", "coordinates": [[-48.4423278, -1.4122541], [-48.4422593, -1.4123062], [-48.4422525, -1.4123109], [-48.4419396, -1.4125289], [-48.4415971, -1.4127634], [-48.4413422, -1.4129398], [-48.4412487, -1.4130044], [-48.4411358, -1.4130823], [-48.4409094, -1.4132351], [-48.4405411, -1.4134932], [-48.4404331, -1.4135684], [-48.4401955, -1.4137339], [-48.439939, -1.4139078], [-48.4398508, -1.4139676], [-48.4394867, -1.4142219], [-48.4392673, -1.4143734], [-48.4389704, -1.4145784], [-48.4388849, -1.4146317]]}}, {"type": "Feature", "properties": {"highway": "trunk"}, "geometry": {"type": "LineString", "coordinates": [[-48.4423278, -1.4122541], [-48.4421335, -1.4120018], [-48.4421034, -1.4119592], [-48.4416435, -1.4113309], [-48.4414561, -1.4110723], [-48.4411682, -1.4107128], [-48.4410419, -1.4105696]]}}, {"type": "Feature", "properties": {"highway": "trunk"}, "geometry": {"type": "LineString", "coordinates": [[-48.4431511, -1.4129665], [-48.4433339, -1.4132131], [-48.4436419, -1.413626], [-48.4437121, -1.4137168], [-48.4438419, -1.413891], [-48.4439454, -1.4140238], [-48.4442391, -1.4143978], [-48.4444266, -1.4146663], [-48.4448263, -1.4152386], [-48.4464924, -1.4177478], [-48.4466346, -1.4179622], [-48.4466901, -1.4180473], [-48.4467963, -1.418206], [-48.4468364, -1.4182685], [-48.4471033, -1.4186845], [-48.4471654, -1.4187777], [-48.4472558, -1.4189195], [-48.4477432, -1.4196604], [-48.447926, -1.419948], [-48.4481013, -1.4202173], [-48.448178, -1.4203329], [-48.4483214, -1.4205858], [-48.4483738, -1.4206782], [-48.4484965, -1.4208723], [-48.4485316, -1.4209277], [-48.4495774, -1.4224537], [-48.4498028, -1.4228039], [-48.4499377, -1.4230064]]}}, {"type": "Feature", "properties": {"highway": "tertiary"}, "geometry": {"type": "LineString", "coordinates": [[-48.4574699, -1.4015113], [-48.4574982, -1.4006586], [-48.4575439, -1.4000292], [-48.4575875, -1.399495], [-48.4575967, -1.3993529], [-48.457599, -1.3993073], [-48.4576064, -1.3991998], [-48.4576611, -1.3984045], [-48.4577361, -1.3974112], [-48.4577849, -1.3967683], [-48.4578452, -1.3961255], [-48.4579145, -1.3953347], [-48.4579329, -1.3951247]]}}, {"type": "Feature", "properties": {"highway": "secondary"}, "geometry": {"type": "LineString", "coordinates": [[-48.45368, -1.4403786], [-48.4537064, -1.4403609]]}}, {"type": "Feature", "properties": {"highway": "secondary"}, "geometry": {"type": "LineString", "coordinates": [[-48.45368, -1.4403786], [-48.4537064, -1.4403609]]}}, {"type": "Feature", "properties": {"highway": "secondary"}, "geometry": {"type": "LineString", "coordinates": [[-48.4537893, -1.4403053], [-48.454374, -1.4399163], [-48.4549404, -1.4395395], [-48.4554145, -1.4392242], [-48.4555637, -1.4391249], [-48.4557731, -1.4389856], [-48.4561102, -1.4387613], [-48.4562068, -1.4386971]]}}, {"type": "Feature", "properties": {"highway": "tertiary"}, "geometry": {"type": "LineString", "coordinates": [[-48.4529015, -1.4391464], [-48.4523637, -1.4395023], [-48.4518458, -1.4398542], [-48.4513517, -1.4402155], [-48.450813, -1.4405672], [-48.4498553, -1.441212], [-48.4491989, -1.4416549], [-48.4486943, -1.4419855], [-48.4482689, -1.4422758], [-48.4478462, -1.4425597], [-48.4477022, -1.4426616], [-48.447267, -1.4429698]]}}, {"type": "Feature", "properties": {"highway": "tertiary"}, "geometry": {"type": "LineString", "coordinates": [[-48.4529516, -1.4390117], [-48.4535282, -1.438632], [-48.4541147, -1.4382366], [-48.4547343, -1.4378381], [-48.4553693, -1.4374204]]}}, {"type": "Feature", "properties": {"highway": "tertiary"}, "geometry": {"type": "LineString", "coordinates": [[-48.4529516, -1.4390117], [-48.4535282, -1.438632], [-48.4541147, -1.4382366], [-48.4547343, -1.4378381], [-48.4553693, -1.4374204]]}}, {"type": "Feature", "properties": {"highway": "tertiary"}, "geometry": {"type": "LineString", "coordinates": [[-48.4544979, -1.4415952], [-48.4539432, -1.4419676], [-48.4534291, -1.4423049], [-48.4529271, -1.4426359], [-48.4524236, -1.4429928]]}}, {"type": "Feature", "properties": {"highway": "tertiary"}, "geometry": {"type": "LineString", "coordinates": [[-48.4544979, -1.4415952], [-48.4539432, -1.4419676], [-48.4534291, -1.4423049], [-48.4529271, -1.4426359], [-48.4524236, -1.4429928]]}}, {"type": "Feature", "properties": {"highway": "tertiary"}, "geometry": {"type": "LineString", "coordinates": [[-48.4854104, -1.3998281], [-48.4854103, -1.3999963]]}}, {"type": "Feature", "properties": {"highway": "secondary"}, "geometry": {"type": "LineString", "coordinates": [[-48.4687788, -1.4610356], [-48.4687734, -1.4611546], [-48.4687485, -1.4621232], [-48.4687475, -1.4622576], [-48.4687432, -1.4623722], [-48.468741, -1.4627511], [-48.4687393, -1.4635927], [-48.4687298, -1.4637887], [-48.4687222, -1.464034], [-48.4686895, -1.4648471]]}}, {"type": "Feature", "properties": {"highway": "tertiary"}, "geometry": {"type": "LineString", "coordinates": [[-48.4608972, -1.4338563], [-48.4608833, -1.4339052], [-48.4608575, -1.4339442], [-48.4608151, -1.4339808], [-48.4607864, -1.4339953], [-48.4607412, -1.4340082], [-48.4606963, -1.4340122], [-48.4606524, -1.4340019], [-48.4606226, -1.4339854]]}}, {"type": "Feature", "properties": {"highway": "tertiary"}, "geometry": {"type": "LineString", "coordinates": [[-48.4634205, -1.4320045], [-48.4644317, -1.4313494], [-48.4655238, -1.4306044], [-48.4658549, -1.4303731], [-48.4659492, -1.4303127], [-48.4660658, -1.4302356], [-48.4671179, -1.429503], [-48.4675627, -1.4292142], [-48.4685375, -1.428574]]}}, {"type": "Feature", "properties": {"highway": "tertiary"}, "geometry": {"type": "LineString", "coordinates": [[-48.465061, -1.4291708], [-48.4648065, -1.4287528], [-48.4642291, -1.4279195], [-48.4634282, -1.4266847], [-48.4625918, -1.4254375], [-48.461809, -1.4241761], [-48.4617375, -1.4240115], [-48.4617028, -1.423918], [-48.4614921, -1.4236104], [-48.4613396, -1.4235166], [-48.4612974, -1.42348], [-48.4611198, -1.4232027], [-48.4610045, -1.4230204], [-48.4609918, -1.4229688], [-48.4609992, -1.4228922], [-48.4608445, -1.422656], [-48.460743, -1.422497], [-48.4606372, -1.422351], [-48.4605395, -1.4222152], [-48.4604239, -1.4220439], [-48.4603805, -1.4219777], [-48.4603319, -1.4218997], [-48.4601608, -1.4217695], [-48.4599704, -1.4214872], [-48.4597978, -1.4212055], [-48.4595065, -1.4207296], [-48.4593989, -1.4206066]]}}, {"type": "Feature", "properties": {"highway": "tertiary"}, "geometry": {"type": "LineString", "coordinates": [[-48.4854112, -1.3997983], [-48.4857688, -1.3997914], [-48.486129, -1.3997849], [-48.4864097, -1.3997801], [-48.4864886, -1.3997788], [-48.4867336, -1.3997721], [-48.4868459, -1.3997715], [-48.4872151, -1.3997643], [-48.4875716, -1.3997579], [-48.4879331, -1.3997542], [-48.4882935, -1.3997432], [-48.4886505, -1.3997366], [-48.489003, -1.3997301], [-48.4893617, -1.3997242], [-48.4900897, -1.3997271]]}}, {"type": "Feature", "properties": {"highway": "secondary"}, "geometry": {"type": "LineString", "coordinates": [[-48.4588184, -1.4707593], [-48.4588679, -1.4710847]]}}, {"type": "Feature", "properties": {"highway": "tertiary"}, "geometry": {"type": "LineString", "coordinates": [[-48.485411, -1.4000307], [-48.4850627, -1.400036], [-48.4846918, -1.4000445], [-48.484341, -1.4000493], [-48.483984, -1.4000504], [-48.483619, -1.4000551], [-48.4832615, -1.4000681], [-48.4829042, -1.4000732], [-48.4825269, -1.4000847], [-48.4824463, -1.4000862], [-48.4821864, -1.4000912], [-48.4818149, -1.4000999], [-48.4814777, -1.400103], [-48.4811102, -1.4001116], [-48.4807317, -1.400124]]}}, {"type": "Feature", "properties": {"highway": "secondary"}, "geometry": {"type": "LineString", "coordinates": [[-48.4533433, -1.4024982], [-48.4534043, -1.4017318]]}}, {"type": "Feature", "properties": {"highway": "secondary"}, "geometry": {"type": "LineString", "coordinates": [[-48.4533433, -1.4024982], [-48.4533126, -1.4028438]]}}, {"type": "Feature", "properties": {"highway": "secondary"}, "geometry": {"type": "LineString", "coordinates": [[-48.4609215, -1.3771722], [-48.4608745, -1.376893], [-48.4607971, -1.3764949], [-48.4607119, -1.3761341], [-48.4606387, -1.3758113], [-48.4606222, -1.3757688], [-48.4605693, -1.3756387], [-48.4604884, -1.3755104], [-48.460381, -1.3753658], [-48.4603376, -1.3752835], [-48.46015, -1.3748602], [-48.460059, -1.3745982], [-48.459969, -1.3743963], [-48.4598788, -1.3741717], [-48.4597495, -1.3739185], [-48.4595573, -1.3734447], [-48.4594587, -1.3732112], [-48.459399, -1.3730727], [-48.4593625, -1.3729736], [-48.4593321, -1.3729025], [-48.4592755, -1.3727602], [-48.4592521, -1.3726984], [-48.4589739, -1.3720647], [-48.4588604, -1.3718225], [-48.4587661, -1.3716216], [-48.4587376, -1.3715601], [-48.458588, -1.3712864], [-48.4585341, -1.3712039], [-48.4584131, -1.3709268], [-48.4583796, -1.3708187], [-48.4583459, -1.3707098], [-48.4583244, -1.370574], [-48.4583076, -1.3704679], [-48.4583037, -1.3704002], [-48.4582995, -1.3702411], [-48.458291, -1.3701789], [-48.4582965, -1.3700071], [-48.4583039, -1.3698225], [-48.4583154, -1.3694585], [-48.4583203, -1.3693037], [-48.4583196, -1.3692785], [-48.4583325, -1.3680813], [-48.4583397, -1.3674972], [-48.4583471, -1.3672934], [-48.4583496, -1.3672254], [-48.4583496, -1.3670051], [-48.4583584, -1.3663227], [-48.4583584, -1.3661546], [-48.4583584, -1.3658561], [-48.4583726, -1.3653427], [-48.4584425, -1.3628059], [-48.4584096, -1.3626199], [-48.4583821, -1.3624656], [-48.4583693, -1.3623897], [-48.4583689, -1.362306], [-48.4583793, -1.3622355], [-48.4584058, -1.3621481], [-48.4584337, -1.3620415], [-48.4584602, -1.3619523], [-48.458468, -1.3618605], [-48.4584731, -1.3617446], [-48.4584911, -1.3613185], [-48.4585182, -1.3606741], [-48.458525, -1.3605294], [-48.4585379, -1.3600549], [-48.4585638, -1.3594296], [-48.4585695, -1.3593106], [-48.4586021, -1.3586552], [-48.458595, -1.3584866], [-48.4586176, -1.3575611], [-48.458637, -1.3571097], [-48.4586485, -1.3568008], [-48.4586673, -1.3558548], [-48.4587185, -1.3548207], [-48.4587268, -1.3547331], [-48.4587406, -1.3546567], [-48.458753, -1.354588], [-48.4588242, -1.3543756], [-48.4589341, -1.3540722], [-48.4590994, -1.3536613], [-48.4592622, -1.3532365], [-48.4593084, -1.3531159], [-48.4595328, -1.352548], [-48.4596494, -1.3522508], [-48.4596639, -1.3522139], [-48.4598207, -1.3518409], [-48.4599772, -1.3514586], [-48.4600969, -1.3511881], [-48.4602987, -1.3506503], [-48.4604366, -1.3503314], [-48.4605936, -1.3499647], [-48.4606318, -1.3498666], [-48.4607192, -1.3496276], [-48.4609775, -1.3489216], [-48.4610758, -1.3487373]]}}, {"type": "Feature", "properties": {"highway": "secondary"}, "geometry": {"type": "LineString", "coordinates": [[-48.4531625, -1.4029272], [-48.4525836, -1.4029621]]}}, {"type": "Feature", "properties": {"highway": "secondary"}, "geometry": {"type": "LineString", "coordinates": [[-48.4525836, -1.4029621], [-48.4526633, -1.4029234], [-48.4531321, -1.4028251]]}}, {"type": "Feature", "properties": {"highway": "primary"}, "geometry": {"type": "LineString", "coordinates": [[-48.4774112, -1.301661], [-48.4775523, -1.3017408]]}}, {"type": "Feature", "properties": {"highway": "tertiary"}, "geometry": {"type": "LineString", "coordinates": [[-48.4418486, -1.380611], [-48.4416277, -1.3806092], [-48.4409202, -1.3806034], [-48.440215, -1.3805976], [-48.4396186, -1.3805927], [-48.4393618, -1.3805906]]}}, {"type": "Feature", "properties": {"highway": "tertiary"}, "geometry": {"type": "LineString", "coordinates": [[-48.4490607, -1.3790625], [-48.4490697, -1.3786669], [-48.4490812, -1.3780327], [-48.4490825, -1.3777003], [-48.4490495, -1.3774352], [-48.4489377, -1.3768468], [-48.4488118, -1.3759396], [-48.4486922, -1.3751189], [-48.4486597, -1.3749077], [-48.4486136, -1.3746422], [-48.4486448, -1.3744572], [-48.4486879, -1.3742241], [-48.4487801, -1.3737691], [-48.4488528, -1.3733801]]}}, {"type": "Feature", "properties": {"highway": "secondary"}, "geometry": {"type": "LineString", "coordinates": [[-48.4532357, -1.4027629], [-48.4533433, -1.4024982]]}}, {"type": "Feature", "properties": {"highway": "secondary"}, "geometry": {"type": "LineString", "coordinates": [[-48.4532852, -1.4030584], [-48.4531886, -1.4029418]]}}, {"type": "Feature", "properties": {"highway": "secondary"}, "geometry": {"type": "LineString", "coordinates": [[-48.4531625, -1.4029272], [-48.4531384, -1.4028984], [-48.4531277, -1.4028624], [-48.4531321, -1.4028251]]}}, {"type": "Feature", "properties": {"highway": "tertiary"}, "geometry": {"type": "LineString", "coordinates": [[-48.4875436, -1.3005229], [-48.487608, -1.2994209], [-48.4876425, -1.299017], [-48.487682, -1.2985204]]}}, {"type": "Feature", "properties": {"highway": "secondary"}, "geometry": {"type": "LineString", "coordinates": [[-48.4611844, -1.3487718], [-48.4611577, -1.3488199], [-48.461131, -1.348868], [-48.461089, -1.3489718], [-48.4608098, -1.3496617], [-48.4607509, -1.3498223], [-48.4605267, -1.3503703], [-48.4603028, -1.3509693], [-48.4602574, -1.3511184], [-48.460217, -1.3513241], [-48.4601754, -1.3514598], [-48.4601474, -1.3515377], [-48.460078, -1.3516738], [-48.4599974, -1.3518046], [-48.4598779, -1.3520071], [-48.4597737, -1.3522124], [-48.4597393, -1.3522918], [-48.4595881, -1.3526403], [-48.459342, -1.3532706], [-48.4590561, -1.3540025], [-48.4589657, -1.3542346], [-48.4588773, -1.3545074], [-48.4588457, -1.3546342], [-48.458843, -1.354664], [-48.4588341, -1.35476], [-48.4588215, -1.3548821], [-48.458802, -1.3552133], [-48.4587689, -1.3560848], [-48.4587652, -1.3561954], [-48.4587544, -1.3568005], [-48.4587172, -1.3575832], [-48.4587077, -1.3580946], [-48.4587166, -1.3582358], [-48.4587403, -1.3583783], [-48.4587531, -1.3584648], [-48.4587566, -1.3585294], [-48.4587514, -1.3586227], [-48.4587469, -1.358675], [-48.4586894, -1.3593146], [-48.4586876, -1.3594188], [-48.4586627, -1.3599711], [-48.458647, -1.3604704], [-48.4586466, -1.3605326], [-48.4586206, -1.3610397], [-48.458573, -1.3622362], [-48.4585674, -1.3624448], [-48.4585046, -1.3645564], [-48.4585036, -1.3647767], [-48.4584936, -1.3661522], [-48.4584603, -1.3672957], [-48.4584575, -1.3674399], [-48.458441, -1.3683355], [-48.4584297, -1.3688502], [-48.4584103, -1.3694637], [-48.4583909, -1.370039], [-48.4583848, -1.3702053], [-48.4584206, -1.3705385], [-48.4584904, -1.370784], [-48.4585299, -1.3709017], [-48.4586653, -1.3711972], [-48.4586974, -1.3712469], [-48.4588311, -1.3714924], [-48.4588704, -1.3715695], [-48.459039, -1.3719348], [-48.4592101, -1.3723177], [-48.45937, -1.3726774], [-48.4594649, -1.3729076], [-48.4595272, -1.3730534], [-48.4595749, -1.3731681], [-48.459683, -1.3734489], [-48.4598732, -1.3738954], [-48.4598927, -1.3739273], [-48.4599855, -1.3741109], [-48.4601039, -1.3743797], [-48.460175, -1.3745492], [-48.4602896, -1.3748395], [-48.4604402, -1.3752374], [-48.4604742, -1.3753026], [-48.460525, -1.3753905], [-48.4605815, -1.3754742], [-48.4606639, -1.3756141], [-48.4607243, -1.3757679], [-48.460813, -1.3761486], [-48.4609163, -1.3765401], [-48.4609812, -1.3768816], [-48.4610355, -1.3772244]]}}, {"type": "Feature", "properties": {"highway": "secondary"}, "geometry": {"type": "LineString", "coordinates": [[-48.4994051, -1.4587831], [-48.4982526, -1.4580735], [-48.4981657, -1.4580218], [-48.4981602, -1.4580198]]}}, {"type": "Feature", "properties": {"highway": "tertiary"}, "geometry": {"type": "LineString", "coordinates": [[-48.4713695, -1.4266904], [-48.4725669, -1.4258829], [-48.473059, -1.425551], [-48.4738535, -1.4250152], [-48.4739774, -1.4249327], [-48.4744415, -1.4246211], [-48.4747973, -1.4243822], [-48.4750772, -1.4241943], [-48.4757987, -1.4237099], [-48.4763319, -1.4233449], [-48.4766715, -1.4231246], [-48.4780889, -1.4221755], [-48.4790452, -1.4215351], [-48.4790591, -1.4215275]]}}, {"type": "Feature", "properties": {"highway": "tertiary"}, "geometry": {"type": "LineString", "coordinates": [[-48.4661795, -1.4026126], [-48.4660934, -1.4024153]]}}, {"type": "Feature", "properties": {"highway": "tertiary"}, "geometry": {"type": "LineString", "coordinates": [[-48.4520957, -1.4378739], [-48.451563, -1.4382328], [-48.4510961, -1.4385563], [-48.4510384, -1.4386052]]}}, {"type": "Feature", "properties": {"highway": "tertiary"}, "geometry": {"type": "LineString", "coordinates": [[-48.4685039, -1.4019701], [-48.4684134, -1.4019359], [-48.4683236, -1.4019325], [-48.4682641, -1.4019349], [-48.4680984, -1.4019481], [-48.467952, -1.4019833], [-48.4679055, -1.4019945], [-48.4675753, -1.4021202], [-48.4665053, -1.4025583], [-48.4662091, -1.4026796]]}}, {"type": "Feature", "properties": {"highway": "secondary"}, "geometry": {"type": "LineString", "coordinates": [[-48.4922193, -1.4423309], [-48.4911982, -1.4430811], [-48.4908436, -1.4433551], [-48.4907733, -1.443404], [-48.4907188, -1.4434453], [-48.4904632, -1.4436697], [-48.4903329, -1.4437846], [-48.490189, -1.4439608], [-48.4900216, -1.4441847], [-48.4898475, -1.4443972]]}}, {"type": "Feature", "properties": {"highway": "tertiary"}, "geometry": {"type": "LineString", "coordinates": [[-48.4961875, -1.4629548], [-48.4963132, -1.4630748], [-48.4964597, -1.4632202]]}}, {"type": "Feature", "properties": {"highway": "tertiary"}, "geometry": {"type": "LineString", "coordinates": [[-48.5025733, -1.4661278], [-48.5025376, -1.4661701], [-48.5024879, -1.4662291], [-48.502444, -1.4663146], [-48.5023875, -1.4664249], [-48.502332, -1.4665817], [-48.5023098, -1.4666443], [-48.5022315, -1.46686], [-48.5021293, -1.4671044], [-48.5020268, -1.4673411], [-48.5019747, -1.4674655], [-48.501721, -1.4680705]]}}, {"type": "Feature", "properties": {"highway": "tertiary"}, "geometry": {"type": "LineString", "coordinates": [[-48.4995123, -1.4709355], [-48.4993741, -1.4707632], [-48.4993153, -1.470692], [-48.4990403, -1.4703666], [-48.4981795, -1.469343], [-48.4979938, -1.4691148], [-48.4979328, -1.4690424], [-48.4979015, -1.4690073], [-48.4974726, -1.4684763], [-48.4973211, -1.4682915], [-48.4970382, -1.4679395], [-48.496949, -1.4678284], [-48.4967129, -1.4675347], [-48.4963934, -1.4671385], [-48.4961894, -1.4668758], [-48.4958585, -1.4664501], [-48.495594, -1.4661059]]}}, {"type": "Feature", "properties": {"highway": "trunk"}, "geometry": {"type": "LineString", "coordinates": [[-48.4517086, -1.4261202], [-48.4516358, -1.4260165], [-48.4514585, -1.4257541], [-48.4512763, -1.4254827]]}}, {"type": "Feature", "properties": {"highway": "trunk"}, "geometry": {"type": "LineString", "coordinates": [[-48.4529481, -1.42755], [-48.453142, -1.4278959]]}}, {"type": "Feature", "properties": {"highway": "tertiary"}, "geometry": {"type": "LineString", "coordinates": [[-48.3259593, -1.3799498], [-48.3254054, -1.3797465], [-48.3252284, -1.3796459], [-48.3250299, -1.3795253], [-48.3248019, -1.3793644], [-48.3242708, -1.3789461], [-48.3239999, -1.3787477], [-48.3231545, -1.3781238], [-48.3225374, -1.3776684]]}}, {"type": "Feature", "properties": {"highway": "tertiary"}, "geometry": {"type": "LineString", "coordinates": [[-48.4869156, -1.4597478], [-48.4869448, -1.4597751], [-48.4871838, -1.4600733], [-48.4879088, -1.4609488], [-48.4879724, -1.461028]]}}, {"type": "Feature", "properties": {"highway": "secondary"}, "geometry": {"type": "LineString", "coordinates": [[-48.4865547, -1.4636845], [-48.487096, -1.4632855], [-48.487189, -1.4632166], [-48.4873708, -1.463078], [-48.4876404, -1.4628611]]}}, {"type": "Feature", "properties": {"highway": "tertiary"}, "geometry": {"type": "LineString", "coordinates": [[-48.4877342, -1.45862], [-48.4877128, -1.4586079], [-48.4874706, -1.4585096], [-48.486773, -1.4585047], [-48.486316, -1.4584984], [-48.4856231, -1.4584717]]}}, {"type": "Feature", "properties": {"highway": "secondary"}, "geometry": {"type": "LineString", "coordinates": [[-48.4899093, -1.4583325], [-48.4908582, -1.4588895], [-48.4920285, -1.4595082]]}}, {"type": "Feature", "properties": {"highway": "tertiary"}, "geometry": {"type": "LineString", "coordinates": [[-48.4899093, -1.4583325], [-48.4896503, -1.4586888], [-48.4894424, -1.4589797], [-48.489211, -1.4593034]]}}, {"type": "Feature", "properties": {"highway": "secondary"}, "geometry": {"type": "LineString", "coordinates": [[-48.4907237, -1.4571304], [-48.4903158, -1.4577331], [-48.4899584, -1.4582611], [-48.4899093, -1.4583325]]}}, {"type": "Feature", "properties": {"highway": "secondary"}, "geometry": {"type": "LineString", "coordinates": [[-48.4907237, -1.4571304], [-48.4894239, -1.4562526]]}}, {"type": "Feature", "properties": {"highway": "secondary"}, "geometry": {"type": "LineString", "coordinates": [[-48.4961875, -1.4629548], [-48.4960952, -1.4630864], [-48.4959311, -1.4633251]]}}, {"type": "Feature", "properties": {"highway": "secondary"}, "geometry": {"type": "LineString", "coordinates": [[-48.4844128, -1.4634065], [-48.4843522, -1.4633803]]}}, {"type": "Feature", "properties": {"highway": "secondary"}, "geometry": {"type": "LineString", "coordinates": [[-48.4827927, -1.463253], [-48.4826874, -1.4632465], [-48.482586, -1.4632403], [-48.4818321, -1.463173], [-48.48089, -1.4630766], [-48.4804994, -1.4630642], [-48.4803931, -1.4630608], [-48.4803082, -1.4630542], [-48.4784536, -1.4629112], [-48.4781076, -1.4628836], [-48.4777702, -1.4628668], [-48.4767604, -1.4627831], [-48.476271, -1.4627543], [-48.4753321, -1.4626991], [-48.4752404, -1.4626937]]}}, {"type": "Feature", "properties": {"highway": "secondary"}, "geometry": {"type": "LineString", "coordinates": [[-48.4804663, -1.4549799], [-48.4799668, -1.4549907], [-48.4798834, -1.4549908], [-48.4794906, -1.4549883], [-48.4794022, -1.4549849], [-48.4789264, -1.4549665], [-48.4787669, -1.4549604], [-48.4784944, -1.4549498], [-48.478139, -1.4549361], [-48.4773651, -1.4549082], [-48.4770307, -1.4548973], [-48.4755866, -1.4548502]]}}, {"type": "Feature", "properties": {"highway": "secondary"}, "geometry": {"type": "LineString", "coordinates": [[-48.5038711, -1.4527978], [-48.5038556, -1.4528471], [-48.5037731, -1.4529501], [-48.5034309, -1.4533814]]}}, {"type": "Feature", "properties": {"highway": "tertiary"}, "geometry": {"type": "LineString", "coordinates": [[-48.4856174, -1.455694], [-48.4857285, -1.4552395], [-48.485887, -1.4545969], [-48.4859162, -1.4544964]]}}, {"type": "Feature", "properties": {"highway": "tertiary"}, "geometry": {"type": "LineString", "coordinates": [[-48.4943486, -1.4611321], [-48.4945751, -1.4613665], [-48.4950778, -1.4618624], [-48.4951249, -1.4619045], [-48.4954611, -1.4622495], [-48.4957682, -1.4625436]]}}, {"type": "Feature", "properties": {"highway": "tertiary"}, "geometry": {"type": "LineString", "coordinates": [[-48.486196, -1.4677644], [-48.485781, -1.4681098], [-48.4856964, -1.4681764], [-48.4856594, -1.4682055], [-48.4851173, -1.4686532], [-48.4846374, -1.4690431], [-48.4842869, -1.4693534], [-48.484196, -1.4694395], [-48.4841276, -1.4695029]]}}, {"type": "Feature", "properties": {"highway": "tertiary"}, "geometry": {"type": "LineString", "coordinates": [[-48.4841276, -1.4695029], [-48.4840458, -1.4695719], [-48.4834162, -1.470056], [-48.482717, -1.4705362], [-48.4821401, -1.4709661], [-48.4816172, -1.4713294], [-48.4809027, -1.4718437], [-48.4803659, -1.4722364], [-48.4792511, -1.4730518]]}}, {"type": "Feature", "properties": {"highway": "primary"}, "geometry": {"type": "LineString", "coordinates": [[-48.492548, -1.453942], [-48.4926168, -1.4538018]]}}, {"type": "Feature", "properties": {"highway": "tertiary"}, "geometry": {"type": "LineString", "coordinates": [[-48.501721, -1.4680705], [-48.5015821, -1.4684312], [-48.5015251, -1.4685813], [-48.5014336, -1.4688205], [-48.5013343, -1.4690922], [-48.5012669, -1.4692776], [-48.5011673, -1.4694482], [-48.5010597, -1.4695941], [-48.5008653, -1.4697837], [-48.5003482, -1.4702058]]}}, {"type": "Feature", "properties": {"highway": "primary"}, "geometry": {"type": "LineString", "coordinates": [[-48.492548, -1.453942], [-48.4914212, -1.4536537], [-48.4913832, -1.4536442], [-48.491341, -1.4536334], [-48.4911656, -1.4535952], [-48.4902566, -1.4533399], [-48.4898124, -1.4532177], [-48.4894704, -1.4531188], [-48.4890288, -1.4529912], [-48.4889362, -1.4529636], [-48.4887776, -1.4529168], [-48.4877178, -1.452637], [-48.487583, -1.4525989]]}}, {"type": "Feature", "properties": {"highway": "tertiary"}, "geometry": {"type": "LineString", "coordinates": [[-48.4998167, -1.4738038], [-48.4995727, -1.4734995], [-48.4995277, -1.4734375], [-48.4993386, -1.4731764], [-48.4992508, -1.4730504], [-48.4991978, -1.4729827], [-48.4990865, -1.4728205], [-48.4987955, -1.4724491], [-48.4983887, -1.4718979]]}}, {"type": "Feature", "properties": {"highway": "tertiary"}, "geometry": {"type": "LineString", "coordinates": [[-48.5024861, -1.4724381], [-48.5029656, -1.4720398], [-48.5032641, -1.4717565], [-48.5035624, -1.4714624], [-48.5041238, -1.4708787], [-48.505153, -1.4697778], [-48.5053362, -1.4695444], [-48.5054523, -1.4693771], [-48.5055975, -1.4691474], [-48.5057785, -1.4687454], [-48.5059684, -1.4683137], [-48.5061634, -1.4678898], [-48.5062367, -1.4677076]]}}, {"type": "Feature", "properties": {"highway": "tertiary"}, "geometry": {"type": "LineString", "coordinates": [[-48.502133, -1.4727088], [-48.5021556, -1.4726623], [-48.5021783, -1.4726008], [-48.5021846, -1.4725547], [-48.5021819, -1.4725441], [-48.5021733, -1.4725112], [-48.501685, -1.4719621], [-48.5016409, -1.4719037], [-48.5014409, -1.4716469], [-48.5011788, -1.4713391], [-48.5009371, -1.4710554], [-48.5009047, -1.471016], [-48.5008759, -1.4709809], [-48.5008247, -1.4709149], [-48.5005814, -1.470622], [-48.5002906, -1.4702506]]}}, {"type": "Feature", "properties": {"highway": "tertiary"}, "geometry": {"type": "LineString", "coordinates": [[-48.5002202, -1.470048], [-48.5003482, -1.4702058]]}}, {"type": "Feature", "properties": {"highway": "tertiary"}, "geometry": {"type": "LineString", "coordinates": [[-48.5002202, -1.470048], [-48.5007161, -1.4696456], [-48.5009487, -1.4693897], [-48.501058, -1.4692228], [-48.5011493, -1.4690166], [-48.5012536, -1.468756], [-48.5013092, -1.4686073], [-48.5013678, -1.4684722], [-48.5014094, -1.4683629], [-48.5015738, -1.4679537]]}}, {"type": "Feature", "properties": {"highway": "tertiary"}, "geometry": {"type": "LineString", "coordinates": [[-48.5027115, -1.4654224], [-48.502623, -1.4657591], [-48.502619, -1.4658148], [-48.502624, -1.4658672], [-48.5026403, -1.4659174]]}}, {"type": "Feature", "properties": {"highway": "tertiary"}, "geometry": {"type": "LineString", "coordinates": [[-48.5038083, -1.4623244], [-48.5037268, -1.4625211]]}}, {"type": "Feature", "properties": {"highway": "tertiary"}, "geometry": {"type": "LineString", "coordinates": [[-48.4750383, -1.4676043], [-48.4750455, -1.4670314]]}}, {"type": "Feature", "properties": {"highway": "tertiary"}, "geometry": {"type": "LineString", "coordinates": [[-48.4750455, -1.4670314], [-48.4750827, -1.4665592], [-48.4751063, -1.4656226], [-48.4751327, -1.4651107], [-48.4751561, -1.4643738], [-48.4751682, -1.4639939]]}}, {"type": "Feature", "properties": {"highway": "secondary"}, "geometry": {"type": "LineString", "coordinates": [[-48.4825895, -1.4666974], [-48.4830238, -1.4663822], [-48.4830826, -1.4663345]]}}, {"type": "Feature", "properties": {"highway": "secondary"}, "geometry": {"type": "LineString", "coordinates": [[-48.4830826, -1.4663345], [-48.4831465, -1.4662861], [-48.4835852, -1.4659521], [-48.4840079, -1.4656302], [-48.4843014, -1.4654034], [-48.4846726, -1.4651244], [-48.4854138, -1.4645579]]}}, {"type": "Feature", "properties": {"highway": "tertiary"}, "geometry": {"type": "LineString", "coordinates": [[-48.5025733, -1.4661278], [-48.5025443, -1.4661221], [-48.5025186, -1.4661112], [-48.5024963, -1.4660943], [-48.5024787, -1.4660725], [-48.5024669, -1.4660471]]}}, {"type": "Feature", "properties": {"highway": "secondary"}, "geometry": {"type": "LineString", "coordinates": [[-48.4771172, -1.458033], [-48.4770229, -1.4591814], [-48.4770098, -1.4593501]]}}, {"type": "Feature", "properties": {"highway": "secondary"}, "geometry": {"type": "LineString", "coordinates": [[-48.4781607, -1.4459601], [-48.4780528, -1.4470099], [-48.4780468, -1.447144], [-48.4778952, -1.4484833], [-48.4777713, -1.4499434], [-48.4777573, -1.4501187], [-48.4776086, -1.4518618], [-48.4776016, -1.4519876], [-48.4773651, -1.4549082], [-48.4773596, -1.4549741], [-48.4773355, -1.4552621], [-48.4772452, -1.456343], [-48.477234, -1.4564764]]}}, {"type": "Feature", "properties": {"highway": "primary"}, "geometry": {"type": "LineString", "coordinates": [[-48.4645996, -1.4481086], [-48.4652486, -1.4481835], [-48.4653011, -1.4481878], [-48.465822, -1.4482448], [-48.46608, -1.4482766], [-48.4662385, -1.4482898], [-48.4663642, -1.448296]]}}, {"type": "Feature", "properties": {"highway": "secondary"}, "geometry": {"type": "LineString", "coordinates": [[-48.4722389, -1.4563504], [-48.4739468, -1.4564426], [-48.474347, -1.456461], [-48.4747131, -1.4564758], [-48.4755046, -1.4564933], [-48.4755122, -1.4564932], [-48.4764667, -1.4564862], [-48.4768233, -1.4564823], [-48.477234, -1.4564764]]}}, {"type": "Feature", "properties": {"highway": "tertiary"}, "geometry": {"type": "LineString", "coordinates": [[-48.4657061, -1.4558727], [-48.4662957, -1.4559019], [-48.466424, -1.455908], [-48.4665929, -1.4559234], [-48.4666317, -1.4559264], [-48.4667763, -1.455937], [-48.4670471, -1.4559569], [-48.4688117, -1.4560763], [-48.4688695, -1.4560802]]}}, {"type": "Feature", "properties": {"highway": "secondary"}, "geometry": {"type": "LineString", "coordinates": [[-48.477234, -1.4564764], [-48.4781519, -1.456469], [-48.4787714, -1.4564442], [-48.4791832, -1.4564288], [-48.4795271, -1.4564141], [-48.4795699, -1.4564114], [-48.4799568, -1.4564182], [-48.4804545, -1.4564174], [-48.4804991, -1.4564182], [-48.4805799, -1.4564241], [-48.4809709, -1.4564462], [-48.4817548, -1.4565384], [-48.4820671, -1.4565873], [-48.4826749, -1.4566553], [-48.4827374, -1.4566639], [-48.4834019, -1.4567303], [-48.4834137, -1.4567318], [-48.4842217, -1.4568375], [-48.4843192, -1.4568503], [-48.4852171, -1.4569643], [-48.4853041, -1.4569752]]}}, {"type": "Feature", "properties": {"highway": "secondary"}, "geometry": {"type": "LineString", "coordinates": [[-48.4853041, -1.4569752], [-48.4858807, -1.4570452], [-48.4860918, -1.4570708], [-48.4864977, -1.4571119], [-48.4866449, -1.4571297], [-48.4870636, -1.4571789], [-48.4877421, -1.45727], [-48.4878219, -1.4572807]]}}, {"type": "Feature", "properties": {"highway": "secondary"}, "geometry": {"type": "LineString", "coordinates": [[-48.4843522, -1.4633803], [-48.4842922, -1.4633711], [-48.4838563, -1.4633325]]}}, {"type": "Feature", "properties": {"highway": "secondary"}, "geometry": {"type": "LineString", "coordinates": [[-48.4691853, -1.444425], [-48.4691875, -1.444293], [-48.4691933, -1.4439341], [-48.4691988, -1.4437633]]}}, {"type": "Feature", "properties": {"highway": "secondary"}, "geometry": {"type": "LineString", "coordinates": [[-48.4691092, -1.4465481], [-48.4691218, -1.446373], [-48.4691289, -1.4462492], [-48.4691312, -1.4461622], [-48.4691668, -1.4451493]]}}, {"type": "Feature", "properties": {"highway": "secondary"}, "geometry": {"type": "LineString", "coordinates": [[-48.4750959, -1.4384806], [-48.4750835, -1.4384599], [-48.4746785, -1.4378532], [-48.4742996, -1.4372687], [-48.4738286, -1.4365682], [-48.4737279, -1.4364165], [-48.4735256, -1.436121], [-48.4734855, -1.4360625], [-48.4732859, -1.4357369], [-48.4731446, -1.4355341], [-48.4730246, -1.4353618], [-48.472951, -1.4352434], [-48.4729418, -1.4352286], [-48.472758, -1.4349442], [-48.4726628, -1.4348159]]}}, {"type": "Feature", "properties": {"highway": "tertiary"}, "geometry": {"type": "LineString", "coordinates": [[-48.4853041, -1.4569752], [-48.4855874, -1.4558049], [-48.4856174, -1.455694]]}}, {"type": "Feature", "properties": {"highway": "secondary"}, "geometry": {"type": "LineString", "coordinates": [[-48.4759518, -1.4459386], [-48.4760123, -1.4445861], [-48.4760222, -1.4443466], [-48.4760621, -1.4434444], [-48.476093, -1.4427737]]}}, {"type": "Feature", "properties": {"highway": "tertiary"}, "geometry": {"type": "LineString", "coordinates": [[-48.4781607, -1.4459601], [-48.4769701, -1.4459521], [-48.4760813, -1.445939], [-48.4759518, -1.4459386]]}}, {"type": "Feature", "properties": {"highway": "tertiary"}, "geometry": {"type": "LineString", "coordinates": [[-48.4709105, -1.4463999], [-48.4709041, -1.4466017], [-48.4708817, -1.4474356], [-48.4708555, -1.4483808]]}}, {"type": "Feature", "properties": {"highway": "tertiary"}, "geometry": {"type": "LineString", "coordinates": [[-48.4657061, -1.4558727], [-48.4657002, -1.4567207], [-48.4656962, -1.4572147], [-48.4656939, -1.457269], [-48.4656377, -1.4586242], [-48.4656041, -1.4598337], [-48.4655828, -1.4608942], [-48.465577, -1.4611199], [-48.4655697, -1.461603], [-48.4655804, -1.4619618], [-48.4655843, -1.4620263], [-48.4655811, -1.4621967]]}}, {"type": "Feature", "properties": {"highway": "tertiary"}, "geometry": {"type": "LineString", "coordinates": [[-48.4607805, -1.4554977], [-48.4620918, -1.4556146], [-48.4624172, -1.4556434], [-48.4651204, -1.4558367], [-48.4657061, -1.4558727]]}}, {"type": "Feature", "properties": {"highway": "secondary"}, "geometry": {"type": "LineString", "coordinates": [[-48.4692546, -1.4412661], [-48.4692375, -1.4412181], [-48.4692168, -1.4411799], [-48.4689875, -1.440837], [-48.4687845, -1.4405272], [-48.4686538, -1.4403415], [-48.4685879, -1.440243], [-48.4682917, -1.4397707], [-48.468195, -1.439615], [-48.4678, -1.4390142], [-48.4675166, -1.4386137]]}}, {"type": "Feature", "properties": {"highway": "secondary"}, "geometry": {"type": "LineString", "coordinates": [[-48.4761523, -1.4398668], [-48.4761439, -1.4398467], [-48.4761288, -1.4398212], [-48.4758506, -1.4395598], [-48.4758429, -1.4395505]]}}, {"type": "Feature", "properties": {"highway": "secondary"}, "geometry": {"type": "LineString", "coordinates": [[-48.4771415, -1.4246326], [-48.4793834, -1.4231241], [-48.4798925, -1.4227816], [-48.4804164, -1.4224291], [-48.4804654, -1.4223961]]}}, {"type": "Feature", "properties": {"highway": "secondary"}, "geometry": {"type": "LineString", "coordinates": [[-48.4817593, -1.4215449], [-48.4816307, -1.4216328], [-48.4814791, -1.4217192], [-48.4814331, -1.4217449]]}}, {"type": "Feature", "properties": {"highway": "secondary"}, "geometry": {"type": "LineString", "coordinates": [[-48.4471726, -1.443632], [-48.4471776, -1.4428254]]}}, {"type": "Feature", "properties": {"highway": "tertiary"}, "geometry": {"type": "LineString", "coordinates": [[-48.4559709, -1.4558443], [-48.4564826, -1.4557015], [-48.4570077, -1.4555553], [-48.4583171, -1.4552691]]}}, {"type": "Feature", "properties": {"highway": "tertiary"}, "geometry": {"type": "LineString", "coordinates": [[-48.4657779, -1.4621617], [-48.466032, -1.4621879], [-48.4674365, -1.4622128], [-48.4677634, -1.4622139], [-48.4679803, -1.462219], [-48.4687475, -1.4622576]]}}, {"type": "Feature", "properties": {"highway": "tertiary"}, "geometry": {"type": "LineString", "coordinates": [[-48.5024745, -1.465959], [-48.5027115, -1.4654224]]}}, {"type": "Feature", "properties": {"highway": "secondary"}, "geometry": {"type": "LineString", "coordinates": [[-48.4757801, -1.4754558], [-48.4758219, -1.4754468], [-48.4758721, -1.4754651], [-48.4759044, -1.4755038], [-48.4759178, -1.4755346], [-48.475917, -1.4755748]]}}, {"type": "Feature", "properties": {"highway": "secondary"}, "geometry": {"type": "LineString", "coordinates": [[-48.4589205, -1.4716928], [-48.4593533, -1.4747851], [-48.4594119, -1.4750746], [-48.45945, -1.4753409], [-48.4594836, -1.4755916], [-48.4595092, -1.4757656], [-48.4595362, -1.4760106], [-48.4595507, -1.4760273], [-48.4595747, -1.4760414]]}}, {"type": "Feature", "properties": {"highway": "tertiary"}, "geometry": {"type": "LineString", "coordinates": [[-48.4559389, -1.4528765], [-48.4558781, -1.4529362]]}}, {"type": "Feature", "properties": {"highway": "tertiary"}, "geometry": {"type": "LineString", "coordinates": [[-48.4575672, -1.4516516], [-48.4572583, -1.4516406], [-48.4571102, -1.4516355], [-48.4570038, -1.4516379], [-48.4569127, -1.4516649], [-48.4568347, -1.4517249]]}}, {"type": "Feature", "properties": {"highway": "secondary"}, "geometry": {"type": "LineString", "coordinates": [[-48.4666279, -1.4317033], [-48.4666925, -1.4316589], [-48.4669985, -1.4314484], [-48.4670625, -1.4314044]]}}, {"type": "Feature", "properties": {"highway": "secondary"}, "geometry": {"type": "LineString", "coordinates": [[-48.4670625, -1.4314044], [-48.4673277, -1.4312277], [-48.4683459, -1.4305493], [-48.4693923, -1.4298522]]}}, {"type": "Feature", "properties": {"highway": "tertiary"}, "geometry": {"type": "LineString", "coordinates": [[-48.4688416, -1.4574403], [-48.4687922, -1.4574368], [-48.467311, -1.4573307], [-48.4658039, -1.4572224], [-48.4656962, -1.4572147], [-48.4656378, -1.4572101], [-48.4653992, -1.4572002], [-48.4638934, -1.4570939], [-48.4638419, -1.4570894], [-48.46298, -1.4570278], [-48.4628405, -1.457014], [-48.4626336, -1.4570016], [-48.4622817, -1.4569704], [-48.461924, -1.4569442], [-48.4618058, -1.4569356], [-48.4608048, -1.4568756]]}}, {"type": "Feature", "properties": {"highway": "tertiary"}, "geometry": {"type": "LineString", "coordinates": [[-48.492486, -1.4644505], [-48.4915783, -1.4633455], [-48.4912673, -1.4629547], [-48.4909659, -1.462576], [-48.4907212, -1.4622684], [-48.490033, -1.4614174], [-48.4898535, -1.4611758]]}}, {"type": "Feature", "properties": {"highway": "tertiary"}, "geometry": {"type": "LineString", "coordinates": [[-48.4661207, -1.4302905], [-48.4659067, -1.4304415], [-48.4655772, -1.430673], [-48.4645288, -1.4313565], [-48.4644588, -1.4314001], [-48.4643175, -1.4314948], [-48.4641553, -1.4316036], [-48.4639053, -1.4317709], [-48.4634625, -1.4320666]]}}, {"type": "Feature", "properties": {"highway": "tertiary"}, "geometry": {"type": "LineString", "coordinates": [[-48.5014961, -1.4505244], [-48.5010789, -1.4510368]]}}, {"type": "Feature", "properties": {"highway": "primary"}, "geometry": {"type": "LineString", "coordinates": [[-48.4726756, -1.4150973], [-48.4724012, -1.4150213], [-48.4719014, -1.4149054], [-48.4715253, -1.4147889], [-48.4705299, -1.4145413], [-48.4697589, -1.414349], [-48.4683916, -1.414008]]}}, {"type": "Feature", "properties": {"highway": "tertiary"}, "geometry": {"type": "LineString", "coordinates": [[-48.4872258, -1.4153584], [-48.4873378, -1.4153529], [-48.4877166, -1.4153355], [-48.4877634, -1.4153318], [-48.4882799, -1.4152913], [-48.4886996, -1.4152651], [-48.4892073, -1.415241]]}}, {"type": "Feature", "properties": {"highway": "tertiary"}, "geometry": {"type": "LineString", "coordinates": [[-48.4892073, -1.415241], [-48.489338, -1.4152336], [-48.4894607, -1.4152222], [-48.4895425, -1.4152001], [-48.4896438, -1.4151673], [-48.4897296, -1.4151364], [-48.489904, -1.4150714], [-48.4901172, -1.4149943], [-48.4902446, -1.4149581], [-48.4904142, -1.414932], [-48.4905638, -1.4149219], [-48.4908568, -1.4149138], [-48.491408, -1.4148985], [-48.4916038, -1.4148931], [-48.4921007, -1.4148783]]}}, {"type": "Feature", "properties": {"highway": "tertiary"}, "geometry": {"type": "LineString", "coordinates": [[-48.4921007, -1.4148783], [-48.4921604, -1.4146571], [-48.4922275, -1.4144768], [-48.492275, -1.4143763], [-48.4923464, -1.4142493], [-48.4923984, -1.4141785], [-48.4925044, -1.4140565], [-48.4925862, -1.4139848], [-48.4927551, -1.4138614], [-48.4928453, -1.4138021], [-48.4929121, -1.4137676], [-48.493201, -1.4136543]]}}, {"type": "Feature", "properties": {"highway": "tertiary"}, "geometry": {"type": "LineString", "coordinates": [[-48.4726756, -1.4150973], [-48.4729491, -1.4148982], [-48.4743421, -1.4139317], [-48.4749795, -1.4135211]]}}, {"type": "Feature", "properties": {"highway": "primary"}, "geometry": {"type": "LineString", "coordinates": [[-48.4652282, -1.4131454], [-48.4651307, -1.4130783], [-48.4651022, -1.4130429], [-48.464976, -1.4128206], [-48.4648902, -1.4125816], [-48.4648823, -1.412475], [-48.4648504, -1.4111058], [-48.4648488, -1.4110647], [-48.4648497, -1.4110379]]}}, {"type": "Feature", "properties": {"highway": "primary"}, "geometry": {"type": "LineString", "coordinates": [[-48.4653588, -1.4132216], [-48.4653532, -1.4132186], [-48.4652282, -1.4131454]]}}, {"type": "Feature", "properties": {"highway": "secondary"}, "geometry": {"type": "LineString", "coordinates": [[-48.4673614, -1.4383868], [-48.467304, -1.4383007], [-48.4672215, -1.4381748], [-48.4665925, -1.4372154], [-48.4665351, -1.4371283], [-48.4664868, -1.4370544], [-48.465844, -1.4360723], [-48.4657246, -1.4358894], [-48.4653756, -1.4353756], [-48.4649634, -1.4347336], [-48.4649079, -1.4346515]]}}, {"type": "Feature", "properties": {"highway": "tertiary"}, "geometry": {"type": "LineString", "coordinates": [[-48.4630866, -1.4377046], [-48.463064, -1.4376823], [-48.4630415, -1.437643], [-48.4630245, -1.437604], [-48.463039, -1.4375499], [-48.4630618, -1.4375063], [-48.463098, -1.437473], [-48.4631433, -1.4374541], [-48.4631924, -1.4374516], [-48.4632394, -1.4374661], [-48.4632738, -1.4374906], [-48.4632995, -1.4375242], [-48.4633124, -1.4375565], [-48.4633172, -1.4375909], [-48.4633097, -1.4376382], [-48.4632871, -1.4376804], [-48.4632516, -1.4377127], [-48.4632075, -1.4377314], [-48.4631597, -1.4377344], [-48.4631136, -1.4377214], [-48.4630866, -1.4377046]]}}, {"type": "Feature", "properties": {"highway": "primary"}, "geometry": {"type": "LineString", "coordinates": [[-48.4920392, -1.401428], [-48.4924664, -1.4020333], [-48.4925647, -1.402198], [-48.4926465, -1.4023868], [-48.4926841, -1.4025158], [-48.4927135, -1.4026627], [-48.4927256, -1.402796], [-48.49272, -1.4029357], [-48.4927136, -1.4030132], [-48.4927055, -1.4030856], [-48.4926948, -1.4031539], [-48.4926816, -1.4031964], [-48.4926743, -1.4032201], [-48.4925, -1.4037335], [-48.4923735, -1.4041121], [-48.4922242, -1.4045586], [-48.4921128, -1.4049658], [-48.4920223, -1.4052973], [-48.4919291, -1.4056389], [-48.4916473, -1.4066713], [-48.49163, -1.4067765], [-48.4916139, -1.4068784], [-48.4916116, -1.4069849], [-48.4916187, -1.4071041], [-48.49163, -1.4072203], [-48.4916578, -1.4073341], [-48.4917643, -1.4077323], [-48.4919262, -1.4082865], [-48.492011, -1.4085491], [-48.4921262, -1.4088747], [-48.4921667, -1.4089722], [-48.4922732, -1.4092144], [-48.4924722, -1.4096669], [-48.4926317, -1.4100297], [-48.4926921, -1.4101698], [-48.4927412, -1.4103039], [-48.4927699, -1.4103924], [-48.4927994, -1.4105144], [-48.4928198, -1.4106426], [-48.4929308, -1.4116446], [-48.4929436, -1.4117608], [-48.4929856, -1.4121404], [-48.4930205, -1.4124568], [-48.4930368, -1.4126045], [-48.4930468, -1.4126795], [-48.4930741, -1.4128826], [-48.4931146, -1.413185], [-48.4931474, -1.4133855], [-48.493201, -1.4136543], [-48.4932131, -1.4137108]]}}, {"type": "Feature", "properties": {"highway": "primary"}, "geometry": {"type": "LineString", "coordinates": [[-48.4911982, -1.4001315], [-48.4917212, -1.4009314], [-48.4919867, -1.4013493], [-48.4920392, -1.401428]]}}, {"type": "Feature", "properties": {"highway": "tertiary"}, "geometry": {"type": "LineString", "coordinates": [[-48.4843929, -1.4013994], [-48.4839199, -1.4013887], [-48.4834612, -1.4013839], [-48.4830117, -1.4013794], [-48.4829567, -1.4013785], [-48.4825956, -1.4013728], [-48.4821504, -1.4013715], [-48.4817332, -1.4013635], [-48.4817195, -1.4013632], [-48.4812646, -1.4013555], [-48.4808399, -1.401353], [-48.4807535, -1.4013481], [-48.4803882, -1.4013425], [-48.480024, -1.4013336], [-48.4799448, -1.4013345], [-48.4795135, -1.4013284], [-48.4789157, -1.4013169], [-48.4787768, -1.4013051]]}}, {"type": "Feature", "properties": {"highway": "secondary"}, "geometry": {"type": "LineString", "coordinates": [[-48.4455921, -1.4083566], [-48.4456282, -1.408303]]}}, {"type": "Feature", "properties": {"highway": "secondary"}, "geometry": {"type": "LineString", "coordinates": [[-48.4424554, -1.4121369], [-48.4424321, -1.4121644]]}}, {"type": "Feature", "properties": {"highway": "tertiary"}, "geometry": {"type": "LineString", "coordinates": [[-48.43519, -1.3697917], [-48.4351657, -1.3697707], [-48.4347023, -1.3694049], [-48.4341436, -1.3690081], [-48.4337009, -1.368669], [-48.4335494, -1.3685549], [-48.433507, -1.3685228], [-48.4330737, -1.3681794], [-48.4325914, -1.3678055], [-48.4321667, -1.3674803], [-48.4317027, -1.3671236], [-48.4312672, -1.3667953], [-48.4308646, -1.3665051], [-48.4303928, -1.3661616]]}}, {"type": "Feature", "properties": {"highway": "tertiary"}, "geometry": {"type": "LineString", "coordinates": [[-48.4375995, -1.3716478], [-48.4373, -1.3714198], [-48.4368553, -1.3710832], [-48.4364398, -1.370745], [-48.4360143, -1.3704161], [-48.4355951, -1.370108], [-48.43519, -1.3697917]]}}, {"type": "Feature", "properties": {"highway": "primary"}, "geometry": {"type": "LineString", "coordinates": [[-48.4843624, -1.3796561], [-48.4815219, -1.3795919], [-48.4814026, -1.3795654], [-48.4813211, -1.3794746], [-48.4812852, -1.379378], [-48.4811088, -1.3788036], [-48.4810236, -1.3785896], [-48.4810049, -1.3785305], [-48.4809422, -1.3783322], [-48.4807286, -1.377707], [-48.4806161, -1.377379]]}}, {"type": "Feature", "properties": {"highway": "primary"}, "geometry": {"type": "LineString", "coordinates": [[-48.4785569, -1.3710099], [-48.4785111, -1.3708582], [-48.4784536, -1.3706936], [-48.4782161, -1.3699789], [-48.4781457, -1.3697546], [-48.4780693, -1.3695164], [-48.4778608, -1.3689148], [-48.4776838, -1.3683993], [-48.4776754, -1.3683742], [-48.4771002, -1.3666464], [-48.4770821, -1.3665928], [-48.4770615, -1.3665303], [-48.4769214, -1.3660913], [-48.4769091, -1.3660494], [-48.4768825, -1.3659592], [-48.4768121, -1.3657789], [-48.4767188, -1.365533], [-48.4766941, -1.3654678], [-48.4766624, -1.3653623], [-48.476392, -1.3644607], [-48.4762899, -1.3641201], [-48.4762517, -1.3639928], [-48.476214, -1.363867], [-48.4761335, -1.3635238], [-48.4760973, -1.363316], [-48.4760973, -1.3631792], [-48.4761067, -1.363027], [-48.4761349, -1.3629363], [-48.4762019, -1.3627207], [-48.4763031, -1.362472], [-48.4766579, -1.3615462], [-48.4768644, -1.3610796], [-48.4770374, -1.3606707], [-48.4771667, -1.3603094], [-48.4772077, -1.3601948], [-48.4773164, -1.3598944], [-48.4773861, -1.3597215], [-48.4773878, -1.3597143], [-48.4774183, -1.3595861], [-48.4774409, -1.3594712], [-48.477447, -1.3593661], [-48.4774463, -1.3591059], [-48.4774452, -1.3585417], [-48.4774456, -1.358386], [-48.4774413, -1.3579876], [-48.4774376, -1.3574476], [-48.4774285, -1.3568678], [-48.4774235, -1.3563554], [-48.4774187, -1.3558423], [-48.4774175, -1.3557932], [-48.4774125, -1.3552793], [-48.4774127, -1.355133]]}}, {"type": "Feature", "properties": {"highway": "primary"}, "geometry": {"type": "LineString", "coordinates": [[-48.4511353, -1.3472037], [-48.4506777, -1.346935], [-48.4506161, -1.3468974], [-48.4504263, -1.3467869], [-48.4501898, -1.3466546], [-48.4496989, -1.3463746], [-48.4492511, -1.3461291], [-48.4489379, -1.3459636], [-48.4483816, -1.3457001], [-48.4481815, -1.3456306], [-48.4474835, -1.3454473], [-48.4470632, -1.3453704], [-48.4467723, -1.3453219], [-48.4449657, -1.3449296], [-48.4449048, -1.3449145], [-48.4445271, -1.3448285], [-48.4444815, -1.3448162]]}}, {"type": "Feature", "properties": {"highway": "tertiary"}, "geometry": {"type": "LineString", "coordinates": [[-48.4508868, -1.3786933], [-48.4509933, -1.3787401], [-48.4511801, -1.3787908], [-48.4513425, -1.3788172], [-48.4515054, -1.3788374], [-48.453146, -1.3788713], [-48.454693, -1.3789012], [-48.4552731, -1.3789248], [-48.4554974, -1.3789362], [-48.4555866, -1.3789378], [-48.4564461, -1.3789611], [-48.4565057, -1.3789611]]}}, {"type": "Feature", "properties": {"highway": "tertiary"}, "geometry": {"type": "LineString", "coordinates": [[-48.4508868, -1.3786933], [-48.4509933, -1.3787401], [-48.4511801, -1.3787908], [-48.4513425, -1.3788172], [-48.4515054, -1.3788374], [-48.453146, -1.3788713], [-48.454693, -1.3789012], [-48.4552731, -1.3789248], [-48.4554974, -1.3789362], [-48.4555866, -1.3789378], [-48.4564461, -1.3789611], [-48.4565057, -1.3789611]]}}, {"type": "Feature", "properties": {"highway": "tertiary"}, "geometry": {"type": "LineString", "coordinates": [[-48.4585341, -1.3712039], [-48.4582867, -1.3712104], [-48.4570035, -1.3712277], [-48.4569365, -1.3712293], [-48.4567544, -1.3712262], [-48.4555794, -1.371187], [-48.455296, -1.3711721], [-48.4552457, -1.3711694], [-48.4550177, -1.3711537], [-48.4544729, -1.3711219], [-48.4540736, -1.3711131], [-48.4540183, -1.3711119], [-48.4524237, -1.3710504], [-48.4516647, -1.3710461], [-48.4511409, -1.3710405], [-48.4511035, -1.3710392], [-48.4496085, -1.3710086], [-48.4494481, -1.3710273], [-48.4493795, -1.3710392], [-48.4492764, -1.3710814]]}}, {"type": "Feature", "properties": {"highway": "tertiary"}, "geometry": {"type": "LineString", "coordinates": [[-48.4585341, -1.3712039], [-48.4582867, -1.3712104], [-48.4570035, -1.3712277], [-48.4569365, -1.3712293], [-48.4567544, -1.3712262], [-48.4555794, -1.371187], [-48.455296, -1.3711721], [-48.4552457, -1.3711694], [-48.4550177, -1.3711537], [-48.4544729, -1.3711219], [-48.4540736, -1.3711131], [-48.4540183, -1.3711119], [-48.4524237, -1.3710504], [-48.4516647, -1.3710461], [-48.4511409, -1.3710405], [-48.4511035, -1.3710392], [-48.4496085, -1.3710086], [-48.4494481, -1.3710273], [-48.4493795, -1.3710392], [-48.4492764, -1.3710814]]}}, {"type": "Feature", "properties": {"highway": "secondary"}, "geometry": {"type": "LineString", "coordinates": [[-48.4455079, -1.3564278], [-48.4457412, -1.356386], [-48.4460306, -1.3563462], [-48.4464434, -1.3562933], [-48.4470087, -1.3562208], [-48.4475636, -1.3561504], [-48.4479429, -1.3561003], [-48.4485456, -1.3560132], [-48.44894, -1.3559618], [-48.4494495, -1.3558994], [-48.44992, -1.3558298], [-48.4503059, -1.3557663], [-48.4508249, -1.3556842], [-48.4516729, -1.3555588], [-48.452605, -1.3554234], [-48.4532142, -1.3553401], [-48.4534547, -1.3553043]]}}, {"type": "Feature", "properties": {"highway": "secondary"}, "geometry": {"type": "LineString", "coordinates": [[-48.4423386, -1.3555558], [-48.4426823, -1.3563723], [-48.4428097, -1.356788]]}}, {"type": "Feature", "properties": {"highway": "secondary"}, "geometry": {"type": "LineString", "coordinates": [[-48.4323907, -1.3798379], [-48.4323435, -1.3797807], [-48.4319116, -1.3793927], [-48.4309049, -1.3784004], [-48.4308862, -1.3783514], [-48.4307885, -1.3782746], [-48.4306497, -1.3781698], [-48.4306114, -1.3781383]]}}, {"type": "Feature", "properties": {"highway": "secondary"}, "geometry": {"type": "LineString", "coordinates": [[-48.4423594, -1.3586579], [-48.4423142, -1.3581682], [-48.4423008, -1.3579645], [-48.4422605, -1.3575106]]}}, {"type": "Feature", "properties": {"highway": "secondary"}, "geometry": {"type": "LineString", "coordinates": [[-48.4432831, -1.3341175], [-48.4433274, -1.3340571], [-48.4433515, -1.3340042], [-48.4433629, -1.3339566], [-48.4434711, -1.3333289], [-48.4436057, -1.3326735], [-48.4436895, -1.3322599], [-48.4437633, -1.3318691], [-48.4437968, -1.3316143]]}}, {"type": "Feature", "properties": {"highway": "tertiary"}, "geometry": {"type": "LineString", "coordinates": [[-48.4509632, -1.4385206], [-48.4514986, -1.4381309], [-48.4521109, -1.4377309], [-48.4527282, -1.4373374], [-48.4527586, -1.4373193], [-48.4532791, -1.4369807], [-48.4533027, -1.4369649], [-48.4541192, -1.4364222], [-48.4545176, -1.4361365]]}}, {"type": "Feature", "properties": {"highway": "tertiary"}, "geometry": {"type": "LineString", "coordinates": [[-48.4509632, -1.4385206], [-48.4514986, -1.4381309], [-48.4521109, -1.4377309], [-48.4527282, -1.4373374], [-48.4527586, -1.4373193], [-48.4532791, -1.4369807], [-48.4533027, -1.4369649], [-48.4541192, -1.4364222], [-48.4545176, -1.4361365]]}}, {"type": "Feature", "properties": {"highway": "secondary"}, "geometry": {"type": "LineString", "coordinates": [[-48.4347538, -1.3964951], [-48.4346925, -1.3964853], [-48.4346266, -1.3964806], [-48.4344265, -1.396496], [-48.4339642, -1.3965037], [-48.4335348, -1.3965176], [-48.4330551, -1.3964936], [-48.4326573, -1.3964947], [-48.4322089, -1.3965067], [-48.4317351, -1.3964787]]}}, {"type": "Feature", "properties": {"highway": "secondary"}, "geometry": {"type": "LineString", "coordinates": [[-48.4340102, -1.3822744], [-48.4339296, -1.38217], [-48.4338407, -1.3820257], [-48.4335925, -1.3814317], [-48.4333895, -1.3810839], [-48.4332237, -1.3808119], [-48.4330519, -1.3805576]]}}, {"type": "Feature", "properties": {"highway": "secondary"}, "geometry": {"type": "LineString", "coordinates": [[-48.4290116, -1.3685475], [-48.429111, -1.368417], [-48.4292085, -1.3682257], [-48.4292579, -1.3681083], [-48.429403, -1.3677505], [-48.4294557, -1.3676489], [-48.4296299, -1.3672926], [-48.4297001, -1.3671693], [-48.4298216, -1.3669516], [-48.430101, -1.3665588], [-48.4303928, -1.3661616], [-48.4305441, -1.3659102], [-48.4306289, -1.3657386], [-48.4309005, -1.3651548], [-48.4309401, -1.3650546], [-48.4310083, -1.3649184], [-48.4311285, -1.364734], [-48.431769, -1.3639187], [-48.4319762, -1.3636565], [-48.4321299, -1.3634408], [-48.4322976, -1.3632036], [-48.4323314, -1.3631573], [-48.4325636, -1.3628308], [-48.432607, -1.3627698], [-48.4327513, -1.3625767], [-48.4327889, -1.3625259], [-48.4327992, -1.3625108], [-48.4328311, -1.362464]]}}, {"type": "Feature", "properties": {"highway": "secondary"}, "geometry": {"type": "LineString", "coordinates": [[-48.4315217, -1.3957416], [-48.4313714, -1.3951896], [-48.4312203, -1.3947232], [-48.4311026, -1.3942986], [-48.4310465, -1.394073]]}}, {"type": "Feature", "properties": {"highway": "secondary"}, "geometry": {"type": "LineString", "coordinates": [[-48.4310465, -1.394073], [-48.4307317, -1.3928703], [-48.4303321, -1.391196], [-48.4302882, -1.3909775], [-48.4300907, -1.3902059], [-48.4299478, -1.389634], [-48.429906, -1.3894557]]}}, {"type": "Feature", "properties": {"highway": "secondary"}, "geometry": {"type": "LineString", "coordinates": [[-48.4213105, -1.3692862], [-48.4213293, -1.369364], [-48.4213903, -1.3695269], [-48.4214392, -1.3696522], [-48.4214889, -1.3698433], [-48.4215432, -1.3701087], [-48.4216424, -1.3707084], [-48.4217175, -1.3711625], [-48.421945, -1.3722876], [-48.4219971, -1.3725455], [-48.4220406, -1.3727631], [-48.42211, -1.3731444], [-48.4221534, -1.373311], [-48.4221976, -1.3734733], [-48.4222419, -1.373545], [-48.4222882, -1.3735939], [-48.4223948, -1.3736435], [-48.4225269, -1.3736784], [-48.4226576, -1.3737032], [-48.4229916, -1.3737461], [-48.4231934, -1.3737803], [-48.4233738, -1.3738165]]}}, {"type": "Feature", "properties": {"highway": "secondary"}, "geometry": {"type": "LineString", "coordinates": [[-48.4678133, -1.3612948], [-48.4673379, -1.3612801], [-48.4669261, -1.3612814], [-48.4664987, -1.3612746], [-48.4664439, -1.3612756], [-48.4661086, -1.3612722], [-48.4656937, -1.3612463], [-48.465152, -1.3612632]]}}, {"type": "Feature", "properties": {"highway": "secondary"}, "geometry": {"type": "LineString", "coordinates": [[-48.4306114, -1.3781383], [-48.4306076, -1.378083], [-48.4306148, -1.3779789], [-48.4305094, -1.3777583], [-48.430383, -1.3775671], [-48.4303397, -1.3774966], [-48.4302061, -1.3772882], [-48.4300374, -1.3770568], [-48.4300215, -1.3770329], [-48.4299585, -1.3769493], [-48.4297197, -1.3765315], [-48.4296715, -1.3764492], [-48.4295301, -1.3761705], [-48.4293595, -1.3757256], [-48.4293151, -1.3755275], [-48.4292572, -1.3750949]]}}, {"type": "Feature", "properties": {"highway": "tertiary"}, "geometry": {"type": "LineString", "coordinates": [[-48.4833935, -1.3023056], [-48.4833486, -1.3031826]]}}, {"type": "Feature", "properties": {"highway": "tertiary"}, "geometry": {"type": "LineString", "coordinates": [[-48.4833486, -1.3031826], [-48.483322, -1.3036799], [-48.4832773, -1.304463], [-48.4832164, -1.3054174], [-48.4832067, -1.3055635], [-48.4831311, -1.3066167]]}}, {"type": "Feature", "properties": {"highway": "secondary"}, "geometry": {"type": "LineString", "coordinates": [[-48.4660404, -1.3018631], [-48.4659029, -1.3018517], [-48.4658328, -1.3018462], [-48.4656882, -1.3018341], [-48.4654959, -1.3018163], [-48.4648231, -1.3017673], [-48.4641285, -1.3017129], [-48.463418, -1.3016729], [-48.4630162, -1.3016471], [-48.4626339, -1.3016432], [-48.4624609, -1.3016445], [-48.4623566, -1.3016606], [-48.4622261, -1.3016965]]}}, {"type": "Feature", "properties": {"highway": "tertiary"}, "geometry": {"type": "LineString", "coordinates": [[-48.4784364, -1.2911651], [-48.4785421, -1.2902246]]}}, {"type": "Feature", "properties": {"highway": "tertiary"}, "geometry": {"type": "LineString", "coordinates": [[-48.485414, -1.3024305], [-48.4853476, -1.303273]]}}, {"type": "Feature", "properties": {"highway": "primary"}, "geometry": {"type": "LineString", "coordinates": [[-48.486287, -1.3122499], [-48.486505, -1.3115661]]}}, {"type": "Feature", "properties": {"highway": "tertiary"}, "geometry": {"type": "LineString", "coordinates": [[-48.4674197, -1.3237428], [-48.4675317, -1.323718], [-48.4676406, -1.3237176], [-48.467885, -1.3237783], [-48.4680513, -1.3238249], [-48.4681432, -1.3238821], [-48.4681829, -1.3239295]]}}, {"type": "Feature", "properties": {"highway": "secondary"}, "geometry": {"type": "LineString", "coordinates": [[-48.4622261, -1.3016965], [-48.4601111, -1.302293], [-48.4598287, -1.3023376], [-48.4595537, -1.3023524], [-48.4590557, -1.3023376], [-48.4580961, -1.3022829], [-48.4572826, -1.3022365], [-48.4571407, -1.3022284], [-48.4569229, -1.3022159], [-48.4566274, -1.3021991], [-48.4548747, -1.302095]]}}, {"type": "Feature", "properties": {"highway": "secondary"}, "geometry": {"type": "LineString", "coordinates": [[-48.4690716, -1.307233], [-48.4690153, -1.307647], [-48.4689748, -1.3079984], [-48.4689248, -1.3083919], [-48.4688865, -1.3089233], [-48.4688517, -1.3093186]]}}, {"type": "Feature", "properties": {"highway": "tertiary"}, "geometry": {"type": "LineString", "coordinates": [[-48.4853476, -1.303273], [-48.4853241, -1.303673], [-48.4853042, -1.3040471], [-48.4852727, -1.3046023], [-48.4852005, -1.3058661], [-48.4851879, -1.3060873], [-48.4851491, -1.3067652]]}}, {"type": "Feature", "properties": {"highway": "tertiary"}, "geometry": {"type": "LineString", "coordinates": [[-48.4688517, -1.3093186], [-48.4688104, -1.309801], [-48.4687829, -1.3100658], [-48.4687682, -1.3104144], [-48.4687751, -1.3105869], [-48.468795, -1.3110848], [-48.4687989, -1.3114083], [-48.468799, -1.3114159], [-48.4687977, -1.3116667]]}}, {"type": "Feature", "properties": {"highway": "secondary"}, "geometry": {"type": "LineString", "coordinates": [[-48.4773319, -1.3102405], [-48.4764168, -1.3101445], [-48.4759857, -1.3100765], [-48.4754254, -1.3099452], [-48.4750649, -1.3099009], [-48.4744797, -1.3098387], [-48.4744276, -1.3098399], [-48.473321, -1.3097862], [-48.4730476, -1.3097567], [-48.4727591, -1.3097256], [-48.4719948, -1.3096428], [-48.4712649, -1.3095639], [-48.4711043, -1.3095465], [-48.4702013, -1.3094212], [-48.4688517, -1.3093186]]}}, {"type": "Feature", "properties": {"highway": "primary"}, "geometry": {"type": "LineString", "coordinates": [[-48.482886, -1.3104707], [-48.4809004, -1.3102703], [-48.4802835, -1.3102313], [-48.4796641, -1.310219], [-48.4795443, -1.3102218]]}}, {"type": "Feature", "properties": {"highway": "tertiary"}, "geometry": {"type": "LineString", "coordinates": [[-48.4868659, -1.31037], [-48.4868784, -1.3103152], [-48.4869016, -1.3100479], [-48.4869039, -1.3100213], [-48.4869906, -1.3090225], [-48.4870256, -1.3086345], [-48.4870648, -1.3080248], [-48.4870826, -1.3077479], [-48.4871071, -1.3073667], [-48.4871352, -1.3069307]]}}, {"type": "Feature", "properties": {"highway": "tertiary"}, "geometry": {"type": "LineString", "coordinates": [[-48.4775487, -1.2699471], [-48.4776477, -1.2698245], [-48.4778017, -1.2694765], [-48.4778186, -1.2692013], [-48.4778214, -1.2689167], [-48.4777961, -1.2687316], [-48.4777881, -1.2686727], [-48.477712, -1.268419], [-48.4776114, -1.2682594], [-48.4774438, -1.2681146], [-48.4772185, -1.267947], [-48.4769301, -1.2677566], [-48.476387, -1.2673772], [-48.4758452, -1.2670058], [-48.4753391, -1.2666787], [-48.4748019, -1.2662878], [-48.4742797, -1.2659147], [-48.4741922, -1.2658105], [-48.4741272, -1.2657059], [-48.4740434, -1.2655642], [-48.4739839, -1.265263], [-48.4738635, -1.2646824], [-48.4738443, -1.2645564], [-48.4737777, -1.264107], [-48.4737062, -1.2636515], [-48.4736597, -1.2635356], [-48.4735937, -1.2634438], [-48.4732335, -1.2632573], [-48.4727373, -1.2629635], [-48.4722996, -1.2626932], [-48.4720011, -1.2624191], [-48.4718621, -1.2622916], [-48.4716941, -1.2621078], [-48.4715216, -1.2616128], [-48.4712599, -1.2608771], [-48.4711605, -1.2606661], [-48.4709354, -1.2600713], [-48.4707587, -1.259638], [-48.4707195, -1.2595417], [-48.4706055, -1.2592427], [-48.4704995, -1.2590013], [-48.4702732, -1.2586809], [-48.4699454, -1.2583314]]}}, {"type": "Feature", "properties": {"highway": "tertiary"}, "geometry": {"type": "LineString", "coordinates": [[-48.4736457, -1.2741186], [-48.473977, -1.273766], [-48.4746154, -1.2730607], [-48.4754535, -1.2721849], [-48.475707, -1.2719111], [-48.4762542, -1.2713325], [-48.4767732, -1.2707975], [-48.4770548, -1.2704878], [-48.4773029, -1.2702169], [-48.4775487, -1.2699471]]}}, {"type": "Feature", "properties": {"highway": "primary"}, "geometry": {"type": "LineString", "coordinates": [[-48.4371198, -1.4130775], [-48.4368785, -1.4125302], [-48.4367012, -1.4121597], [-48.4365399, -1.4117759], [-48.4364284, -1.4114779], [-48.4363799, -1.4114089], [-48.436271, -1.4112541], [-48.436151, -1.4111706], [-48.4360069, -1.4111189], [-48.4358624, -1.4111237], [-48.4357628, -1.4111264], [-48.435623, -1.4111303], [-48.4355195, -1.4111455], [-48.435426, -1.4111592], [-48.4353325, -1.4111729], [-48.4348523, -1.4112491], [-48.4347133, -1.4112719], [-48.434695, -1.4112744], [-48.4346298, -1.4112836], [-48.4345791, -1.4112924], [-48.4336187, -1.4114606]]}}, {"type": "Feature", "properties": {"highway": "tertiary"}, "geometry": {"type": "LineString", "coordinates": [[-48.4283895, -1.4091393], [-48.4279412, -1.4088907], [-48.4275289, -1.408653], [-48.427033, -1.4083786], [-48.4266271, -1.4081136], [-48.4264412, -1.4079445], [-48.4261398, -1.4077286], [-48.4259303, -1.4076022], [-48.4256731, -1.4074835], [-48.4254972, -1.4073621], [-48.4242875, -1.4066883]]}}, {"type": "Feature", "properties": {"highway": "tertiary"}, "geometry": {"type": "LineString", "coordinates": [[-48.4284312, -1.407909], [-48.4283895, -1.4091393], [-48.4283941, -1.4092838], [-48.4283472, -1.4110386], [-48.4283158, -1.4123726]]}}, {"type": "Feature", "properties": {"highway": "tertiary"}, "geometry": {"type": "LineString", "coordinates": [[-48.5042257, -1.4626751], [-48.5037268, -1.4625211]]}}, {"type": "Feature", "properties": {"highway": "tertiary"}, "geometry": {"type": "LineString", "coordinates": [[-48.4805925, -1.4521486], [-48.4806081, -1.4493013], [-48.4806068, -1.4487824], [-48.4806097, -1.4486014], [-48.480593, -1.4480678], [-48.4805846, -1.4479061], [-48.4805819, -1.4468886], [-48.4805853, -1.4467225], [-48.4806235, -1.4452395], [-48.4806168, -1.4448588], [-48.4806114, -1.444722], [-48.4806047, -1.4445357], [-48.4806061, -1.4444257], [-48.4805913, -1.4440356], [-48.48059, -1.4438278], [-48.4805682, -1.4431174], [-48.4805698, -1.44293], [-48.4805693, -1.4427862], [-48.4805616, -1.4422223], [-48.4805635, -1.4409878], [-48.4805831, -1.439973], [-48.4805804, -1.4391143]]}}, {"type": "Feature", "properties": {"highway": "tertiary"}, "geometry": {"type": "LineString", "coordinates": [[-48.4804124, -1.4582526], [-48.4804415, -1.4572687], [-48.4804545, -1.4564174]]}}, {"type": "Feature", "properties": {"highway": "secondary"}, "geometry": {"type": "LineString", "coordinates": [[-48.4782913, -1.4445357], [-48.4781901, -1.445635], [-48.4781851, -1.4456722], [-48.4781733, -1.4457986], [-48.4781695, -1.4458492], [-48.4781607, -1.4459601]]}}, {"type": "Feature", "properties": {"highway": "secondary"}, "geometry": {"type": "LineString", "coordinates": [[-48.4760014, -1.4724452], [-48.4759794, -1.472815], [-48.4758982, -1.4734834]]}}, {"type": "Feature", "properties": {"highway": "secondary"}, "geometry": {"type": "LineString", "coordinates": [[-48.4973521, -1.4575328], [-48.4970636, -1.4573519]]}}, {"type": "Feature", "properties": {"highway": "secondary"}, "geometry": {"type": "LineString", "coordinates": [[-48.4992765, -1.4589466], [-48.4984731, -1.4584523], [-48.498154, -1.4582544], [-48.4980317, -1.4581786], [-48.497516, -1.4578711], [-48.4969475, -1.4575213], [-48.4968766, -1.4574778]]}}, {"type": "Feature", "properties": {"highway": "secondary"}, "geometry": {"type": "LineString", "coordinates": [[-48.4968766, -1.4574778], [-48.4961625, -1.457038], [-48.4958555, -1.4568346], [-48.4958279, -1.4568087], [-48.4957836, -1.4567112]]}}, {"type": "Feature", "properties": {"highway": "secondary"}, "geometry": {"type": "LineString", "coordinates": [[-48.4960082, -1.4567188], [-48.4959634, -1.4567026], [-48.4957836, -1.4567112]]}}, {"type": "Feature", "properties": {"highway": "secondary"}, "geometry": {"type": "LineString", "coordinates": [[-48.5012886, -1.4563708], [-48.5008957, -1.4568872], [-48.5003976, -1.4575428], [-48.5001703, -1.4578152], [-48.4997668, -1.4583406], [-48.4997423, -1.4583713], [-48.4994823, -1.4586976], [-48.4994566, -1.4587299], [-48.4994051, -1.4587831]]}}, {"type": "Feature", "properties": {"highway": "secondary"}, "geometry": {"type": "LineString", "coordinates": [[-48.4992765, -1.4589466], [-48.4985562, -1.4599025], [-48.4984881, -1.459993], [-48.4979994, -1.4606082], [-48.4977671, -1.4609007], [-48.4977449, -1.4609286], [-48.4976989, -1.4609865], [-48.4969875, -1.4619087], [-48.4966884, -1.462301], [-48.4961875, -1.4629548]]}}, {"type": "Feature", "properties": {"highway": "tertiary"}, "geometry": {"type": "LineString", "coordinates": [[-48.4782913, -1.4445357], [-48.4772608, -1.4444585], [-48.4767853, -1.4444184], [-48.4760222, -1.4443466], [-48.4758803, -1.4443341], [-48.4756172, -1.4443109], [-48.4751567, -1.4442704], [-48.4749874, -1.4442555], [-48.4748241, -1.4442411], [-48.4744431, -1.4442094], [-48.4744153, -1.4442073]]}}, {"type": "Feature", "properties": {"highway": "tertiary"}, "geometry": {"type": "LineString", "coordinates": [[-48.482824, -1.4459452], [-48.4823672, -1.4457979], [-48.4823463, -1.4457912], [-48.4821076, -1.4457148], [-48.4806235, -1.4452395], [-48.4791664, -1.4447977], [-48.4789934, -1.4447428], [-48.4782913, -1.4445357]]}}, {"type": "Feature", "properties": {"highway": "tertiary"}, "geometry": {"type": "LineString", "coordinates": [[-48.4828302, -1.4473592], [-48.4828252, -1.4481871], [-48.4828233, -1.4484495], [-48.4828199, -1.4485686]]}}, {"type": "Feature", "properties": {"highway": "tertiary"}, "geometry": {"type": "LineString", "coordinates": [[-48.4689126, -1.4545164], [-48.4683087, -1.4544858], [-48.4681639, -1.4544785]]}}, {"type": "Feature", "properties": {"highway": "primary"}, "geometry": {"type": "LineString", "coordinates": [[-48.4666031, -1.4482995], [-48.4667071, -1.4483005], [-48.4668168, -1.4483003]]}}, {"type": "Feature", "properties": {"highway": "primary"}, "geometry": {"type": "LineString", "coordinates": [[-48.486044, -1.4385459], [-48.4861227, -1.4377002], [-48.4861133, -1.4374678]]}}, {"type": "Feature", "properties": {"highway": "primary"}, "geometry": {"type": "LineString", "coordinates": [[-48.4971004, -1.4459682], [-48.4975826, -1.4466265], [-48.4978205, -1.446914], [-48.4981006, -1.4472186], [-48.4983415, -1.4474736], [-48.4984947, -1.4476258], [-48.4985994, -1.4477168], [-48.4986168, -1.4477385], [-48.4986766, -1.4478199], [-48.4987405, -1.4479313]]}}, {"type": "Feature", "properties": {"highway": "primary"}, "geometry": {"type": "LineString", "coordinates": [[-48.4531507, -1.4095784], [-48.4532426, -1.4095362], [-48.4533434, -1.4094865], [-48.4536418, -1.4092997], [-48.4539214, -1.4090805], [-48.4544801, -1.4085901], [-48.4548334, -1.4083223], [-48.4550875, -1.4081601], [-48.455371, -1.4080239], [-48.4557058, -1.4078964], [-48.4560178, -1.4078166], [-48.456357, -1.4077677], [-48.4567489, -1.4077433], [-48.457235, -1.4077459], [-48.4580855, -1.4077677], [-48.458209, -1.4077716], [-48.458258, -1.4077732], [-48.4584329, -1.4077761], [-48.4600778, -1.4078151], [-48.4608996, -1.4078346], [-48.4627398, -1.4078839], [-48.4631776, -1.4078932]]}}, {"type": "Feature", "properties": {"highway": "primary"}, "geometry": {"type": "LineString", "coordinates": [[-48.4531507, -1.4095784], [-48.4532426, -1.4095362], [-48.4533434, -1.4094865], [-48.4536418, -1.4092997], [-48.4539214, -1.4090805], [-48.4544801, -1.4085901], [-48.4548334, -1.4083223], [-48.4550875, -1.4081601], [-48.455371, -1.4080239], [-48.4557058, -1.4078964], [-48.4560178, -1.4078166], [-48.456357, -1.4077677], [-48.4567489, -1.4077433], [-48.457235, -1.4077459], [-48.4580855, -1.4077677], [-48.458209, -1.4077716], [-48.458258, -1.4077732], [-48.4584329, -1.4077761], [-48.4600778, -1.4078151], [-48.4608996, -1.4078346], [-48.4627398, -1.4078839], [-48.4631776, -1.4078932]]}}, {"type": "Feature", "properties": {"highway": "secondary"}, "geometry": {"type": "LineString", "coordinates": [[-48.4537719, -1.4726857], [-48.4539838, -1.4726817], [-48.4541488, -1.4726603], [-48.4545476, -1.4725472]]}}, {"type": "Feature", "properties": {"highway": "secondary"}, "geometry": {"type": "LineString", "coordinates": [[-48.4539288, -1.472785], [-48.4538417, -1.4727856], [-48.4537022, -1.472781], [-48.45286, -1.472738], [-48.4527379, -1.4727152], [-48.452585, -1.4726737], [-48.4522927, -1.4725664], [-48.4519359, -1.4724102], [-48.4517764, -1.4723304], [-48.451761, -1.4723227], [-48.4516583, -1.4722607], [-48.4514625, -1.4720677], [-48.4508497, -1.4713839], [-48.4506008, -1.4710428]]}}, {"type": "Feature", "properties": {"highway": "secondary"}, "geometry": {"type": "LineString", "coordinates": [[-48.4539288, -1.472785], [-48.4538417, -1.4727856], [-48.4537022, -1.472781], [-48.45286, -1.472738], [-48.4527379, -1.4727152], [-48.452585, -1.4726737], [-48.4522927, -1.4725664], [-48.4519359, -1.4724102], [-48.4517764, -1.4723304], [-48.451761, -1.4723227], [-48.4516583, -1.4722607], [-48.4514625, -1.4720677], [-48.4508497, -1.4713839], [-48.4506008, -1.4710428]]}}, {"type": "Feature", "properties": {"highway": "secondary"}, "geometry": {"type": "LineString", "coordinates": [[-48.4533061, -1.4028902], [-48.4532899, -1.403011], [-48.4532852, -1.4030584]]}}, {"type": "Feature", "properties": {"highway": "secondary"}, "geometry": {"type": "LineString", "coordinates": [[-48.4456282, -1.408303], [-48.4465911, -1.4071701], [-48.4467852, -1.4069415], [-48.4474568, -1.4061413], [-48.4476424, -1.4059206]]}}, {"type": "Feature", "properties": {"highway": "secondary"}, "geometry": {"type": "LineString", "coordinates": [[-48.4895552, -1.4445472], [-48.4891103, -1.4451372], [-48.489092, -1.4451605], [-48.4890481, -1.4452231]]}}, {"type": "Feature", "properties": {"highway": "secondary"}, "geometry": {"type": "LineString", "coordinates": [[-48.4921641, -1.4422316], [-48.4910365, -1.4430427]]}}, {"type": "Feature", "properties": {"highway": "tertiary"}, "geometry": {"type": "LineString", "coordinates": [[-48.4990919, -1.4549778], [-48.4996727, -1.4553422], [-48.5001887, -1.455692], [-48.5002731, -1.455749], [-48.5011654, -1.4563054], [-48.5012886, -1.4563708]]}}, {"type": "Feature", "properties": {"highway": "secondary"}, "geometry": {"type": "LineString", "coordinates": [[-48.453826, -1.394851], [-48.4526809, -1.3948456], [-48.4521425, -1.3948603], [-48.4514612, -1.3948871], [-48.4484642, -1.3949982], [-48.4482984, -1.3950003], [-48.4478323, -1.3950219], [-48.4469565, -1.3950453], [-48.4464405, -1.3950528], [-48.4459259, -1.3950632], [-48.4441284, -1.3951288], [-48.4439962, -1.3951329], [-48.4432978, -1.3951584], [-48.4422192, -1.3951931], [-48.4412521, -1.3952442], [-48.4411828, -1.3952479], [-48.4407284, -1.3952647], [-48.440121, -1.3953225]]}}, {"type": "Feature", "properties": {"highway": "secondary"}, "geometry": {"type": "LineString", "coordinates": [[-48.453826, -1.394851], [-48.4526809, -1.3948456], [-48.4521425, -1.3948603], [-48.4514612, -1.3948871], [-48.4484642, -1.3949982], [-48.4482984, -1.3950003], [-48.4478323, -1.3950219], [-48.4469565, -1.3950453], [-48.4464405, -1.3950528], [-48.4459259, -1.3950632], [-48.4441284, -1.3951288], [-48.4439962, -1.3951329], [-48.4432978, -1.3951584], [-48.4422192, -1.3951931], [-48.4412521, -1.3952442], [-48.4411828, -1.3952479], [-48.4407284, -1.3952647], [-48.440121, -1.3953225]]}}, {"type": "Feature", "properties": {"highway": "secondary"}, "geometry": {"type": "LineString", "coordinates": [[-48.440121, -1.3953225], [-48.4388112, -1.3954008]]}}, {"type": "Feature", "properties": {"highway": "tertiary"}, "geometry": {"type": "LineString", "coordinates": [[-48.486044, -1.4385459], [-48.4846167, -1.4392711], [-48.4842338, -1.4394802], [-48.4835496, -1.4398378], [-48.4829483, -1.4401515], [-48.4829438, -1.4401539], [-48.4828883, -1.4401834]]}}, {"type": "Feature", "properties": {"highway": "secondary"}, "geometry": {"type": "LineString", "coordinates": [[-48.4531321, -1.4028251], [-48.4531478, -1.4027964], [-48.4531724, -1.4027749], [-48.453203, -1.4027632], [-48.4532357, -1.4027629]]}}, {"type": "Feature", "properties": {"highway": "secondary"}, "geometry": {"type": "LineString", "coordinates": [[-48.4533126, -1.4028438], [-48.4533123, -1.4028674], [-48.4533061, -1.4028902], [-48.4532866, -1.4029195], [-48.4532577, -1.4029395], [-48.4532234, -1.4029473], [-48.4531886, -1.4029418], [-48.4531625, -1.4029272]]}}, {"type": "Feature", "properties": {"highway": "secondary"}, "geometry": {"type": "LineString", "coordinates": [[-48.4532357, -1.4027629], [-48.4532639, -1.4027725], [-48.4532876, -1.4027905], [-48.4533044, -1.4028151], [-48.4533126, -1.4028438]]}}, {"type": "Feature", "properties": {"highway": "secondary"}, "geometry": {"type": "LineString", "coordinates": [[-48.4587045, -1.4713094], [-48.4587549, -1.4712908], [-48.4588168, -1.4712955], [-48.45887, -1.4713274]]}}, {"type": "Feature", "properties": {"highway": "secondary"}, "geometry": {"type": "LineString", "coordinates": [[-48.4757135, -1.4755372], [-48.4757293, -1.4754899], [-48.4757524, -1.475474], [-48.4757801, -1.4754558]]}}, {"type": "Feature", "properties": {"highway": "secondary"}, "geometry": {"type": "LineString", "coordinates": [[-48.45887, -1.4713274], [-48.4588881, -1.4713446], [-48.4588996, -1.4713699], [-48.4589092, -1.4714021], [-48.4589106, -1.4714356], [-48.4589038, -1.4714685]]}}, {"type": "Feature", "properties": {"highway": "secondary"}, "geometry": {"type": "LineString", "coordinates": [[-48.4587316, -1.4715525], [-48.4586877, -1.4715273], [-48.4586561, -1.4714879], [-48.4586412, -1.4714395], [-48.458645, -1.4713891], [-48.4586672, -1.4713436], [-48.4587045, -1.4713094]]}}, {"type": "Feature", "properties": {"highway": "tertiary"}, "geometry": {"type": "LineString", "coordinates": [[-48.2534948, -1.3639102], [-48.2535523, -1.3634115], [-48.2536215, -1.3625786], [-48.2536578, -1.3617905], [-48.2537354, -1.3607207], [-48.2537664, -1.3603022], [-48.2538622, -1.3589117], [-48.253894, -1.358354], [-48.2539579, -1.3576034], [-48.2539655, -1.3575474], [-48.2539683, -1.3574814], [-48.253995, -1.3570508], [-48.2540347, -1.3567175], [-48.2540842, -1.3561425], [-48.254121, -1.3555565], [-48.2541618, -1.3548791], [-48.2542023, -1.3542166], [-48.2542431, -1.3535323], [-48.2542912, -1.3528175], [-48.2543792, -1.3515377], [-48.2544781, -1.3500704]]}}, {"type": "Feature", "properties": {"highway": "tertiary"}, "geometry": {"type": "LineString", "coordinates": [[-48.2694594, -1.3432831], [-48.2691079, -1.3435703], [-48.268977, -1.3436872], [-48.268473, -1.3441408], [-48.2679981, -1.3445574], [-48.2675249, -1.3449854], [-48.2670581, -1.345413], [-48.2657343, -1.3465059], [-48.265672, -1.3465408], [-48.2656116, -1.3465622], [-48.2655593, -1.3465723], [-48.2648205, -1.3465811], [-48.2647057, -1.3466024], [-48.2645743, -1.346648], [-48.2644697, -1.3466963], [-48.2638071, -1.3472165], [-48.263553, -1.3474463]]}}, {"type": "Feature", "properties": {"highway": "secondary"}, "geometry": {"type": "LineString", "coordinates": [[-48.4758982, -1.4734834], [-48.4758889, -1.4736295], [-48.4758211, -1.4747212], [-48.4758081, -1.474983], [-48.475802, -1.4750884], [-48.4758041, -1.4753392]]}}, {"type": "Feature", "properties": {"highway": "secondary"}, "geometry": {"type": "LineString", "coordinates": [[-48.4688695, -1.4560802], [-48.4705933, -1.4562079], [-48.4706742, -1.4562146]]}}, {"type": "Feature", "properties": {"highway": "secondary"}, "geometry": {"type": "LineString", "coordinates": [[-48.4920285, -1.4595082], [-48.4926139, -1.4601939], [-48.4929016, -1.4605372], [-48.4929174, -1.4605588], [-48.4931017, -1.4607978], [-48.4931781, -1.4608968]]}}, {"type": "Feature", "properties": {"highway": "secondary"}, "geometry": {"type": "LineString", "coordinates": [[-48.4706974, -1.454621], [-48.4690498, -1.4545316], [-48.4689126, -1.4545164]]}}, {"type": "Feature", "properties": {"highway": "secondary"}, "geometry": {"type": "LineString", "coordinates": [[-48.4688781, -1.4554145], [-48.46888, -1.4551553], [-48.4688981, -1.454782], [-48.4689068, -1.4546229], [-48.4689126, -1.4545164]]}}, {"type": "Feature", "properties": {"highway": "secondary"}, "geometry": {"type": "LineString", "coordinates": [[-48.4686169, -1.4674242], [-48.4686106, -1.4685472], [-48.4686094, -1.4686124], [-48.4685896, -1.469069], [-48.4685849, -1.4694097], [-48.4685758, -1.4700775], [-48.4685643, -1.4707247], [-48.468554, -1.4712897], [-48.468553, -1.471366], [-48.468552, -1.4714105], [-48.4685504, -1.4720529], [-48.4685502, -1.4726711], [-48.4685501, -1.4727026], [-48.468548, -1.4727955], [-48.4685545, -1.4735268], [-48.4685467, -1.4735655], [-48.4685525, -1.4741293], [-48.4685541, -1.4744205], [-48.4685544, -1.4744818], [-48.4685346, -1.4746028]]}}, {"type": "Feature", "properties": {"highway": "secondary"}, "geometry": {"type": "LineString", "coordinates": [[-48.4865255, -1.4496316], [-48.4867581, -1.4486442], [-48.4867695, -1.4486026], [-48.4868246, -1.4484607]]}}, {"type": "Feature", "properties": {"highway": "tertiary"}, "geometry": {"type": "LineString", "coordinates": [[-48.4918383, -1.4614027], [-48.4916493, -1.4611657], [-48.4915458, -1.4610373], [-48.4914692, -1.4609395], [-48.4913134, -1.4607268], [-48.4909874, -1.4603207], [-48.4904133, -1.4596463], [-48.490339, -1.4595646]]}}, {"type": "Feature", "properties": {"highway": "secondary"}, "geometry": {"type": "LineString", "coordinates": [[-48.4751682, -1.4639939], [-48.4751714, -1.4639117], [-48.4751973, -1.4634469], [-48.4752133, -1.4631674], [-48.4752404, -1.4626937]]}}, {"type": "Feature", "properties": {"highway": "secondary"}, "geometry": {"type": "LineString", "coordinates": [[-48.4758934, -1.4471373], [-48.4759448, -1.4460478], [-48.4759518, -1.4459386]]}}, {"type": "Feature", "properties": {"highway": "tertiary"}, "geometry": {"type": "LineString", "coordinates": [[-48.4909773, -1.4620736], [-48.4907212, -1.4622684]]}}, {"type": "Feature", "properties": {"highway": "tertiary"}, "geometry": {"type": "LineString", "coordinates": [[-48.4864828, -1.4483716], [-48.4861577, -1.4482732], [-48.4860825, -1.4482546], [-48.485924, -1.44821], [-48.4855836, -1.4481312], [-48.4854963, -1.4481123], [-48.4853576, -1.4480724], [-48.4838129, -1.4476371], [-48.4837, -1.4476092], [-48.4829444, -1.4473966], [-48.4829149, -1.4473883], [-48.4828302, -1.4473592]]}}, {"type": "Feature", "properties": {"highway": "secondary"}, "geometry": {"type": "LineString", "coordinates": [[-48.470657, -1.4568058], [-48.4706475, -1.4575018], [-48.4706468, -1.4575545]]}}, {"type": "Feature", "properties": {"highway": "secondary"}, "geometry": {"type": "LineString", "coordinates": [[-48.470596, -1.4600769], [-48.4705934, -1.4612954], [-48.4705902, -1.461451], [-48.470576, -1.461703], [-48.4705568, -1.4622931]]}}, {"type": "Feature", "properties": {"highway": "secondary"}, "geometry": {"type": "LineString", "coordinates": [[-48.4920285, -1.4595082], [-48.4923191, -1.4592882], [-48.4926364, -1.4590467], [-48.4934124, -1.4584607], [-48.4938109, -1.458172], [-48.4944723, -1.4576874], [-48.4947619, -1.4574682], [-48.4956249, -1.456837], [-48.4957009, -1.4567787], [-48.4957836, -1.4567112]]}}, {"type": "Feature", "properties": {"highway": "secondary"}, "geometry": {"type": "LineString", "coordinates": [[-48.4828458, -1.4445428], [-48.4836168, -1.4448011], [-48.4846178, -1.4451142], [-48.484765, -1.4451589], [-48.485166, -1.4452807], [-48.485415, -1.4453563], [-48.4855221, -1.4453888], [-48.486095, -1.4455908], [-48.4866548, -1.4457683], [-48.4867968, -1.4458133], [-48.4868236, -1.4458218], [-48.4876925, -1.4461196], [-48.487842, -1.4461888], [-48.4879213, -1.4462345], [-48.4879551, -1.4462585]]}}, {"type": "Feature", "properties": {"highway": "primary"}, "geometry": {"type": "LineString", "coordinates": [[-48.4616076, -1.4477751], [-48.461888, -1.4477999]]}}, {"type": "Feature", "properties": {"highway": "primary"}, "geometry": {"type": "LineString", "coordinates": [[-48.4620815, -1.4478251], [-48.4626028, -1.4478742], [-48.4628398, -1.4479003], [-48.4645996, -1.4481086]]}}, {"type": "Feature", "properties": {"highway": "tertiary"}, "geometry": {"type": "LineString", "coordinates": [[-48.461467, -1.4491969], [-48.4602864, -1.4490894]]}}, {"type": "Feature", "properties": {"highway": "secondary"}, "geometry": {"type": "LineString", "coordinates": [[-48.4935255, -1.4613291], [-48.493666, -1.4614907], [-48.493784, -1.4616301]]}}, {"type": "Feature", "properties": {"highway": "secondary"}, "geometry": {"type": "LineString", "coordinates": [[-48.4596502, -1.4205635], [-48.4595773, -1.4206578], [-48.4595065, -1.4207296], [-48.4594627, -1.4207797], [-48.4588078, -1.4215285], [-48.4584413, -1.4219523], [-48.4580566, -1.4223888], [-48.45758, -1.4229341], [-48.4575579, -1.4229597], [-48.4574824, -1.4230469]]}}, {"type": "Feature", "properties": {"highway": "secondary"}, "geometry": {"type": "LineString", "coordinates": [[-48.4697619, -1.4416073], [-48.4699318, -1.441862], [-48.4701074, -1.442066], [-48.4702252, -1.4421794], [-48.4704004, -1.442273], [-48.4706138, -1.4423195]]}}, {"type": "Feature", "properties": {"highway": "secondary"}, "geometry": {"type": "LineString", "coordinates": [[-48.4854138, -1.4645579], [-48.4847232, -1.4636628], [-48.4846294, -1.4635622], [-48.4845711, -1.4635062], [-48.4845201, -1.4634687], [-48.4844758, -1.4634398], [-48.4844128, -1.4634065]]}}, {"type": "Feature", "properties": {"highway": "primary"}, "geometry": {"type": "LineString", "coordinates": [[-48.4708555, -1.4483808], [-48.4711241, -1.4483803], [-48.4713342, -1.4483799], [-48.4716066, -1.4483833], [-48.4717036, -1.4483831], [-48.4721138, -1.4483823], [-48.4722948, -1.4483819], [-48.472361, -1.4483818], [-48.4724557, -1.4483816], [-48.4725783, -1.4483814], [-48.4731131, -1.4483738], [-48.4733453, -1.44838], [-48.4738186, -1.448379], [-48.4743097, -1.4483746], [-48.4752356, -1.4483763], [-48.4755049, -1.4483758], [-48.4755266, -1.4483757], [-48.475604, -1.4483769], [-48.475638, -1.4483762], [-48.4758551, -1.4483724]]}}, {"type": "Feature", "properties": {"highway": "tertiary"}, "geometry": {"type": "LineString", "coordinates": [[-48.4596502, -1.4205635], [-48.4597344, -1.4206923], [-48.4599486, -1.4210121], [-48.4599998, -1.4210886], [-48.460093, -1.42123], [-48.4602899, -1.4215288], [-48.4605124, -1.4218665], [-48.4611374, -1.4228023]]}}, {"type": "Feature", "properties": {"highway": "tertiary"}, "geometry": {"type": "LineString", "coordinates": [[-48.4702411, -1.4364265], [-48.4702312, -1.4364149], [-48.4697076, -1.4357476], [-48.4692971, -1.4352697], [-48.4690146, -1.4348981], [-48.4683513, -1.4341027], [-48.467789, -1.4334194], [-48.4676408, -1.4332421], [-48.467418, -1.4329756], [-48.4668644, -1.4322668], [-48.466525, -1.4317741]]}}, {"type": "Feature", "properties": {"highway": "tertiary"}, "geometry": {"type": "LineString", "coordinates": [[-48.4611374, -1.4228023], [-48.4611707, -1.4228537], [-48.4614958, -1.4233549], [-48.4619625, -1.4240746], [-48.4627797, -1.4253062], [-48.4636077, -1.4265636], [-48.4640195, -1.4271814], [-48.4644175, -1.4277831], [-48.4647952, -1.4283484], [-48.4650529, -1.4287433], [-48.4652496, -1.4290435], [-48.4657025, -1.4297251], [-48.4660658, -1.4302356], [-48.4660791, -1.430251]]}}, {"type": "Feature", "properties": {"highway": "secondary"}, "geometry": {"type": "LineString", "coordinates": [[-48.4755122, -1.4564932], [-48.4755468, -1.4557034], [-48.4755818, -1.4549556], [-48.4755866, -1.4548502], [-48.4755898, -1.4547781], [-48.4756603, -1.4532216], [-48.475731, -1.4518375]]}}, {"type": "Feature", "properties": {"highway": "secondary"}, "geometry": {"type": "LineString", "coordinates": [[-48.476093, -1.4427737], [-48.4761448, -1.4413018], [-48.4761325, -1.440964], [-48.476145, -1.4406583], [-48.4761578, -1.4403454]]}}, {"type": "Feature", "properties": {"highway": "tertiary"}, "geometry": {"type": "LineString", "coordinates": [[-48.4663961, -1.4192865], [-48.4666974, -1.4190803], [-48.4682776, -1.4180457], [-48.4688896, -1.4176143], [-48.4690336, -1.4175221], [-48.4691364, -1.4174558], [-48.4696743, -1.4171088], [-48.4702464, -1.4167197], [-48.470822, -1.4163197], [-48.4712623, -1.4160333]]}}, {"type": "Feature", "properties": {"highway": "secondary"}, "geometry": {"type": "LineString", "coordinates": [[-48.4708555, -1.4483808], [-48.470851, -1.4485389], [-48.4708442, -1.448775], [-48.4707892, -1.4508402], [-48.4707767, -1.4515202]]}}, {"type": "Feature", "properties": {"highway": "secondary"}, "geometry": {"type": "LineString", "coordinates": [[-48.4854138, -1.4645579], [-48.486524, -1.4637106], [-48.4865547, -1.4636845]]}}, {"type": "Feature", "properties": {"highway": "primary"}, "geometry": {"type": "LineString", "coordinates": [[-48.461467, -1.4491969], [-48.4616007, -1.4478706], [-48.4616076, -1.4477751]]}}, {"type": "Feature", "properties": {"highway": "secondary"}, "geometry": {"type": "LineString", "coordinates": [[-48.4878219, -1.4572807], [-48.4884971, -1.4574148], [-48.4885696, -1.4574292], [-48.4898196, -1.4582745], [-48.4899093, -1.4583325]]}}, {"type": "Feature", "properties": {"highway": "secondary"}, "geometry": {"type": "LineString", "coordinates": [[-48.4959311, -1.4633251], [-48.4958277, -1.4634348], [-48.4957505, -1.4634826], [-48.4956334, -1.4635286], [-48.4954216, -1.4635616]]}}, {"type": "Feature", "properties": {"highway": "primary"}, "geometry": {"type": "LineString", "coordinates": [[-48.487583, -1.4525989], [-48.4866069, -1.4522992], [-48.4864759, -1.4522697]]}}, {"type": "Feature", "properties": {"highway": "primary"}, "geometry": {"type": "LineString", "coordinates": [[-48.4864759, -1.4522697], [-48.486141, -1.452232], [-48.4860496, -1.4522258], [-48.4857332, -1.4522296], [-48.485104, -1.4522372], [-48.484785, -1.4522349], [-48.4843685, -1.4522332], [-48.4841452, -1.4522221], [-48.483415, -1.4522247], [-48.4830051, -1.4522216], [-48.4828138, -1.4522152], [-48.4821251, -1.4521967], [-48.481513, -1.4521752], [-48.4813817, -1.4521743], [-48.4807592, -1.4521513], [-48.4805925, -1.4521486]]}}, {"type": "Feature", "properties": {"highway": "tertiary"}, "geometry": {"type": "LineString", "coordinates": [[-48.4871928, -1.4546264], [-48.4875153, -1.4546747], [-48.4877859, -1.4547214], [-48.4883254, -1.4548146]]}}, {"type": "Feature", "properties": {"highway": "tertiary"}, "geometry": {"type": "LineString", "coordinates": [[-48.4883254, -1.4548146], [-48.4891697, -1.4550257], [-48.4896547, -1.4551472], [-48.4900995, -1.4552716], [-48.4917624, -1.4555229], [-48.4918342, -1.4555337]]}}, {"type": "Feature", "properties": {"highway": "tertiary"}, "geometry": {"type": "LineString", "coordinates": [[-48.4864759, -1.4522697], [-48.4865905, -1.4520826], [-48.4872807, -1.4512557]]}}, {"type": "Feature", "properties": {"highway": "tertiary"}, "geometry": {"type": "LineString", "coordinates": [[-48.4885906, -1.4495676], [-48.4876383, -1.4489143], [-48.4871802, -1.448605], [-48.4870522, -1.4485472], [-48.4869254, -1.4484882], [-48.4868246, -1.4484607]]}}, {"type": "Feature", "properties": {"highway": "tertiary"}, "geometry": {"type": "LineString", "coordinates": [[-48.496794, -1.4635448], [-48.4969724, -1.4637069], [-48.4977852, -1.4644279], [-48.4979963, -1.4646282], [-48.4984764, -1.4650587], [-48.4991171, -1.4656399], [-48.4992381, -1.4657519], [-48.4998033, -1.4663341], [-48.5002926, -1.4667821], [-48.5010163, -1.4674584], [-48.5015738, -1.4679537]]}}, {"type": "Feature", "properties": {"highway": "trunk"}, "geometry": {"type": "LineString", "coordinates": [[-48.3177668, -1.4326651], [-48.3166195, -1.4343006], [-48.3160015, -1.4349699], [-48.3153835, -1.4354847], [-48.3147655, -1.4358966], [-48.3017536, -1.441491], [-48.3011957, -1.4417827], [-48.3008095, -1.4420744], [-48.3005176, -1.4423147], [-48.3002258, -1.4426407], [-48.2999083, -1.4431212], [-48.2996937, -1.4436361], [-48.2995821, -1.4441166], [-48.2995478, -1.4446314], [-48.2994569, -1.4558249], [-48.2994363, -1.4584331]]}}, {"type": "Feature", "properties": {"highway": "trunk"}, "geometry": {"type": "LineString", "coordinates": [[-48.3179614, -1.4323878], [-48.3177668, -1.4326651]]}}, {"type": "Feature", "properties": {"highway": "secondary"}, "geometry": {"type": "LineString", "coordinates": [[-48.47445, -1.299713], [-48.474815, -1.2996518]]}}, {"type": "Feature", "properties": {"highway": "primary"}, "geometry": {"type": "LineString", "coordinates": [[-48.4433149, -1.3734935], [-48.4430333, -1.3730442], [-48.4430179, -1.3730211], [-48.4429769, -1.3729603]]}}, {"type": "Feature", "properties": {"highway": "primary"}, "geometry": {"type": "LineString", "coordinates": [[-48.465546, -1.3938126], [-48.4657332, -1.3942912], [-48.4658321, -1.394518], [-48.4659844, -1.3948754], [-48.4660376, -1.3949924], [-48.4661617, -1.3952448], [-48.4662785, -1.3954823], [-48.4664425, -1.395778], [-48.4666916, -1.3962271], [-48.467018, -1.3967159], [-48.4674298, -1.3972895], [-48.4677361, -1.3976796], [-48.4683806, -1.3983944], [-48.4690116, -1.3990206], [-48.4696402, -1.3995838], [-48.4700177, -1.3999225]]}}, {"type": "Feature", "properties": {"highway": "primary"}, "geometry": {"type": "LineString", "coordinates": [[-48.4700177, -1.3999225], [-48.4704186, -1.4002792]]}}, {"type": "Feature", "properties": {"highway": "primary"}, "geometry": {"type": "LineString", "coordinates": [[-48.4643351, -1.3909311], [-48.4645306, -1.3913907], [-48.4654285, -1.3934906], [-48.465546, -1.3938126]]}}, {"type": "Feature", "properties": {"highway": "secondary"}, "geometry": {"type": "LineString", "coordinates": [[-48.4688416, -1.4574403], [-48.4688429, -1.4573778], [-48.4688553, -1.4567677], [-48.4688668, -1.4562085], [-48.4688695, -1.4560802]]}}, {"type": "Feature", "properties": {"highway": "primary"}, "geometry": {"type": "LineString", "coordinates": [[-48.4501753, -1.4230776], [-48.450217, -1.4230648], [-48.4502844, -1.4230412], [-48.4503652, -1.4230069], [-48.4505159, -1.4229031], [-48.4511384, -1.4222517], [-48.4512177, -1.4221669]]}}, {"type": "Feature", "properties": {"highway": "secondary"}, "geometry": {"type": "LineString", "coordinates": [[-48.4810587, -1.3919707], [-48.4809209, -1.3920318], [-48.4808498, -1.3920752], [-48.4807912, -1.3921156], [-48.4807299, -1.3921655], [-48.4806112, -1.392246]]}}, {"type": "Feature", "properties": {"highway": "primary"}, "geometry": {"type": "LineString", "coordinates": [[-48.4889765, -1.4263569], [-48.4890524, -1.4264646], [-48.4890868, -1.4265136], [-48.4891284, -1.426573], [-48.4891906, -1.4267179], [-48.4892466, -1.4268666], [-48.4893012, -1.4270219], [-48.4893554, -1.4271919], [-48.4893806, -1.4272723], [-48.489509, -1.4277342], [-48.4895419, -1.4278623], [-48.4895762, -1.4279903], [-48.489617, -1.4281425], [-48.4896538, -1.428298], [-48.4897658, -1.4287585], [-48.4898697, -1.4291098], [-48.4899851, -1.4296467], [-48.4900409, -1.4298448], [-48.490144, -1.4302668], [-48.4901738, -1.4303925], [-48.4902075, -1.4305299]]}}, {"type": "Feature", "properties": {"highway": "primary"}, "geometry": {"type": "LineString", "coordinates": [[-48.4675228, -1.4098085], [-48.4676633, -1.4099541], [-48.4677355, -1.410029], [-48.467831, -1.4101268]]}}, {"type": "Feature", "properties": {"highway": "tertiary"}, "geometry": {"type": "LineString", "coordinates": [[-48.4664485, -1.3881677], [-48.4669092, -1.3882217], [-48.4673352, -1.3882422], [-48.4686761, -1.3882805], [-48.4687652, -1.388283], [-48.4688829, -1.3882912], [-48.469648, -1.3883442], [-48.4701406, -1.3883987], [-48.470533, -1.3884839], [-48.4707557, -1.3885617], [-48.4709702, -1.3886488], [-48.4713042, -1.388803], [-48.4715603, -1.3889599], [-48.4716517, -1.3890285], [-48.4718138, -1.3891502], [-48.4718555, -1.389184], [-48.4720257, -1.3893219], [-48.4723048, -1.3895927], [-48.4723469, -1.3896336], [-48.4728827, -1.3902711], [-48.473171, -1.3906331], [-48.4769392, -1.3951767], [-48.4770151, -1.395278], [-48.4770833, -1.3953389], [-48.4771341, -1.3953732], [-48.4772452, -1.3954094]]}}, {"type": "Feature", "properties": {"highway": "secondary"}, "geometry": {"type": "LineString", "coordinates": [[-48.4624335, -1.388645], [-48.4626677, -1.3888048], [-48.462857, -1.3889289], [-48.4630892, -1.3890852], [-48.4632597, -1.3892037], [-48.4634084, -1.3893292], [-48.4635348, -1.389449], [-48.4637541, -1.3896786], [-48.4639549, -1.3899346], [-48.4641129, -1.390208], [-48.464397, -1.3907732], [-48.4644455, -1.3908958], [-48.4645271, -1.3911018], [-48.4645701, -1.3912105], [-48.4647889, -1.3917298], [-48.4648484, -1.3918564], [-48.4649815, -1.3921536], [-48.4651804, -1.3926202], [-48.4653369, -1.3929881], [-48.4654587, -1.3933106], [-48.4655407, -1.3936522], [-48.465546, -1.3938126]]}}, {"type": "Feature", "properties": {"highway": "secondary"}, "geometry": {"type": "LineString", "coordinates": [[-48.4621278, -1.3884458], [-48.4620286, -1.3884701], [-48.461927, -1.3884809], [-48.4618248, -1.388478], [-48.461724, -1.3884614]]}}, {"type": "Feature", "properties": {"highway": "secondary"}, "geometry": {"type": "LineString", "coordinates": [[-48.461724, -1.3884614], [-48.461634, -1.3884221], [-48.4615667, -1.3883703], [-48.4615127, -1.3883202], [-48.461136, -1.3878057], [-48.460918, -1.3874556], [-48.4607088, -1.3871298], [-48.4605338, -1.386847]]}}, {"type": "Feature", "properties": {"highway": "tertiary"}, "geometry": {"type": "LineString", "coordinates": [[-48.4670404, -1.3883626], [-48.4669751, -1.3883726], [-48.4668288, -1.3883966], [-48.4667129, -1.3884311], [-48.4666247, -1.3884563], [-48.4665502, -1.3884831]]}}, {"type": "Feature", "properties": {"highway": "primary"}, "geometry": {"type": "LineString", "coordinates": [[-48.4854942, -1.3927902], [-48.485548, -1.3928001], [-48.4871506, -1.3930963], [-48.4872647, -1.3931268], [-48.4873827, -1.3931737], [-48.4874779, -1.3932166], [-48.4875309, -1.3932508], [-48.4875832, -1.393291], [-48.4876477, -1.3933455], [-48.4877139, -1.3934137], [-48.4877832, -1.3935138], [-48.4878695, -1.3936711], [-48.4879734, -1.3938854], [-48.4879984, -1.3939402], [-48.4885789, -1.3951513], [-48.4885959, -1.3951868], [-48.4891602, -1.3963831], [-48.4894013, -1.3969084], [-48.4894188, -1.3969454], [-48.4897288, -1.3975996], [-48.4898383, -1.3978271], [-48.4901977, -1.3985862], [-48.4902269, -1.39864], [-48.4902406, -1.3986653], [-48.490289, -1.3987418], [-48.4904794, -1.3990374], [-48.4906417, -1.3992894], [-48.4911982, -1.4001315]]}}, {"type": "Feature", "properties": {"highway": "primary"}, "geometry": {"type": "LineString", "coordinates": [[-48.481404, -1.3283952], [-48.4814195, -1.3283248], [-48.4814939, -1.32796], [-48.4815921, -1.3274786], [-48.4816548, -1.3271711], [-48.4817091, -1.3269505], [-48.481742, -1.3268614], [-48.4817795, -1.3267816], [-48.4818124, -1.3267275], [-48.4818399, -1.3266824], [-48.4819043, -1.3265912], [-48.4819599, -1.3265242], [-48.4820189, -1.3264618], [-48.4821282, -1.3263653], [-48.4822523, -1.3262627], [-48.4829767, -1.3257044], [-48.4830013, -1.3256855], [-48.4838328, -1.3249776], [-48.4841144, -1.3247175], [-48.4843189, -1.3244262]]}}, {"type": "Feature", "properties": {"highway": "primary"}, "geometry": {"type": "LineString", "coordinates": [[-48.4853422, -1.3927462], [-48.4847546, -1.3926252]]}}, {"type": "Feature", "properties": {"highway": "primary"}, "geometry": {"type": "LineString", "coordinates": [[-48.4854827, -1.3915236], [-48.4856402, -1.3913198], [-48.4857674, -1.3911739], [-48.48589, -1.3910661], [-48.4860085, -1.3909852], [-48.4863863, -1.3907242], [-48.4867162, -1.3904883], [-48.486916, -1.3903153], [-48.4870926, -1.3901455], [-48.4872929, -1.389944], [-48.4874804, -1.389733], [-48.487747, -1.3894329], [-48.4887699, -1.3882524], [-48.4888338, -1.3881648], [-48.4888874, -1.388071], [-48.488936, -1.3879673], [-48.4889759, -1.3878658], [-48.4890069, -1.387741], [-48.4890282, -1.3876245], [-48.4890363, -1.3874989], [-48.4890336, -1.3870717], [-48.4889634, -1.3856403], [-48.4889134, -1.3847125], [-48.4889116, -1.3846801], [-48.4889062, -1.3845795], [-48.4888878, -1.3842383], [-48.488861, -1.383833], [-48.4888348, -1.3836872], [-48.4887794, -1.3835074], [-48.4887246, -1.3833709], [-48.4886728, -1.3832793], [-48.4886165, -1.3831975], [-48.4885437, -1.3831057], [-48.4878716, -1.3824658], [-48.486824, -1.3814962], [-48.4852283, -1.3800543], [-48.4851457, -1.3799851], [-48.4850625, -1.3799209], [-48.4849499, -1.379843], [-48.4848453, -1.3797907], [-48.484738, -1.3797411], [-48.4846324, -1.3797045], [-48.4845061, -1.3796751], [-48.4843624, -1.3796561]]}}, {"type": "Feature", "properties": {"highway": "primary"}, "geometry": {"type": "LineString", "coordinates": [[-48.4493761, -1.3265068], [-48.4493876, -1.3265964], [-48.4494373, -1.3269816], [-48.4494985, -1.327456], [-48.4495924, -1.3281116], [-48.4496026, -1.3281824], [-48.4496105, -1.3282369], [-48.4496953, -1.3288205], [-48.4497555, -1.3292253], [-48.449761, -1.3292593], [-48.4497711, -1.3293508], [-48.4498063, -1.3296119], [-48.4498358, -1.3297989], [-48.4498763, -1.329967], [-48.449921, -1.3301628], [-48.4500118, -1.3306531], [-48.4500235, -1.3307304], [-48.4500371, -1.3309891], [-48.4500673, -1.3312785]]}}, {"type": "Feature", "properties": {"highway": "primary"}, "geometry": {"type": "LineString", "coordinates": [[-48.4739194, -1.2996215], [-48.4740251, -1.2996342], [-48.4741403, -1.2996548], [-48.47445, -1.299713]]}}, {"type": "Feature", "properties": {"highway": "secondary"}, "geometry": {"type": "LineString", "coordinates": [[-48.4779386, -1.297874], [-48.4762254, -1.2977423]]}}, {"type": "Feature", "properties": {"highway": "secondary"}, "geometry": {"type": "LineString", "coordinates": [[-48.487682, -1.2985204], [-48.4876234, -1.2985178], [-48.4856995, -1.2983933]]}}, {"type": "Feature", "properties": {"highway": "tertiary"}, "geometry": {"type": "LineString", "coordinates": [[-48.4888002, -1.4598544], [-48.4881203, -1.458999], [-48.4877342, -1.45862]]}}, {"type": "Feature", "properties": {"highway": "primary"}, "geometry": {"type": "LineString", "coordinates": [[-48.4813575, -1.3288913], [-48.4813263, -1.3289169], [-48.481295, -1.3289301], [-48.4812614, -1.3289347], [-48.4812278, -1.3289303], [-48.4811965, -1.3289174], [-48.4811673, -1.3288943], [-48.4811439, -1.3288599], [-48.4811328, -1.3288198], [-48.481135, -1.3287783], [-48.4811503, -1.3287396], [-48.4811707, -1.3287136], [-48.4811971, -1.3286937], [-48.4812277, -1.3286812], [-48.4812647, -1.3286769], [-48.4813015, -1.3286833], [-48.4813348, -1.3287], [-48.481362, -1.3287255], [-48.4813673, -1.3287327], [-48.481372, -1.3287402], [-48.4813869, -1.3287778], [-48.4813894, -1.3288181], [-48.4813792, -1.3288572], [-48.4813575, -1.3288913]]}}, {"type": "Feature", "properties": {"highway": "tertiary"}, "geometry": {"type": "LineString", "coordinates": [[-48.4665294, -1.3885147], [-48.4664861, -1.3885569], [-48.4664334, -1.3885863], [-48.4663747, -1.3886008], [-48.4663143, -1.3885995], [-48.4662564, -1.3885824], [-48.4662049, -1.3885507], [-48.4661636, -1.3885066]]}}, {"type": "Feature", "properties": {"highway": "tertiary"}, "geometry": {"type": "LineString", "coordinates": [[-48.4662698, -1.3881595], [-48.4663294, -1.3881461], [-48.4663904, -1.3881489], [-48.4664485, -1.3881677]]}}, {"type": "Feature", "properties": {"highway": "primary"}, "geometry": {"type": "LineString", "coordinates": [[-48.4648497, -1.4110379], [-48.4648484, -1.4109715], [-48.4648497, -1.4109273], [-48.4648452, -1.4101353], [-48.4648318, -1.4099508], [-48.4648166, -1.4098209], [-48.4647705, -1.4096877], [-48.4646646, -1.4094534], [-48.4644547, -1.4091466]]}}, {"type": "Feature", "properties": {"highway": "primary"}, "geometry": {"type": "LineString", "coordinates": [[-48.4952892, -1.4489787], [-48.4955272, -1.4485269], [-48.4958437, -1.4479598], [-48.4961677, -1.4473883]]}}, {"type": "Feature", "properties": {"highway": "tertiary"}, "geometry": {"type": "LineString", "coordinates": [[-48.4543885, -1.4675235], [-48.4543984, -1.4675088], [-48.4544269, -1.4674567], [-48.4545368, -1.4672457], [-48.4546332, -1.4670687], [-48.4546418, -1.4670529], [-48.4547103, -1.4669215], [-48.4547937, -1.4667283], [-48.4548194, -1.4666466], [-48.454848, -1.4665203], [-48.4548758, -1.4664201]]}}, {"type": "Feature", "properties": {"highway": "tertiary"}, "geometry": {"type": "LineString", "coordinates": [[-48.4552069, -1.4626383], [-48.4551094, -1.4625118], [-48.455005, -1.4624254]]}}, {"type": "Feature", "properties": {"highway": "tertiary"}, "geometry": {"type": "LineString", "coordinates": [[-48.4460461, -1.3685856], [-48.446036, -1.3686698], [-48.4460349, -1.3687667], [-48.4460465, -1.3688143], [-48.4460509, -1.3688323], [-48.4460641, -1.3688691], [-48.44607, -1.3688852], [-48.4460992, -1.3689209], [-48.4463473, -1.3691112], [-48.446531, -1.3692522], [-48.4466119, -1.3693133], [-48.4472896, -1.369827], [-48.4475929, -1.3700573], [-48.4481292, -1.3704493], [-48.4482573, -1.3705533], [-48.448424, -1.3706821], [-48.4488423, -1.3710137], [-48.4489444, -1.3710921], [-48.4490166, -1.3711316]]}}, {"type": "Feature", "properties": {"highway": "tertiary"}, "geometry": {"type": "LineString", "coordinates": [[-48.44899, -1.3712583], [-48.4487129, -1.3710525], [-48.4486558, -1.3710138], [-48.4483816, -1.3707978], [-48.4483425, -1.3707639], [-48.4482943, -1.3707184], [-48.448096, -1.3705525], [-48.4480836, -1.3705431], [-48.4480701, -1.3705328], [-48.4479867, -1.3704692], [-48.4479032, -1.3704055], [-48.4475377, -1.3701245], [-48.4469233, -1.3696586], [-48.4462952, -1.3691799], [-48.4461306, -1.3690545], [-48.4460464, -1.3689971], [-48.4460052, -1.3689768], [-48.4459763, -1.3689695], [-48.4459182, -1.3689701], [-48.4458686, -1.368985], [-48.4457014, -1.3690693]]}}, {"type": "Feature", "properties": {"highway": "tertiary"}, "geometry": {"type": "LineString", "coordinates": [[-48.4587874, -1.4517816], [-48.4586914, -1.4517714], [-48.4575672, -1.4516516]]}}, {"type": "Feature", "properties": {"highway": "tertiary"}, "geometry": {"type": "LineString", "coordinates": [[-48.4568347, -1.4517249], [-48.4566888, -1.4519201], [-48.4565059, -1.4521615], [-48.4559389, -1.4528765]]}}, {"type": "Feature", "properties": {"highway": "tertiary"}, "geometry": {"type": "LineString", "coordinates": [[-48.4782473, -1.4113707], [-48.4782016, -1.4113998], [-48.4766918, -1.4123823], [-48.4749795, -1.4135211]]}}, {"type": "Feature", "properties": {"highway": "tertiary"}, "geometry": {"type": "LineString", "coordinates": [[-48.4813499, -1.4097913], [-48.4812458, -1.4098005], [-48.4810537, -1.4097994], [-48.4808727, -1.4097947], [-48.4807858, -1.4098065], [-48.4807026, -1.409836], [-48.4805551, -1.409918], [-48.4802991, -1.4100868], [-48.4801485, -1.4101691], [-48.4799141, -1.4103414], [-48.479678, -1.4104943], [-48.4794648, -1.4106283], [-48.4790258, -1.4108777], [-48.4787834, -1.4110103], [-48.4787328, -1.4110418]]}}, {"type": "Feature", "properties": {"highway": "secondary"}, "geometry": {"type": "LineString", "coordinates": [[-48.5002541, -1.4595846], [-48.4996971, -1.4592277], [-48.4993417, -1.4589893], [-48.4992765, -1.4589466]]}}, {"type": "Feature", "properties": {"highway": "tertiary"}, "geometry": {"type": "LineString", "coordinates": [[-48.4983887, -1.4718979], [-48.498153, -1.4721025], [-48.4980502, -1.4721917], [-48.497783, -1.4724235], [-48.4977264, -1.4724726], [-48.4975915, -1.4725897], [-48.4973061, -1.4728373], [-48.4969248, -1.4731687], [-48.4966848, -1.4733773], [-48.4966033, -1.4734439], [-48.4965079, -1.4735282], [-48.4963864, -1.4736355], [-48.496285, -1.4737275], [-48.4960075, -1.4739642], [-48.4959147, -1.4740447], [-48.4957714, -1.474169], [-48.4956895, -1.4742401], [-48.495571, -1.4743429], [-48.4953499, -1.4745348], [-48.4952523, -1.4746276], [-48.4951241, -1.4747395], [-48.4948218, -1.4750007], [-48.4941865, -1.4755443]]}}, {"type": "Feature", "properties": {"highway": "tertiary"}, "geometry": {"type": "LineString", "coordinates": [[-48.4995123, -1.4709355], [-48.499389, -1.4710436], [-48.4993161, -1.4711074], [-48.4988418, -1.4715151], [-48.4985033, -1.4718011], [-48.4983887, -1.4718979]]}}, {"type": "Feature", "properties": {"highway": "tertiary"}, "geometry": {"type": "LineString", "coordinates": [[-48.4602864, -1.4490894], [-48.459089, -1.4489505]]}}, {"type": "Feature", "properties": {"highway": "tertiary"}, "geometry": {"type": "LineString", "coordinates": [[-48.4892589, -1.4693649], [-48.4891102, -1.4691824], [-48.4889509, -1.4689731], [-48.488429, -1.4682908], [-48.4881475, -1.467931]]}}, {"type": "Feature", "properties": {"highway": "secondary"}, "geometry": {"type": "LineString", "coordinates": [[-48.4862784, -1.4656236], [-48.486059, -1.4653511], [-48.4854138, -1.4645579]]}}, {"type": "Feature", "properties": {"highway": "secondary"}, "geometry": {"type": "LineString", "coordinates": [[-48.4881475, -1.467931], [-48.487357, -1.4669543], [-48.4872796, -1.4668584], [-48.4872169, -1.4667789], [-48.4869439, -1.4664254], [-48.4865671, -1.465972], [-48.4862784, -1.4656236]]}}, {"type": "Feature", "properties": {"highway": "primary"}, "geometry": {"type": "LineString", "coordinates": [[-48.4895054, -1.4519544], [-48.4899527, -1.452013], [-48.4907879, -1.4521044], [-48.4909108, -1.4520966]]}}, {"type": "Feature", "properties": {"highway": "secondary"}, "geometry": {"type": "LineString", "coordinates": [[-48.4689439, -1.4532921], [-48.4689447, -1.4529264], [-48.4689463, -1.4528349], [-48.4689457, -1.4525693], [-48.46896, -1.4519181], [-48.4689634, -1.4515859], [-48.4689656, -1.4512587]]}}, {"type": "Feature", "properties": {"highway": "primary"}, "geometry": {"type": "LineString", "coordinates": [[-48.4966898, -1.4454926], [-48.4970125, -1.4459982]]}}, {"type": "Feature", "properties": {"highway": "primary"}, "geometry": {"type": "LineString", "coordinates": [[-48.4970125, -1.4459982], [-48.4970354, -1.446036], [-48.4970641, -1.4460834], [-48.4971163, -1.4461557]]}}, {"type": "Feature", "properties": {"highway": "primary"}, "geometry": {"type": "LineString", "coordinates": [[-48.4971163, -1.4461557], [-48.4975952, -1.4467987], [-48.4978255, -1.4470602], [-48.4980639, -1.4473094], [-48.4983531, -1.4476254], [-48.4984277, -1.4477024], [-48.4986209, -1.4478724], [-48.4987405, -1.4479313]]}}, {"type": "Feature", "properties": {"highway": "primary"}, "geometry": {"type": "LineString", "coordinates": [[-48.4943066, -1.4403998], [-48.4942994, -1.4404815], [-48.4943068, -1.4405492], [-48.4943363, -1.440643]]}}, {"type": "Feature", "properties": {"highway": "primary"}, "geometry": {"type": "LineString", "coordinates": [[-48.4948142, -1.4416045], [-48.4952553, -1.4426771], [-48.4954288, -1.4430628], [-48.4959578, -1.4440779], [-48.4964281, -1.4449185], [-48.496443, -1.4449451], [-48.4967657, -1.4454522], [-48.4971004, -1.4459682]]}}, {"type": "Feature", "properties": {"highway": "secondary"}, "geometry": {"type": "LineString", "coordinates": [[-48.5031455, -1.4540567], [-48.5031166, -1.4540959], [-48.5024242, -1.4549709], [-48.5022166, -1.4552383], [-48.5021617, -1.4552999]]}}, {"type": "Feature", "properties": {"highway": "tertiary"}, "geometry": {"type": "LineString", "coordinates": [[-48.5034803, -1.4632189], [-48.5034518, -1.4633964], [-48.5034426, -1.4634538], [-48.5034387, -1.4634778], [-48.5034267, -1.4635622]]}}, {"type": "Feature", "properties": {"highway": "tertiary"}, "geometry": {"type": "LineString", "coordinates": [[-48.5031884, -1.4642337], [-48.5029811, -1.4647321], [-48.5028656, -1.4650336], [-48.502775, -1.4652563], [-48.5027115, -1.4654224]]}}, {"type": "Feature", "properties": {"highway": "tertiary"}, "geometry": {"type": "LineString", "coordinates": [[-48.4898535, -1.4611758], [-48.4893133, -1.4604903]]}}, {"type": "Feature", "properties": {"highway": "tertiary"}, "geometry": {"type": "LineString", "coordinates": [[-48.4879724, -1.461028], [-48.4886762, -1.4619405], [-48.4887328, -1.4620174], [-48.4896245, -1.4631313]]}}, {"type": "Feature", "properties": {"highway": "tertiary"}, "geometry": {"type": "LineString", "coordinates": [[-48.4896245, -1.4631313], [-48.489938, -1.4635303], [-48.4902582, -1.4639377], [-48.4904922, -1.4642354], [-48.4907689, -1.4645719], [-48.4909172, -1.4647436], [-48.4911389, -1.4650219], [-48.4913821, -1.4653423]]}}, {"type": "Feature", "properties": {"highway": "tertiary"}, "geometry": {"type": "LineString", "coordinates": [[-48.4835049, -1.4678355], [-48.4826339, -1.4685578], [-48.4823202, -1.4688127], [-48.4818156, -1.4692167], [-48.4813897, -1.4695384], [-48.4810794, -1.4697653], [-48.480688, -1.4700447], [-48.4794518, -1.470955]]}}, {"type": "Feature", "properties": {"highway": "tertiary"}, "geometry": {"type": "LineString", "coordinates": [[-48.4896245, -1.4631313], [-48.4892368, -1.4634296], [-48.4889564, -1.4636375], [-48.4885297, -1.4639636], [-48.4879468, -1.4644065], [-48.4876611, -1.4646072], [-48.4874029, -1.464802], [-48.486934, -1.4651283], [-48.4862784, -1.4656236]]}}, {"type": "Feature", "properties": {"highway": "tertiary"}, "geometry": {"type": "LineString", "coordinates": [[-48.4602864, -1.4490894], [-48.4601571, -1.4504959], [-48.4599988, -1.4519008]]}}, {"type": "Feature", "properties": {"highway": "secondary"}, "geometry": {"type": "LineString", "coordinates": [[-48.4898535, -1.4611758], [-48.4904189, -1.4607438]]}}, {"type": "Feature", "properties": {"highway": "secondary"}, "geometry": {"type": "LineString", "coordinates": [[-48.4824402, -1.4724932], [-48.4821101, -1.4727494], [-48.4819829, -1.4728481], [-48.4816532, -1.4731158], [-48.4812568, -1.4734493], [-48.4808058, -1.4737973], [-48.4804454, -1.4740892], [-48.4801383, -1.474312], [-48.4799617, -1.4744762], [-48.4797066, -1.4746554], [-48.47955, -1.4747815], [-48.4793488, -1.4749686], [-48.4791649, -1.4750971], [-48.4788573, -1.4753574], [-48.4784565, -1.4756802], [-48.4782011, -1.4758833], [-48.4780079, -1.4760097]]}}, {"type": "Feature", "properties": {"highway": "secondary"}, "geometry": {"type": "LineString", "coordinates": [[-48.475917, -1.4755748], [-48.4759045, -1.4756085], [-48.4758812, -1.4756359], [-48.4758499, -1.4756537], [-48.4758144, -1.4756597], [-48.475779, -1.4756531], [-48.475748, -1.4756349], [-48.4757251, -1.4756071], [-48.4757131, -1.4755732], [-48.4757135, -1.4755372]]}}, {"type": "Feature", "properties": {"highway": "tertiary"}, "geometry": {"type": "LineString", "coordinates": [[-48.5026532, -1.4660966], [-48.5026291, -1.4661135], [-48.5026014, -1.4661237], [-48.5025733, -1.4661278]]}}, {"type": "Feature", "properties": {"highway": "tertiary"}, "geometry": {"type": "LineString", "coordinates": [[-48.5024669, -1.4660471], [-48.5024619, -1.4660023], [-48.5024745, -1.465959]]}}, {"type": "Feature", "properties": {"highway": "tertiary"}, "geometry": {"type": "LineString", "coordinates": [[-48.5024745, -1.465959], [-48.5024932, -1.465933], [-48.5025184, -1.4659131], [-48.5025481, -1.4659011], [-48.50258, -1.4658977], [-48.5026115, -1.4659033], [-48.5026403, -1.4659174]]}}, {"type": "Feature", "properties": {"highway": "tertiary"}, "geometry": {"type": "LineString", "coordinates": [[-48.5026744, -1.4659535], [-48.5026883, -1.4659899], [-48.5026893, -1.4660288], [-48.5026771, -1.4660658], [-48.5026532, -1.4660966]]}}, {"type": "Feature", "properties": {"highway": "tertiary"}, "geometry": {"type": "LineString", "coordinates": [[-48.4671069, -1.4259908], [-48.4670597, -1.4260234], [-48.4669044, -1.4261194]]}}, {"type": "Feature", "properties": {"highway": "secondary"}, "geometry": {"type": "LineString", "coordinates": [[-48.4529313, -1.4282327], [-48.4529422, -1.4282004], [-48.4529681, -1.428143]]}}, {"type": "Feature", "properties": {"highway": "tertiary"}, "geometry": {"type": "LineString", "coordinates": [[-48.4636424, -1.4211396], [-48.4637362, -1.4210742], [-48.4638192, -1.4210188]]}}, {"type": "Feature", "properties": {"highway": "tertiary"}, "geometry": {"type": "LineString", "coordinates": [[-48.4704058, -1.4309662], [-48.4703547, -1.4310028], [-48.47021, -1.4311021]]}}, {"type": "Feature", "properties": {"highway": "tertiary"}, "geometry": {"type": "LineString", "coordinates": [[-48.47021, -1.4311021], [-48.4685703, -1.4321893], [-48.4684041, -1.4323005], [-48.4678593, -1.4326652], [-48.4675782, -1.4328523], [-48.4675702, -1.4328577]]}}, {"type": "Feature", "properties": {"highway": "secondary"}, "geometry": {"type": "LineString", "coordinates": [[-48.4693923, -1.4298522], [-48.4695394, -1.4297584], [-48.4695838, -1.42973]]}}, {"type": "Feature", "properties": {"highway": "tertiary"}, "geometry": {"type": "LineString", "coordinates": [[-48.4687479, -1.4284407], [-48.4693777, -1.4279927], [-48.4695593, -1.4278725], [-48.4697024, -1.4277778], [-48.4698413, -1.4276859], [-48.4701601, -1.427475], [-48.4704094, -1.4273101], [-48.4711656, -1.4268099]]}}, {"type": "Feature", "properties": {"highway": "tertiary"}, "geometry": {"type": "LineString", "coordinates": [[-48.4685961, -1.4286536], [-48.4676155, -1.4293008], [-48.4671752, -1.4295768], [-48.4661207, -1.4302905]]}}, {"type": "Feature", "properties": {"highway": "secondary"}, "geometry": {"type": "LineString", "coordinates": [[-48.4617728, -1.4183349], [-48.4613043, -1.4188038], [-48.4607672, -1.4193481], [-48.460719, -1.4193958], [-48.4604289, -1.4196884], [-48.4602048, -1.4199397], [-48.4597148, -1.4204909], [-48.4596502, -1.4205635]]}}, {"type": "Feature", "properties": {"highway": "tertiary"}, "geometry": {"type": "LineString", "coordinates": [[-48.4722222, -1.4225525], [-48.4715167, -1.4230291], [-48.4712509, -1.4232182], [-48.4706874, -1.423606], [-48.4703477, -1.4238179], [-48.4702413, -1.423893], [-48.469717, -1.4242509], [-48.4696341, -1.4243034], [-48.4695455, -1.4243644], [-48.4687277, -1.4249088], [-48.4681221, -1.4253312], [-48.4671712, -1.425949], [-48.4671069, -1.4259908]]}}, {"type": "Feature", "properties": {"highway": "secondary"}, "geometry": {"type": "LineString", "coordinates": [[-48.4532146, -1.4096921], [-48.4531507, -1.4095784]]}}, {"type": "Feature", "properties": {"highway": "secondary"}, "geometry": {"type": "LineString", "coordinates": [[-48.453093, -1.409311], [-48.4532426, -1.4095362]]}}, {"type": "Feature", "properties": {"highway": "secondary"}, "geometry": {"type": "LineString", "coordinates": [[-48.4759256, -1.4392827], [-48.4759364, -1.4392987], [-48.4760943, -1.439532], [-48.4762046, -1.439695]]}}, {"type": "Feature", "properties": {"highway": "secondary"}, "geometry": {"type": "LineString", "coordinates": [[-48.4754144, -1.4385327], [-48.4754251, -1.4385496], [-48.4754649, -1.4386125], [-48.4757328, -1.4390115], [-48.4757469, -1.4390327]]}}, {"type": "Feature", "properties": {"highway": "secondary"}, "geometry": {"type": "LineString", "coordinates": [[-48.4756463, -1.4393068], [-48.4756399, -1.4392972], [-48.4752629, -1.4387373], [-48.4752259, -1.4386818]]}}, {"type": "Feature", "properties": {"highway": "secondary"}, "geometry": {"type": "LineString", "coordinates": [[-48.4758429, -1.4395505], [-48.4756463, -1.4393068]]}}, {"type": "Feature", "properties": {"highway": "tertiary"}, "geometry": {"type": "LineString", "coordinates": [[-48.2537628, -1.3641262], [-48.2536531, -1.3641353], [-48.2534844, -1.364138], [-48.2527149, -1.3641232], [-48.250795, -1.3641114], [-48.2496102, -1.3640976], [-48.2490845, -1.3640882], [-48.2483646, -1.3640915], [-48.248078, -1.3640908], [-48.2479319, -1.3640858], [-48.2467387, -1.3640094]]}}, {"type": "Feature", "properties": {"highway": "secondary"}, "geometry": {"type": "LineString", "coordinates": [[-48.4284833, -1.3724729], [-48.4285075, -1.3723973], [-48.4286131, -1.3719697], [-48.4287138, -1.3716562], [-48.428754, -1.371531], [-48.4288006, -1.3713242], [-48.4288445, -1.3710875], [-48.4288857, -1.3708535], [-48.4289105, -1.3707033]]}}, {"type": "Feature", "properties": {"highway": "primary"}, "geometry": {"type": "LineString", "coordinates": [[-48.4656829, -1.4074078], [-48.4657571, -1.4073326], [-48.4670596, -1.4060123], [-48.4680808, -1.4049806], [-48.468549, -1.4045101], [-48.4688781, -1.404189], [-48.4690062, -1.4040616], [-48.469489, -1.4035595], [-48.4697156, -1.4033115], [-48.4697921, -1.403229]]}}, {"type": "Feature", "properties": {"highway": "primary"}, "geometry": {"type": "LineString", "coordinates": [[-48.4638516, -1.4094822], [-48.4625182, -1.4108459], [-48.4612037, -1.4121977], [-48.4610286, -1.4123759], [-48.4608807, -1.4125264], [-48.459915, -1.4135091], [-48.4568912, -1.4165863], [-48.4558064, -1.4176903], [-48.4556738, -1.4178206]]}}, {"type": "Feature", "properties": {"highway": "tertiary"}, "geometry": {"type": "LineString", "coordinates": [[-48.3411657, -1.3875036], [-48.3408549, -1.3874341], [-48.3405867, -1.3873604], [-48.3400368, -1.3872065]]}}, {"type": "Feature", "properties": {"highway": "secondary"}, "geometry": {"type": "LineString", "coordinates": [[-48.3803183, -1.3400395], [-48.3800367, -1.3394657], [-48.3795704, -1.3384215], [-48.379561, -1.3383906], [-48.3795539, -1.3383676]]}}, {"type": "Feature", "properties": {"highway": "tertiary"}, "geometry": {"type": "LineString", "coordinates": [[-48.3786676, -1.3357661], [-48.378717, -1.3358625], [-48.3787297, -1.3359121], [-48.3787457, -1.3359767]]}}, {"type": "Feature", "properties": {"highway": "primary"}, "geometry": {"type": "LineString", "coordinates": [[-48.3907755, -1.3335651], [-48.3904906, -1.3335376], [-48.3886264, -1.3333626], [-48.3880645, -1.333305], [-48.3880532, -1.3333035], [-48.3879142, -1.3332919], [-48.38786, -1.3332842], [-48.3878443, -1.3332842], [-48.3872906, -1.3332487], [-48.3867677, -1.3332172], [-48.3862312, -1.333177], [-48.3858393, -1.3331382], [-48.3857095, -1.3331253], [-48.3854386, -1.3331381], [-48.3851999, -1.3331937], [-48.3850012, -1.3332839], [-48.3849383, -1.3333118], [-48.3847769, -1.3333832], [-48.3835099, -1.3339873], [-48.3832604, -1.3341135], [-48.3832151, -1.3341671], [-48.3831936, -1.3342221]]}}, {"type": "Feature", "properties": {"highway": "primary"}, "geometry": {"type": "LineString", "coordinates": [[-48.3740598, -1.3410599], [-48.3727898, -1.3428601]]}}, {"type": "Feature", "properties": {"highway": "tertiary"}, "geometry": {"type": "LineString", "coordinates": [[-48.3730422, -1.3462841], [-48.3731139, -1.3464329], [-48.3732201, -1.3466115], [-48.3734338, -1.3468198], [-48.3738383, -1.347182], [-48.3744212, -1.3476767], [-48.3749494, -1.3481239], [-48.3750366, -1.3481797], [-48.3751041, -1.3482602], [-48.3752387, -1.3483996]]}}, {"type": "Feature", "properties": {"highway": "primary"}, "geometry": {"type": "LineString", "coordinates": [[-48.3737576, -1.3406791], [-48.3744107, -1.339821], [-48.374695, -1.3394402], [-48.3748599, -1.3392025], [-48.3750745, -1.3388878], [-48.3753189, -1.3385229], [-48.3756124, -1.3380888], [-48.3759087, -1.3376677], [-48.3761206, -1.3373661], [-48.3764613, -1.3369022]]}}, {"type": "Feature", "properties": {"highway": "primary"}, "geometry": {"type": "LineString", "coordinates": [[-48.3724521, -1.342513], [-48.3737576, -1.3406791]]}}, {"type": "Feature", "properties": {"highway": "primary"}, "geometry": {"type": "LineString", "coordinates": [[-48.4979121, -1.4491989], [-48.4975375, -1.4498097], [-48.4971892, -1.4504029], [-48.4968239, -1.4510045], [-48.4964524, -1.4516134]]}}, {"type": "Feature", "properties": {"highway": "secondary"}, "geometry": {"type": "LineString", "coordinates": [[-48.5014961, -1.4505244], [-48.5021495, -1.4511317], [-48.502595, -1.4515836], [-48.502973, -1.4519499], [-48.50336, -1.4523032], [-48.5038263, -1.452717], [-48.5038711, -1.4527978]]}}, {"type": "Feature", "properties": {"highway": "secondary"}, "geometry": {"type": "LineString", "coordinates": [[-48.4728754, -1.4346755], [-48.4730377, -1.4349508], [-48.4732283, -1.4352325], [-48.4732724, -1.4352987], [-48.4734683, -1.4355927], [-48.4736939, -1.4359312], [-48.4737254, -1.4359847], [-48.4744904, -1.4371277], [-48.4747641, -1.4375641], [-48.4748482, -1.4377031], [-48.4751042, -1.4380754], [-48.4752691, -1.4383231], [-48.4752856, -1.4383472]]}}, {"type": "Feature", "properties": {"highway": "secondary"}, "geometry": {"type": "LineString", "coordinates": [[-48.4726628, -1.4348159], [-48.4726091, -1.4347392], [-48.4725392, -1.4346229], [-48.4724305, -1.4344504], [-48.4718509, -1.4335678], [-48.4716865, -1.4333059], [-48.4715121, -1.4330618], [-48.4710382, -1.4323366], [-48.4709693, -1.4322267], [-48.4707186, -1.4318502], [-48.4706156, -1.431698], [-48.4702759, -1.4312017], [-48.47021, -1.4311021]]}}, {"type": "Feature", "properties": {"highway": "tertiary"}, "geometry": {"type": "LineString", "coordinates": [[-48.4728754, -1.4346755], [-48.4729149, -1.4346496], [-48.4736099, -1.4341939], [-48.4743461, -1.4336968], [-48.4748521, -1.4333551], [-48.4753168, -1.4330412], [-48.4754168, -1.4329852], [-48.4755203, -1.4329122]]}}, {"type": "Feature", "properties": {"highway": "tertiary"}, "geometry": {"type": "LineString", "coordinates": [[-48.4726628, -1.4348159], [-48.472743, -1.4347676], [-48.4728242, -1.4347152], [-48.4728754, -1.4346755]]}}, {"type": "Feature", "properties": {"highway": "secondary"}, "geometry": {"type": "LineString", "coordinates": [[-48.4704058, -1.4309662], [-48.4709021, -1.4317249], [-48.471155, -1.432104], [-48.4712186, -1.4321995], [-48.4720494, -1.4334337], [-48.4723195, -1.433849], [-48.4724854, -1.4341041], [-48.4725776, -1.4342459], [-48.4726072, -1.4342914], [-48.4728233, -1.4346008], [-48.4728754, -1.4346755]]}}, {"type": "Feature", "properties": {"highway": "secondary"}, "geometry": {"type": "LineString", "coordinates": [[-48.47021, -1.4311021], [-48.4697233, -1.4303554], [-48.4693923, -1.4298522]]}}, {"type": "Feature", "properties": {"highway": "secondary"}, "geometry": {"type": "LineString", "coordinates": [[-48.4695838, -1.42973], [-48.4700925, -1.429384], [-48.4705173, -1.4290951], [-48.470891, -1.4288409], [-48.4710015, -1.4287657], [-48.4719539, -1.4281179], [-48.4720153, -1.4280761]]}}, {"type": "Feature", "properties": {"highway": "secondary"}, "geometry": {"type": "LineString", "coordinates": [[-48.4695838, -1.42973], [-48.4703502, -1.4308842], [-48.4704058, -1.4309662]]}}, {"type": "Feature", "properties": {"highway": "secondary"}, "geometry": {"type": "LineString", "coordinates": [[-48.4693923, -1.4298522], [-48.4690015, -1.4292626], [-48.4685961, -1.4286536], [-48.4685375, -1.428574], [-48.4679865, -1.4277326], [-48.467747, -1.4273694], [-48.4676783, -1.4272674], [-48.4673361, -1.4267591], [-48.4669044, -1.4261194]]}}, {"type": "Feature", "properties": {"highway": "secondary"}, "geometry": {"type": "LineString", "coordinates": [[-48.4669044, -1.4261194], [-48.466077, -1.4248832], [-48.4656753, -1.4242661], [-48.4654649, -1.4239598], [-48.4652674, -1.4236522], [-48.4649959, -1.4232446], [-48.4644407, -1.4224091], [-48.4638127, -1.4214338], [-48.4636424, -1.4211396]]}}, {"type": "Feature", "properties": {"highway": "secondary"}, "geometry": {"type": "LineString", "coordinates": [[-48.4671069, -1.4259908], [-48.4675501, -1.4266466], [-48.467943, -1.4272285], [-48.468168, -1.4275741], [-48.4687479, -1.4284407], [-48.4687909, -1.4285033], [-48.4690649, -1.4289297], [-48.4691008, -1.4289855], [-48.4695838, -1.42973]]}}, {"type": "Feature", "properties": {"highway": "secondary"}, "geometry": {"type": "LineString", "coordinates": [[-48.4470455, -1.4646685], [-48.4468451, -1.4642828], [-48.4466146, -1.4638409], [-48.4465656, -1.4637461], [-48.4464429, -1.4635118], [-48.4460145, -1.4627103], [-48.4459331, -1.462568], [-48.4459182, -1.462542], [-48.4456849, -1.4621253], [-48.4454698, -1.4617209], [-48.4452323, -1.4612879], [-48.4447115, -1.4603036], [-48.4445968, -1.4600001], [-48.4445487, -1.4598318], [-48.44451, -1.4596172], [-48.4444866, -1.4594386], [-48.444468, -1.4591008], [-48.444478, -1.458889], [-48.4445016, -1.4586482], [-48.4445414, -1.458429], [-48.4445404, -1.4583355]]}}, {"type": "Feature", "properties": {"highway": "primary"}, "geometry": {"type": "LineString", "coordinates": [[-48.4516834, -1.4315595], [-48.4517796, -1.4317], [-48.4518111, -1.431749], [-48.4519176, -1.4319073], [-48.4520103, -1.4320463], [-48.4522636, -1.4324207], [-48.4529084, -1.4334005], [-48.4529759, -1.4335092]]}}, {"type": "Feature", "properties": {"highway": "primary"}, "geometry": {"type": "LineString", "coordinates": [[-48.4514473, -1.4315701], [-48.4513275, -1.4314148], [-48.451315, -1.4313985], [-48.4512743, -1.4313468]]}}, {"type": "Feature", "properties": {"highway": "primary"}, "geometry": {"type": "LineString", "coordinates": [[-48.4515723, -1.4313912], [-48.4516026, -1.4314371], [-48.4516834, -1.4315595]]}}, {"type": "Feature", "properties": {"highway": "secondary"}, "geometry": {"type": "LineString", "coordinates": [[-48.4471935, -1.4424023], [-48.447217, -1.4421277], [-48.4472527, -1.4418693], [-48.4473166, -1.4416258], [-48.4474597, -1.4412065], [-48.4475035, -1.4410979], [-48.4475203, -1.4410636], [-48.4477066, -1.4406821], [-48.4478806, -1.4402645], [-48.4479842, -1.4400297], [-48.4484792, -1.4389074], [-48.4485789, -1.4386754], [-48.4486667, -1.438494], [-48.4486857, -1.4384548], [-48.4494878, -1.4365912], [-48.4495775, -1.436338], [-48.4496531, -1.4361246], [-48.4497102, -1.4359815], [-48.4497306, -1.4359119], [-48.4497397, -1.4358171]]}}, {"type": "Feature", "properties": {"highway": "tertiary"}, "geometry": {"type": "LineString", "coordinates": [[-48.4472685, -1.4428503], [-48.4477987, -1.4424986], [-48.4482264, -1.4422149], [-48.4491594, -1.4415968], [-48.4497907, -1.4411486], [-48.4507692, -1.4404956], [-48.451299, -1.4401446], [-48.451807, -1.4398077], [-48.4523259, -1.4394416], [-48.452861, -1.4390755]]}}, {"type": "Feature", "properties": {"highway": "secondary"}, "geometry": {"type": "LineString", "coordinates": [[-48.4472469, -1.4436435], [-48.4486642, -1.4437086]]}}, {"type": "Feature", "properties": {"highway": "tertiary"}, "geometry": {"type": "LineString", "coordinates": [[-48.4468143, -1.4494304], [-48.4472163, -1.4494437], [-48.4476608, -1.4494516], [-48.4479759, -1.449458], [-48.4480703, -1.4494648], [-48.4484545, -1.449486], [-48.4485458, -1.4494856], [-48.4486413, -1.4494782], [-48.4487058, -1.4494569], [-48.4487896, -1.4493963], [-48.4489552, -1.4492236], [-48.4491959, -1.4489357], [-48.4494094, -1.4487044], [-48.4494869, -1.4486278], [-48.4495651, -1.4485735], [-48.4496522, -1.4485401], [-48.450525, -1.4483786], [-48.451218, -1.4482763], [-48.4515403, -1.4482882], [-48.4518594, -1.4483051], [-48.4524564, -1.4483307], [-48.4535575, -1.4484321]]}}, {"type": "Feature", "properties": {"highway": "secondary"}, "geometry": {"type": "LineString", "coordinates": [[-48.461775, -1.4181122], [-48.4618625, -1.4180232], [-48.4620318, -1.4178344], [-48.4620828, -1.4177768], [-48.4629902, -1.4168889], [-48.4631996, -1.4166799], [-48.4633482, -1.4165316], [-48.4635919, -1.4162884], [-48.4637466, -1.4161341], [-48.4638162, -1.4160646], [-48.4639296, -1.4159514], [-48.4639496, -1.4159333], [-48.4641098, -1.4158226], [-48.464325, -1.4156888], [-48.4643879, -1.4156567], [-48.4646926, -1.4155204], [-48.4655593, -1.4151616], [-48.4669704, -1.414576], [-48.4671981, -1.4144775], [-48.4680911, -1.4141141], [-48.4683916, -1.414008]]}}, {"type": "Feature", "properties": {"highway": "secondary"}, "geometry": {"type": "LineString", "coordinates": [[-48.461775, -1.4181122], [-48.4618875, -1.4182273]]}}, {"type": "Feature", "properties": {"highway": "secondary"}, "geometry": {"type": "LineString", "coordinates": [[-48.4617728, -1.4183349], [-48.4616752, -1.4182185]]}}, {"type": "Feature", "properties": {"highway": "tertiary"}, "geometry": {"type": "LineString", "coordinates": [[-48.4547169, -1.4360629], [-48.455261, -1.4357086], [-48.4557017, -1.4354334], [-48.4570297, -1.4345434], [-48.4570978, -1.4344972], [-48.457161, -1.4344539]]}}, {"type": "Feature", "properties": {"highway": "tertiary"}, "geometry": {"type": "LineString", "coordinates": [[-48.4705477, -1.4254784], [-48.4712356, -1.4250273], [-48.4713932, -1.424924], [-48.4714301, -1.4248998]]}}, {"type": "Feature", "properties": {"highway": "trunk"}, "geometry": {"type": "LineString", "coordinates": [[-48.457339, -1.4343354], [-48.457482, -1.4345477], [-48.4578453, -1.435083], [-48.4581727, -1.4355716], [-48.4582207, -1.4356429], [-48.4587189, -1.4363816], [-48.4588633, -1.4365958], [-48.4590166, -1.4368203]]}}, {"type": "Feature", "properties": {"highway": "tertiary"}, "geometry": {"type": "LineString", "coordinates": [[-48.467943, -1.4272285], [-48.4679915, -1.4271958], [-48.4695882, -1.4261192], [-48.4703642, -1.4255983]]}}, {"type": "Feature", "properties": {"highway": "tertiary"}, "geometry": {"type": "LineString", "coordinates": [[-48.4624439, -1.4309243], [-48.4625321, -1.4308652], [-48.4626138, -1.4308104], [-48.4626971, -1.4307546], [-48.4636563, -1.4301116], [-48.4641012, -1.4298133], [-48.4645169, -1.4295347], [-48.4650267, -1.4291938], [-48.465061, -1.4291708], [-48.4652496, -1.4290435], [-48.4669749, -1.427887], [-48.467747, -1.4273694]]}}, {"type": "Feature", "properties": {"highway": "tertiary"}, "geometry": {"type": "LineString", "coordinates": [[-48.4703642, -1.4255983], [-48.4704547, -1.4255362]]}}, {"type": "Feature", "properties": {"highway": "tertiary"}, "geometry": {"type": "LineString", "coordinates": [[-48.457339, -1.4343354], [-48.457439, -1.4342701], [-48.4583969, -1.4336419], [-48.4585663, -1.4335308], [-48.4588592, -1.4333387], [-48.4596296, -1.4328334], [-48.4597375, -1.4327626], [-48.4597619, -1.4327466]]}}, {"type": "Feature", "properties": {"highway": "tertiary"}, "geometry": {"type": "LineString", "coordinates": [[-48.4754758, -1.4275435], [-48.474854, -1.4279643], [-48.4746537, -1.4280828], [-48.4744858, -1.4281822], [-48.474178, -1.428386], [-48.4741581, -1.4283992], [-48.4740888, -1.4284449], [-48.4740177, -1.4284919], [-48.4739786, -1.4285176], [-48.4739277, -1.4285512], [-48.4738348, -1.4286125], [-48.47376, -1.4286619], [-48.4736593, -1.4287302], [-48.4736033, -1.4287673], [-48.4735314, -1.4288168], [-48.4730539, -1.4291534]]}}, {"type": "Feature", "properties": {"highway": "tertiary"}, "geometry": {"type": "LineString", "coordinates": [[-48.4754758, -1.4275435], [-48.4750399, -1.4268749], [-48.4748687, -1.4266123], [-48.4747811, -1.4264835], [-48.4746673, -1.4263102], [-48.4738942, -1.4250709], [-48.4738535, -1.4250152], [-48.4738289, -1.424977], [-48.4730758, -1.4238057], [-48.4722222, -1.4225525], [-48.4717407, -1.4218249], [-48.4713812, -1.4213038], [-48.4706276, -1.4201984], [-48.4706185, -1.4201835]]}}, {"type": "Feature", "properties": {"highway": "tertiary"}, "geometry": {"type": "LineString", "coordinates": [[-48.4625373, -1.2979601], [-48.4625197, -1.2981782], [-48.4625056, -1.2983753], [-48.4624578, -1.2989737], [-48.4624262, -1.2992319], [-48.4623955, -1.2996348], [-48.4623657, -1.3003477], [-48.4623198, -1.3004629], [-48.462283, -1.3010688], [-48.4622705, -1.3015406], [-48.4622557, -1.301615], [-48.4622261, -1.3016965]]}}, {"type": "Feature", "properties": {"highway": "tertiary"}, "geometry": {"type": "LineString", "coordinates": [[-48.426085, -1.3936939], [-48.4260415, -1.3936104], [-48.4257551, -1.3930265], [-48.4255427, -1.3926901], [-48.425418, -1.3924197], [-48.4253016, -1.3922567], [-48.425256, -1.3921816], [-48.4252024, -1.3921414], [-48.4245155, -1.3919476]]}}, {"type": "Feature", "properties": {"highway": "secondary"}, "geometry": {"type": "LineString", "coordinates": [[-48.4298263, -1.3889739], [-48.4298308, -1.388968], [-48.429973, -1.3889293], [-48.4304703, -1.3887845], [-48.4305105, -1.3887669], [-48.430554, -1.3886998], [-48.4304655, -1.3882464]]}}, {"type": "Feature", "properties": {"highway": "primary"}, "geometry": {"type": "LineString", "coordinates": [[-48.486505, -1.3115661], [-48.4867317, -1.3108956], [-48.486755, -1.3107844]]}}, {"type": "Feature", "properties": {"highway": "secondary"}, "geometry": {"type": "LineString", "coordinates": [[-48.4007545, -1.3663207], [-48.4003985, -1.3661481], [-48.4000237, -1.3659673], [-48.3990062, -1.3654113], [-48.3981065, -1.3649765], [-48.3980686, -1.3649591], [-48.3980141, -1.364927], [-48.3972112, -1.3645308], [-48.3972001, -1.3645253], [-48.396484, -1.3640909], [-48.3958965, -1.3637313], [-48.3949525, -1.3631589], [-48.3943831, -1.3627782]]}}, {"type": "Feature", "properties": {"highway": "secondary"}, "geometry": {"type": "LineString", "coordinates": [[-48.4007545, -1.3663207], [-48.4012272, -1.3663235]]}}, {"type": "Feature", "properties": {"highway": "secondary"}, "geometry": {"type": "LineString", "coordinates": [[-48.4028726, -1.3667935], [-48.4022655, -1.3667843], [-48.4017644, -1.3667808]]}}, {"type": "Feature", "properties": {"highway": "primary"}, "geometry": {"type": "LineString", "coordinates": [[-48.4058133, -1.3534645], [-48.4058297, -1.3539109]]}}, {"type": "Feature", "properties": {"highway": "tertiary"}, "geometry": {"type": "LineString", "coordinates": [[-48.4118167, -1.3647599], [-48.4107238, -1.3650535], [-48.4105303, -1.3650992], [-48.410221, -1.3651722]]}}, {"type": "Feature", "properties": {"highway": "secondary"}, "geometry": {"type": "LineString", "coordinates": [[-48.4317351, -1.3964787], [-48.4316724, -1.3962219], [-48.4316203, -1.3960891], [-48.4315217, -1.3957416]]}}, {"type": "Feature", "properties": {"highway": "tertiary"}, "geometry": {"type": "LineString", "coordinates": [[-48.3909324, -1.4005403], [-48.3906297, -1.4004488], [-48.3904133, -1.4003864], [-48.3901033, -1.4002971], [-48.3896442, -1.4001648], [-48.388636, -1.3998742], [-48.3882738, -1.3997699], [-48.3878716, -1.3996172], [-48.3875329, -1.3995563], [-48.3871823, -1.3994553], [-48.3868451, -1.3993581], [-48.3864193, -1.3992354]]}}, {"type": "Feature", "properties": {"highway": "secondary"}, "geometry": {"type": "LineString", "coordinates": [[-48.3938561, -1.3613552], [-48.3948868, -1.3613487], [-48.3952898, -1.3613518], [-48.3960004, -1.3613574], [-48.3968581, -1.36136], [-48.3980231, -1.3613683], [-48.3983749, -1.3613664], [-48.3990484, -1.3613715], [-48.4000411, -1.3613468], [-48.400099, -1.3613418], [-48.4012536, -1.3613697]]}}, {"type": "Feature", "properties": {"highway": "secondary"}, "geometry": {"type": "LineString", "coordinates": [[-48.3926966, -1.3596982], [-48.3927372, -1.3602081], [-48.3927322, -1.3606648]]}}, {"type": "Feature", "properties": {"highway": "tertiary"}, "geometry": {"type": "LineString", "coordinates": [[-48.3855435, -1.3523634], [-48.3867758, -1.3523788], [-48.3876222, -1.352357]]}}, {"type": "Feature", "properties": {"highway": "tertiary"}, "geometry": {"type": "LineString", "coordinates": [[-48.3835022, -1.3520603], [-48.3832279, -1.3521044], [-48.3830139, -1.3521453], [-48.3825388, -1.3522271], [-48.3823789, -1.3522546], [-48.3816482, -1.3523878], [-48.3815307, -1.3524093]]}}, {"type": "Feature", "properties": {"highway": "secondary"}, "geometry": {"type": "LineString", "coordinates": [[-48.3815576, -1.3470622], [-48.3807887, -1.3470941], [-48.3800615, -1.3471018], [-48.379324, -1.347107], [-48.3787285, -1.3471078], [-48.3780973, -1.3471182], [-48.3780509, -1.3471219], [-48.3780111, -1.3471256], [-48.3778226, -1.3471336], [-48.3777605, -1.3471404]]}}, {"type": "Feature", "properties": {"highway": "secondary"}, "geometry": {"type": "LineString", "coordinates": [[-48.3843346, -1.3477403], [-48.3840393, -1.3475748], [-48.383942, -1.3475198], [-48.3836931, -1.3474087], [-48.383551, -1.3473459], [-48.3832969, -1.3472172], [-48.3831055, -1.3471255], [-48.3829856, -1.3470956], [-48.3827635, -1.3470462], [-48.3825749, -1.3470343], [-48.3823679, -1.3470363], [-48.3819306, -1.3470542], [-48.3815576, -1.3470622]]}}, {"type": "Feature", "properties": {"highway": "primary"}, "geometry": {"type": "LineString", "coordinates": [[-48.4142121, -1.3764848], [-48.4142749, -1.3765394]]}}, {"type": "Feature", "properties": {"highway": "tertiary"}, "geometry": {"type": "LineString", "coordinates": [[-48.4185629, -1.3784943], [-48.4172736, -1.3783949], [-48.4169772, -1.3783641], [-48.4167854, -1.378336], [-48.4165856, -1.3782863], [-48.4163985, -1.3782267], [-48.4161606, -1.3781497], [-48.416048, -1.3781001], [-48.4159253, -1.3780371], [-48.4158099, -1.3779734], [-48.4156953, -1.3778923], [-48.4154928, -1.3777354], [-48.414963, -1.3772755], [-48.4145185, -1.376874], [-48.4143046, -1.3767064], [-48.4142181, -1.3766385]]}}, {"type": "Feature", "properties": {"highway": "tertiary"}, "geometry": {"type": "LineString", "coordinates": [[-48.4185581, -1.3784034], [-48.4200281, -1.3785238], [-48.420601, -1.3785706]]}}, {"type": "Feature", "properties": {"highway": "tertiary"}, "geometry": {"type": "LineString", "coordinates": [[-48.420642, -1.3787357], [-48.4205684, -1.3786962], [-48.420521, -1.3786794], [-48.4204229, -1.3786583], [-48.4200258, -1.3786233], [-48.4193426, -1.3785618], [-48.4191879, -1.3785491], [-48.4185629, -1.3784943]]}}, {"type": "Feature", "properties": {"highway": "tertiary"}, "geometry": {"type": "LineString", "coordinates": [[-48.4217314, -1.3782999], [-48.4214106, -1.3785952], [-48.4212722, -1.3787125], [-48.4211707, -1.3787765], [-48.4210995, -1.3788066], [-48.4210372, -1.3788203], [-48.4209649, -1.3788274], [-48.4208197, -1.3788167], [-48.4207373, -1.3787954], [-48.4207117, -1.3787822], [-48.4206922, -1.3787664], [-48.420642, -1.3787357]]}}, {"type": "Feature", "properties": {"highway": "tertiary"}, "geometry": {"type": "LineString", "coordinates": [[-48.4207767, -1.3738366], [-48.4207901, -1.3737937], [-48.420825, -1.3737629], [-48.4208733, -1.3737441], [-48.4209417, -1.3737361], [-48.4210905, -1.3737253], [-48.4213172, -1.3736958], [-48.4216565, -1.3736288], [-48.4221976, -1.3734733]]}}, {"type": "Feature", "properties": {"highway": "secondary"}, "geometry": {"type": "LineString", "coordinates": [[-48.4214868, -1.343605], [-48.4215234, -1.343551], [-48.4215643, -1.3434907], [-48.4215765, -1.3434727], [-48.4217487, -1.3432185]]}}, {"type": "Feature", "properties": {"highway": "secondary"}, "geometry": {"type": "LineString", "coordinates": [[-48.4215234, -1.343551], [-48.4216139, -1.3435889], [-48.4228099, -1.3441136], [-48.4239785, -1.3446095], [-48.4246428, -1.344894], [-48.4253365, -1.3451776]]}}, {"type": "Feature", "properties": {"highway": "primary"}, "geometry": {"type": "LineString", "coordinates": [[-48.401384, -1.3449828], [-48.4023766, -1.3454054], [-48.4027034, -1.3455382], [-48.4029204, -1.3456246]]}}, {"type": "Feature", "properties": {"highway": "tertiary"}, "geometry": {"type": "LineString", "coordinates": [[-48.3697704, -1.394295], [-48.3693022, -1.3941113], [-48.3691331, -1.3940574], [-48.3688702, -1.3939612], [-48.3686537, -1.3938818], [-48.3684477, -1.393805], [-48.3682259, -1.3937278], [-48.368034, -1.3936543], [-48.3678344, -1.3935907], [-48.3675801, -1.3935087]]}}, {"type": "Feature", "properties": {"highway": "tertiary"}, "geometry": {"type": "LineString", "coordinates": [[-48.3349675, -1.3810253], [-48.3349435, -1.3806811], [-48.3349254, -1.3800038], [-48.3349009, -1.3790077], [-48.3348837, -1.3783533], [-48.3348825, -1.3775644]]}}, {"type": "Feature", "properties": {"highway": "tertiary"}, "geometry": {"type": "LineString", "coordinates": [[-48.3348825, -1.3775644], [-48.3348294, -1.3759804], [-48.3348146, -1.375176], [-48.3347885, -1.3746706], [-48.3347717, -1.3743447], [-48.3347476, -1.3737374], [-48.334706, -1.3727533], [-48.334659, -1.3717665], [-48.3346322, -1.3707422], [-48.334596, -1.3700906], [-48.3345826, -1.3699767], [-48.3345311, -1.3687685], [-48.3345075, -1.3682163], [-48.3344767, -1.3668112], [-48.3344592, -1.3655]]}}, {"type": "Feature", "properties": {"highway": "tertiary"}, "geometry": {"type": "LineString", "coordinates": [[-48.3303155, -1.3702411], [-48.3301982, -1.3711138], [-48.3301319, -1.3716335], [-48.3300834, -1.3720136], [-48.3300244, -1.3724756], [-48.3299382, -1.3731724], [-48.3298904, -1.3734172], [-48.3297893, -1.3736795], [-48.3296298, -1.3739784], [-48.3294649, -1.3742855], [-48.3292876, -1.374559], [-48.3290979, -1.3748307], [-48.3290712, -1.3748594], [-48.3287857, -1.375205], [-48.3278621, -1.3762271], [-48.327751, -1.3763344], [-48.3276545, -1.3764483], [-48.3275654, -1.3765692], [-48.3272333, -1.3771568], [-48.3270791, -1.3774297], [-48.326841, -1.3778411], [-48.3267719, -1.3779604], [-48.3267291, -1.3780491], [-48.3266233, -1.3782685], [-48.326549, -1.3784224], [-48.326518, -1.3784867], [-48.3263661, -1.3788017], [-48.3261888, -1.3791923], [-48.3260806, -1.3794507], [-48.3260175, -1.3796551], [-48.3259724, -1.3798534], [-48.3259593, -1.3799498]]}}, {"type": "Feature", "properties": {"highway": "tertiary"}, "geometry": {"type": "LineString", "coordinates": [[-48.334472, -1.3564394], [-48.3345316, -1.3562142], [-48.334596, -1.3558749], [-48.334733, -1.3549067], [-48.3347357, -1.3545743], [-48.3347113, -1.3543425], [-48.3346297, -1.3540191], [-48.334596, -1.3537834], [-48.3345866, -1.3535756], [-48.3346007, -1.3534033]]}}, {"type": "Feature", "properties": {"highway": "primary"}, "geometry": {"type": "LineString", "coordinates": [[-48.3927633, -1.3431406], [-48.3927582, -1.3426732], [-48.3927587, -1.3425212], [-48.392759, -1.3424168], [-48.3927654, -1.3421724], [-48.3927825, -1.3416417], [-48.3928238, -1.3415172], [-48.3928317, -1.3414934]]}}, {"type": "Feature", "properties": {"highway": "primary"}, "geometry": {"type": "LineString", "coordinates": [[-48.3928371, -1.3426872], [-48.3928369, -1.3431612], [-48.3928383, -1.3435888], [-48.3928272, -1.3440525], [-48.3928278, -1.3441815]]}}, {"type": "Feature", "properties": {"highway": "primary"}, "geometry": {"type": "LineString", "coordinates": [[-48.3927525, -1.3445891], [-48.3927503, -1.3444713], [-48.3927504, -1.3443202], [-48.3927526, -1.3441616], [-48.3927496, -1.3440024], [-48.3927564, -1.3436072], [-48.3927577, -1.3433592], [-48.3927633, -1.3431406]]}}, {"type": "Feature", "properties": {"highway": "primary"}, "geometry": {"type": "LineString", "coordinates": [[-48.3928278, -1.3441815], [-48.3928274, -1.344297], [-48.3928276, -1.3443215], [-48.3928295, -1.3445088], [-48.3928301, -1.3447532], [-48.3928307, -1.3449636], [-48.3928282, -1.3451819], [-48.3928281, -1.3451872], [-48.3928237, -1.3454], [-48.3928214, -1.3456586], [-48.3928267, -1.3458556], [-48.392817, -1.3462939], [-48.3928105, -1.3467844], [-48.392813, -1.3470187], [-48.3928167, -1.3472388], [-48.3928171, -1.3473305], [-48.3928179, -1.3475148], [-48.3928188, -1.3477125], [-48.3928045, -1.3485653], [-48.3927998, -1.3490231], [-48.3927934, -1.3495406]]}}, {"type": "Feature", "properties": {"highway": "primary"}, "geometry": {"type": "LineString", "coordinates": [[-48.3926078, -1.3590116], [-48.3926127, -1.3586181], [-48.392613, -1.358598], [-48.3926157, -1.3584301], [-48.3926276, -1.3579666], [-48.3926251, -1.3575406], [-48.3926301, -1.3570705], [-48.3926249, -1.3568173], [-48.3926351, -1.3565968], [-48.3926373, -1.3563884], [-48.3926387, -1.3562601], [-48.3926332, -1.3560438], [-48.3926424, -1.3559018], [-48.3926373, -1.3556423], [-48.392639, -1.3551898], [-48.3926423, -1.3547281], [-48.3926418, -1.3545715], [-48.3926509, -1.3542206], [-48.3926732, -1.3538202], [-48.392683, -1.3533811], [-48.392683, -1.3533612], [-48.3926828, -1.3528434], [-48.3926753, -1.3526672], [-48.3926745, -1.3524375], [-48.3926805, -1.3523046], [-48.3926763, -1.3521207], [-48.3926731, -1.3519833], [-48.3926877, -1.3514977], [-48.3926921, -1.3512028]]}}, {"type": "Feature", "properties": {"highway": "secondary"}, "geometry": {"type": "LineString", "coordinates": [[-48.4287905, -1.3701717], [-48.4287134, -1.3698868], [-48.428642, -1.3696161], [-48.4286355, -1.3694594], [-48.4286381, -1.3693518], [-48.4286532, -1.3691817], [-48.4286734, -1.3691089], [-48.4287057, -1.3690368], [-48.4287984, -1.3688807], [-48.4290116, -1.3685475]]}}, {"type": "Feature", "properties": {"highway": "primary"}, "geometry": {"type": "LineString", "coordinates": [[-48.4028357, -1.3552795], [-48.4028332, -1.3552271], [-48.4028308, -1.3551768], [-48.4028282, -1.3551195], [-48.4028303, -1.3550836]]}}, {"type": "Feature", "properties": {"highway": "primary"}, "geometry": {"type": "LineString", "coordinates": [[-48.4028968, -1.3540953], [-48.4028966, -1.3541862], [-48.4028956, -1.3545445], [-48.4028964, -1.3546271], [-48.4028971, -1.3547051], [-48.4028979, -1.3547915], [-48.4029004, -1.3548269], [-48.4029044, -1.3548832], [-48.4029198, -1.3550218]]}}, {"type": "Feature", "properties": {"highway": "secondary"}, "geometry": {"type": "LineString", "coordinates": [[-48.4188499, -1.3515272], [-48.4188176, -1.3516731], [-48.4188026, -1.3517441], [-48.4187925, -1.3518206], [-48.4187061, -1.3521933], [-48.4186074, -1.3526329], [-48.4185492, -1.3529508], [-48.4185103, -1.3531613], [-48.4184888, -1.3534254], [-48.4184995, -1.3536533], [-48.4185089, -1.3537506], [-48.4185196, -1.3538625], [-48.4185599, -1.3541092], [-48.4186256, -1.3544202], [-48.4187135, -1.354728], [-48.4188128, -1.3549891], [-48.4190194, -1.3554251], [-48.4192492, -1.3558924], [-48.4194, -1.3561839], [-48.41963, -1.3566693], [-48.4196366, -1.3566822], [-48.4196817, -1.3567712], [-48.4197025, -1.356814], [-48.4197219, -1.3568503], [-48.4197434, -1.3568918], [-48.4200214, -1.357451], [-48.4204853, -1.3583857], [-48.420557, -1.3585527], [-48.4206155, -1.3586867], [-48.4206925, -1.3588707], [-48.4207844, -1.3591206], [-48.4208194, -1.3592144], [-48.4209806, -1.3596476], [-48.4210656, -1.3598808], [-48.42112, -1.3601073], [-48.4211391, -1.3602599], [-48.4211425, -1.3603957], [-48.4211382, -1.3605455], [-48.4211139, -1.3606874], [-48.421082, -1.3608008], [-48.4210258, -1.3609579], [-48.4208751, -1.3613345]]}}, {"type": "Feature", "properties": {"highway": "tertiary"}, "geometry": {"type": "LineString", "coordinates": [[-48.3662733, -1.3579708], [-48.3663134, -1.358015], [-48.3665667, -1.358294], [-48.366872, -1.3586383], [-48.3670923, -1.358858], [-48.3672643, -1.3590062]]}}, {"type": "Feature", "properties": {"highway": "tertiary"}, "geometry": {"type": "LineString", "coordinates": [[-48.365971, -1.3576385], [-48.3662733, -1.3579708]]}}, {"type": "Feature", "properties": {"highway": "tertiary"}, "geometry": {"type": "LineString", "coordinates": [[-48.3647272, -1.3562921], [-48.3650376, -1.3566087], [-48.3653509, -1.3569487]]}}, {"type": "Feature", "properties": {"highway": "tertiary"}, "geometry": {"type": "LineString", "coordinates": [[-48.3656594, -1.3573009], [-48.365971, -1.3576385]]}}, {"type": "Feature", "properties": {"highway": "tertiary"}, "geometry": {"type": "LineString", "coordinates": [[-48.3653509, -1.3569487], [-48.3655425, -1.3571614], [-48.3656594, -1.3573009]]}}, {"type": "Feature", "properties": {"highway": "primary"}, "geometry": {"type": "LineString", "coordinates": [[-48.3727898, -1.3428601], [-48.3719266, -1.3440699], [-48.371858, -1.3441625], [-48.3714623, -1.3446657], [-48.3709231, -1.3454977], [-48.3705038, -1.3460878], [-48.3700516, -1.3467055], [-48.3700007, -1.3467772], [-48.3697402, -1.3471514], [-48.3696882, -1.3472543], [-48.3696287, -1.3474063], [-48.3696002, -1.3475088], [-48.369506, -1.3481518], [-48.3693628, -1.348929], [-48.3693538, -1.3489779], [-48.3691965, -1.349849], [-48.369054, -1.3507329], [-48.3690447, -1.3507839], [-48.3689566, -1.351253], [-48.3688426, -1.3518984], [-48.3687471, -1.3524888], [-48.3686445, -1.3530503], [-48.3685506, -1.3535798], [-48.368478, -1.3539789], [-48.3684404, -1.3541678], [-48.3684364, -1.3541906], [-48.3683402, -1.3547401], [-48.3682304, -1.3553278]]}}, {"type": "Feature", "properties": {"highway": "primary"}, "geometry": {"type": "LineString", "coordinates": [[-48.3678659, -1.3554015], [-48.3679812, -1.3548172], [-48.3680968, -1.3542238], [-48.3681119, -1.3541412], [-48.368163, -1.3538624], [-48.3682016, -1.3536719], [-48.3682991, -1.3531102], [-48.3683188, -1.3530053], [-48.3683969, -1.3525469], [-48.3684865, -1.351979], [-48.3686312, -1.3511592], [-48.3687104, -1.3507307], [-48.3687908, -1.3502284], [-48.3689412, -1.3493525], [-48.3690941, -1.3484983], [-48.3692325, -1.3475746], [-48.3692594, -1.3473901], [-48.3692996, -1.3472428], [-48.3693457, -1.3471302], [-48.3694097, -1.3469993], [-48.3698048, -1.3464766], [-48.3698784, -1.3463792], [-48.3702812, -1.345782], [-48.3706277, -1.3452828], [-48.3711451, -1.3445134], [-48.3713943, -1.3441611], [-48.3716215, -1.3438474], [-48.3716688, -1.3437728], [-48.3724521, -1.342513]]}}, {"type": "Feature", "properties": {"highway": "primary"}, "geometry": {"type": "LineString", "coordinates": [[-48.4029204, -1.3456246], [-48.4029928, -1.3456348]]}}, {"type": "Feature", "properties": {"highway": "secondary"}, "geometry": {"type": "LineString", "coordinates": [[-48.4096446, -1.3385198], [-48.409558, -1.3386959], [-48.4095411, -1.3387303], [-48.4093311, -1.3391574], [-48.409147, -1.3395442], [-48.408933, -1.3399671], [-48.4087397, -1.3403419], [-48.4085304, -1.3407726], [-48.4079736, -1.3419196], [-48.4079229, -1.3420319], [-48.4074549, -1.3430033], [-48.4074268, -1.3430785]]}}, {"type": "Feature", "properties": {"highway": "primary"}, "geometry": {"type": "LineString", "coordinates": [[-48.3984768, -1.3367473], [-48.3981221, -1.3364879], [-48.3973547, -1.3358811], [-48.3971508, -1.3357392], [-48.3969483, -1.3355961], [-48.396723, -1.3354462], [-48.3966289, -1.3353879], [-48.3962408, -1.3351111], [-48.3958355, -1.3348127], [-48.3954312, -1.334519], [-48.3952354, -1.3343776], [-48.3950289, -1.33422], [-48.3948666, -1.3341134], [-48.3946633, -1.334021], [-48.3944549, -1.3339405], [-48.3941907, -1.3338721], [-48.3938138, -1.3338299], [-48.3935861, -1.3338081], [-48.3926467, -1.3337281], [-48.3925062, -1.3337168], [-48.3912961, -1.3336064], [-48.3907755, -1.3335651]]}}, {"type": "Feature", "properties": {"highway": "tertiary"}, "geometry": {"type": "LineString", "coordinates": [[-48.3999529, -1.3241727], [-48.3998145, -1.3242181], [-48.3996576, -1.3242743], [-48.3993138, -1.3244054], [-48.3992187, -1.3244487], [-48.3987997, -1.3246702], [-48.3983843, -1.3248968], [-48.3979751, -1.3251242], [-48.3975605, -1.3253425], [-48.3971571, -1.3255807], [-48.3969024, -1.3257861], [-48.396771, -1.3259309], [-48.396433, -1.3263116], [-48.3962774, -1.3264832], [-48.3961929, -1.3265718], [-48.39615, -1.3266227], [-48.3961044, -1.3266844], [-48.3960669, -1.3267434], [-48.3960186, -1.3268185], [-48.395914, -1.3270075], [-48.3957772, -1.3272354], [-48.3956257, -1.3274687], [-48.3954747, -1.327716], [-48.3953877, -1.3278664], [-48.3953474, -1.3279699], [-48.3953298, -1.3280685], [-48.3953338, -1.3281802], [-48.3953551, -1.3282933], [-48.3953882, -1.328379], [-48.3954223, -1.3284655], [-48.3956328, -1.328985], [-48.3958761, -1.3296293], [-48.3960794, -1.3301457], [-48.3960949, -1.3302105], [-48.3960919, -1.330275], [-48.3960965, -1.3303266], [-48.3961093, -1.3303863], [-48.3961319, -1.3304543], [-48.3961555, -1.3305367]]}}, {"type": "Feature", "properties": {"highway": "tertiary"}, "geometry": {"type": "LineString", "coordinates": [[-48.4070717, -1.3389211], [-48.4066246, -1.3385999], [-48.4061479, -1.33828], [-48.4059177, -1.3381018], [-48.405695, -1.3379312]]}}, {"type": "Feature", "properties": {"highway": "tertiary"}, "geometry": {"type": "LineString", "coordinates": [[-48.405695, -1.3379312], [-48.4055801, -1.3378215], [-48.4054627, -1.3376691], [-48.4053956, -1.3375699], [-48.4053339, -1.3374425], [-48.4051355, -1.3369444], [-48.4051153, -1.3368901], [-48.4049785, -1.3365844], [-48.4045735, -1.3355279], [-48.4044984, -1.3352986], [-48.4043508, -1.3348801], [-48.4041435, -1.3343588], [-48.4040593, -1.3341342], [-48.4039164, -1.3337455]]}}, {"type": "Feature", "properties": {"highway": "tertiary"}, "geometry": {"type": "LineString", "coordinates": [[-48.493784, -1.4616301], [-48.4943486, -1.4611321]]}}, {"type": "Feature", "properties": {"highway": "secondary"}, "geometry": {"type": "LineString", "coordinates": [[-48.4393469, -1.3298358], [-48.4393346, -1.3298838]]}}, {"type": "Feature", "properties": {"highway": "secondary"}, "geometry": {"type": "LineString", "coordinates": [[-48.4782581, -1.4374018], [-48.4782575, -1.4373197], [-48.4780755, -1.4370093], [-48.4779407, -1.4367594]]}}, {"type": "Feature", "properties": {"highway": "tertiary"}, "geometry": {"type": "LineString", "coordinates": [[-48.4655354, -1.30732], [-48.4655334, -1.3073374], [-48.4655012, -1.3076813]]}}, {"type": "Feature", "properties": {"highway": "secondary"}, "geometry": {"type": "LineString", "coordinates": [[-48.3980182, -1.3581394], [-48.3980276, -1.3582004], [-48.3980323, -1.3582514], [-48.3980349, -1.3583115]]}}, {"type": "Feature", "properties": {"highway": "secondary"}, "geometry": {"type": "LineString", "coordinates": [[-48.4089221, -1.3864687], [-48.4090279, -1.3867139]]}}, {"type": "Feature", "properties": {"highway": "tertiary"}, "geometry": {"type": "LineString", "coordinates": [[-48.4230213, -1.3777782], [-48.4229527, -1.3777562], [-48.4228726, -1.3777164]]}}, {"type": "Feature", "properties": {"highway": "secondary"}, "geometry": {"type": "LineString", "coordinates": [[-48.4346266, -1.3964806], [-48.4346354, -1.3963752], [-48.4346489, -1.3962145], [-48.4346603, -1.3960705]]}}, {"type": "Feature", "properties": {"highway": "secondary"}, "geometry": {"type": "LineString", "coordinates": [[-48.3874534, -1.3705274], [-48.3873822, -1.3705933], [-48.3873463, -1.3706471], [-48.3873091, -1.3707206]]}}, {"type": "Feature", "properties": {"highway": "secondary"}, "geometry": {"type": "LineString", "coordinates": [[-48.3873091, -1.3707206], [-48.3872893, -1.3707757], [-48.38728, -1.3708294], [-48.3872692, -1.3709393], [-48.3872464, -1.3711619], [-48.3872083, -1.3716044], [-48.3871767, -1.3720427], [-48.3871469, -1.3724497], [-48.3871503, -1.3725726], [-48.3871505, -1.3726221]]}}, {"type": "Feature", "properties": {"highway": "secondary"}, "geometry": {"type": "LineString", "coordinates": [[-48.357176, -1.3447869], [-48.3571289, -1.3447855], [-48.357086, -1.3447661], [-48.3570537, -1.3447318], [-48.357037, -1.3446878], [-48.3570384, -1.3446408], [-48.3570576, -1.3445978], [-48.3570852, -1.3445699], [-48.3571149, -1.3445443], [-48.3571516, -1.344547], [-48.3571833, -1.34455], [-48.357213, -1.3445611], [-48.3572389, -1.3445796], [-48.3572673, -1.3446201], [-48.3572771, -1.3446685], [-48.3572685, -1.3447123], [-48.3572446, -1.3447501], [-48.3572087, -1.3447766], [-48.357176, -1.3447869]]}}, {"type": "Feature", "properties": {"highway": "tertiary"}, "geometry": {"type": "LineString", "coordinates": [[-48.4330934, -1.3588949], [-48.4330639, -1.3589559], [-48.4330109, -1.3590605], [-48.4329633, -1.3591402], [-48.4329412, -1.3591865], [-48.4329205, -1.3592335], [-48.4329024, -1.3592716], [-48.4328903, -1.3593059], [-48.4328849, -1.3593481], [-48.4328771, -1.3594048]]}}, {"type": "Feature", "properties": {"highway": "tertiary"}, "geometry": {"type": "LineString", "coordinates": [[-48.4712623, -1.4160333], [-48.4715588, -1.4158443], [-48.4719152, -1.4155998], [-48.4726756, -1.4150973]]}}, {"type": "Feature", "properties": {"highway": "tertiary"}, "geometry": {"type": "LineString", "coordinates": [[-48.459403, -1.3846994], [-48.4588448, -1.3846807], [-48.4583768, -1.3846745], [-48.4578559, -1.384665], [-48.4573467, -1.3846566], [-48.4554221, -1.3845897]]}}, {"type": "Feature", "properties": {"highway": "secondary"}, "geometry": {"type": "LineString", "coordinates": [[-48.4105035, -1.3512476], [-48.4105032, -1.3511464]]}}, {"type": "Feature", "properties": {"highway": "tertiary"}, "geometry": {"type": "LineString", "coordinates": [[-48.3981416, -1.392742], [-48.3973865, -1.3924068], [-48.3966252, -1.3920687], [-48.3958738, -1.3917861], [-48.3951281, -1.3914616], [-48.3943704, -1.3911492]]}}, {"type": "Feature", "properties": {"highway": "tertiary"}, "geometry": {"type": "LineString", "coordinates": [[-48.3975957, -1.4066676], [-48.3968378, -1.4066079], [-48.396196, -1.4065781], [-48.3955673, -1.4065344], [-48.3949518, -1.4065046], [-48.3943301, -1.4064645], [-48.3937051, -1.4064232], [-48.3930423, -1.4064273], [-48.3924141, -1.4064064], [-48.3919783, -1.4063724]]}}, {"type": "Feature", "properties": {"highway": "tertiary"}, "geometry": {"type": "LineString", "coordinates": [[-48.383548, -1.409103], [-48.3841881, -1.4068603]]}}, {"type": "Feature", "properties": {"highway": "tertiary"}, "geometry": {"type": "LineString", "coordinates": [[-48.398507, -1.3811189], [-48.3984049, -1.3843372], [-48.3983763, -1.3852381], [-48.3983607, -1.3857768], [-48.3983419, -1.3862699], [-48.398322, -1.3867502], [-48.3983129, -1.3870937], [-48.39831, -1.3872735], [-48.3983005, -1.3874208], [-48.3983013, -1.3876797], [-48.3982829, -1.3886401], [-48.398277, -1.3887896], [-48.3982649, -1.389098], [-48.3982594, -1.3893237], [-48.3982352, -1.3896872], [-48.39823, -1.3898263], [-48.3982124, -1.3902085], [-48.3982271, -1.3903532], [-48.3982256, -1.3903863], [-48.3982097, -1.3907317], [-48.3982074, -1.3907798], [-48.3981956, -1.3910211], [-48.3981833, -1.3912728], [-48.3981759, -1.3914243], [-48.3981754, -1.3916896], [-48.3981416, -1.392742]]}}, {"type": "Feature", "properties": {"highway": "tertiary"}, "geometry": {"type": "LineString", "coordinates": [[-48.3981416, -1.392742], [-48.398117, -1.3932046], [-48.3980857, -1.3936774], [-48.3980836, -1.393745], [-48.3980517, -1.3947826], [-48.398004, -1.3963893], [-48.3979888, -1.396821], [-48.3979774, -1.397226], [-48.3979665, -1.39757], [-48.3979339, -1.3986015], [-48.3978907, -1.4003767]]}}, {"type": "Feature", "properties": {"highway": "tertiary"}, "geometry": {"type": "LineString", "coordinates": [[-48.3902089, -1.3895404], [-48.389293, -1.3893018], [-48.3886331, -1.3891114], [-48.3878553, -1.3888902], [-48.3876032, -1.3888097]]}}, {"type": "Feature", "properties": {"highway": "tertiary"}, "geometry": {"type": "LineString", "coordinates": [[-48.5042403, -1.4626331], [-48.5038083, -1.4623244]]}}, {"type": "Feature", "properties": {"highway": "secondary"}, "geometry": {"type": "LineString", "coordinates": [[-48.4760533, -1.475586], [-48.4761497, -1.4756072], [-48.4770856, -1.4758097], [-48.4780079, -1.4760097]]}}, {"type": "Feature", "properties": {"highway": "tertiary"}, "geometry": {"type": "LineString", "coordinates": [[-48.463267, -1.4647262], [-48.4632723, -1.4653872], [-48.4632817, -1.4660441], [-48.4632869, -1.4668608], [-48.4632897, -1.4669142], [-48.4632832, -1.467312]]}}, {"type": "Feature", "properties": {"highway": "tertiary"}, "geometry": {"type": "LineString", "coordinates": [[-48.5036503, -1.4615772], [-48.50367, -1.4614536]]}}, {"type": "Feature", "properties": {"highway": "tertiary"}, "geometry": {"type": "LineString", "coordinates": [[-48.4186533, -1.383225], [-48.4186846, -1.3824105], [-48.4186828, -1.382344], [-48.4186631, -1.3816195], [-48.4186551, -1.3811382], [-48.4186645, -1.3807903], [-48.4186588, -1.3805161], [-48.418643, -1.3801634]]}}, {"type": "Feature", "properties": {"highway": "tertiary"}, "geometry": {"type": "LineString", "coordinates": [[-48.3651037, -1.3854698], [-48.3649135, -1.386076], [-48.3647402, -1.3866637], [-48.3646424, -1.3869326], [-48.3643851, -1.3877697], [-48.3638234, -1.389605]]}}, {"type": "Feature", "properties": {"highway": "tertiary"}, "geometry": {"type": "LineString", "coordinates": [[-48.3638234, -1.389605], [-48.3634444, -1.3908605], [-48.3630926, -1.3920254]]}}, {"type": "Feature", "properties": {"highway": "tertiary"}, "geometry": {"type": "LineString", "coordinates": [[-48.3706816, -1.3667716], [-48.3702487, -1.3691909], [-48.3701521, -1.3697138], [-48.3700234, -1.3702179], [-48.3699493, -1.3704235], [-48.3696282, -1.3713303], [-48.3696246, -1.3713384]]}}, {"type": "Feature", "properties": {"highway": "secondary"}, "geometry": {"type": "LineString", "coordinates": [[-48.4096446, -1.3385198], [-48.4098272, -1.3386198], [-48.4104374, -1.3389641], [-48.4107585, -1.3391411], [-48.4113294, -1.3394603], [-48.4116726, -1.339617], [-48.4122041, -1.3399164], [-48.4126352, -1.3401689], [-48.4128292, -1.3402879], [-48.4131118, -1.3404476], [-48.4133636, -1.3405973], [-48.4134778, -1.3406666]]}}, {"type": "Feature", "properties": {"highway": "secondary"}, "geometry": {"type": "LineString", "coordinates": [[-48.4102445, -1.3634641], [-48.4102552, -1.363254], [-48.4102686, -1.362958], [-48.4102795, -1.362681], [-48.4102857, -1.3624987], [-48.4102899, -1.3623941], [-48.410299, -1.3621663], [-48.4103022, -1.3620502], [-48.4103264, -1.3615872], [-48.4103386, -1.3610403], [-48.4103465, -1.3608828], [-48.4103468, -1.3604504], [-48.4103533, -1.3603042], [-48.4103529, -1.359959]]}}, {"type": "Feature", "properties": {"highway": "secondary"}, "geometry": {"type": "LineString", "coordinates": [[-48.4102113, -1.3673137], [-48.4102154, -1.3668228], [-48.4102207, -1.3663707], [-48.4102217, -1.3662309], [-48.4102233, -1.3658839], [-48.4102227, -1.3655964], [-48.410222, -1.3653848], [-48.4102218, -1.3653405], [-48.410221, -1.3651722], [-48.41022, -1.3649111], [-48.4102252, -1.3646572], [-48.4102251, -1.3644409], [-48.4102257, -1.3639525], [-48.4102293, -1.3637986], [-48.4102445, -1.3634641]]}}, {"type": "Feature", "properties": {"highway": "secondary"}, "geometry": {"type": "LineString", "coordinates": [[-48.4102022, -1.3690409], [-48.4102068, -1.3695416], [-48.410211, -1.3699951]]}}, {"type": "Feature", "properties": {"highway": "tertiary"}, "geometry": {"type": "LineString", "coordinates": [[-48.3846574, -1.4052629], [-48.3848745, -1.4045284], [-48.3850913, -1.4037949], [-48.3851068, -1.4037343], [-48.3855106, -1.4023296], [-48.385542, -1.4022409], [-48.3859922, -1.4006845], [-48.3864193, -1.3992354]]}}, {"type": "Feature", "properties": {"highway": "secondary"}, "geometry": {"type": "LineString", "coordinates": [[-48.4134778, -1.3406666], [-48.4135469, -1.340711], [-48.413605, -1.3407497]]}}, {"type": "Feature", "properties": {"highway": "tertiary"}, "geometry": {"type": "LineString", "coordinates": [[-48.4150103, -1.380813], [-48.4127472, -1.3793164]]}}, {"type": "Feature", "properties": {"highway": "secondary"}, "geometry": {"type": "LineString", "coordinates": [[-48.4289094, -1.3799897], [-48.4288448, -1.3799784], [-48.4287845, -1.3799463], [-48.4287147, -1.37989], [-48.4283072, -1.3794839], [-48.4282105, -1.3793851]]}}, {"type": "Feature", "properties": {"highway": "tertiary"}, "geometry": {"type": "LineString", "coordinates": [[-48.3732336, -1.3952262], [-48.3733036, -1.3941723], [-48.3733354, -1.3939675], [-48.3734522, -1.3929543], [-48.3737109, -1.3907941], [-48.3738199, -1.3898865], [-48.3738309, -1.3897991], [-48.3738384, -1.3897109], [-48.3740155, -1.3884755], [-48.3741302, -1.3875151], [-48.3741424, -1.387419], [-48.3742237, -1.3866498], [-48.3742511, -1.3862959], [-48.374312, -1.3857182], [-48.3743235, -1.38547], [-48.3743584, -1.3850705], [-48.3744248, -1.3843563], [-48.3744497, -1.3840312], [-48.374519, -1.3833745], [-48.3746175, -1.3825184]]}}, {"type": "Feature", "properties": {"highway": "tertiary"}, "geometry": {"type": "LineString", "coordinates": [[-48.3747502, -1.3813681], [-48.3747823, -1.3810781], [-48.3749151, -1.3800678], [-48.3749821, -1.3793049], [-48.375048, -1.3785144], [-48.3750597, -1.3784234], [-48.3751323, -1.3779969]]}}, {"type": "Feature", "properties": {"highway": "tertiary"}, "geometry": {"type": "LineString", "coordinates": [[-48.3777401, -1.3956727], [-48.3776718, -1.3956793], [-48.3775822, -1.3956842], [-48.3774571, -1.3956911], [-48.376933, -1.3956428], [-48.37675, -1.3956186], [-48.3763091, -1.3955629], [-48.3760708, -1.3955328], [-48.3752129, -1.395417], [-48.3743612, -1.3953349], [-48.3732336, -1.3952262]]}}, {"type": "Feature", "properties": {"highway": "secondary"}, "geometry": {"type": "LineString", "coordinates": [[-48.429906, -1.3894557], [-48.4298118, -1.389015], [-48.4298263, -1.3889739]]}}, {"type": "Feature", "properties": {"highway": "tertiary"}, "geometry": {"type": "LineString", "coordinates": [[-48.4252981, -1.3897908], [-48.425331, -1.3895632], [-48.4253624, -1.3894339]]}}, {"type": "Feature", "properties": {"highway": "secondary"}, "geometry": {"type": "LineString", "coordinates": [[-48.4252554, -1.3875938], [-48.4253231, -1.3886073], [-48.4253321, -1.3891569], [-48.4253397, -1.3892624], [-48.4253503, -1.3893391]]}}, {"type": "Feature", "properties": {"highway": "tertiary"}, "geometry": {"type": "LineString", "coordinates": [[-48.3893151, -1.3768756], [-48.3886854, -1.3809799], [-48.3885079, -1.3820281], [-48.3883796, -1.3829535], [-48.3883552, -1.3831266], [-48.38822, -1.383993], [-48.388153, -1.3844578]]}}, {"type": "Feature", "properties": {"highway": "tertiary"}, "geometry": {"type": "LineString", "coordinates": [[-48.3732336, -1.3952262], [-48.3728074, -1.3951963], [-48.372679, -1.3951898], [-48.3724354, -1.3951798], [-48.3722945, -1.3951665], [-48.3721233, -1.3951313], [-48.3720989, -1.3951263], [-48.3717766, -1.3950364], [-48.3714587, -1.3949249], [-48.3713053, -1.3948697], [-48.3712379, -1.3948454], [-48.3712218, -1.3948396], [-48.3711059, -1.3947979], [-48.3710728, -1.3947871], [-48.3710152, -1.3947683], [-48.3707095, -1.3946464], [-48.3705988, -1.3946145]]}}, {"type": "Feature", "properties": {"highway": "tertiary"}, "geometry": {"type": "LineString", "coordinates": [[-48.4230418, -1.3779495], [-48.4228726, -1.3777164], [-48.4228114, -1.3776387], [-48.4227944, -1.3775588], [-48.4227801, -1.377429]]}}, {"type": "Feature", "properties": {"highway": "tertiary"}, "geometry": {"type": "LineString", "coordinates": [[-48.3911584, -1.3898555], [-48.3902089, -1.3895404]]}}, {"type": "Feature", "properties": {"highway": "secondary"}, "geometry": {"type": "LineString", "coordinates": [[-48.3720094, -1.3652268], [-48.3718639, -1.3643228], [-48.3718076, -1.3640868], [-48.3717032, -1.363817], [-48.3714129, -1.3630128], [-48.3711216, -1.3622653], [-48.3710067, -1.3619466], [-48.3709781, -1.3618672], [-48.370942, -1.3618088], [-48.3708456, -1.3615711], [-48.3705049, -1.3607221], [-48.370459, -1.3605891], [-48.3704079, -1.3604268], [-48.3702926, -1.3601622], [-48.3701583, -1.359829], [-48.3701059, -1.3597031]]}}, {"type": "Feature", "properties": {"highway": "secondary"}, "geometry": {"type": "LineString", "coordinates": [[-48.3701059, -1.3597031], [-48.3699644, -1.3593283], [-48.3699156, -1.3592048], [-48.3698631, -1.3590719], [-48.3696245, -1.3584754], [-48.3691575, -1.3573408], [-48.3690394, -1.3570579]]}}, {"type": "Feature", "properties": {"highway": "tertiary"}, "geometry": {"type": "LineString", "coordinates": [[-48.3884479, -1.3461578], [-48.3884621, -1.3461439], [-48.3885166, -1.346074], [-48.3885308, -1.3460557], [-48.3887947, -1.3457506], [-48.3889062, -1.3456355], [-48.3891171, -1.3454375], [-48.3892467, -1.3452972], [-48.3894049, -1.3451947], [-48.3898381, -1.3448911], [-48.390287, -1.3445952], [-48.3909584, -1.3441454], [-48.391222, -1.3439877], [-48.3921763, -1.3433647], [-48.3923139, -1.34329], [-48.3924839, -1.3432109], [-48.3927633, -1.3431406]]}}, {"type": "Feature", "properties": {"highway": "tertiary"}, "geometry": {"type": "LineString", "coordinates": [[-48.3950798, -1.3419416], [-48.3952604, -1.3418233], [-48.3952931, -1.3418058], [-48.3956826, -1.3415972], [-48.3957633, -1.3415386], [-48.39616, -1.3412505], [-48.3962697, -1.3411524], [-48.3963509, -1.3410797], [-48.3964115, -1.3409957], [-48.3964615, -1.3408838], [-48.3965289, -1.3406681], [-48.3965673, -1.3405028], [-48.3966444, -1.3401342], [-48.3967207, -1.339853], [-48.396773, -1.3396781], [-48.3968431, -1.3395492], [-48.3971178, -1.339044], [-48.3972701, -1.3387638], [-48.3975712, -1.3382146], [-48.3976277, -1.338106], [-48.3978609, -1.3377154], [-48.3979427, -1.3375654], [-48.3980099, -1.3374423], [-48.3982832, -1.3370427], [-48.3984677, -1.3367612], [-48.3984768, -1.3367473]]}}, {"type": "Feature", "properties": {"highway": "tertiary"}, "geometry": {"type": "LineString", "coordinates": [[-48.3997864, -1.3353481], [-48.3994586, -1.3358677], [-48.3994539, -1.3358762], [-48.3992521, -1.3360177], [-48.3991495, -1.3360933], [-48.3990522, -1.3361757]]}}, {"type": "Feature", "properties": {"highway": "tertiary"}, "geometry": {"type": "LineString", "coordinates": [[-48.3990522, -1.3361757], [-48.3989822, -1.3362392], [-48.3988951, -1.3363168], [-48.3988155, -1.3363887], [-48.3985892, -1.3366259]]}}, {"type": "Feature", "properties": {"highway": "primary"}, "geometry": {"type": "LineString", "coordinates": [[-48.3928799, -1.3410831], [-48.3928627, -1.3412111], [-48.3928317, -1.3414934]]}}, {"type": "Feature", "properties": {"highway": "secondary"}, "geometry": {"type": "LineString", "coordinates": [[-48.4104725, -1.3553167], [-48.4104725, -1.355087], [-48.4104725, -1.3548553], [-48.4104726, -1.3544168], [-48.4104726, -1.3539527], [-48.4104727, -1.3534984], [-48.4104727, -1.353069]]}}, {"type": "Feature", "properties": {"highway": "secondary"}, "geometry": {"type": "LineString", "coordinates": [[-48.3752395, -1.3579675], [-48.3752228, -1.3580519], [-48.3751143, -1.3586877], [-48.3750101, -1.3593368], [-48.3748392, -1.3602657], [-48.3748239, -1.3603581], [-48.3747782, -1.3606287], [-48.3747541, -1.3607792]]}}, {"type": "Feature", "properties": {"highway": "secondary"}, "geometry": {"type": "LineString", "coordinates": [[-48.3752577, -1.3578469], [-48.3752575, -1.3578998], [-48.3752395, -1.3579675]]}}, {"type": "Feature", "properties": {"highway": "tertiary"}, "geometry": {"type": "LineString", "coordinates": [[-48.3705239, -1.3486604], [-48.3704149, -1.3481195], [-48.370255, -1.3475104], [-48.3701101, -1.3470548], [-48.3700112, -1.3468039], [-48.3700007, -1.3467772]]}}, {"type": "Feature", "properties": {"highway": "secondary"}, "geometry": {"type": "LineString", "coordinates": [[-48.3943831, -1.3627782], [-48.3942445, -1.3627052], [-48.3940958, -1.3626237], [-48.3939941, -1.3625668], [-48.3938906, -1.362465], [-48.3938674, -1.3624306], [-48.3938427, -1.3622598], [-48.3938253, -1.3620976], [-48.3938408, -1.3618147]]}}, {"type": "Feature", "properties": {"highway": "primary"}, "geometry": {"type": "LineString", "coordinates": [[-48.4055845, -1.3686461], [-48.4055329, -1.3685169], [-48.4052933, -1.3679172], [-48.4052758, -1.3678735], [-48.4051858, -1.3676627], [-48.4051006, -1.3674903], [-48.4050328, -1.367353], [-48.4050009, -1.3672883], [-48.4049515, -1.3672023], [-48.4047612, -1.3668522]]}}, {"type": "Feature", "properties": {"highway": "primary"}, "geometry": {"type": "LineString", "coordinates": [[-48.4072265, -1.3706596], [-48.4071981, -1.3706201], [-48.4071634, -1.3705783], [-48.4071173, -1.3705425], [-48.4069416, -1.3703867], [-48.4068379, -1.3703084], [-48.4067473, -1.3702117]]}}, {"type": "Feature", "properties": {"highway": "primary"}, "geometry": {"type": "LineString", "coordinates": [[-48.4047612, -1.3668522], [-48.4046031, -1.3665779], [-48.4045545, -1.3664838], [-48.4045058, -1.3663897], [-48.4044087, -1.3661909], [-48.4042863, -1.3659404], [-48.4042778, -1.3658841], [-48.4042751, -1.3658271], [-48.4042876, -1.3654845], [-48.4042926, -1.3650238]]}}, {"type": "Feature", "properties": {"highway": "secondary"}, "geometry": {"type": "LineString", "coordinates": [[-48.3990575, -1.3545943], [-48.3990467, -1.3550488], [-48.3990551, -1.3554888], [-48.3990366, -1.3559612], [-48.3990248, -1.3563936], [-48.3990178, -1.3568574]]}}, {"type": "Feature", "properties": {"highway": "secondary"}, "geometry": {"type": "LineString", "coordinates": [[-48.4047612, -1.3668522], [-48.4043229, -1.3668399], [-48.4042597, -1.3668397], [-48.4028726, -1.3667935]]}}, {"type": "Feature", "properties": {"highway": "secondary"}, "geometry": {"type": "LineString", "coordinates": [[-48.4012536, -1.3613697], [-48.402743, -1.3613756]]}}, {"type": "Feature", "properties": {"highway": "secondary"}, "geometry": {"type": "LineString", "coordinates": [[-48.402743, -1.3613756], [-48.4028626, -1.3613671], [-48.4030762, -1.361374], [-48.4042033, -1.361374], [-48.4043123, -1.3613787], [-48.4044054, -1.3613795], [-48.4058765, -1.3613927]]}}, {"type": "Feature", "properties": {"highway": "primary"}, "geometry": {"type": "LineString", "coordinates": [[-48.4058984, -1.3691265], [-48.4059836, -1.3692939], [-48.4060514, -1.3694176], [-48.4061359, -1.3695275], [-48.4062636, -1.3696427], [-48.4063926, -1.3697449], [-48.4064625, -1.3698043], [-48.4067085, -1.3700134], [-48.4067787, -1.3700772], [-48.4070093, -1.3702745], [-48.4072287, -1.370459], [-48.407294, -1.3704912]]}}, {"type": "Feature", "properties": {"highway": "primary"}, "geometry": {"type": "LineString", "coordinates": [[-48.4058297, -1.3539109], [-48.405826, -1.354372], [-48.4058216, -1.3548268]]}}, {"type": "Feature", "properties": {"highway": "tertiary"}, "geometry": {"type": "LineString", "coordinates": [[-48.3938561, -1.3613552], [-48.3938568, -1.3610699], [-48.3938501, -1.3608379], [-48.3938586, -1.3606967]]}}, {"type": "Feature", "properties": {"highway": "tertiary"}, "geometry": {"type": "LineString", "coordinates": [[-48.3938586, -1.3606967], [-48.3939106, -1.3606904], [-48.3940138, -1.3606743], [-48.3942202, -1.3606779], [-48.3947575, -1.3606874], [-48.3949023, -1.3606899], [-48.396016, -1.3607086]]}}, {"type": "Feature", "properties": {"highway": "tertiary"}, "geometry": {"type": "LineString", "coordinates": [[-48.4012536, -1.3613697], [-48.4012534, -1.3607098], [-48.401261, -1.3602144], [-48.4012745, -1.3597691], [-48.4012689, -1.3593011], [-48.4012754, -1.3588509]]}}, {"type": "Feature", "properties": {"highway": "tertiary"}, "geometry": {"type": "LineString", "coordinates": [[-48.4012754, -1.3588509], [-48.4012808, -1.3584174], [-48.4012819, -1.357958], [-48.4012913, -1.357518], [-48.4012897, -1.3570571], [-48.4013015, -1.3566245], [-48.4013074, -1.3564705], [-48.4013142, -1.3563691], [-48.4013192, -1.3562745], [-48.4013264, -1.3561762]]}}, {"type": "Feature", "properties": {"highway": "secondary"}, "geometry": {"type": "LineString", "coordinates": [[-48.3810256, -1.3410571], [-48.3809413, -1.3410778], [-48.38089, -1.3410792]]}}, {"type": "Feature", "properties": {"highway": "secondary"}, "geometry": {"type": "LineString", "coordinates": [[-48.38089, -1.3410792], [-48.3808338, -1.3410416], [-48.3807476, -1.34094], [-48.3805127, -1.340482]]}}, {"type": "Feature", "properties": {"highway": "tertiary"}, "geometry": {"type": "LineString", "coordinates": [[-48.371858, -1.3441625], [-48.3718731, -1.3441894], [-48.3721952, -1.3447631], [-48.3723227, -1.345003], [-48.372502, -1.3453437], [-48.3725613, -1.3454709]]}}, {"type": "Feature", "properties": {"highway": "secondary"}, "geometry": {"type": "LineString", "coordinates": [[-48.4075323, -1.3699708], [-48.407546, -1.3696937], [-48.4075485, -1.3696438], [-48.4075696, -1.3691493], [-48.4075887, -1.3687012]]}}, {"type": "Feature", "properties": {"highway": "secondary"}, "geometry": {"type": "LineString", "coordinates": [[-48.3805382, -1.3399417], [-48.3807555, -1.3403921], [-48.3809262, -1.3407923], [-48.3809474, -1.3408486], [-48.3810256, -1.3410571]]}}, {"type": "Feature", "properties": {"highway": "secondary"}, "geometry": {"type": "LineString", "coordinates": [[-48.3815947, -1.343572], [-48.3816029, -1.3434802], [-48.3815863, -1.3431185], [-48.3815756, -1.3429268], [-48.3815487, -1.3427773], [-48.381477, -1.3424542], [-48.3811779, -1.3414299], [-48.3810256, -1.3410571]]}}, {"type": "Feature", "properties": {"highway": "secondary"}, "geometry": {"type": "LineString", "coordinates": [[-48.3851517, -1.3490982], [-48.3851603, -1.3490499], [-48.3851832, -1.3490001], [-48.3852598, -1.3488607], [-48.3852928, -1.348805], [-48.3853296, -1.3487428]]}}, {"type": "Feature", "properties": {"highway": "secondary"}, "geometry": {"type": "LineString", "coordinates": [[-48.3853296, -1.3487428], [-48.3853736, -1.3488487], [-48.3854695, -1.3490431], [-48.3855674, -1.3493228], [-48.385642, -1.3494044]]}}, {"type": "Feature", "properties": {"highway": "secondary"}, "geometry": {"type": "LineString", "coordinates": [[-48.4029334, -1.345079], [-48.4030059, -1.345122], [-48.4032204, -1.345148], [-48.4035833, -1.3451978], [-48.4038923, -1.3452337], [-48.4041726, -1.3452891], [-48.4046548, -1.345485], [-48.4047457, -1.3455663], [-48.4049965, -1.3458004]]}}, {"type": "Feature", "properties": {"highway": "primary"}, "geometry": {"type": "LineString", "coordinates": [[-48.3928317, -1.3414934], [-48.3937592, -1.3418878], [-48.3946162, -1.3422402], [-48.3948186, -1.3423198], [-48.3956793, -1.3426727], [-48.3957466, -1.3427029], [-48.3960085, -1.3428122], [-48.3966377, -1.3430787], [-48.3967233, -1.3431142], [-48.3971116, -1.3432714], [-48.3979518, -1.3436241], [-48.3980067, -1.3436453], [-48.3981561, -1.3437029], [-48.399007, -1.3440419], [-48.3998254, -1.3443685], [-48.401384, -1.3449828]]}}, {"type": "Feature", "properties": {"highway": "secondary"}, "geometry": {"type": "LineString", "coordinates": [[-48.4049965, -1.3458004], [-48.405545, -1.3463421]]}}, {"type": "Feature", "properties": {"highway": "secondary"}, "geometry": {"type": "LineString", "coordinates": [[-48.3587927, -1.3458683], [-48.358251, -1.3454946], [-48.358099, -1.3453922]]}}, {"type": "Feature", "properties": {"highway": "secondary"}, "geometry": {"type": "LineString", "coordinates": [[-48.3723278, -1.3574545], [-48.3706075, -1.3572406], [-48.3701398, -1.3571819], [-48.3700678, -1.3571705], [-48.3700276, -1.357165], [-48.3699317, -1.3571508], [-48.3690394, -1.3570579]]}}, {"type": "Feature", "properties": {"highway": "tertiary"}, "geometry": {"type": "LineString", "coordinates": [[-48.3845374, -1.3518796], [-48.3841464, -1.3519509], [-48.3835022, -1.3520603]]}}, {"type": "Feature", "properties": {"highway": "tertiary"}, "geometry": {"type": "LineString", "coordinates": [[-48.3881976, -1.3464421], [-48.3883876, -1.3462263], [-48.3884159, -1.3461948]]}}, {"type": "Feature", "properties": {"highway": "tertiary"}, "geometry": {"type": "LineString", "coordinates": [[-48.4096446, -1.3385198], [-48.4097247, -1.338369], [-48.4097824, -1.3382201], [-48.4099067, -1.3378055], [-48.409946, -1.3376745], [-48.4099755, -1.3375706], [-48.4101089, -1.337106], [-48.4101879, -1.3368424], [-48.4102364, -1.3366807], [-48.4102625, -1.3365938]]}}, {"type": "Feature", "properties": {"highway": "tertiary"}, "geometry": {"type": "LineString", "coordinates": [[-48.3723278, -1.3574545], [-48.3717726, -1.3546718], [-48.3715827, -1.3537858], [-48.3710357, -1.3511936], [-48.3709183, -1.3505765], [-48.3708883, -1.350433], [-48.3708337, -1.3501484], [-48.3707551, -1.3497385], [-48.370676, -1.3493165], [-48.3705239, -1.3486604]]}}, {"type": "Feature", "properties": {"highway": "tertiary"}, "geometry": {"type": "LineString", "coordinates": [[-48.400116, -1.3241574], [-48.40017, -1.3242232], [-48.4003732, -1.3246055], [-48.4007301, -1.3255004], [-48.4008169, -1.3257231], [-48.4009797, -1.3261405], [-48.4009996, -1.326192], [-48.4013052, -1.326987], [-48.4016549, -1.3278805], [-48.4017219, -1.328053], [-48.4018204, -1.3283068], [-48.4019272, -1.328582], [-48.4019583, -1.3286529], [-48.4020605, -1.3288854], [-48.4020997, -1.3289777], [-48.4021553, -1.3291285], [-48.4022886, -1.3294797]]}}, {"type": "Feature", "properties": {"highway": "tertiary"}, "geometry": {"type": "LineString", "coordinates": [[-48.4029419, -1.3311624], [-48.4028808, -1.3310043], [-48.4028649, -1.3309633], [-48.4026576, -1.3304282], [-48.4026071, -1.3303192], [-48.4025438, -1.3301721], [-48.4025028, -1.3300838]]}}, {"type": "Feature", "properties": {"highway": "tertiary"}, "geometry": {"type": "LineString", "coordinates": [[-48.4032393, -1.3290644], [-48.4032815, -1.3290522], [-48.4037306, -1.3288764], [-48.404889, -1.3284201]]}}, {"type": "Feature", "properties": {"highway": "tertiary"}, "geometry": {"type": "LineString", "coordinates": [[-48.404889, -1.3284201], [-48.4052082, -1.3282922], [-48.4057101, -1.3280971], [-48.4060032, -1.3279918]]}}, {"type": "Feature", "properties": {"highway": "tertiary"}, "geometry": {"type": "LineString", "coordinates": [[-48.4759239, -1.4194933], [-48.4759188, -1.4194973], [-48.4754125, -1.419887], [-48.4750838, -1.4201469], [-48.4745905, -1.4205005], [-48.474545, -1.4205494], [-48.4745071, -1.4206038], [-48.474462, -1.4206718]]}}, {"type": "Feature", "properties": {"highway": "tertiary"}, "geometry": {"type": "LineString", "coordinates": [[-48.4539047, -1.4348624], [-48.4538263, -1.434919], [-48.4537436, -1.4349821]]}}, {"type": "Feature", "properties": {"highway": "secondary"}, "geometry": {"type": "LineString", "coordinates": [[-48.4615119, -1.2553386], [-48.4617052, -1.2555323], [-48.4620027, -1.255831], [-48.4622276, -1.2560691], [-48.4623915, -1.2562313], [-48.4624478, -1.2562837], [-48.4628027, -1.2566482], [-48.4631793, -1.2570304], [-48.4633017, -1.2571603], [-48.4636628, -1.2575365], [-48.4642027, -1.2581124], [-48.4644083, -1.2583317], [-48.4645404, -1.2584945], [-48.4649051, -1.2588745], [-48.4652126, -1.259195]]}}, {"type": "Feature", "properties": {"highway": "secondary"}, "geometry": {"type": "LineString", "coordinates": [[-48.4596972, -1.2534475], [-48.4600957, -1.2538628], [-48.4601894, -1.2539604], [-48.4605494, -1.2543356], [-48.4608429, -1.2546414], [-48.4615119, -1.2553386]]}}, {"type": "Feature", "properties": {"highway": "secondary"}, "geometry": {"type": "LineString", "coordinates": [[-48.4524214, -1.2653835], [-48.4522126, -1.2654781], [-48.4521462, -1.2655164], [-48.4519796, -1.2656125], [-48.4517465, -1.2657917], [-48.4515953, -1.265968], [-48.4514059, -1.2662308], [-48.4509769, -1.2668573]]}}, {"type": "Feature", "properties": {"highway": "secondary"}, "geometry": {"type": "LineString", "coordinates": [[-48.4509769, -1.2668573], [-48.447973, -1.2640816], [-48.4477544, -1.2639153], [-48.4475532, -1.2637866], [-48.4473266, -1.263686], [-48.4470986, -1.2636123], [-48.4469229, -1.2635721], [-48.4467714, -1.2635479], [-48.4464079, -1.2635372], [-48.4461544, -1.2635452], [-48.4451728, -1.2636833], [-48.4440047, -1.2638416], [-48.4437362, -1.2638695], [-48.4431329, -1.2639321]]}}, {"type": "Feature", "properties": {"highway": "secondary"}, "geometry": {"type": "LineString", "coordinates": [[-48.4577607, -1.270308], [-48.4574613, -1.2699917], [-48.4560129, -1.268462], [-48.4558796, -1.2683202], [-48.4553944, -1.2678119], [-48.4545275, -1.2668759], [-48.4537303, -1.2660083], [-48.4533548, -1.265602], [-48.45321, -1.2654827], [-48.4529619, -1.2653888], [-48.4527554, -1.265366], [-48.4525757, -1.2653607], [-48.4524214, -1.2653835]]}}, {"type": "Feature", "properties": {"highway": "secondary"}, "geometry": {"type": "LineString", "coordinates": [[-48.4577607, -1.270308], [-48.4574613, -1.2699917], [-48.4560129, -1.268462], [-48.4558796, -1.2683202], [-48.4553944, -1.2678119], [-48.4545275, -1.2668759], [-48.4537303, -1.2660083], [-48.4533548, -1.265602], [-48.45321, -1.2654827], [-48.4529619, -1.2653888], [-48.4527554, -1.265366], [-48.4525757, -1.2653607], [-48.4524214, -1.2653835]]}}, {"type": "Feature", "properties": {"highway": "primary"}, "geometry": {"type": "LineString", "coordinates": [[-48.4961014, -1.4521965], [-48.4954874, -1.452568], [-48.4952492, -1.452716], [-48.4951736, -1.4527605], [-48.4945152, -1.4531526], [-48.4944852, -1.4531705], [-48.4944548, -1.4531884], [-48.4943995, -1.453221], [-48.4938876, -1.4535029], [-48.4938692, -1.4535131], [-48.4928413, -1.4541154]]}}, {"type": "Feature", "properties": {"highway": "secondary"}, "geometry": {"type": "LineString", "coordinates": [[-48.4636424, -1.4211396], [-48.4634776, -1.4208718], [-48.4629181, -1.4199937], [-48.4622565, -1.4190213], [-48.4621408, -1.4188634], [-48.4617728, -1.4183349]]}}, {"type": "Feature", "properties": {"highway": "secondary"}, "geometry": {"type": "LineString", "coordinates": [[-48.4618875, -1.4182273], [-48.4619572, -1.4183106], [-48.4622873, -1.418773], [-48.4623977, -1.4189397], [-48.4625745, -1.4191925], [-48.4629216, -1.4196817], [-48.4631907, -1.4200994], [-48.4634934, -1.4205364], [-48.463622, -1.4207259], [-48.4638192, -1.4210188]]}}, {"type": "Feature", "properties": {"highway": "tertiary"}, "geometry": {"type": "LineString", "coordinates": [[-48.4630245, -1.437604], [-48.4626463, -1.4370504], [-48.4622497, -1.436465], [-48.4617987, -1.4357885], [-48.4617838, -1.4357663], [-48.461443, -1.4351858], [-48.4611138, -1.4346958], [-48.4606524, -1.4340019]]}}, {"type": "Feature", "properties": {"highway": "tertiary"}, "geometry": {"type": "LineString", "coordinates": [[-48.4608972, -1.4338563], [-48.4613292, -1.4344917], [-48.4614677, -1.4347246], [-48.4616079, -1.4349493], [-48.4616674, -1.4350346], [-48.4620148, -1.435613], [-48.4624241, -1.4362431], [-48.4624695, -1.4363159]]}}, {"type": "Feature", "properties": {"highway": "tertiary"}, "geometry": {"type": "LineString", "coordinates": [[-48.4673614, -1.4383868], [-48.4674703, -1.4382967], [-48.4675352, -1.4382435]]}}, {"type": "Feature", "properties": {"highway": "tertiary"}, "geometry": {"type": "LineString", "coordinates": [[-48.4621041, -1.4419059], [-48.4621869, -1.4418513], [-48.4622337, -1.4418204], [-48.4622444, -1.4418133], [-48.462311, -1.4417693]]}}, {"type": "Feature", "properties": {"highway": "tertiary"}, "geometry": {"type": "LineString", "coordinates": [[-48.4596517, -1.4435818], [-48.4597165, -1.4435375], [-48.4600716, -1.4432957], [-48.4602939, -1.4431444], [-48.4605596, -1.4429632], [-48.460717, -1.4428557], [-48.4620688, -1.4419301], [-48.4621041, -1.4419059]]}}, {"type": "Feature", "properties": {"highway": "tertiary"}, "geometry": {"type": "LineString", "coordinates": [[-48.4675352, -1.4382435], [-48.4676396, -1.4381763], [-48.4680694, -1.4378926], [-48.4683388, -1.4377151], [-48.4684958, -1.4376108], [-48.4702411, -1.4364265]]}}, {"type": "Feature", "properties": {"highway": "secondary"}, "geometry": {"type": "LineString", "coordinates": [[-48.5034309, -1.4533814], [-48.5034494, -1.4534757], [-48.5034594, -1.4535604], [-48.5034566, -1.4536555], [-48.5034412, -1.4536885], [-48.5031973, -1.4539911], [-48.5031455, -1.4540567]]}}, {"type": "Feature", "properties": {"highway": "secondary"}, "geometry": {"type": "LineString", "coordinates": [[-48.4409239, -1.2777176], [-48.4401563, -1.2768551], [-48.4400455, -1.2767211], [-48.4399122, -1.2765532], [-48.4398371, -1.2764545], [-48.4397395, -1.2763167], [-48.4396604, -1.2761993], [-48.4396175, -1.2761135], [-48.4395874, -1.2760461], [-48.4395169, -1.2758796], [-48.4394663, -1.2757021], [-48.4393512, -1.2752945], [-48.4390968, -1.2744243], [-48.4388416, -1.273557], [-48.4385842, -1.2726579], [-48.4384956, -1.272317], [-48.4384088, -1.2719558], [-48.43839, -1.2718114], [-48.4383727, -1.2716593], [-48.4383617, -1.2715636], [-48.4383469, -1.2712603], [-48.4383461, -1.2711412], [-48.4383702, -1.2709011], [-48.4384114, -1.2705091], [-48.4384554, -1.2702448], [-48.4385792, -1.2698145], [-48.4387374, -1.269261], [-48.4387497, -1.2692185], [-48.4390376, -1.2682214], [-48.4393863, -1.2669191], [-48.4394327, -1.2667571], [-48.4394517, -1.2666888], [-48.4396983, -1.2657942], [-48.4398521, -1.2653454], [-48.4399661, -1.2650945], [-48.4400667, -1.2649094], [-48.4401928, -1.2648035], [-48.440402, -1.2646052], [-48.4405969, -1.2644649], [-48.4406967, -1.2644044], [-48.4409143, -1.2642979]]}}, {"type": "Feature", "properties": {"highway": "secondary"}, "geometry": {"type": "LineString", "coordinates": [[-48.4428844, -1.2799146], [-48.4409239, -1.2777176]]}}, {"type": "Feature", "properties": {"highway": "secondary"}, "geometry": {"type": "LineString", "coordinates": [[-48.4428844, -1.2799146], [-48.4409239, -1.2777176]]}}, {"type": "Feature", "properties": {"highway": "tertiary"}, "geometry": {"type": "LineString", "coordinates": [[-48.3280957, -1.3086889], [-48.3275217, -1.3082839], [-48.3268042, -1.3078133], [-48.3266003, -1.3076833], [-48.3263814, -1.307587], [-48.3228707, -1.3069794], [-48.3222092, -1.3068416], [-48.3217076, -1.3067719], [-48.3211528, -1.3066697], [-48.3206562, -1.3065842], [-48.3194304, -1.3063187], [-48.318084, -1.3060801], [-48.317054, -1.30582], [-48.3168019, -1.3057583], [-48.3164489, -1.3057018], [-48.315848, -1.3056056], [-48.3150696, -1.3055056], [-48.314926, -1.3054871], [-48.3143118, -1.3053986], [-48.31366, -1.3053102], [-48.3127321, -1.3051519], [-48.3121982, -1.3050608], [-48.3116618, -1.304967], [-48.3104803, -1.3047604], [-48.3096649, -1.3045902], [-48.3094382, -1.3045392], [-48.3088455, -1.3044145], [-48.3081964, -1.3042898], [-48.3075781, -1.3041812], [-48.3069719, -1.3040592], [-48.3066702, -1.3039949]]}}, {"type": "Feature", "properties": {"highway": "primary"}, "geometry": {"type": "LineString", "coordinates": [[-48.4517604, -1.4320229], [-48.4516195, -1.4318207], [-48.4515947, -1.4317822], [-48.4515466, -1.4317078], [-48.4515196, -1.431664]]}}, {"type": "Feature", "properties": {"highway": "primary"}, "geometry": {"type": "LineString", "coordinates": [[-48.4514366, -1.4312174], [-48.4514833, -1.4312744], [-48.4515435, -1.4313479]]}}, {"type": "Feature", "properties": {"highway": "secondary"}, "geometry": {"type": "LineString", "coordinates": [[-48.3881138, -1.3697323], [-48.3882289, -1.3680675], [-48.3883805, -1.3657596], [-48.3883837, -1.3656562], [-48.3884856, -1.3643723], [-48.3884878, -1.3642721], [-48.3885285, -1.3637396], [-48.3885205, -1.3636203], [-48.3885366, -1.3633683], [-48.3885448, -1.3631308], [-48.3885466, -1.3630726], [-48.3885661, -1.3628239], [-48.3885929, -1.3626831], [-48.388605, -1.3625598], [-48.3886345, -1.3620543], [-48.3887018, -1.3610609], [-48.3887362, -1.3606255]]}}, {"type": "Feature", "properties": {"highway": "tertiary"}, "geometry": {"type": "LineString", "coordinates": [[-48.4982331, -1.471708], [-48.4983668, -1.471596], [-48.4986709, -1.4713398], [-48.4992452, -1.4708689], [-48.4993741, -1.4707632], [-48.499548, -1.4706192], [-48.4999288, -1.4702988], [-48.500165, -1.4700999], [-48.5002202, -1.470048]]}}, {"type": "Feature", "properties": {"highway": "primary"}, "geometry": {"type": "LineString", "coordinates": [[-48.4834341, -1.4201344], [-48.4834418, -1.4201573], [-48.4834676, -1.4202254], [-48.4837128, -1.4207483], [-48.4838483, -1.4209818], [-48.4839374, -1.4210951], [-48.4840293, -1.4211966], [-48.484069, -1.421248], [-48.4841727, -1.4213599], [-48.4847494, -1.4219652], [-48.4847863, -1.4220008], [-48.4848125, -1.4220296], [-48.4855763, -1.4227741], [-48.4861612, -1.423362], [-48.4862241, -1.4234252], [-48.4868545, -1.4240468], [-48.4871373, -1.4243396], [-48.4874719, -1.4246607], [-48.4879071, -1.4250837], [-48.488178, -1.4253666], [-48.4882048, -1.4253941], [-48.4884878, -1.4256595], [-48.4885709, -1.4257493], [-48.4886487, -1.4258506], [-48.488793, -1.4260683], [-48.4889765, -1.4263569]]}}, {"type": "Feature", "properties": {"highway": "primary"}, "geometry": {"type": "LineString", "coordinates": [[-48.4833478, -1.4198597], [-48.4834341, -1.4201344]]}}, {"type": "Feature", "properties": {"highway": "secondary"}, "geometry": {"type": "LineString", "coordinates": [[-48.5044045, -1.4619745], [-48.5043738, -1.462006], [-48.5043342, -1.4620171], [-48.504293, -1.4620174], [-48.5042648, -1.462013], [-48.5042316, -1.462002], [-48.5041693, -1.4619671], [-48.5036499, -1.4616182]]}}, {"type": "Feature", "properties": {"highway": "tertiary"}, "geometry": {"type": "LineString", "coordinates": [[-48.5038083, -1.4623244], [-48.5037525, -1.4622846], [-48.5033648, -1.4620075]]}}, {"type": "Feature", "properties": {"highway": "tertiary"}, "geometry": {"type": "LineString", "coordinates": [[-48.5033648, -1.4620075], [-48.5036499, -1.4616182]]}}, {"type": "Feature", "properties": {"highway": "secondary"}, "geometry": {"type": "LineString", "coordinates": [[-48.3572771, -1.3446685], [-48.3574147, -1.3447986], [-48.3575759, -1.3449272], [-48.3577267, -1.3450616], [-48.3577924, -1.3451202], [-48.3579573, -1.3452668], [-48.358099, -1.3453922]]}}, {"type": "Feature", "properties": {"highway": "tertiary"}, "geometry": {"type": "LineString", "coordinates": [[-48.4572569, -1.4486566], [-48.4570755, -1.4487047], [-48.4567284, -1.4487009], [-48.4565869, -1.4486968], [-48.4562945, -1.4486849], [-48.4558162, -1.448669], [-48.4555014, -1.448659], [-48.4551881, -1.4486426], [-48.4549473, -1.44864], [-48.4547841, -1.4486247], [-48.4539137, -1.4485819], [-48.4538742, -1.4485806]]}}, {"type": "Feature", "properties": {"highway": "tertiary"}, "geometry": {"type": "LineString", "coordinates": [[-48.4535575, -1.4484321], [-48.4536256, -1.4484409]]}}, {"type": "Feature", "properties": {"highway": "tertiary"}, "geometry": {"type": "LineString", "coordinates": [[-48.4538742, -1.4485806], [-48.4535827, -1.4485611]]}}, {"type": "Feature", "properties": {"highway": "tertiary"}, "geometry": {"type": "LineString", "coordinates": [[-48.4538742, -1.4485806], [-48.4535827, -1.4485611]]}}, {"type": "Feature", "properties": {"highway": "tertiary"}, "geometry": {"type": "LineString", "coordinates": [[-48.4538836, -1.4484491], [-48.4539203, -1.4484472], [-48.4547859, -1.4485088], [-48.4558159, -1.4485472], [-48.4560845, -1.4485572], [-48.456306, -1.4485627], [-48.4566396, -1.4485641], [-48.4570093, -1.4485849], [-48.4572569, -1.4486566]]}}, {"type": "Feature", "properties": {"highway": "tertiary"}, "geometry": {"type": "LineString", "coordinates": [[-48.4722372, -1.3998226], [-48.4725142, -1.4000868], [-48.4725321, -1.400162]]}}, {"type": "Feature", "properties": {"highway": "tertiary"}, "geometry": {"type": "LineString", "coordinates": [[-48.5015738, -1.4679537], [-48.5016345, -1.4677833], [-48.5016783, -1.4676605], [-48.5018211, -1.4673037], [-48.5018746, -1.4671662], [-48.5020545, -1.4667032], [-48.5020916, -1.4666138], [-48.5021226, -1.4665704], [-48.502162, -1.4665152], [-48.5022811, -1.4664065], [-48.502354, -1.4662986], [-48.5023855, -1.4662453], [-48.5024669, -1.4660471]]}}, {"type": "Feature", "properties": {"highway": "trunk"}, "geometry": {"type": "LineString", "coordinates": [[-48.3597544, -1.3657026], [-48.3589625, -1.365673], [-48.3584341, -1.3656515], [-48.3577769, -1.3656281], [-48.3576255, -1.3656274], [-48.3567122, -1.3655952], [-48.3565486, -1.3655936], [-48.3564473, -1.365592], [-48.3557533, -1.3655858], [-48.3555042, -1.3655767], [-48.3553362, -1.3655759], [-48.3547448, -1.3655731], [-48.3545905, -1.3655724], [-48.3540002, -1.3655541], [-48.3537147, -1.3655452], [-48.3532494, -1.3655308], [-48.3524689, -1.3655282], [-48.3521524, -1.3655215]]}}, {"type": "Feature", "properties": {"highway": "secondary"}, "geometry": {"type": "LineString", "coordinates": [[-48.4782815, -1.4374442], [-48.4782581, -1.4374018]]}}, {"type": "Feature", "properties": {"highway": "tertiary"}, "geometry": {"type": "LineString", "coordinates": [[-48.4479688, -1.381168], [-48.4478053, -1.3811412], [-48.4472883, -1.381141], [-48.4468065, -1.3811408], [-48.4458796, -1.3811405], [-48.4456494, -1.3811404]]}}, {"type": "Feature", "properties": {"highway": "tertiary"}, "geometry": {"type": "LineString", "coordinates": [[-48.4191153, -1.3746285], [-48.419108, -1.374554], [-48.4190948, -1.3744188], [-48.4190795, -1.3743159], [-48.4190432, -1.3740728], [-48.4189945, -1.3738226], [-48.4189519, -1.3736556], [-48.4189055, -1.3735169], [-48.4188404, -1.3733718], [-48.4187423, -1.3732065], [-48.418689, -1.3731269], [-48.4186524, -1.3730724], [-48.4185492, -1.3729343]]}}, {"type": "Feature", "properties": {"highway": "tertiary"}, "geometry": {"type": "LineString", "coordinates": [[-48.4223968, -1.3822375], [-48.422372, -1.3822121], [-48.4223472, -1.382196], [-48.4222493, -1.3821437], [-48.4221568, -1.3820926], [-48.4215241, -1.3816503], [-48.4213542, -1.3815775], [-48.4208068, -1.3813664], [-48.4198893, -1.381084], [-48.4193954, -1.3809491], [-48.4189141, -1.3808346], [-48.4186645, -1.3807903]]}}, {"type": "Feature", "properties": {"highway": "secondary"}, "geometry": {"type": "LineString", "coordinates": [[-48.4761549, -1.4401447], [-48.4761523, -1.4398668]]}}, {"type": "Feature", "properties": {"highway": "tertiary"}, "geometry": {"type": "LineString", "coordinates": [[-48.4882624, -1.4465152], [-48.4883586, -1.4466035], [-48.4892992, -1.4473882], [-48.4897925, -1.4477924], [-48.4898955, -1.4478717]]}}, {"type": "Feature", "properties": {"highway": "secondary"}, "geometry": {"type": "LineString", "coordinates": [[-48.4879551, -1.4462585], [-48.4880126, -1.4463055], [-48.4880196, -1.4463129]]}}, {"type": "Feature", "properties": {"highway": "secondary"}, "geometry": {"type": "LineString", "coordinates": [[-48.48059, -1.4438278], [-48.4828458, -1.4445428]]}}, {"type": "Feature", "properties": {"highway": "secondary"}, "geometry": {"type": "LineString", "coordinates": [[-48.4784231, -1.4431212], [-48.4794789, -1.4434648], [-48.4803405, -1.4437449], [-48.4805089, -1.4437997], [-48.48059, -1.4438278]]}}, {"type": "Feature", "properties": {"highway": "secondary"}, "geometry": {"type": "LineString", "coordinates": [[-48.4749301, -1.4425938], [-48.4749347, -1.4425946], [-48.4749478, -1.4425966], [-48.476027, -1.4427646], [-48.476093, -1.4427737]]}}, {"type": "Feature", "properties": {"highway": "secondary"}, "geometry": {"type": "LineString", "coordinates": [[-48.476093, -1.4427737], [-48.476742, -1.44287], [-48.4771003, -1.4429232], [-48.4782962, -1.4430943], [-48.4784231, -1.4431212]]}}, {"type": "Feature", "properties": {"highway": "secondary"}, "geometry": {"type": "LineString", "coordinates": [[-48.4691791, -1.4407125], [-48.4696817, -1.4414842], [-48.4697619, -1.4416073]]}}, {"type": "Feature", "properties": {"highway": "secondary"}, "geometry": {"type": "LineString", "coordinates": [[-48.4675166, -1.4386137], [-48.4674231, -1.438477], [-48.4673614, -1.4383868]]}}, {"type": "Feature", "properties": {"highway": "tertiary"}, "geometry": {"type": "LineString", "coordinates": [[-48.482824, -1.4459452], [-48.4828238, -1.4466646], [-48.4828263, -1.4472556], [-48.4828302, -1.4473592]]}}, {"type": "Feature", "properties": {"highway": "tertiary"}, "geometry": {"type": "LineString", "coordinates": [[-48.4828316, -1.4450542], [-48.4828247, -1.4457871], [-48.482824, -1.4459452]]}}, {"type": "Feature", "properties": {"highway": "secondary"}, "geometry": {"type": "LineString", "coordinates": [[-48.4692204, -1.4429443], [-48.4692279, -1.4426698], [-48.469233, -1.4425284], [-48.4692354, -1.4424611]]}}, {"type": "Feature", "properties": {"highway": "secondary"}, "geometry": {"type": "LineString", "coordinates": [[-48.4864828, -1.4483716], [-48.4872719, -1.447298]]}}, {"type": "Feature", "properties": {"highway": "secondary"}, "geometry": {"type": "LineString", "coordinates": [[-48.4872719, -1.447298], [-48.4879551, -1.4462585]]}}, {"type": "Feature", "properties": {"highway": "secondary"}, "geometry": {"type": "LineString", "coordinates": [[-48.4871591, -1.4480155], [-48.4869578, -1.4482913], [-48.4869238, -1.4483283], [-48.4868246, -1.4484607]]}}, {"type": "Feature", "properties": {"highway": "secondary"}, "geometry": {"type": "LineString", "coordinates": [[-48.4891711, -1.4453137], [-48.4891405, -1.4453533]]}}, {"type": "Feature", "properties": {"highway": "secondary"}, "geometry": {"type": "LineString", "coordinates": [[-48.4876355, -1.4473806], [-48.4875059, -1.4475494], [-48.4873761, -1.4477256], [-48.4871591, -1.4480155]]}}, {"type": "Feature", "properties": {"highway": "tertiary"}, "geometry": {"type": "LineString", "coordinates": [[-48.4828302, -1.4473592], [-48.4821171, -1.4471494], [-48.4815678, -1.4469988], [-48.4808354, -1.4467907], [-48.4806702, -1.4467462], [-48.4805853, -1.4467225]]}}, {"type": "Feature", "properties": {"highway": "tertiary"}, "geometry": {"type": "LineString", "coordinates": [[-48.4805853, -1.4467225], [-48.4794913, -1.4463785], [-48.478717, -1.4461344], [-48.4782355, -1.445983], [-48.4781607, -1.4459601]]}}, {"type": "Feature", "properties": {"highway": "tertiary"}, "geometry": {"type": "LineString", "coordinates": [[-48.4849714, -1.4584369], [-48.4850428, -1.4581232], [-48.4851041, -1.4578539], [-48.4852814, -1.4570747], [-48.4853041, -1.4569752]]}}, {"type": "Feature", "properties": {"highway": "tertiary"}, "geometry": {"type": "LineString", "coordinates": [[-48.4872807, -1.4512557], [-48.4876248, -1.4508067], [-48.4879862, -1.4503565], [-48.4883469, -1.4498756], [-48.4885192, -1.44965], [-48.4885906, -1.4495676]]}}, {"type": "Feature", "properties": {"highway": "tertiary"}, "geometry": {"type": "LineString", "coordinates": [[-48.4859162, -1.4544964], [-48.4859444, -1.4543816], [-48.4860712, -1.453842], [-48.4863199, -1.4527836], [-48.4864038, -1.4524266], [-48.4864759, -1.4522697]]}}, {"type": "Feature", "properties": {"highway": "secondary"}, "geometry": {"type": "LineString", "coordinates": [[-48.4887328, -1.4620174], [-48.4890953, -1.4617446], [-48.4893597, -1.4615457], [-48.4895044, -1.4614368], [-48.4898535, -1.4611758]]}}, {"type": "Feature", "properties": {"highway": "secondary"}, "geometry": {"type": "LineString", "coordinates": [[-48.4876404, -1.4628611], [-48.4883407, -1.462319], [-48.4886631, -1.4620671], [-48.4887328, -1.4620174]]}}, {"type": "Feature", "properties": {"highway": "tertiary"}, "geometry": {"type": "LineString", "coordinates": [[-48.4554255, -1.4628708], [-48.4552069, -1.4626383]]}}, {"type": "Feature", "properties": {"highway": "tertiary"}, "geometry": {"type": "LineString", "coordinates": [[-48.4555878, -1.4630359], [-48.4554255, -1.4628708]]}}, {"type": "Feature", "properties": {"highway": "primary"}, "geometry": {"type": "LineString", "coordinates": [[-48.4843189, -1.3244262], [-48.4844507, -1.3241314], [-48.4845537, -1.3237453], [-48.4846354, -1.3231924], [-48.484691, -1.3228443], [-48.4847943, -1.3225663]]}}, {"type": "Feature", "properties": {"highway": "trunk"}, "geometry": {"type": "LineString", "coordinates": [[-48.437074, -1.4083954], [-48.4364019, -1.4078303], [-48.435778, -1.4072634]]}}, {"type": "Feature", "properties": {"highway": "trunk"}, "geometry": {"type": "LineString", "coordinates": [[-48.4538596, -1.4294729], [-48.4536173, -1.4291043], [-48.4531914, -1.4284563]]}}, {"type": "Feature", "properties": {"highway": "trunk"}, "geometry": {"type": "LineString", "coordinates": [[-48.4538596, -1.4294729], [-48.4536173, -1.4291043], [-48.4531914, -1.4284563]]}}, {"type": "Feature", "properties": {"highway": "trunk"}, "geometry": {"type": "LineString", "coordinates": [[-48.4531914, -1.4284563], [-48.4530673, -1.4282888]]}}, {"type": "Feature", "properties": {"highway": "trunk"}, "geometry": {"type": "LineString", "coordinates": [[-48.4529681, -1.428143], [-48.4528968, -1.428044]]}}, {"type": "Feature", "properties": {"highway": "secondary"}, "geometry": {"type": "LineString", "coordinates": [[-48.4529681, -1.428143], [-48.4530103, -1.4280724]]}}, {"type": "Feature", "properties": {"highway": "trunk"}, "geometry": {"type": "LineString", "coordinates": [[-48.4112938, -1.388138], [-48.4114109, -1.3882097], [-48.4115611, -1.3883016], [-48.4122649, -1.3887425], [-48.4127341, -1.3889945], [-48.4131694, -1.3892708], [-48.4134595, -1.3894754], [-48.4136368, -1.3895906]]}}, {"type": "Feature", "properties": {"highway": "trunk"}, "geometry": {"type": "LineString", "coordinates": [[-48.4136368, -1.3895906], [-48.4140773, -1.3898701], [-48.4142206, -1.3899581], [-48.4150278, -1.3904664]]}}, {"type": "Feature", "properties": {"highway": "trunk"}, "geometry": {"type": "LineString", "coordinates": [[-48.4034865, -1.383473], [-48.4040173, -1.3837736], [-48.4043182, -1.3839427], [-48.4043862, -1.3839777], [-48.4045319, -1.3840567]]}}, {"type": "Feature", "properties": {"highway": "trunk"}, "geometry": {"type": "LineString", "coordinates": [[-48.4045319, -1.3840567], [-48.4046284, -1.3841099], [-48.4068514, -1.3853828]]}}, {"type": "Feature", "properties": {"highway": "trunk"}, "geometry": {"type": "LineString", "coordinates": [[-48.4150278, -1.3904664], [-48.415629, -1.3908435], [-48.4159062, -1.391014], [-48.4163214, -1.3912695], [-48.4163615, -1.3912945], [-48.4164996, -1.3913799], [-48.4167169, -1.3915217], [-48.4173906, -1.3919434], [-48.4174864, -1.3920052], [-48.4177185, -1.3921518], [-48.4178926, -1.3922599], [-48.4180521, -1.3923563], [-48.4183554, -1.3925408], [-48.4187569, -1.3927921], [-48.4187987, -1.3928198], [-48.4188391, -1.3928464], [-48.4189216, -1.3928963], [-48.4192782, -1.393122], [-48.4196073, -1.3933316]]}}, {"type": "Feature", "properties": {"highway": "trunk"}, "geometry": {"type": "LineString", "coordinates": [[-48.4344863, -1.4061904], [-48.4338867, -1.4057433], [-48.4336124, -1.4055779], [-48.4332278, -1.4053776], [-48.4330335, -1.4053054], [-48.4328983, -1.4052715]]}}, {"type": "Feature", "properties": {"highway": "trunk"}, "geometry": {"type": "LineString", "coordinates": [[-48.4044504, -1.384299], [-48.4042362, -1.3841776], [-48.4035906, -1.3838143], [-48.4032292, -1.3836137], [-48.4028028, -1.3833785], [-48.4026584, -1.3832989], [-48.4026045, -1.3832681], [-48.4022091, -1.3830406], [-48.4016261, -1.3827052], [-48.4014443, -1.3825997], [-48.4010382, -1.3823621], [-48.4007174, -1.3821765], [-48.4004637, -1.3820236], [-48.4000971, -1.3818037], [-48.3994844, -1.3814335], [-48.3993586, -1.3813575], [-48.399033, -1.3811615], [-48.3987274, -1.3809736], [-48.3987085, -1.3809626], [-48.3985104, -1.3808472], [-48.3984421, -1.3808061], [-48.3982175, -1.3806707], [-48.3977585, -1.3803939], [-48.3967116, -1.3797627], [-48.396578, -1.3796812], [-48.396489, -1.379617], [-48.3963038, -1.3795175], [-48.3961996, -1.3794584], [-48.3959804, -1.3793244], [-48.3954115, -1.3789846], [-48.3953065, -1.3789219], [-48.3945587, -1.3784688], [-48.3943543, -1.3783562], [-48.3941722, -1.3782346], [-48.393006, -1.3775281], [-48.3921759, -1.3770252], [-48.3918427, -1.3768149], [-48.3916653, -1.3767093], [-48.391531, -1.3766261], [-48.3914248, -1.3765615], [-48.3913185, -1.3764968], [-48.3910004, -1.3763176], [-48.3908875, -1.3762488], [-48.390588, -1.3760634], [-48.3902844, -1.3758754], [-48.390011, -1.3757072]]}}, {"type": "Feature", "properties": {"highway": "trunk"}, "geometry": {"type": "LineString", "coordinates": [[-48.3631487, -1.3658731], [-48.3630989, -1.3658703], [-48.3628856, -1.3658582], [-48.3628513, -1.3658563]]}}, {"type": "Feature", "properties": {"highway": "trunk"}, "geometry": {"type": "LineString", "coordinates": [[-48.3706816, -1.3667716], [-48.3704218, -1.3667264]]}}, {"type": "Feature", "properties": {"highway": "trunk"}, "geometry": {"type": "LineString", "coordinates": [[-48.3628513, -1.3658563], [-48.3613355, -1.3657846]]}}, {"type": "Feature", "properties": {"highway": "trunk"}, "geometry": {"type": "LineString", "coordinates": [[-48.4078057, -1.3862202], [-48.4077895, -1.3862104], [-48.4072146, -1.3858673], [-48.4070773, -1.3857785], [-48.406785, -1.3856067]]}}, {"type": "Feature", "properties": {"highway": "trunk"}, "geometry": {"type": "LineString", "coordinates": [[-48.390011, -1.3757072], [-48.3897921, -1.3755783], [-48.3897451, -1.3755491], [-48.3894512, -1.3753721], [-48.3892831, -1.3752693], [-48.3891675, -1.3751986], [-48.3889427, -1.3750587], [-48.3887047, -1.3749091], [-48.3880711, -1.3745532], [-48.3875677, -1.3742458]]}}, {"type": "Feature", "properties": {"highway": "trunk"}, "geometry": {"type": "LineString", "coordinates": [[-48.3875677, -1.3742458], [-48.3873673, -1.3741016], [-48.3871282, -1.3739561], [-48.3868518, -1.3737883], [-48.3866974, -1.3736927], [-48.3865551, -1.3736016], [-48.3864643, -1.3735435], [-48.3864083, -1.3735121], [-48.3863682, -1.3734896], [-48.3861545, -1.3733588], [-48.3859247, -1.3732254], [-48.3857223, -1.3731099], [-48.385708, -1.3731027]]}}, {"type": "Feature", "properties": {"highway": "trunk"}, "geometry": {"type": "LineString", "coordinates": [[-48.2683079, -1.3643416], [-48.2679364, -1.3643415], [-48.267455, -1.3643201], [-48.2669359, -1.3642853]]}}, {"type": "Feature", "properties": {"highway": "trunk"}, "geometry": {"type": "LineString", "coordinates": [[-48.4052526, -1.3847509], [-48.405006, -1.3846146], [-48.404643, -1.384408], [-48.4044504, -1.384299]]}}, {"type": "Feature", "properties": {"highway": "trunk"}, "geometry": {"type": "LineString", "coordinates": [[-48.2627249, -1.3613867], [-48.2625952, -1.3612057], [-48.2622944, -1.3607605], [-48.2622818, -1.3607429], [-48.2620796, -1.3604617], [-48.2618981, -1.3602094], [-48.2618693, -1.3601693], [-48.2616332, -1.359822], [-48.261468, -1.3595925], [-48.2614267, -1.3595351], [-48.2611861, -1.3592091], [-48.260549, -1.3583459], [-48.2604623, -1.3582184], [-48.2603909, -1.3581134], [-48.2598411, -1.357305], [-48.2596478, -1.357021], [-48.2590474, -1.3561698], [-48.2580156, -1.3547717], [-48.2577711, -1.3544403], [-48.25738, -1.3539151], [-48.2566236, -1.3529309], [-48.2560117, -1.352102], [-48.255573, -1.3515227], [-48.2555545, -1.3514986], [-48.2553096, -1.3511797], [-48.2551282, -1.3509376], [-48.2544781, -1.3500704], [-48.2541576, -1.3496335], [-48.2539324, -1.3493267], [-48.2538743, -1.3492516], [-48.2536968, -1.3490021], [-48.2532773, -1.3484505], [-48.2517317, -1.3463853], [-48.251266, -1.3457689], [-48.2508223, -1.3452317]]}}, {"type": "Feature", "properties": {"highway": "trunk"}, "geometry": {"type": "LineString", "coordinates": [[-48.3740416, -1.3673608], [-48.3734586, -1.3672599], [-48.3733837, -1.367247], [-48.3730091, -1.3671875], [-48.3725812, -1.3671196], [-48.372346, -1.3670823], [-48.3720469, -1.367031], [-48.3714866, -1.3669157], [-48.371428, -1.3669043], [-48.3710637, -1.366841], [-48.3709369, -1.366819], [-48.3706816, -1.3667716]]}}, {"type": "Feature", "properties": {"highway": "trunk"}, "geometry": {"type": "LineString", "coordinates": [[-48.4207896, -1.3943184], [-48.4205489, -1.3941543], [-48.4202941, -1.3939839], [-48.4197164, -1.3936252], [-48.4195872, -1.393545], [-48.4195325, -1.393511], [-48.419449, -1.3934592], [-48.4193066, -1.3933717], [-48.4192019, -1.3933052], [-48.419127, -1.3932576], [-48.4186841, -1.3929794], [-48.4186397, -1.3929518], [-48.4186239, -1.3929418], [-48.4185383, -1.3928889], [-48.4179612, -1.3925275], [-48.4176881, -1.3923565], [-48.4176176, -1.3923124], [-48.417091, -1.3919825], [-48.4168103, -1.3918067], [-48.4166678, -1.3917149], [-48.4164213, -1.3915678], [-48.4159469, -1.3912661], [-48.415077, -1.3907213], [-48.4145983, -1.390422], [-48.4137737, -1.3899153], [-48.4135542, -1.3897843], [-48.41351, -1.3897566], [-48.4133931, -1.3896862], [-48.413229, -1.3895873], [-48.412885, -1.3893753], [-48.4123848, -1.3890574], [-48.4118548, -1.3887159], [-48.411484, -1.3884805], [-48.4113394, -1.3883887], [-48.410988, -1.3881727], [-48.4106375, -1.3879494], [-48.410157, -1.3876395]]}}, {"type": "Feature", "properties": {"highway": "trunk"}, "geometry": {"type": "LineString", "coordinates": [[-48.3682495, -1.3663044], [-48.3681466, -1.3662879], [-48.3679041, -1.3662447], [-48.3678232, -1.3662308], [-48.3676739, -1.366205], [-48.3674929, -1.3661721], [-48.3670568, -1.3660967], [-48.3670228, -1.3660932], [-48.3665171, -1.3660279], [-48.366386, -1.36601], [-48.3661821, -1.3659951]]}}, {"type": "Feature", "properties": {"highway": "primary"}, "geometry": {"type": "LineString", "coordinates": [[-48.2645756, -1.2555971], [-48.2650597, -1.2543108], [-48.2657853, -1.2526393], [-48.2667589, -1.2502581], [-48.2670057, -1.2496547], [-48.2671881, -1.2492927], [-48.2673088, -1.2490112], [-48.2674563, -1.2488235], [-48.2676226, -1.2486331], [-48.2678345, -1.2484051], [-48.2680986, -1.2481412], [-48.2696852, -1.2469303], [-48.2706186, -1.2461982], [-48.2707098, -1.2461285], [-48.2719986, -1.2451464], [-48.272099, -1.24506], [-48.2728624, -1.2444686], [-48.2729257, -1.2444186], [-48.2731748, -1.2442621], [-48.2734001, -1.2441066], [-48.2739338, -1.2437151], [-48.2740143, -1.2436507], [-48.2750066, -1.2428645], [-48.2756919, -1.2423334], [-48.2757755, -1.2422839], [-48.2763881, -1.2418299], [-48.2769122, -1.2414392], [-48.277595, -1.2409182], [-48.2781141, -1.2404744], [-48.2783512, -1.240287], [-48.2784156, -1.2402353], [-48.2789654, -1.2398174]]}}, {"type": "Feature", "properties": {"highway": "primary"}, "geometry": {"type": "LineString", "coordinates": [[-48.251853, -1.2850205], [-48.2524548, -1.2840824], [-48.2529843, -1.2832798], [-48.2532496, -1.2828884], [-48.2534305, -1.2825722], [-48.2535771, -1.2822947], [-48.2539272, -1.281458], [-48.2542518, -1.2806455], [-48.2549678, -1.2789105], [-48.2551128, -1.2785592], [-48.2551712, -1.2784196], [-48.2560596, -1.276296]]}}, {"type": "Feature", "properties": {"highway": "primary"}, "geometry": {"type": "LineString", "coordinates": [[-48.251853, -1.2850205], [-48.2524548, -1.2840824], [-48.2529843, -1.2832798], [-48.2532496, -1.2828884], [-48.2534305, -1.2825722], [-48.2535771, -1.2822947], [-48.2539272, -1.281458], [-48.2542518, -1.2806455], [-48.2549678, -1.2789105], [-48.2551128, -1.2785592], [-48.2551712, -1.2784196], [-48.2560596, -1.276296]]}}, {"type": "Feature", "properties": {"highway": "secondary"}, "geometry": {"type": "LineString", "coordinates": [[-48.2644402, -1.3642746], [-48.2629384, -1.3642486], [-48.2626442, -1.3642524], [-48.2624795, -1.3642545], [-48.2620463, -1.3642521], [-48.2616788, -1.3642496], [-48.2606073, -1.3642357], [-48.2602465, -1.3642362], [-48.2597533, -1.364236], [-48.2592232, -1.3642261], [-48.2587995, -1.3642169], [-48.2577923, -1.3642062], [-48.256955, -1.3641925], [-48.2567568, -1.364188], [-48.2563384, -1.3641784], [-48.2558985, -1.3641683], [-48.2558008, -1.3641666], [-48.255338, -1.3641606], [-48.2553023, -1.3641568], [-48.2548633, -1.3641405], [-48.2544181, -1.3641231], [-48.2542994, -1.3641131], [-48.2540799, -1.3640947], [-48.2539518, -1.3640685], [-48.2538189, -1.3640225], [-48.2534948, -1.3639102], [-48.2532393, -1.3638337], [-48.2526473, -1.3636566], [-48.2517386, -1.363383], [-48.2513373, -1.363248], [-48.2512412, -1.3632186], [-48.2509129, -1.3631181], [-48.2507984, -1.363076], [-48.2502472, -1.3629037], [-48.2499629, -1.3628145], [-48.2492072, -1.3625907], [-48.2490731, -1.362553], [-48.2488223, -1.3624825], [-48.2486969, -1.3624472], [-48.2482249, -1.3623537], [-48.248185, -1.3623481], [-48.2481598, -1.3623449], [-48.2480296, -1.3623182], [-48.2477604, -1.3622586], [-48.2473754, -1.3621961], [-48.2469421, -1.3621108], [-48.2461569, -1.3619551], [-48.2454621, -1.3618352], [-48.2452074, -1.3617828], [-48.2448592, -1.3617111], [-48.2444129, -1.3616325], [-48.2440886, -1.361582], [-48.2437733, -1.3615325]]}}, {"type": "Feature", "properties": {"highway": "primary"}, "geometry": {"type": "LineString", "coordinates": [[-48.410721, -1.3852309], [-48.4105481, -1.3857854], [-48.4104026, -1.3862422], [-48.4102645, -1.3866137], [-48.4101601, -1.3868854], [-48.4101011, -1.3870369]]}}, {"type": "Feature", "properties": {"highway": "trunk"}, "geometry": {"type": "LineString", "coordinates": [[-48.4424859, -1.4120895], [-48.4426737, -1.4123382], [-48.4427111, -1.4123835], [-48.4431511, -1.4129665]]}}, {"type": "Feature", "properties": {"highway": "trunk"}, "geometry": {"type": "LineString", "coordinates": [[-48.435911, -1.4071886], [-48.4362955, -1.4075259], [-48.4367282, -1.4079079], [-48.4369819, -1.4081053], [-48.4372389, -1.4082728], [-48.4374237, -1.4083466]]}}, {"type": "Feature", "properties": {"highway": "tertiary"}, "geometry": {"type": "LineString", "coordinates": [[-48.4673817, -1.4436826], [-48.4677568, -1.443405], [-48.4691072, -1.4425391], [-48.4692354, -1.4424611]]}}, {"type": "Feature", "properties": {"highway": "secondary"}, "geometry": {"type": "LineString", "coordinates": [[-48.4706138, -1.4423195], [-48.471302, -1.4423462], [-48.471505, -1.4423529]]}}, {"type": "Feature", "properties": {"highway": "secondary"}, "geometry": {"type": "LineString", "coordinates": [[-48.4533976, -1.4279312], [-48.4532938, -1.4280402], [-48.4532486, -1.4280864]]}}, {"type": "Feature", "properties": {"highway": "tertiary"}, "geometry": {"type": "LineString", "coordinates": [[-48.4624695, -1.4363159], [-48.4628481, -1.4368775], [-48.4632394, -1.4374661]]}}, {"type": "Feature", "properties": {"highway": "tertiary"}, "geometry": {"type": "LineString", "coordinates": [[-48.4591706, -1.4312972], [-48.4592317, -1.4313864], [-48.4596128, -1.4319357], [-48.4600147, -1.4325753], [-48.4604904, -1.4332823], [-48.4607861, -1.4337095]]}}, {"type": "Feature", "properties": {"highway": "trunk"}, "geometry": {"type": "LineString", "coordinates": [[-48.40964, -1.3871052], [-48.4101793, -1.3874405]]}}, {"type": "Feature", "properties": {"highway": "trunk"}, "geometry": {"type": "LineString", "coordinates": [[-48.4101793, -1.3874405], [-48.4112938, -1.388138]]}}, {"type": "Feature", "properties": {"highway": "trunk"}, "geometry": {"type": "LineString", "coordinates": [[-48.3892667, -1.37496], [-48.3902512, -1.3755523], [-48.3903434, -1.3756078]]}}, {"type": "Feature", "properties": {"highway": "trunk"}, "geometry": {"type": "LineString", "coordinates": [[-48.4077331, -1.3859071], [-48.407933, -1.3860198], [-48.4084033, -1.3863166]]}}, {"type": "Feature", "properties": {"highway": "trunk"}, "geometry": {"type": "LineString", "coordinates": [[-48.4084033, -1.3863166], [-48.4085153, -1.3863892], [-48.4090279, -1.3867139]]}}, {"type": "Feature", "properties": {"highway": "trunk"}, "geometry": {"type": "LineString", "coordinates": [[-48.3306169, -1.3661788], [-48.3309384, -1.366051], [-48.3310255, -1.3660179], [-48.331474, -1.3658584], [-48.3316158, -1.3658077], [-48.3319027, -1.3657032], [-48.3322987, -1.3655785], [-48.3324703, -1.3655272], [-48.332775, -1.3654438], [-48.3330189, -1.3653986], [-48.3332183, -1.3653709], [-48.3337551, -1.3652962], [-48.334014, -1.3652815], [-48.3342525, -1.3652709], [-48.3345558, -1.3652587], [-48.334891, -1.3652577], [-48.3349769, -1.3652575], [-48.3351465, -1.365261], [-48.335225, -1.3652626], [-48.3375421, -1.3652428]]}}, {"type": "Feature", "properties": {"highway": "trunk"}, "geometry": {"type": "LineString", "coordinates": [[-48.4068514, -1.3853828], [-48.4068968, -1.3854092], [-48.4073103, -1.3856496], [-48.4073242, -1.3856581], [-48.4075378, -1.3857873], [-48.4077331, -1.3859071]]}}, {"type": "Feature", "properties": {"highway": "trunk"}, "geometry": {"type": "LineString", "coordinates": [[-48.3819928, -1.3706617], [-48.3823561, -1.3708582], [-48.3825541, -1.3709684], [-48.3827685, -1.3710895], [-48.3827869, -1.3710993], [-48.3833147, -1.3714303], [-48.3846431, -1.3722073], [-48.3852422, -1.3725577], [-48.3853451, -1.3726133], [-48.3858331, -1.3728769], [-48.3858606, -1.372893], [-48.3859074, -1.3729152], [-48.3859628, -1.3729447]]}}, {"type": "Feature", "properties": {"highway": "trunk"}, "geometry": {"type": "LineString", "coordinates": [[-48.3903434, -1.3756078], [-48.3905302, -1.3757272], [-48.3910333, -1.3760262], [-48.391137, -1.3760895], [-48.3914626, -1.3762779], [-48.3915955, -1.3763636], [-48.391818, -1.3764985], [-48.3919554, -1.3765816], [-48.3922256, -1.376751], [-48.3932358, -1.3773962]]}}, {"type": "Feature", "properties": {"highway": "trunk"}, "geometry": {"type": "LineString", "coordinates": [[-48.3932358, -1.3773962], [-48.3938769, -1.3777716], [-48.3939587, -1.3778199], [-48.394299, -1.3780246], [-48.3944919, -1.3781363], [-48.3947258, -1.3782717], [-48.3949498, -1.3784101], [-48.3960146, -1.3790667], [-48.3961172, -1.3791246], [-48.3962432, -1.3792042], [-48.3965008, -1.3793533], [-48.3965964, -1.3794069], [-48.3985774, -1.3805911], [-48.3989679, -1.3808266], [-48.3995017, -1.3811423], [-48.400202, -1.3815582], [-48.4007867, -1.3819161], [-48.4011458, -1.382136], [-48.4014402, -1.3823162], [-48.4017049, -1.3824789], [-48.4029027, -1.3831454], [-48.4030596, -1.3832327], [-48.4034865, -1.383473]]}}, {"type": "Feature", "properties": {"highway": "trunk"}, "geometry": {"type": "LineString", "coordinates": [[-48.4334377, -1.4053421], [-48.4338812, -1.4056053], [-48.4340718, -1.4057373], [-48.4343663, -1.4059412], [-48.4345518, -1.406087]]}}, {"type": "Feature", "properties": {"highway": "tertiary"}, "geometry": {"type": "LineString", "coordinates": [[-48.4754133, -1.459244], [-48.4759711, -1.4592779], [-48.4763056, -1.4593023], [-48.4769154, -1.4593427], [-48.4770098, -1.4593501]]}}, {"type": "Feature", "properties": {"highway": "secondary"}, "geometry": {"type": "LineString", "coordinates": [[-48.4706974, -1.454621], [-48.4706919, -1.4550839], [-48.4706833, -1.4557015], [-48.470676, -1.4561246], [-48.4706742, -1.4562146]]}}, {"type": "Feature", "properties": {"highway": "tertiary"}, "geometry": {"type": "LineString", "coordinates": [[-48.4709627, -1.4452217], [-48.4709513, -1.4453995], [-48.4709506, -1.4455811], [-48.4709105, -1.4463999]]}}, {"type": "Feature", "properties": {"highway": "tertiary"}, "geometry": {"type": "LineString", "coordinates": [[-48.4591706, -1.4312972], [-48.4589768, -1.4314287]]}}, {"type": "Feature", "properties": {"highway": "tertiary"}, "geometry": {"type": "LineString", "coordinates": [[-48.4589768, -1.4314287], [-48.4585976, -1.4316925], [-48.4579743, -1.4321112], [-48.4565976, -1.4330416], [-48.4565268, -1.4330859]]}}, {"type": "Feature", "properties": {"highway": "secondary"}, "geometry": {"type": "LineString", "coordinates": [[-48.4554999, -1.4225825], [-48.4556121, -1.4226249], [-48.4560647, -1.4227153], [-48.4562043, -1.4227426], [-48.4569594, -1.4228752], [-48.4570995, -1.4228956], [-48.4572029, -1.4229133], [-48.4573478, -1.4229343]]}}, {"type": "Feature", "properties": {"highway": "secondary"}, "geometry": {"type": "LineString", "coordinates": [[-48.4574824, -1.4230469], [-48.4574066, -1.423143], [-48.4573359, -1.4232316]]}}, {"type": "Feature", "properties": {"highway": "secondary"}, "geometry": {"type": "LineString", "coordinates": [[-48.4573478, -1.4229343], [-48.4574824, -1.4230469]]}}, {"type": "Feature", "properties": {"highway": "primary"}, "geometry": {"type": "LineString", "coordinates": [[-48.4701356, -1.4028703], [-48.4702208, -1.4027809], [-48.4706648, -1.4023222], [-48.4708267, -1.4021571], [-48.4708751, -1.4021072], [-48.4712049, -1.401767], [-48.4712492, -1.4017207]]}}, {"type": "Feature", "properties": {"highway": "secondary"}, "geometry": {"type": "LineString", "coordinates": [[-48.4697722, -1.4245032], [-48.4696927, -1.4243883], [-48.4696341, -1.4243034]]}}, {"type": "Feature", "properties": {"highway": "secondary"}, "geometry": {"type": "LineString", "coordinates": [[-48.4743612, -1.4313922], [-48.473829, -1.4305852]]}}, {"type": "Feature", "properties": {"highway": "secondary"}, "geometry": {"type": "LineString", "coordinates": [[-48.4711861, -1.4266466], [-48.4707523, -1.4259758], [-48.4704547, -1.4255362]]}}, {"type": "Feature", "properties": {"highway": "secondary"}, "geometry": {"type": "LineString", "coordinates": [[-48.4738573, -1.4304454], [-48.4739162, -1.4305314], [-48.4746061, -1.4315366], [-48.4746945, -1.431666]]}}, {"type": "Feature", "properties": {"highway": "secondary"}, "geometry": {"type": "LineString", "coordinates": [[-48.4777648, -1.4365189], [-48.4774046, -1.435972], [-48.4770587, -1.435455]]}}, {"type": "Feature", "properties": {"highway": "secondary"}, "geometry": {"type": "LineString", "coordinates": [[-48.473829, -1.4305852], [-48.4736717, -1.4303404], [-48.473015, -1.4293478], [-48.4729363, -1.4292285]]}}, {"type": "Feature", "properties": {"highway": "secondary"}, "geometry": {"type": "LineString", "coordinates": [[-48.4736449, -1.4305391], [-48.4735548, -1.4304093], [-48.472912, -1.4294117], [-48.472839, -1.4292946]]}}, {"type": "Feature", "properties": {"highway": "secondary"}, "geometry": {"type": "LineString", "coordinates": [[-48.472839, -1.4292946], [-48.4727648, -1.4291723], [-48.4727141, -1.4290978], [-48.4720625, -1.4281412], [-48.4720153, -1.4280761]]}}, {"type": "Feature", "properties": {"highway": "secondary"}, "geometry": {"type": "LineString", "coordinates": [[-48.4768806, -1.4349458], [-48.4771543, -1.4353703], [-48.477715, -1.4362187], [-48.4778343, -1.4364015], [-48.4778443, -1.4364168]]}}, {"type": "Feature", "properties": {"highway": "secondary"}, "geometry": {"type": "LineString", "coordinates": [[-48.4759613, -1.4335937], [-48.4763482, -1.4341586], [-48.4764122, -1.434265], [-48.4766943, -1.4346787], [-48.4767009, -1.4346895], [-48.4768806, -1.4349458]]}}, {"type": "Feature", "properties": {"highway": "secondary"}, "geometry": {"type": "LineString", "coordinates": [[-48.475898, -1.4336966], [-48.4754895, -1.4330895], [-48.4754168, -1.4329852], [-48.4753298, -1.4328574], [-48.4746487, -1.431826], [-48.4745911, -1.4317413], [-48.4745031, -1.4316071], [-48.4743612, -1.4313922]]}}, {"type": "Feature", "properties": {"highway": "secondary"}, "geometry": {"type": "LineString", "coordinates": [[-48.4746945, -1.431666], [-48.4747515, -1.4317559], [-48.4750245, -1.4321687], [-48.4754376, -1.4327935], [-48.4755203, -1.4329122]]}}, {"type": "Feature", "properties": {"highway": "secondary"}, "geometry": {"type": "LineString", "coordinates": [[-48.4678414, -1.4218318], [-48.4674414, -1.4212215], [-48.4670372, -1.4206058], [-48.466645, -1.4200041], [-48.4663251, -1.4195132], [-48.4662433, -1.4193925], [-48.4661227, -1.4192169], [-48.4644494, -1.4168142], [-48.464258, -1.4165383], [-48.4640041, -1.4161506], [-48.4639255, -1.4160347], [-48.4639296, -1.4159514]]}}, {"type": "Feature", "properties": {"highway": "secondary"}, "geometry": {"type": "LineString", "coordinates": [[-48.4776799, -1.4365812], [-48.4776594, -1.4365465], [-48.4773746, -1.4361158], [-48.4772629, -1.4359468], [-48.4769675, -1.4355022], [-48.4766836, -1.4351029], [-48.4764992, -1.4348218], [-48.4763647, -1.4346192], [-48.4762232, -1.434398], [-48.476149, -1.4342937]]}}, {"type": "Feature", "properties": {"highway": "primary"}, "geometry": {"type": "LineString", "coordinates": [[-48.4644547, -1.4091466], [-48.4640708, -1.4086408]]}}, {"type": "Feature", "properties": {"highway": "primary"}, "geometry": {"type": "LineString", "coordinates": [[-48.4640708, -1.4086408], [-48.4639404, -1.4084246], [-48.4638613, -1.4083151], [-48.4637463, -1.4081883], [-48.4636201, -1.4081002], [-48.4635553, -1.4080703], [-48.4634786, -1.4080439]]}}, {"type": "Feature", "properties": {"highway": "trunk"}, "geometry": {"type": "LineString", "coordinates": [[-48.4499966, -1.4230904], [-48.4502241, -1.4234348]]}}, {"type": "Feature", "properties": {"highway": "trunk"}, "geometry": {"type": "LineString", "coordinates": [[-48.4502241, -1.4234348], [-48.4503044, -1.4235589]]}}, {"type": "Feature", "properties": {"highway": "tertiary"}, "geometry": {"type": "LineString", "coordinates": [[-48.4411192, -1.3178971], [-48.441087, -1.3183503], [-48.4410468, -1.3187632], [-48.4410267, -1.3190113], [-48.4409965, -1.3194084], [-48.4409918, -1.3194698], [-48.4409603, -1.319919], [-48.4409573, -1.3199692], [-48.4409446, -1.3201952], [-48.4409326, -1.3203714], [-48.4408898, -1.3207968], [-48.440856, -1.3212539], [-48.4408438, -1.3214196], [-48.4408145, -1.3218984], [-48.4408007, -1.3222066], [-48.4408021, -1.3224239], [-48.4407848, -1.3225679], [-48.4407506, -1.3230764], [-48.4407363, -1.323397], [-48.4407022, -1.3241785], [-48.4406552, -1.325109], [-48.4406163, -1.3258048], [-48.4406136, -1.3258813], [-48.440615, -1.325979]]}}, {"type": "Feature", "properties": {"highway": "tertiary"}, "geometry": {"type": "LineString", "coordinates": [[-48.43606, -1.3221259], [-48.4360626, -1.3220025], [-48.4360774, -1.3211056], [-48.4360702, -1.3203506], [-48.4360707, -1.3201925]]}}, {"type": "Feature", "properties": {"highway": "tertiary"}, "geometry": {"type": "LineString", "coordinates": [[-48.4361337, -1.3176357], [-48.4367841, -1.317625], [-48.437232, -1.3176528], [-48.4376384, -1.3176665], [-48.4380636, -1.3176866], [-48.4385021, -1.3177135], [-48.438732, -1.3177273], [-48.4390171, -1.3177443], [-48.4411192, -1.3178971]]}}, {"type": "Feature", "properties": {"highway": "primary"}, "geometry": {"type": "LineString", "coordinates": [[-48.4819182, -1.4217635], [-48.4817854, -1.4215822]]}}, {"type": "Feature", "properties": {"highway": "primary"}, "geometry": {"type": "LineString", "coordinates": [[-48.4817854, -1.4215822], [-48.4817593, -1.4215449]]}}, {"type": "Feature", "properties": {"highway": "tertiary"}, "geometry": {"type": "LineString", "coordinates": [[-48.4335051, -1.3296032], [-48.4332865, -1.3307402], [-48.4330116, -1.3320849], [-48.4329338, -1.332459], [-48.4327716, -1.3331454], [-48.4327525, -1.3333137], [-48.4327669, -1.33336], [-48.4327924, -1.3333891], [-48.4328339, -1.3334199], [-48.4328903, -1.3334371]]}}, {"type": "Feature", "properties": {"highway": "primary"}, "geometry": {"type": "LineString", "coordinates": [[-48.4357899, -1.405631], [-48.4359851, -1.4058512]]}}, {"type": "Feature", "properties": {"highway": "primary"}, "geometry": {"type": "LineString", "coordinates": [[-48.4348615, -1.4057767], [-48.4351264, -1.4055309], [-48.4352403, -1.4054687], [-48.435315, -1.4054462], [-48.4354202, -1.4054424], [-48.4354989, -1.4054527], [-48.4355896, -1.4054879], [-48.43566, -1.4055292], [-48.4357899, -1.405631]]}}, {"type": "Feature", "properties": {"highway": "trunk"}, "geometry": {"type": "LineString", "coordinates": [[-48.3316258, -1.4124795], [-48.3315552, -1.4128097], [-48.331513, -1.4130531], [-48.3314848, -1.4133869], [-48.3314736, -1.4136421], [-48.3314404, -1.4143984], [-48.3314012, -1.415294], [-48.3313765, -1.4158561]]}}, {"type": "Feature", "properties": {"highway": "trunk"}, "geometry": {"type": "LineString", "coordinates": [[-48.3333278, -1.4097452], [-48.3323351, -1.4110734], [-48.331966, -1.4116226], [-48.3317085, -1.4121803], [-48.3316258, -1.4124795]]}}, {"type": "Feature", "properties": {"highway": "trunk"}, "geometry": {"type": "LineString", "coordinates": [[-48.3302696, -1.4209029], [-48.3296379, -1.4230579], [-48.3285329, -1.4268226], [-48.3283196, -1.427568], [-48.3281551, -1.4280026], [-48.3278805, -1.4285861], [-48.3274599, -1.4290408], [-48.3269707, -1.4294613], [-48.3264557, -1.4297273], [-48.3258892, -1.4299075], [-48.3254429, -1.4299847], [-48.3220968, -1.4301178], [-48.3219925, -1.430122], [-48.32122, -1.4301563], [-48.3206106, -1.4302507], [-48.3199068, -1.4304652], [-48.319306, -1.4307998], [-48.3188168, -1.4312288], [-48.3184734, -1.4316579], [-48.3179614, -1.4323878]]}}, {"type": "Feature", "properties": {"highway": "trunk"}, "geometry": {"type": "LineString", "coordinates": [[-48.3491241, -1.4009867], [-48.3488676, -1.4010828], [-48.3485592, -1.4011833], [-48.348235, -1.4012695], [-48.3475604, -1.4013882], [-48.3400154, -1.4024045], [-48.3393998, -1.4025452], [-48.3387552, -1.4028276], [-48.3382746, -1.4032137], [-48.3378454, -1.4036942], [-48.3333278, -1.4097452]]}}, {"type": "Feature", "properties": {"highway": "tertiary"}, "geometry": {"type": "LineString", "coordinates": [[-48.3145787, -1.3661714], [-48.3146457, -1.3661395], [-48.3147195, -1.3660819], [-48.3148422, -1.3659973], [-48.3149384, -1.3659389], [-48.3149942, -1.3659287], [-48.3150453, -1.3659352], [-48.3150799, -1.3659418], [-48.3151477, -1.3659548], [-48.3152754, -1.3660644], [-48.3153681, -1.3662351], [-48.3154279, -1.3664115]]}}, {"type": "Feature", "properties": {"highway": "tertiary"}, "geometry": {"type": "LineString", "coordinates": [[-48.3149384, -1.3659389], [-48.3150459, -1.3658577], [-48.3153009, -1.3653713], [-48.3154774, -1.3650434], [-48.3155455, -1.3649136], [-48.3158171, -1.3643978], [-48.3158605, -1.3643209], [-48.3164576, -1.3631967]]}}, {"type": "Feature", "properties": {"highway": "tertiary"}, "geometry": {"type": "LineString", "coordinates": [[-48.3167511, -1.3630308], [-48.3167603, -1.3630837], [-48.3167527, -1.3631368], [-48.316729, -1.363185], [-48.3166916, -1.3632235], [-48.3166441, -1.3632485], [-48.3165912, -1.3632577], [-48.3165569, -1.3632547], [-48.3165239, -1.3632449], [-48.3164878, -1.3632248], [-48.3164576, -1.3631967], [-48.3164287, -1.3631476], [-48.3164174, -1.3630918], [-48.316425, -1.3630353], [-48.3164507, -1.3629845], [-48.3164917, -1.3629449], [-48.3165433, -1.3629209], [-48.3166, -1.3629151], [-48.3166481, -1.3629253], [-48.3166913, -1.3629487], [-48.316726, -1.3629833], [-48.3167511, -1.3630308]]}}, {"type": "Feature", "properties": {"highway": "tertiary"}, "geometry": {"type": "LineString", "coordinates": [[-48.3165912, -1.3632577], [-48.3165212, -1.3633752], [-48.3165042, -1.3634073], [-48.3161615, -1.3640539], [-48.3158153, -1.364707], [-48.3154676, -1.365363], [-48.3153343, -1.3656145], [-48.3152265, -1.3658179], [-48.3151477, -1.3659548]]}}, {"type": "Feature", "properties": {"highway": "tertiary"}, "geometry": {"type": "LineString", "coordinates": [[-48.3166, -1.3629151], [-48.3166896, -1.3627717], [-48.3168692, -1.3624457], [-48.316963, -1.3622691], [-48.3172533, -1.3617229], [-48.3173059, -1.3616219], [-48.3176233, -1.3610345], [-48.3177008, -1.3608915], [-48.3178706, -1.3606007]]}}, {"type": "Feature", "properties": {"highway": "tertiary"}, "geometry": {"type": "LineString", "coordinates": [[-48.3200906, -1.381111], [-48.3198491, -1.3814574], [-48.3192413, -1.3823379], [-48.3185506, -1.3833155], [-48.3181429, -1.3838961], [-48.3178413, -1.3843256], [-48.3174187, -1.3849273], [-48.3173186, -1.3850699], [-48.3165738, -1.386129], [-48.315955, -1.3870142], [-48.3157302, -1.3873114], [-48.3154434, -1.387738]]}}, {"type": "Feature", "properties": {"highway": "secondary"}, "geometry": {"type": "LineString", "coordinates": [[-48.444947, -1.4574655], [-48.4452975, -1.4569651], [-48.4455641, -1.4565468], [-48.4456466, -1.456395], [-48.4456958, -1.456287], [-48.4458608, -1.4559119], [-48.4459651, -1.4556663], [-48.4460069, -1.4555788], [-48.4460498, -1.4554729], [-48.4461146, -1.4552947], [-48.4461283, -1.4552189], [-48.4461763, -1.45496], [-48.4461943, -1.4548471], [-48.4462266, -1.4546181], [-48.446264, -1.454375], [-48.4463429, -1.4537825], [-48.4464323, -1.4529963], [-48.4464482, -1.452799], [-48.4464591, -1.4526658], [-48.446497, -1.4522014], [-48.4465258, -1.4516749], [-48.44652, -1.4514127]]}}, {"type": "Feature", "properties": {"highway": "secondary"}, "geometry": {"type": "LineString", "coordinates": [[-48.444736, -1.4581811], [-48.4446788, -1.4583473], [-48.4446009, -1.4586454], [-48.4445731, -1.4588427], [-48.4445591, -1.4591001], [-48.4445555, -1.4591669], [-48.4445677, -1.459384], [-48.4445961, -1.4595968], [-48.4446371, -1.4598161], [-48.4447129, -1.4600432], [-48.4447865, -1.4602135], [-48.445053, -1.4607024], [-48.4454054, -1.461313], [-48.4455677, -1.4616715], [-48.445791, -1.4620877], [-48.4460935, -1.4626495], [-48.4463127, -1.4630825], [-48.4465123, -1.4634578], [-48.4466404, -1.463703], [-48.4467084, -1.4638375], [-48.4469074, -1.4642377], [-48.4471017, -1.4646191], [-48.4473588, -1.465048], [-48.4475452, -1.4653764], [-48.4477289, -1.4657317], [-48.4479234, -1.4661259], [-48.4480726, -1.4664386], [-48.4481164, -1.4665853]]}}, {"type": "Feature", "properties": {"highway": "secondary"}, "geometry": {"type": "LineString", "coordinates": [[-48.4472469, -1.4436435], [-48.4472351, -1.4440142], [-48.44723, -1.4440952], [-48.447222, -1.4442218], [-48.4472079, -1.444607], [-48.4471945, -1.4450581], [-48.447187, -1.4455324], [-48.4471848, -1.4456088], [-48.4471814, -1.4456744], [-48.4471797, -1.4457921], [-48.447163, -1.4460359], [-48.447133, -1.4463125], [-48.4470845, -1.4466519], [-48.4470509, -1.4468247], [-48.4470168, -1.4471688], [-48.4469932, -1.4474121], [-48.4469417, -1.4476112], [-48.4469082, -1.4478606], [-48.4468948, -1.4480496], [-48.4468946, -1.4482211], [-48.4469008, -1.4486188], [-48.4469007, -1.4488259], [-48.4468925, -1.4489452], [-48.4468399, -1.4492667], [-48.4468143, -1.4494304], [-48.4467993, -1.4495597], [-48.4467723, -1.4497972], [-48.4467504, -1.4500994], [-48.4467365, -1.4502261], [-48.4466823, -1.4507767], [-48.4466574, -1.4510889], [-48.4466575, -1.4511197]]}}, {"type": "Feature", "properties": {"highway": "secondary"}, "geometry": {"type": "LineString", "coordinates": [[-48.4466496, -1.4514404], [-48.4466277, -1.4514525], [-48.4466034, -1.4514579], [-48.4465785, -1.4514562], [-48.446555, -1.4514476], [-48.446535, -1.4514327], [-48.44652, -1.4514127]]}}, {"type": "Feature", "properties": {"highway": "secondary"}, "geometry": {"type": "LineString", "coordinates": [[-48.44652, -1.4514127], [-48.4465124, -1.4513936], [-48.4465094, -1.4513733], [-48.4465112, -1.4513529], [-48.4465178, -1.4513334], [-48.4465287, -1.451316], [-48.4465434, -1.4513017]]}}, {"type": "Feature", "properties": {"highway": "secondary"}, "geometry": {"type": "LineString", "coordinates": [[-48.4465434, -1.4513017], [-48.4465613, -1.451291], [-48.4465813, -1.4512849], [-48.4466022, -1.4512837], [-48.4466227, -1.4512874], [-48.4466418, -1.451296], [-48.4466583, -1.4513088]]}}, {"type": "Feature", "properties": {"highway": "secondary"}, "geometry": {"type": "LineString", "coordinates": [[-48.4465434, -1.4513017], [-48.4465769, -1.4511037], [-48.4466242, -1.4505046], [-48.4466573, -1.4500954], [-48.446673, -1.4497925], [-48.4466761, -1.4497321], [-48.4467003, -1.4495123], [-48.4467468, -1.4492763], [-48.4467834, -1.4490363], [-48.4468035, -1.4487307], [-48.4467901, -1.4484558], [-48.446782, -1.4483183], [-48.4467727, -1.4481595], [-48.4467874, -1.4478686], [-48.4468423, -1.4474966], [-48.4468842, -1.4473887], [-48.4469214, -1.4472715], [-48.4469419, -1.4471536], [-48.4469713, -1.4467676]]}}, {"type": "Feature", "properties": {"highway": "secondary"}, "geometry": {"type": "LineString", "coordinates": [[-48.4466583, -1.4513088], [-48.4466723, -1.4513269], [-48.4466802, -1.4513452], [-48.4466839, -1.4513647], [-48.446683, -1.4513846], [-48.4466723, -1.4514147], [-48.4466644, -1.4514261], [-48.4466496, -1.4514404]]}}, {"type": "Feature", "properties": {"highway": "secondary"}, "geometry": {"type": "LineString", "coordinates": [[-48.4361763, -1.3858782], [-48.4362255, -1.3859205], [-48.4362861, -1.3859581], [-48.4363338, -1.3859851], [-48.4363841, -1.3860049], [-48.4364496, -1.3860114], [-48.4365024, -1.3860032], [-48.4365356, -1.38599], [-48.4365678, -1.3859744], [-48.4366106, -1.3859486], [-48.4366505, -1.3859184]]}}, {"type": "Feature", "properties": {"highway": "secondary"}, "geometry": {"type": "LineString", "coordinates": [[-48.4361763, -1.3858782], [-48.4358547, -1.3853163], [-48.4355144, -1.3847218], [-48.4354134, -1.3845587]]}}, {"type": "Feature", "properties": {"highway": "primary"}, "geometry": {"type": "LineString", "coordinates": [[-48.4286265, -1.3576082], [-48.4288463, -1.3572139], [-48.4292086, -1.356594], [-48.4292108, -1.3565915], [-48.4292691, -1.3564965]]}}, {"type": "Feature", "properties": {"highway": "primary"}, "geometry": {"type": "LineString", "coordinates": [[-48.4278456, -1.3588091], [-48.4281086, -1.3589626]]}}, {"type": "Feature", "properties": {"highway": "primary"}, "geometry": {"type": "LineString", "coordinates": [[-48.4280136, -1.3591362], [-48.4277462, -1.358981]]}}, {"type": "Feature", "properties": {"highway": "primary"}, "geometry": {"type": "LineString", "coordinates": [[-48.4277462, -1.358981], [-48.4274553, -1.3587953], [-48.4273115, -1.3586998]]}}, {"type": "Feature", "properties": {"highway": "trunk"}, "geometry": {"type": "LineString", "coordinates": [[-48.4530673, -1.4282888], [-48.4529681, -1.428143]]}}, {"type": "Feature", "properties": {"highway": "secondary"}, "geometry": {"type": "LineString", "coordinates": [[-48.4499221, -1.4355873], [-48.449954, -1.435621], [-48.4499738, -1.435663], [-48.4499795, -1.4357091], [-48.4499705, -1.4357546], [-48.4499478, -1.4357949], [-48.4499136, -1.4358262], [-48.4498713, -1.4358453]]}}, {"type": "Feature", "properties": {"highway": "trunk"}, "geometry": {"type": "LineString", "coordinates": [[-48.4532486, -1.4280864], [-48.4534288, -1.428367], [-48.4537993, -1.4289524], [-48.4540786, -1.4293522], [-48.4541574, -1.4294742]]}}, {"type": "Feature", "properties": {"highway": "trunk"}, "geometry": {"type": "LineString", "coordinates": [[-48.4532486, -1.4280864], [-48.4534288, -1.428367], [-48.4537993, -1.4289524], [-48.4540786, -1.4293522], [-48.4541574, -1.4294742]]}}, {"type": "Feature", "properties": {"highway": "tertiary"}, "geometry": {"type": "LineString", "coordinates": [[-48.4553551, -1.4255642], [-48.4556021, -1.4259205], [-48.4558634, -1.4263109], [-48.4562431, -1.426899], [-48.4564919, -1.4272843], [-48.4565359, -1.4273538], [-48.4566687, -1.4275638], [-48.4572144, -1.4283493], [-48.4575212, -1.428791], [-48.4575429, -1.4288222], [-48.4579608, -1.4294566], [-48.4583567, -1.4300528], [-48.4587821, -1.4307038], [-48.4588099, -1.4307461], [-48.4588953, -1.430884], [-48.4591068, -1.4311967], [-48.4591706, -1.4312972]]}}, {"type": "Feature", "properties": {"highway": "secondary"}, "geometry": {"type": "LineString", "coordinates": [[-48.4553551, -1.4255642], [-48.4552447, -1.4256865], [-48.4546655, -1.4263835]]}}, {"type": "Feature", "properties": {"highway": "primary"}, "geometry": {"type": "LineString", "coordinates": [[-48.4211539, -1.3694786], [-48.4209079, -1.3697837], [-48.4206815, -1.3700652], [-48.4202684, -1.3705706], [-48.420015, -1.3709165], [-48.4199238, -1.3710439]]}}, {"type": "Feature", "properties": {"highway": "primary"}, "geometry": {"type": "LineString", "coordinates": [[-48.4212937, -1.369187], [-48.4213812, -1.3691053], [-48.4215617, -1.3689526], [-48.4217444, -1.3687993], [-48.4220616, -1.36855], [-48.4220879, -1.3685304], [-48.4221676, -1.368476], [-48.4222704, -1.3684001], [-48.4224215, -1.3682913], [-48.4225458, -1.3681723], [-48.4226269, -1.3680848], [-48.4226927, -1.3679972], [-48.4227959, -1.3678384], [-48.4229654, -1.3675199], [-48.423238, -1.3670464], [-48.4234057, -1.3667819], [-48.4235095, -1.3666157], [-48.4236555, -1.3663941], [-48.4239267, -1.3659822], [-48.4241205, -1.3657026], [-48.424238, -1.3655337], [-48.424248, -1.3655156], [-48.4245117, -1.36513], [-48.4248845, -1.3645616]]}}, {"type": "Feature", "properties": {"highway": "secondary"}, "geometry": {"type": "LineString", "coordinates": [[-48.4075623, -1.371408], [-48.4075469, -1.3717062], [-48.4075365, -1.3721385]]}}, {"type": "Feature", "properties": {"highway": "secondary"}, "geometry": {"type": "LineString", "coordinates": [[-48.4282105, -1.3793851], [-48.4281154, -1.3792824], [-48.4277725, -1.3788986], [-48.4275509, -1.3786504], [-48.4274437, -1.3785281], [-48.4272883, -1.3783284], [-48.4267907, -1.3776718], [-48.4267452, -1.3776371], [-48.4266853, -1.3775547], [-48.4266122, -1.3774605], [-48.4264617, -1.37723], [-48.4262136, -1.3768733], [-48.4261385, -1.3767835], [-48.4257067, -1.3762013], [-48.4255846, -1.3760367], [-48.4252265, -1.375538], [-48.4251152, -1.3754026], [-48.4249958, -1.3752457], [-48.4248564, -1.3750553], [-48.4246535, -1.3747872]]}}, {"type": "Feature", "properties": {"highway": "secondary"}, "geometry": {"type": "LineString", "coordinates": [[-48.4851242, -1.4291707], [-48.48526, -1.4291253], [-48.4855923, -1.4290401], [-48.4861087, -1.4288956], [-48.4864077, -1.4288054], [-48.4871829, -1.4285841], [-48.4875248, -1.4284837], [-48.4879518, -1.4283516]]}}, {"type": "Feature", "properties": {"highway": "primary"}, "geometry": {"type": "LineString", "coordinates": [[-48.4719667, -1.4122303], [-48.4730304, -1.4126774], [-48.4730994, -1.4127027], [-48.4734687, -1.4128533], [-48.4743476, -1.4132458], [-48.4749795, -1.4135211], [-48.4758198, -1.4138624], [-48.4766177, -1.4142049], [-48.4770056, -1.4143683], [-48.4773907, -1.4145305], [-48.477441, -1.4145517], [-48.4782423, -1.4148706], [-48.4795252, -1.4154101], [-48.4795676, -1.415428], [-48.4798454, -1.4155456], [-48.480096, -1.4156627], [-48.4808648, -1.4160001], [-48.4809718, -1.4160701], [-48.4810479, -1.4161313], [-48.481154, -1.4162388], [-48.4813395, -1.4164764], [-48.4821242, -1.4174815], [-48.4824719, -1.4179449], [-48.4825097, -1.4179952], [-48.4826986, -1.4182906], [-48.4828073, -1.4184991], [-48.4828443, -1.4185834], [-48.4829766, -1.4188846], [-48.4829894, -1.4189137], [-48.4830043, -1.4189497], [-48.4832846, -1.4196972], [-48.4833383, -1.4198334], [-48.4833478, -1.4198597]]}}, {"type": "Feature", "properties": {"highway": "secondary"}, "geometry": {"type": "LineString", "coordinates": [[-48.4719667, -1.4122303], [-48.4716964, -1.4123605], [-48.4715142, -1.4124497], [-48.4691142, -1.4136247], [-48.4685643, -1.413901], [-48.4683916, -1.414008]]}}, {"type": "Feature", "properties": {"highway": "secondary"}, "geometry": {"type": "LineString", "coordinates": [[-48.4875436, -1.3005229], [-48.4883425, -1.3005687], [-48.4884728, -1.3005762]]}}, {"type": "Feature", "properties": {"highway": "tertiary"}, "geometry": {"type": "LineString", "coordinates": [[-48.487682, -1.2985204], [-48.4877193, -1.297864], [-48.4877252, -1.2977684], [-48.4877405, -1.297471], [-48.4877487, -1.2973405], [-48.4877976, -1.2965428], [-48.4878784, -1.2950169], [-48.487922, -1.2943014]]}}, {"type": "Feature", "properties": {"highway": "tertiary"}, "geometry": {"type": "LineString", "coordinates": [[-48.4874144, -1.3025287], [-48.4874517, -1.3019489], [-48.4874789, -1.3015273], [-48.4875436, -1.3005229]]}}, {"type": "Feature", "properties": {"highway": "tertiary"}, "geometry": {"type": "LineString", "coordinates": [[-48.440615, -1.325979], [-48.4405541, -1.3259716], [-48.4405002, -1.3259683], [-48.4401651, -1.3259478], [-48.4401263, -1.3259454], [-48.4398251, -1.3259228], [-48.4397091, -1.3259162], [-48.4394865, -1.3259027], [-48.4392813, -1.3258934], [-48.439009, -1.3258786], [-48.4388573, -1.3258668], [-48.4385437, -1.3258424], [-48.4381045, -1.3258169], [-48.4377553, -1.3257961], [-48.4376785, -1.3257915], [-48.4376331, -1.3257888], [-48.4374391, -1.3257736], [-48.4372562, -1.3257593], [-48.4368447, -1.3257368], [-48.4364234, -1.3257137], [-48.4359822, -1.3257057]]}}, {"type": "Feature", "properties": {"highway": "tertiary"}, "geometry": {"type": "LineString", "coordinates": [[-48.436009, -1.3239158], [-48.4360104, -1.3236999], [-48.4360398, -1.322943], [-48.4360492, -1.3225482], [-48.4360593, -1.3221668], [-48.43606, -1.3221259]]}}, {"type": "Feature", "properties": {"highway": "secondary"}, "geometry": {"type": "LineString", "coordinates": [[-48.440615, -1.325979], [-48.4405406, -1.326859], [-48.4405225, -1.3271067], [-48.4404963, -1.327637], [-48.4404776, -1.328117], [-48.4404735, -1.3286332], [-48.4404721, -1.328686], [-48.4404598, -1.3287823], [-48.4404491, -1.3288571], [-48.4404219, -1.3289228], [-48.44039, -1.3289714], [-48.4403622, -1.3289992], [-48.440333, -1.32902], [-48.4400055, -1.3292037], [-48.4396581, -1.3293806], [-48.4395502, -1.3294537], [-48.4394764, -1.3295482], [-48.4394265, -1.3296314], [-48.4393469, -1.3298358]]}}, {"type": "Feature", "properties": {"highway": "secondary"}, "geometry": {"type": "LineString", "coordinates": [[-48.4493761, -1.3265068], [-48.4493187, -1.326507]]}}, {"type": "Feature", "properties": {"highway": "primary"}, "geometry": {"type": "LineString", "coordinates": [[-48.4592819, -1.308732], [-48.4594502, -1.3084982], [-48.4596026, -1.3082894], [-48.4597091, -1.308135], [-48.4600596, -1.307638], [-48.4603259, -1.3072623], [-48.4605485, -1.3069646], [-48.4607065, -1.3067757], [-48.4608677, -1.3065946], [-48.4610393, -1.3064176], [-48.4611783, -1.3062929], [-48.4613752, -1.3061164], [-48.4616685, -1.3059046], [-48.4617863, -1.3058258], [-48.4621689, -1.3055734], [-48.4623092, -1.3054889], [-48.4625852, -1.3053226], [-48.46394, -1.3045068], [-48.4650143, -1.3038711], [-48.4660283, -1.3032695], [-48.4662244, -1.303121], [-48.4665536, -1.3027796], [-48.4666964, -1.3026566], [-48.4670201, -1.3024531], [-48.4674347, -1.3022148], [-48.4674673, -1.3021961]]}}, {"type": "Feature", "properties": {"highway": "secondary"}, "geometry": {"type": "LineString", "coordinates": [[-48.4894239, -1.4562526], [-48.4888744, -1.4561731], [-48.4881836, -1.4560734], [-48.4880639, -1.4560558], [-48.4870306, -1.4559062], [-48.486906, -1.4558882], [-48.4863211, -1.4558035], [-48.485767, -1.4557203], [-48.4856174, -1.455694]]}}, {"type": "Feature", "properties": {"highway": "secondary"}, "geometry": {"type": "LineString", "coordinates": [[-48.4706742, -1.4562146], [-48.4722389, -1.4563504]]}}, {"type": "Feature", "properties": {"highway": "secondary"}, "geometry": {"type": "LineString", "coordinates": [[-48.4706742, -1.4562146], [-48.4706654, -1.456437], [-48.470657, -1.4568058]]}}, {"type": "Feature", "properties": {"highway": "primary"}, "geometry": {"type": "LineString", "coordinates": [[-48.4521544, -1.3193224], [-48.4521264, -1.319364], [-48.4517284, -1.3199439], [-48.4516328, -1.3200732], [-48.4514552, -1.3203199], [-48.4507382, -1.3213421], [-48.4504068, -1.3218374], [-48.4503695, -1.3218953], [-48.4500531, -1.3223806], [-48.4498492, -1.3227104], [-48.4496962, -1.3229975], [-48.4496239, -1.3231421], [-48.4495595, -1.3233138], [-48.4494844, -1.3235149], [-48.4494308, -1.3236919], [-48.4493879, -1.3238849], [-48.44935, -1.3240791], [-48.4493101, -1.3242925], [-48.4492779, -1.3245338], [-48.4492583, -1.324722], [-48.4492457, -1.3249763], [-48.4492403, -1.3252739], [-48.4492537, -1.3255716], [-48.449294, -1.3259336], [-48.4493359, -1.3262534], [-48.449349, -1.3263361], [-48.4493608, -1.3263876], [-48.4493761, -1.3265068]]}}, {"type": "Feature", "properties": {"highway": "primary"}, "geometry": {"type": "LineString", "coordinates": [[-48.4538713, -1.4351738], [-48.4537874, -1.435053], [-48.4537436, -1.4349821]]}}, {"type": "Feature", "properties": {"highway": "tertiary"}, "geometry": {"type": "LineString", "coordinates": [[-48.4537436, -1.4349821], [-48.4536752, -1.4350262], [-48.4532044, -1.4353602], [-48.4524835, -1.4358313], [-48.4522841, -1.4359616], [-48.4521669, -1.4360385], [-48.4518927, -1.4362084], [-48.4515251, -1.4364451], [-48.4514564, -1.4364924], [-48.4510455, -1.4367624], [-48.4508492, -1.4369093], [-48.4507516, -1.437001]]}}, {"type": "Feature", "properties": {"highway": "tertiary"}, "geometry": {"type": "LineString", "coordinates": [[-48.4537436, -1.4349821], [-48.4536752, -1.4350262], [-48.4532044, -1.4353602], [-48.4524835, -1.4358313], [-48.4522841, -1.4359616], [-48.4521669, -1.4360385], [-48.4518927, -1.4362084], [-48.4515251, -1.4364451], [-48.4514564, -1.4364924], [-48.4510455, -1.4367624], [-48.4508492, -1.4369093], [-48.4507516, -1.437001]]}}, {"type": "Feature", "properties": {"highway": "secondary"}, "geometry": {"type": "LineString", "coordinates": [[-48.4886437, -1.4460051], [-48.4883465, -1.4464004], [-48.4883261, -1.4464282], [-48.4882624, -1.4465152], [-48.4880213, -1.4468651], [-48.4878302, -1.447139], [-48.4877006, -1.4472998], [-48.4876355, -1.4473806]]}}, {"type": "Feature", "properties": {"highway": "primary"}, "geometry": {"type": "LineString", "coordinates": [[-48.4943066, -1.4403998], [-48.494343, -1.4404272], [-48.4943826, -1.4404634], [-48.4944215, -1.4405177], [-48.4944449, -1.4405693], [-48.4948142, -1.4416045]]}}, {"type": "Feature", "properties": {"highway": "secondary"}, "geometry": {"type": "LineString", "coordinates": [[-48.4933312, -1.4410078], [-48.4934697, -1.4409093], [-48.4941901, -1.440389]]}}, {"type": "Feature", "properties": {"highway": "tertiary"}, "geometry": {"type": "LineString", "coordinates": [[-48.4920319, -1.4420007], [-48.4920222, -1.441985], [-48.4920076, -1.4419587], [-48.4919615, -1.4418547]]}}, {"type": "Feature", "properties": {"highway": "secondary"}, "geometry": {"type": "LineString", "coordinates": [[-48.4905477, -1.4431105], [-48.4906447, -1.4432484]]}}, {"type": "Feature", "properties": {"highway": "secondary"}, "geometry": {"type": "LineString", "coordinates": [[-48.4893472, -1.4443772], [-48.4899047, -1.4435964], [-48.4901833, -1.4432716], [-48.4903122, -1.4431445], [-48.4903561, -1.4431045], [-48.4904725, -1.4430134]]}}, {"type": "Feature", "properties": {"highway": "secondary"}, "geometry": {"type": "LineString", "coordinates": [[-48.4904725, -1.4430134], [-48.4905971, -1.4430025], [-48.4906026, -1.4429988], [-48.4918943, -1.4420496], [-48.4919267, -1.4420217], [-48.4920076, -1.4419587]]}}, {"type": "Feature", "properties": {"highway": "secondary"}, "geometry": {"type": "LineString", "coordinates": [[-48.4898475, -1.4443972], [-48.489773, -1.4445095], [-48.4897313, -1.4445671], [-48.4896756, -1.4446411]]}}, {"type": "Feature", "properties": {"highway": "primary"}, "geometry": {"type": "LineString", "coordinates": [[-48.4926168, -1.4538018], [-48.492632, -1.453748], [-48.4930649, -1.4529042], [-48.4933746, -1.4523609], [-48.4933908, -1.4523324], [-48.4935463, -1.4520508]]}}, {"type": "Feature", "properties": {"highway": "trunk"}, "geometry": {"type": "LineString", "coordinates": [[-48.3648942, -1.3657118], [-48.3650932, -1.3657154]]}}, {"type": "Feature", "properties": {"highway": "trunk"}, "geometry": {"type": "LineString", "coordinates": [[-48.3759751, -1.3677202], [-48.3757038, -1.3676692], [-48.3755881, -1.3676475], [-48.3747218, -1.3674928], [-48.3742573, -1.3674027]]}}, {"type": "Feature", "properties": {"highway": "trunk"}, "geometry": {"type": "LineString", "coordinates": [[-48.3784138, -1.3684892], [-48.3785065, -1.3685406], [-48.3786291, -1.3686086], [-48.3791145, -1.368925], [-48.379381, -1.3690914], [-48.3795659, -1.3691998], [-48.380034, -1.3694762], [-48.3807244, -1.3698638], [-48.3808615, -1.3699405], [-48.3815873, -1.3704161], [-48.3817394, -1.3705091], [-48.3819928, -1.3706617]]}}, {"type": "Feature", "properties": {"highway": "trunk"}, "geometry": {"type": "LineString", "coordinates": [[-48.4339722, -1.4059553], [-48.4336547, -1.405702], [-48.4332392, -1.4054727], [-48.4330889, -1.405398], [-48.4328983, -1.4052715]]}}, {"type": "Feature", "properties": {"highway": "trunk"}, "geometry": {"type": "LineString", "coordinates": [[-48.3774193, -1.3679376], [-48.3777906, -1.3681167], [-48.3779775, -1.3682203], [-48.3782168, -1.3683529], [-48.3783779, -1.3684422], [-48.3784138, -1.3684892]]}}, {"type": "Feature", "properties": {"highway": "trunk"}, "geometry": {"type": "LineString", "coordinates": [[-48.3722809, -1.3667918], [-48.3730444, -1.3669487], [-48.3735812, -1.3670493], [-48.3736133, -1.3670553], [-48.3736602, -1.3670641], [-48.3743474, -1.3672094], [-48.3749148, -1.3673205], [-48.3755167, -1.3674337], [-48.3757528, -1.3674794], [-48.3760802, -1.3675427], [-48.3761595, -1.367558], [-48.3769373, -1.3677357], [-48.3770352, -1.3677766], [-48.3774193, -1.3679376]]}}, {"type": "Feature", "properties": {"highway": "trunk"}, "geometry": {"type": "LineString", "coordinates": [[-48.2448651, -1.3407806], [-48.2451993, -1.3410638], [-48.2454232, -1.3412288], [-48.2458378, -1.3415242], [-48.2469377, -1.3422185], [-48.247371, -1.3424798], [-48.248535, -1.3431988], [-48.2489278, -1.3434292], [-48.2489722, -1.343457], [-48.2492779, -1.3436481], [-48.2496187, -1.3438828], [-48.2498676, -1.3440633], [-48.2499099, -1.344094], [-48.2501312, -1.3442817], [-48.2504887, -1.3445901], [-48.2507408, -1.34482], [-48.2510483, -1.345138], [-48.25146, -1.3456271], [-48.2519232, -1.3462449], [-48.2531448, -1.3478638], [-48.2535261, -1.348373], [-48.2539288, -1.3489311], [-48.254099, -1.3491658], [-48.2541268, -1.3492012], [-48.2545386, -1.3497507], [-48.25532, -1.3508056], [-48.2556352, -1.3512398], [-48.2557358, -1.3513695], [-48.2559056, -1.3515884], [-48.2559505, -1.3516483], [-48.2567769, -1.3527518], [-48.2568055, -1.3527904], [-48.2575643, -1.3538028], [-48.2579406, -1.354307], [-48.2600608, -1.3571552], [-48.260268, -1.3574355], [-48.2605362, -1.357819], [-48.2606233, -1.3579446], [-48.2613576, -1.3590034]]}}, {"type": "Feature", "properties": {"highway": "primary"}, "geometry": {"type": "LineString", "coordinates": [[-48.4336187, -1.4114606], [-48.433367, -1.4115527], [-48.4330955, -1.4116743], [-48.4328178, -1.411827], [-48.432557, -1.4119704], [-48.4323082, -1.4120813], [-48.4321171, -1.4121662], [-48.4317765, -1.41227], [-48.4316423, -1.412299], [-48.430795, -1.4124586]]}}, {"type": "Feature", "properties": {"highway": "secondary"}, "geometry": {"type": "LineString", "coordinates": [[-48.4396773, -1.3590966], [-48.4397644, -1.3590894], [-48.4402526, -1.359015], [-48.440721, -1.3589438], [-48.4407595, -1.3589396], [-48.4412498, -1.3588274], [-48.441788, -1.3587456], [-48.4420265, -1.3587095], [-48.4423594, -1.3586579]]}}, {"type": "Feature", "properties": {"highway": "secondary"}, "geometry": {"type": "LineString", "coordinates": [[-48.4396773, -1.3590966], [-48.4396487, -1.3590216], [-48.4396373, -1.3589841], [-48.4396125, -1.3589291], [-48.4394776, -1.3586637], [-48.4392371, -1.3581896], [-48.439164, -1.3580523], [-48.4390493, -1.3578377], [-48.4388763, -1.357476]]}}, {"type": "Feature", "properties": {"highway": "secondary"}, "geometry": {"type": "LineString", "coordinates": [[-48.4444958, -1.3447485], [-48.4444815, -1.3448162]]}}, {"type": "Feature", "properties": {"highway": "secondary"}, "geometry": {"type": "LineString", "coordinates": [[-48.5003689, -1.4593805], [-48.4994658, -1.4588248], [-48.4994051, -1.4587831]]}}, {"type": "Feature", "properties": {"highway": "primary"}, "geometry": {"type": "LineString", "coordinates": [[-48.4861569, -1.4360907], [-48.4869391, -1.4361138]]}}, {"type": "Feature", "properties": {"highway": "tertiary"}, "geometry": {"type": "LineString", "coordinates": [[-48.4805799, -1.4564241], [-48.4805943, -1.4559361], [-48.480594, -1.4558282], [-48.4805976, -1.4554657]]}}, {"type": "Feature", "properties": {"highway": "primary"}, "geometry": {"type": "LineString", "coordinates": [[-48.486173, -1.4509156], [-48.48668, -1.4510681], [-48.4872807, -1.4512557], [-48.488233, -1.4515342], [-48.4883755, -1.4515756]]}}, {"type": "Feature", "properties": {"highway": "primary"}, "geometry": {"type": "LineString", "coordinates": [[-48.4909108, -1.4520966], [-48.4916612, -1.4520064], [-48.4921757, -1.4520163], [-48.4924299, -1.4520212], [-48.4928687, -1.4520296], [-48.4934565, -1.4520405], [-48.4935463, -1.4520508]]}}, {"type": "Feature", "properties": {"highway": "trunk"}, "geometry": {"type": "LineString", "coordinates": [[-48.3011034, -1.3648798], [-48.3001879, -1.364854], [-48.2997924, -1.3648351]]}}, {"type": "Feature", "properties": {"highway": "trunk"}, "geometry": {"type": "LineString", "coordinates": [[-48.2987551, -1.3647819], [-48.2986027, -1.3647723], [-48.2975283, -1.3647759], [-48.2970625, -1.3647733], [-48.2965061, -1.3647686], [-48.2964066, -1.3647703], [-48.2960618, -1.3647519], [-48.2953995, -1.3647473], [-48.2948734, -1.3647458], [-48.2945961, -1.364749], [-48.2945553, -1.3647478], [-48.2940291, -1.3647322], [-48.2937387, -1.3647236], [-48.2934723, -1.3647157], [-48.2926061, -1.3647633], [-48.2907779, -1.3646668], [-48.288338, -1.3646596], [-48.2881609, -1.3646664], [-48.2877737, -1.3646606], [-48.2876295, -1.3646577], [-48.2875996, -1.3646579], [-48.2874994, -1.3646557], [-48.2858912, -1.3646171], [-48.2834207, -1.3645809], [-48.2824771, -1.3645275], [-48.2820745, -1.3645198], [-48.2814566, -1.3645093], [-48.28048, -1.3644889], [-48.2799057, -1.3644874], [-48.2793244, -1.3645045], [-48.2783708, -1.3644569], [-48.2775974, -1.3644416], [-48.2768936, -1.3644138], [-48.276206, -1.3644068], [-48.2759249, -1.3644148]]}}, {"type": "Feature", "properties": {"highway": "trunk"}, "geometry": {"type": "LineString", "coordinates": [[-48.2997924, -1.3648351], [-48.2993671, -1.3647917], [-48.2987551, -1.3647819]]}}, {"type": "Feature", "properties": {"highway": "primary"}, "geometry": {"type": "LineString", "coordinates": [[-48.4059591, -1.3694939], [-48.4058924, -1.3693566], [-48.4057876, -1.3691285], [-48.4056714, -1.3688269], [-48.405619, -1.3687312], [-48.4055845, -1.3686461]]}}, {"type": "Feature", "properties": {"highway": "primary"}, "geometry": {"type": "LineString", "coordinates": [[-48.4966011, -1.4467513], [-48.4967463, -1.4464582], [-48.496872, -1.4462484], [-48.4969125, -1.4462008], [-48.4969682, -1.4461609], [-48.4969833, -1.446156], [-48.4970168, -1.4461452], [-48.4970614, -1.4461479], [-48.4971163, -1.4461557]]}}, {"type": "Feature", "properties": {"highway": "primary"}, "geometry": {"type": "LineString", "coordinates": [[-48.4969174, -1.4460445], [-48.4969421, -1.4460238], [-48.4969702, -1.4460125], [-48.4970125, -1.4459982]]}}, {"type": "Feature", "properties": {"highway": "primary"}, "geometry": {"type": "LineString", "coordinates": [[-48.4939661, -1.4514545], [-48.4939998, -1.4513948], [-48.4940397, -1.451324], [-48.4941368, -1.4511553], [-48.4941594, -1.4511118], [-48.4942406, -1.4509677], [-48.4942512, -1.4509349], [-48.4942584, -1.4509126], [-48.4942632, -1.4508941], [-48.4942662, -1.4508824], [-48.4942831, -1.4508174]]}}, {"type": "Feature", "properties": {"highway": "tertiary"}, "geometry": {"type": "LineString", "coordinates": [[-48.4491076, -1.3712829], [-48.4491395, -1.3713879], [-48.4492005, -1.3718689], [-48.4492499, -1.3722739], [-48.4492666, -1.3724104], [-48.4492802, -1.3725136], [-48.4493272, -1.3728751], [-48.4493405, -1.3730184], [-48.449368, -1.3731637], [-48.4494252, -1.3732901], [-48.4494912, -1.3734043], [-48.4495458, -1.3734897], [-48.4498036, -1.3738076], [-48.4499052, -1.3739388]]}}, {"type": "Feature", "properties": {"highway": "tertiary"}, "geometry": {"type": "LineString", "coordinates": [[-48.4508028, -1.3763566], [-48.4507994, -1.3766416], [-48.4507669, -1.3768585], [-48.4506745, -1.3774297], [-48.4505631, -1.3780795]]}}, {"type": "Feature", "properties": {"highway": "primary"}, "geometry": {"type": "LineString", "coordinates": [[-48.4554582, -1.3808458], [-48.4553582, -1.3808199], [-48.4551919, -1.3807771], [-48.4548154, -1.3806855]]}}, {"type": "Feature", "properties": {"highway": "tertiary"}, "geometry": {"type": "LineString", "coordinates": [[-48.4554887, -1.380853], [-48.4554869, -1.3809528], [-48.4554805, -1.3813107], [-48.4554722, -1.3817797], [-48.4554637, -1.3822555], [-48.455455, -1.3827411], [-48.455451, -1.3829665], [-48.4554464, -1.3832242], [-48.4554419, -1.3834782], [-48.455438, -1.3836953], [-48.4554322, -1.3840203], [-48.4554299, -1.3841511], [-48.4554221, -1.3845897]]}}, {"type": "Feature", "properties": {"highway": "tertiary"}, "geometry": {"type": "LineString", "coordinates": [[-48.4807317, -1.400124], [-48.4807272, -1.3999497], [-48.4807069, -1.3991536], [-48.4806921, -1.3984652]]}}, {"type": "Feature", "properties": {"highway": "tertiary"}, "geometry": {"type": "LineString", "coordinates": [[-48.4807317, -1.400124], [-48.4803548, -1.4001278], [-48.4800052, -1.4001364], [-48.4796477, -1.4001464], [-48.4792956, -1.4001571], [-48.4789427, -1.4001626], [-48.4785878, -1.4001677], [-48.4782477, -1.4001719], [-48.477889, -1.4001739], [-48.4775438, -1.4001729], [-48.4772018, -1.400181], [-48.4768306, -1.4001917], [-48.4764871, -1.4002009], [-48.47611, -1.4002187]]}}, {"type": "Feature", "properties": {"highway": "tertiary"}, "geometry": {"type": "LineString", "coordinates": [[-48.4900948, -1.3999201], [-48.4900933, -1.3998576], [-48.4900898, -1.3997914], [-48.4900897, -1.3997271]]}}, {"type": "Feature", "properties": {"highway": "tertiary"}, "geometry": {"type": "LineString", "coordinates": [[-48.4534043, -1.4017318], [-48.4540641, -1.4017408], [-48.4544387, -1.4017431], [-48.4551171, -1.4017319], [-48.4557689, -1.4017212], [-48.4564818, -1.4017095]]}}, {"type": "Feature", "properties": {"highway": "tertiary"}, "geometry": {"type": "LineString", "coordinates": [[-48.4534043, -1.4017318], [-48.4540641, -1.4017408], [-48.4544387, -1.4017431], [-48.4551171, -1.4017319], [-48.4557689, -1.4017212], [-48.4564818, -1.4017095]]}}, {"type": "Feature", "properties": {"highway": "secondary"}, "geometry": {"type": "LineString", "coordinates": [[-48.4534043, -1.4017318], [-48.453446, -1.4013105], [-48.4534482, -1.4012785], [-48.4534719, -1.4008163], [-48.4534813, -1.4007032], [-48.4535063, -1.4003589], [-48.4535389, -1.3998252], [-48.4535427, -1.3997239], [-48.4535486, -1.3994724], [-48.4535895, -1.3987079], [-48.4536137, -1.3983139], [-48.4536302, -1.3980465], [-48.4536606, -1.3975013], [-48.4537345, -1.3964535], [-48.4537531, -1.3962108], [-48.4538007, -1.3954727], [-48.4538042, -1.3953971], [-48.453826, -1.394851]]}}, {"type": "Feature", "properties": {"highway": "secondary"}, "geometry": {"type": "LineString", "coordinates": [[-48.4534043, -1.4017318], [-48.453446, -1.4013105], [-48.4534482, -1.4012785], [-48.4534719, -1.4008163], [-48.4534813, -1.4007032], [-48.4535063, -1.4003589], [-48.4535389, -1.3998252], [-48.4535427, -1.3997239], [-48.4535486, -1.3994724], [-48.4535895, -1.3987079], [-48.4536137, -1.3983139], [-48.4536302, -1.3980465], [-48.4536606, -1.3975013], [-48.4537345, -1.3964535], [-48.4537531, -1.3962108], [-48.4538007, -1.3954727], [-48.4538042, -1.3953971], [-48.453826, -1.394851]]}}, {"type": "Feature", "properties": {"highway": "trunk"}, "geometry": {"type": "LineString", "coordinates": [[-48.4097453, -1.387385], [-48.4093485, -1.3871431], [-48.4090134, -1.3869388], [-48.4087557, -1.3867817], [-48.4082865, -1.3864979], [-48.4078057, -1.3862202]]}}, {"type": "Feature", "properties": {"highway": "primary"}, "geometry": {"type": "LineString", "coordinates": [[-48.4314418, -1.4121886], [-48.4317805, -1.4121178], [-48.4320608, -1.4120307], [-48.4322393, -1.4119446], [-48.4324161, -1.4118593], [-48.4331726, -1.411477], [-48.4334466, -1.4113311]]}}, {"type": "Feature", "properties": {"highway": "primary"}, "geometry": {"type": "LineString", "coordinates": [[-48.430795, -1.4124586], [-48.4291963, -1.4127918]]}}, {"type": "Feature", "properties": {"highway": "primary"}, "geometry": {"type": "LineString", "coordinates": [[-48.4291809, -1.4126582], [-48.4307499, -1.4123204]]}}, {"type": "Feature", "properties": {"highway": "primary"}, "geometry": {"type": "LineString", "coordinates": [[-48.4291963, -1.4127918], [-48.4285311, -1.4129402], [-48.4282168, -1.413018], [-48.4281448, -1.4130303], [-48.4280455, -1.4130402], [-48.4280006, -1.4130406], [-48.4278953, -1.4130416], [-48.4276566, -1.4130215], [-48.4262284, -1.4127346], [-48.4260714, -1.4126903], [-48.4259144, -1.412622], [-48.4258179, -1.4125723], [-48.42572, -1.4124959], [-48.4255323, -1.4123122], [-48.425315, -1.4120133], [-48.4241161, -1.4101225], [-48.4235888, -1.4093414], [-48.4232578, -1.4088265], [-48.4229869, -1.40838], [-48.4229212, -1.4082325], [-48.4228447, -1.4079603], [-48.4228192, -1.4077472], [-48.4228031, -1.4072927], [-48.4227495, -1.4070554], [-48.422657, -1.4068704], [-48.422551, -1.4067497], [-48.4223914, -1.4065848], [-48.4221728, -1.4064641], [-48.4219475, -1.4064092], [-48.4202363, -1.4062094], [-48.41915, -1.4060914], [-48.4184378, -1.4059855], [-48.4181423, -1.4059113], [-48.4178437, -1.405767], [-48.4175822, -1.4055672], [-48.4173033, -1.4052508], [-48.4171665, -1.4050229], [-48.417086, -1.4048177], [-48.4170377, -1.4045442], [-48.4170203, -1.4043311], [-48.4170592, -1.4035776], [-48.4171215, -1.4026254], [-48.4172483, -1.4006857], [-48.417251, -1.4003009], [-48.4171906, -1.399955], [-48.4171443, -1.3997774], [-48.4170632, -1.3996024], [-48.4169915, -1.3994657], [-48.4169076, -1.3993316], [-48.4168252, -1.399221], [-48.4167266, -1.3991184], [-48.4161311, -1.398625], [-48.4160726, -1.3985856], [-48.415761, -1.3983756], [-48.415474, -1.3981826], [-48.4152341, -1.3979721], [-48.414849, -1.3975873], [-48.4146881, -1.3974479], [-48.4145178, -1.3973232], [-48.414318, -1.3972012], [-48.4132961, -1.3966113], [-48.4123842, -1.3960538]]}}, {"type": "Feature", "properties": {"highway": "tertiary"}, "geometry": {"type": "LineString", "coordinates": [[-48.4706468, -1.4575545], [-48.4689668, -1.4574482], [-48.4688416, -1.4574403]]}}, {"type": "Feature", "properties": {"highway": "secondary"}, "geometry": {"type": "LineString", "coordinates": [[-48.4706468, -1.4575545], [-48.4706257, -1.4580235], [-48.4706263, -1.4581482], [-48.4705908, -1.4588684], [-48.4705874, -1.4594935], [-48.4705893, -1.4596377], [-48.4705938, -1.4599915], [-48.470596, -1.4600769]]}}, {"type": "Feature", "properties": {"highway": "tertiary"}, "geometry": {"type": "LineString", "coordinates": [[-48.4705568, -1.4622931], [-48.4705485, -1.4628029], [-48.4705357, -1.4632876], [-48.4705203, -1.4638163], [-48.470516, -1.4639754], [-48.4705207, -1.4643953], [-48.4705245, -1.4648967]]}}, {"type": "Feature", "properties": {"highway": "secondary"}, "geometry": {"type": "LineString", "coordinates": [[-48.4705568, -1.4622931], [-48.4687475, -1.4622576]]}}, {"type": "Feature", "properties": {"highway": "tertiary"}, "geometry": {"type": "LineString", "coordinates": [[-48.4827114, -1.4583671], [-48.4820486, -1.4583312], [-48.4815523, -1.4583074], [-48.4813773, -1.4583027], [-48.4811263, -1.4582905], [-48.480977, -1.458283], [-48.480829, -1.4582755], [-48.4806228, -1.4582634], [-48.480562, -1.4582598], [-48.4804943, -1.4582557], [-48.4804124, -1.4582526], [-48.4797401, -1.4581937], [-48.4786931, -1.4581296], [-48.4782348, -1.4581015], [-48.477235, -1.4580402], [-48.4771172, -1.458033], [-48.4766107, -1.4579893], [-48.4760441, -1.457947], [-48.4755755, -1.4579055], [-48.4754652, -1.4579001], [-48.4750314, -1.4578667], [-48.4747744, -1.4578443], [-48.4739877, -1.4577792], [-48.4738773, -1.4577701], [-48.472681, -1.4576894], [-48.4721644, -1.4576504], [-48.4706468, -1.4575545]]}}, {"type": "Feature", "properties": {"highway": "tertiary"}, "geometry": {"type": "LineString", "coordinates": [[-48.4827156, -1.4590833], [-48.4827264, -1.4597523], [-48.4827197, -1.4605862], [-48.482722, -1.4606141], [-48.4827848, -1.4606934], [-48.4828686, -1.46075]]}}, {"type": "Feature", "properties": {"highway": "tertiary"}, "geometry": {"type": "LineString", "coordinates": [[-48.4755203, -1.4329122], [-48.4756037, -1.4328583], [-48.4759524, -1.4326143], [-48.4775143, -1.4316064], [-48.4779866, -1.4313016]]}}, {"type": "Feature", "properties": {"highway": "secondary"}, "geometry": {"type": "LineString", "coordinates": [[-48.4755203, -1.4329122], [-48.4755915, -1.4330233], [-48.4759613, -1.4335937]]}}, {"type": "Feature", "properties": {"highway": "tertiary"}, "geometry": {"type": "LineString", "coordinates": [[-48.4730539, -1.4291534], [-48.4729363, -1.4292285], [-48.472839, -1.4292946], [-48.4722309, -1.4297166], [-48.47161, -1.4301421], [-48.4714559, -1.4302476], [-48.4712926, -1.4303593], [-48.4710641, -1.4305156], [-48.470923, -1.4306122], [-48.4704058, -1.4309662]]}}, {"type": "Feature", "properties": {"highway": "secondary"}, "geometry": {"type": "LineString", "coordinates": [[-48.4730539, -1.4291534], [-48.4731317, -1.4292779], [-48.4737583, -1.4302848], [-48.4738573, -1.4304454]]}}, {"type": "Feature", "properties": {"highway": "secondary"}, "geometry": {"type": "LineString", "coordinates": [[-48.4705477, -1.4254784], [-48.4712881, -1.426574], [-48.4713695, -1.4266904], [-48.471402, -1.4267449], [-48.4721123, -1.4278177], [-48.4721951, -1.4279362]]}}, {"type": "Feature", "properties": {"highway": "tertiary"}, "geometry": {"type": "LineString", "coordinates": [[-48.4599988, -1.4519008], [-48.4589043, -1.4517931], [-48.4587874, -1.4517816]]}}, {"type": "Feature", "properties": {"highway": "tertiary"}, "geometry": {"type": "LineString", "coordinates": [[-48.4611763, -1.4520229], [-48.4613251, -1.4506068], [-48.461467, -1.4491969]]}}, {"type": "Feature", "properties": {"highway": "tertiary"}, "geometry": {"type": "LineString", "coordinates": [[-48.4611763, -1.4520229], [-48.4600957, -1.4519108], [-48.4599988, -1.4519008]]}}, {"type": "Feature", "properties": {"highway": "tertiary"}, "geometry": {"type": "LineString", "coordinates": [[-48.4423493, -1.3817788], [-48.4422046, -1.3817826], [-48.4421539, -1.3817839], [-48.4416041, -1.3817838], [-48.4409062, -1.3817837], [-48.4408879, -1.3817837], [-48.4404345, -1.3817832], [-48.4401942, -1.3817829], [-48.4400583, -1.3817828], [-48.4396259, -1.3817863], [-48.4395906, -1.3817866], [-48.4394825, -1.3817808], [-48.4394188, -1.381762], [-48.4393479, -1.3817267], [-48.4392569, -1.3816696], [-48.4389354, -1.3814712]]}}, {"type": "Feature", "properties": {"highway": "primary"}, "geometry": {"type": "LineString", "coordinates": [[-48.4142121, -1.3764848], [-48.4142925, -1.3763384], [-48.4146458, -1.3756754], [-48.4146835, -1.3756071], [-48.4148162, -1.3753664], [-48.414966, -1.3750994], [-48.415006, -1.3750325], [-48.4150958, -1.3748716], [-48.4152852, -1.3745027], [-48.4153171, -1.3744406], [-48.4153868, -1.374334], [-48.4154604, -1.3742373], [-48.4155637, -1.374123]]}}, {"type": "Feature", "properties": {"highway": "secondary"}, "geometry": {"type": "LineString", "coordinates": [[-48.4212937, -1.369187], [-48.4213105, -1.3692862]]}}, {"type": "Feature", "properties": {"highway": "tertiary"}, "geometry": {"type": "LineString", "coordinates": [[-48.4185492, -1.3729343], [-48.4184942, -1.3728673]]}}, {"type": "Feature", "properties": {"highway": "tertiary"}, "geometry": {"type": "LineString", "coordinates": [[-48.4157465, -1.3737223], [-48.4157838, -1.3737924], [-48.4158133, -1.3738292], [-48.4158602, -1.3738689], [-48.4159047, -1.3738902]]}}, {"type": "Feature", "properties": {"highway": "tertiary"}, "geometry": {"type": "LineString", "coordinates": [[-48.4157455, -1.3739887], [-48.4157446, -1.3739598], [-48.4157465, -1.3737223]]}}, {"type": "Feature", "properties": {"highway": "primary"}, "geometry": {"type": "LineString", "coordinates": [[-48.4155637, -1.374123], [-48.4157455, -1.3739887], [-48.4157786, -1.3739653], [-48.4159047, -1.3738902]]}}, {"type": "Feature", "properties": {"highway": "primary"}, "geometry": {"type": "LineString", "coordinates": [[-48.4159047, -1.3738902], [-48.4159769, -1.3738495], [-48.4160698, -1.3738117], [-48.4161579, -1.3737766], [-48.4162572, -1.3737489], [-48.4164732, -1.3736946], [-48.4166948, -1.3736413], [-48.4168138, -1.3736127], [-48.4168607, -1.3736019], [-48.4173073, -1.3735001], [-48.4175178, -1.3734331], [-48.4176962, -1.373366], [-48.4178317, -1.373295], [-48.4180516, -1.3731756], [-48.4182327, -1.3730523], [-48.4184942, -1.3728673], [-48.4186273, -1.3727322], [-48.4187061, -1.3726521], [-48.4188227, -1.3725227], [-48.4189045, -1.3724101], [-48.4189984, -1.3722827], [-48.4193632, -1.3717035], [-48.4197481, -1.371123], [-48.4198406, -1.3709836]]}}, {"type": "Feature", "properties": {"highway": "tertiary"}, "geometry": {"type": "LineString", "coordinates": [[-48.4565268, -1.4330859], [-48.4564821, -1.4331121], [-48.4564319, -1.433145], [-48.4563933, -1.4331703], [-48.456336, -1.4332079]]}}, {"type": "Feature", "properties": {"highway": "secondary"}, "geometry": {"type": "LineString", "coordinates": [[-48.4277652, -1.3481925], [-48.4277448, -1.3480873], [-48.4277391, -1.3480588]]}}, {"type": "Feature", "properties": {"highway": "secondary"}, "geometry": {"type": "LineString", "coordinates": [[-48.4277391, -1.3480588], [-48.4276573, -1.3477374], [-48.4275339, -1.3471521], [-48.4274668, -1.3467901], [-48.4274227, -1.3464192], [-48.4273433, -1.3459462], [-48.4272385, -1.3453892], [-48.4272276, -1.3453489], [-48.4271745, -1.3451189], [-48.4271644, -1.345076], [-48.4271324, -1.3449734]]}}, {"type": "Feature", "properties": {"highway": "secondary"}, "geometry": {"type": "LineString", "coordinates": [[-48.4201815, -1.3632844], [-48.420171, -1.3633343], [-48.4201583, -1.3635104], [-48.4201585, -1.3636525], [-48.4201759, -1.3637745], [-48.420213, -1.363953], [-48.4202891, -1.3642816], [-48.4203166, -1.3643965], [-48.4204348, -1.3649649], [-48.420536, -1.3654438], [-48.4207093, -1.3662978], [-48.4209173, -1.3672672], [-48.4210472, -1.3678524], [-48.4211334, -1.3682934], [-48.4212051, -1.36866], [-48.4212444, -1.3688333], [-48.4212912, -1.3690861], [-48.4212937, -1.369187]]}}, {"type": "Feature", "properties": {"highway": "secondary"}, "geometry": {"type": "LineString", "coordinates": [[-48.4208751, -1.3613345], [-48.4208205, -1.36148]]}}, {"type": "Feature", "properties": {"highway": "secondary"}, "geometry": {"type": "LineString", "coordinates": [[-48.420812, -1.3613092], [-48.42092, -1.3610189], [-48.4209897, -1.3608495], [-48.4210353, -1.3607129], [-48.4210496, -1.3606411], [-48.4210627, -1.3605173], [-48.4210681, -1.360378], [-48.4210668, -1.3602609], [-48.4210574, -1.3601566], [-48.4210343, -1.3600271], [-48.4209958, -1.3598995], [-48.4208927, -1.3596269], [-48.4207329, -1.3592014], [-48.4205509, -1.3587497], [-48.4204159, -1.3584367], [-48.4203281, -1.3582372], [-48.4201349, -1.3578414], [-48.4201059, -1.3577851], [-48.4200081, -1.357595], [-48.4198935, -1.3573792], [-48.4197133, -1.3570105], [-48.419677, -1.3569274], [-48.4196549, -1.3568818]]}}, {"type": "Feature", "properties": {"highway": "secondary"}, "geometry": {"type": "LineString", "coordinates": [[-48.4207613, -1.3614504], [-48.420812, -1.3613092]]}}, {"type": "Feature", "properties": {"highway": "secondary"}, "geometry": {"type": "LineString", "coordinates": [[-48.4246298, -1.3747525], [-48.4245868, -1.3746896], [-48.4245247, -1.3746047]]}}, {"type": "Feature", "properties": {"highway": "secondary"}, "geometry": {"type": "LineString", "coordinates": [[-48.4273669, -1.3803971], [-48.4278625, -1.3798022], [-48.428068, -1.3795492], [-48.4282105, -1.3793851]]}}, {"type": "Feature", "properties": {"highway": "secondary"}, "geometry": {"type": "LineString", "coordinates": [[-48.3916634, -1.3613426], [-48.3917149, -1.3613379], [-48.392015, -1.3613107], [-48.3920666, -1.3613158]]}}, {"type": "Feature", "properties": {"highway": "tertiary"}, "geometry": {"type": "LineString", "coordinates": [[-48.4252981, -1.3897908], [-48.4252687, -1.3898437], [-48.4251954, -1.389988], [-48.4251076, -1.3901817]]}}, {"type": "Feature", "properties": {"highway": "primary"}, "geometry": {"type": "LineString", "coordinates": [[-48.4571774, -1.4398149], [-48.4572363, -1.4399089], [-48.457991, -1.4410452]]}}, {"type": "Feature", "properties": {"highway": "tertiary"}, "geometry": {"type": "LineString", "coordinates": [[-48.4571774, -1.4398149], [-48.4570016, -1.4399184]]}}, {"type": "Feature", "properties": {"highway": "primary"}, "geometry": {"type": "LineString", "coordinates": [[-48.4570016, -1.4399184], [-48.4569566, -1.4398528], [-48.456833, -1.4396595], [-48.4564214, -1.4390293], [-48.4562841, -1.4388167], [-48.4562759, -1.438804], [-48.4562068, -1.4386971]]}}, {"type": "Feature", "properties": {"highway": "primary"}, "geometry": {"type": "LineString", "coordinates": [[-48.4124567, -1.3959272], [-48.4135455, -1.3965764], [-48.4147297, -1.3973178], [-48.4148343, -1.3974036], [-48.4153117, -1.3978863], [-48.4153935, -1.3979641], [-48.4155304, -1.3980737], [-48.4157019, -1.3981685], [-48.4158924, -1.3982952], [-48.41596, -1.3983433], [-48.4162223, -1.3985298], [-48.4165777, -1.3988007], [-48.4168144, -1.3989984], [-48.4170015, -1.399219], [-48.4171142, -1.3994047], [-48.417208, -1.399597], [-48.4172845, -1.3997693], [-48.4173408, -1.3999429], [-48.4173904, -1.4003063], [-48.4173918, -1.4006776], [-48.4171932, -1.4036558], [-48.4171611, -1.4042131], [-48.4171665, -1.4043472], [-48.4172027, -1.4046287], [-48.4172939, -1.4049263], [-48.4175138, -1.4052548], [-48.4177646, -1.4054774], [-48.4180127, -1.4056289], [-48.4182528, -1.4057106], [-48.4184619, -1.4057546], [-48.4191594, -1.4058045], [-48.4194182, -1.4058286], [-48.4202143, -1.4059676], [-48.42054, -1.4060209], [-48.421053, -1.4061008], [-48.4216377, -1.4062013], [-48.4222627, -1.4063193], [-48.4225094, -1.4064011], [-48.4227133, -1.4065539], [-48.4228353, -1.4067296], [-48.4229238, -1.4069508], [-48.422944, -1.4071613], [-48.4229453, -1.4074241], [-48.4229775, -1.4079496], [-48.4230714, -1.4082271], [-48.4232108, -1.4084899], [-48.4235582, -1.4089915], [-48.423926, -1.4095642], [-48.4252055, -1.4115465], [-48.42522, -1.411569], [-48.4256061, -1.4121513], [-48.4257174, -1.4122854], [-48.4258367, -1.4123887], [-48.4259816, -1.4124865], [-48.4261358, -1.4125563], [-48.4263504, -1.4126166], [-48.4265649, -1.4126702], [-48.4268332, -1.4127238], [-48.4270732, -1.4127667], [-48.4273146, -1.4128204], [-48.4275574, -1.4128539], [-48.4277324, -1.4128787], [-48.427904, -1.4128827], [-48.4279354, -1.4128845], [-48.4280865, -1.4128827], [-48.4283171, -1.4128492], [-48.4286544, -1.4127855], [-48.4291809, -1.4126582]]}}, {"type": "Feature", "properties": {"highway": "trunk"}, "geometry": {"type": "LineString", "coordinates": [[-48.4621041, -1.4419059], [-48.4619744, -1.4416991], [-48.4619388, -1.4416442], [-48.4616971, -1.4412756], [-48.4615683, -1.4410764], [-48.4613703, -1.4407699], [-48.4612925, -1.4406494]]}}, {"type": "Feature", "properties": {"highway": "secondary"}, "geometry": {"type": "LineString", "coordinates": [[-48.4590166, -1.4368203], [-48.4590759, -1.4367803], [-48.459343, -1.4366004], [-48.460021, -1.4361437], [-48.460411, -1.435881], [-48.4606353, -1.4357299], [-48.461443, -1.4351858], [-48.4616674, -1.4350346], [-48.4624237, -1.4345252], [-48.4628241, -1.4342555], [-48.464072, -1.4334149]]}}, {"type": "Feature", "properties": {"highway": "trunk"}, "geometry": {"type": "LineString", "coordinates": [[-48.4590166, -1.4368203], [-48.4591687, -1.4370552], [-48.4591961, -1.4370968], [-48.4593629, -1.4373509], [-48.4594916, -1.437551], [-48.4597756, -1.4379796], [-48.4598286, -1.4380603]]}}, {"type": "Feature", "properties": {"highway": "trunk"}, "geometry": {"type": "LineString", "coordinates": [[-48.4541574, -1.4294742], [-48.4541964, -1.42954], [-48.4544525, -1.4299102], [-48.4547753, -1.4304009], [-48.4552406, -1.4311152], [-48.4553125, -1.4312065], [-48.4562883, -1.4327385], [-48.4563969, -1.43289], [-48.4565268, -1.4330859]]}}, {"type": "Feature", "properties": {"highway": "secondary"}, "geometry": {"type": "LineString", "coordinates": [[-48.4088961, -1.3837354], [-48.4088914, -1.3840173], [-48.4088843, -1.3843698], [-48.4088749, -1.3854692]]}}, {"type": "Feature", "properties": {"highway": "secondary"}, "geometry": {"type": "LineString", "coordinates": [[-48.4088778, -1.383167], [-48.4089159, -1.3831301], [-48.4089444, -1.3831156], [-48.4089795, -1.3831065], [-48.4090107, -1.3831146], [-48.4090405, -1.3831248], [-48.409067, -1.3831539], [-48.4090844, -1.3831941], [-48.4090858, -1.3832198], [-48.4090822, -1.3832434], [-48.4090616, -1.3832761], [-48.4090164, -1.383319], [-48.4089612, -1.3833216], [-48.4089225, -1.3833042], [-48.408895, -1.3832745], [-48.4088791, -1.3832451]]}}, {"type": "Feature", "properties": {"highway": "secondary"}, "geometry": {"type": "LineString", "coordinates": [[-48.4090164, -1.383319], [-48.4088961, -1.3837354]]}}, {"type": "Feature", "properties": {"highway": "secondary"}, "geometry": {"type": "LineString", "coordinates": [[-48.4088767, -1.3829878], [-48.4089079, -1.3830212], [-48.4089388, -1.3830537], [-48.4089795, -1.3831065]]}}, {"type": "Feature", "properties": {"highway": "primary"}, "geometry": {"type": "LineString", "coordinates": [[-48.4076697, -1.370993], [-48.4076054, -1.3709561], [-48.4075602, -1.3709316], [-48.4075128, -1.3709103]]}}, {"type": "Feature", "properties": {"highway": "secondary"}, "geometry": {"type": "LineString", "coordinates": [[-48.4075365, -1.3721385], [-48.407479, -1.3720213], [-48.4074502, -1.3719284], [-48.4074207, -1.3718269], [-48.4072919, -1.3712383], [-48.4072729, -1.3711571], [-48.4072341, -1.370991], [-48.4072367, -1.3709004], [-48.4072381, -1.3708321], [-48.4072399, -1.3707372]]}}, {"type": "Feature", "properties": {"highway": "tertiary"}, "geometry": {"type": "LineString", "coordinates": [[-48.402388, -1.3712819], [-48.4026254, -1.3711887]]}}, {"type": "Feature", "properties": {"highway": "tertiary"}, "geometry": {"type": "LineString", "coordinates": [[-48.4022487, -1.3713586], [-48.402388, -1.3712819]]}}, {"type": "Feature", "properties": {"highway": "tertiary"}, "geometry": {"type": "LineString", "coordinates": [[-48.4022487, -1.3713586], [-48.4017608, -1.3714708], [-48.4007739, -1.371693], [-48.400553, -1.3717364], [-48.3988444, -1.3721139]]}}, {"type": "Feature", "properties": {"highway": "tertiary"}, "geometry": {"type": "LineString", "coordinates": [[-48.4026399, -1.371319], [-48.4024318, -1.3713401], [-48.4022487, -1.3713586]]}}, {"type": "Feature", "properties": {"highway": "tertiary"}, "geometry": {"type": "LineString", "coordinates": [[-48.4026254, -1.3711887], [-48.402661, -1.3711816], [-48.4030698, -1.3710809], [-48.4035186, -1.3709721], [-48.4039976, -1.3708595], [-48.4044069, -1.3707657], [-48.4045384, -1.3707317], [-48.4046699, -1.370701], [-48.4048436, -1.3706607], [-48.4049409, -1.3706384], [-48.4052746, -1.3705619], [-48.4057141, -1.3704587], [-48.4061575, -1.3703527], [-48.4066751, -1.3702328], [-48.4067473, -1.3702117]]}}, {"type": "Feature", "properties": {"highway": "secondary"}, "geometry": {"type": "LineString", "coordinates": [[-48.4088961, -1.3837354], [-48.4088882, -1.3835225], [-48.4088791, -1.3832451]]}}, {"type": "Feature", "properties": {"highway": "secondary"}, "geometry": {"type": "LineString", "coordinates": [[-48.4088778, -1.383167], [-48.4088809, -1.3831025], [-48.4088767, -1.3829878]]}}, {"type": "Feature", "properties": {"highway": "primary"}, "geometry": {"type": "LineString", "coordinates": [[-48.4463754, -1.4245376], [-48.4463327, -1.4246257], [-48.4463011, -1.4246826]]}}, {"type": "Feature", "properties": {"highway": "tertiary"}, "geometry": {"type": "LineString", "coordinates": [[-48.4586017, -1.455378], [-48.4587258, -1.455386], [-48.458907, -1.4553925], [-48.459562, -1.4554317], [-48.4607805, -1.4554977]]}}, {"type": "Feature", "properties": {"highway": "primary"}, "geometry": {"type": "LineString", "coordinates": [[-48.4199238, -1.3710439], [-48.4190467, -1.3723725], [-48.4189408, -1.372512], [-48.4188289, -1.3726372], [-48.4185492, -1.3729343], [-48.4184048, -1.3730482], [-48.4183078, -1.3731247], [-48.4181602, -1.3732145], [-48.4179698, -1.3733177], [-48.41777, -1.3734156], [-48.4175541, -1.3735068], [-48.4173717, -1.3735604], [-48.4169187, -1.3736772], [-48.4166349, -1.3737476], [-48.4163685, -1.3738111], [-48.4161942, -1.3738634], [-48.4160102, -1.3739326], [-48.415826, -1.3740357], [-48.4156765, -1.3741446], [-48.415559, -1.3742519], [-48.4154889, -1.3743355], [-48.4154315, -1.3744166], [-48.4153723, -1.3745137], [-48.4151771, -1.3748895], [-48.4151267, -1.3749829], [-48.4150505, -1.3751278], [-48.4150219, -1.3751779], [-48.4148565, -1.37548], [-48.4146724, -1.3758241], [-48.4144456, -1.376241], [-48.4143683, -1.3763796], [-48.4142749, -1.3765394]]}}, {"type": "Feature", "properties": {"highway": "primary"}, "geometry": {"type": "LineString", "coordinates": [[-48.4198406, -1.3709836], [-48.420194, -1.3705257], [-48.4202537, -1.3704439], [-48.4203912, -1.3702844], [-48.4204842, -1.3701636], [-48.4204901, -1.3701556], [-48.420587, -1.3700477], [-48.4206701, -1.3699458], [-48.420825, -1.3697434], [-48.4209444, -1.3695999], [-48.4210375, -1.3694806], [-48.4210836, -1.3694245], [-48.4210909, -1.3694146], [-48.4212937, -1.369187]]}}, {"type": "Feature", "properties": {"highway": "primary"}, "geometry": {"type": "LineString", "coordinates": [[-48.4942831, -1.4508174], [-48.4945058, -1.4503979]]}}, {"type": "Feature", "properties": {"highway": "primary"}, "geometry": {"type": "LineString", "coordinates": [[-48.4961677, -1.4473883], [-48.4962011, -1.4473699], [-48.4962286, -1.4473551], [-48.496255, -1.4473329], [-48.4966011, -1.4467513]]}}, {"type": "Feature", "properties": {"highway": "tertiary"}, "geometry": {"type": "LineString", "coordinates": [[-48.461889, -1.4473518], [-48.4620622, -1.4472299]]}}, {"type": "Feature", "properties": {"highway": "primary"}, "geometry": {"type": "LineString", "coordinates": [[-48.461888, -1.4477999], [-48.4620815, -1.4478251]]}}, {"type": "Feature", "properties": {"highway": "tertiary"}, "geometry": {"type": "LineString", "coordinates": [[-48.5026403, -1.4659174], [-48.5026567, -1.4659309], [-48.5026744, -1.4659535]]}}, {"type": "Feature", "properties": {"highway": "secondary"}, "geometry": {"type": "LineString", "coordinates": [[-48.4623851, -1.388398], [-48.4623518, -1.3884024], [-48.4621938, -1.3884346], [-48.4621278, -1.3884458]]}}, {"type": "Feature", "properties": {"highway": "tertiary"}, "geometry": {"type": "LineString", "coordinates": [[-48.4661492, -1.3884837], [-48.4661284, -1.3884318], [-48.466121, -1.3883764], [-48.4661271, -1.3883208], [-48.4661466, -1.3882684], [-48.4661783, -1.3882223], [-48.4662202, -1.3881853], [-48.4662698, -1.3881595]]}}, {"type": "Feature", "properties": {"highway": "tertiary"}, "geometry": {"type": "LineString", "coordinates": [[-48.4664485, -1.3881677], [-48.4664999, -1.3882016], [-48.4665404, -1.388248], [-48.4665671, -1.3883036], [-48.4665779, -1.3883642], [-48.4665721, -1.3884255], [-48.4665502, -1.3884831]]}}, {"type": "Feature", "properties": {"highway": "primary"}, "geometry": {"type": "LineString", "coordinates": [[-48.4934285, -1.4408283], [-48.4939634, -1.4404392], [-48.4940366, -1.4404084], [-48.4941063, -1.4403923], [-48.4941901, -1.440389]]}}, {"type": "Feature", "properties": {"highway": "primary"}, "geometry": {"type": "LineString", "coordinates": [[-48.4943363, -1.440643], [-48.4943813, -1.4407787], [-48.4947258, -1.4416438]]}}, {"type": "Feature", "properties": {"highway": "secondary"}, "geometry": {"type": "LineString", "coordinates": [[-48.4868246, -1.4484607], [-48.4867164, -1.4484313]]}}, {"type": "Feature", "properties": {"highway": "primary"}, "geometry": {"type": "LineString", "coordinates": [[-48.4503218, -1.4233363], [-48.4502657, -1.4234014]]}}, {"type": "Feature", "properties": {"highway": "primary"}, "geometry": {"type": "LineString", "coordinates": [[-48.4499042, -1.4231538], [-48.4499449, -1.4231259], [-48.4499966, -1.4230904]]}}, {"type": "Feature", "properties": {"highway": "primary"}, "geometry": {"type": "LineString", "coordinates": [[-48.4501384, -1.423509], [-48.4500948, -1.4235387], [-48.4500221, -1.4235884]]}}, {"type": "Feature", "properties": {"highway": "primary"}, "geometry": {"type": "LineString", "coordinates": [[-48.4739153, -1.2997718], [-48.4736331, -1.2997345], [-48.4735078, -1.299718], [-48.4733432, -1.2997023]]}}, {"type": "Feature", "properties": {"highway": "primary"}, "geometry": {"type": "LineString", "coordinates": [[-48.4733025, -1.2995902], [-48.4739194, -1.2996215]]}}, {"type": "Feature", "properties": {"highway": "trunk"}, "geometry": {"type": "LineString", "coordinates": [[-48.4440369, -1.4145442], [-48.4438542, -1.4143056], [-48.4436834, -1.4140702], [-48.4434313, -1.4137237], [-48.4431826, -1.4133936], [-48.4426874, -1.4127263], [-48.4425013, -1.4124751], [-48.4423278, -1.4122541]]}}, {"type": "Feature", "properties": {"highway": "secondary"}, "geometry": {"type": "LineString", "coordinates": [[-48.410211, -1.3699951], [-48.4093639, -1.3699798], [-48.4089988, -1.3699801], [-48.4089029, -1.3699843], [-48.4087058, -1.3699838], [-48.4082078, -1.3699868], [-48.4075323, -1.3699708]]}}, {"type": "Feature", "properties": {"highway": "secondary"}, "geometry": {"type": "LineString", "coordinates": [[-48.3892427, -1.3358533], [-48.3892197, -1.3358643], [-48.3890535, -1.3359442], [-48.3890409, -1.3359502]]}}, {"type": "Feature", "properties": {"highway": "secondary"}, "geometry": {"type": "LineString", "coordinates": [[-48.3805382, -1.3399417], [-48.3803183, -1.3400395]]}}, {"type": "Feature", "properties": {"highway": "secondary"}, "geometry": {"type": "LineString", "coordinates": [[-48.4076728, -1.34845], [-48.4078854, -1.3486377], [-48.4080423, -1.3487578], [-48.4081421, -1.3488308], [-48.408288, -1.3489309], [-48.4086079, -1.3491672], [-48.4089446, -1.349401], [-48.4092513, -1.3496095], [-48.4094572, -1.3497495], [-48.4103547, -1.3503596]]}}, {"type": "Feature", "properties": {"highway": "primary"}, "geometry": {"type": "LineString", "coordinates": [[-48.4057109, -1.3532857], [-48.4065338, -1.3527759], [-48.4072641, -1.3523141], [-48.4073328, -1.3522706], [-48.4074727, -1.3521763], [-48.4080077, -1.3518363], [-48.4081081, -1.3517763], [-48.4086477, -1.3514541], [-48.4093803, -1.3509802], [-48.4096732, -1.350799], [-48.4099076, -1.3506675], [-48.4102423, -1.3504534], [-48.410337, -1.3504025]]}}, {"type": "Feature", "properties": {"highway": "primary"}, "geometry": {"type": "LineString", "coordinates": [[-48.4058133, -1.3534645], [-48.4051062, -1.3539228], [-48.4050682, -1.3539457], [-48.4044602, -1.3543122], [-48.404368, -1.3543665]]}}, {"type": "Feature", "properties": {"highway": "tertiary"}, "geometry": {"type": "LineString", "coordinates": [[-48.420642, -1.3787357], [-48.4206245, -1.3786713], [-48.420601, -1.3785706], [-48.4205832, -1.3784919], [-48.4205681, -1.3784151], [-48.4204647, -1.3780395], [-48.4203534, -1.3776797], [-48.4203194, -1.3775668], [-48.420287, -1.3774514], [-48.4202658, -1.3773393], [-48.4202618, -1.3772274], [-48.4202767, -1.3770889], [-48.4203059, -1.3769183], [-48.4203241, -1.3768206], [-48.4203593, -1.3766096], [-48.4203688, -1.3765605], [-48.4204334, -1.3762217]]}}, {"type": "Feature", "properties": {"highway": "primary"}, "geometry": {"type": "LineString", "coordinates": [[-48.4213105, -1.3692862], [-48.4211539, -1.3694786]]}}, {"type": "Feature", "properties": {"highway": "secondary"}, "geometry": {"type": "LineString", "coordinates": [[-48.3873801, -1.3367368], [-48.3871681, -1.3367966], [-48.3869929, -1.3368924], [-48.3869288, -1.3369247], [-48.3865181, -1.3371227], [-48.3862212, -1.3372857]]}}, {"type": "Feature", "properties": {"highway": "primary"}, "geometry": {"type": "LineString", "coordinates": [[-48.3892427, -1.3358533], [-48.3904359, -1.3383643], [-48.3911491, -1.3399367], [-48.3911538, -1.339947], [-48.391215, -1.3400734], [-48.3912862, -1.340219], [-48.3912942, -1.3402357], [-48.3913659, -1.3403865], [-48.3914704, -1.3405014]]}}, {"type": "Feature", "properties": {"highway": "secondary"}, "geometry": {"type": "LineString", "coordinates": [[-48.4029204, -1.3456246], [-48.4029334, -1.345079]]}}, {"type": "Feature", "properties": {"highway": "primary"}, "geometry": {"type": "LineString", "coordinates": [[-48.410441, -1.3506281], [-48.4103765, -1.3505791], [-48.4103504, -1.35054], [-48.4103347, -1.3504958], [-48.4103301, -1.350449], [-48.410337, -1.3504025], [-48.4103547, -1.3503596]]}}, {"type": "Feature", "properties": {"highway": "primary"}, "geometry": {"type": "LineString", "coordinates": [[-48.4103547, -1.3503596], [-48.4104018, -1.3503039], [-48.4104662, -1.3502698], [-48.4105181, -1.3502615], [-48.4105703, -1.3502674], [-48.4106189, -1.3502873], [-48.4106604, -1.3503196]]}}, {"type": "Feature", "properties": {"highway": "primary"}, "geometry": {"type": "LineString", "coordinates": [[-48.4281086, -1.3589626], [-48.4282201, -1.3590267], [-48.4284492, -1.3591586], [-48.4286115, -1.3592475], [-48.4287972, -1.3593621], [-48.4290592, -1.3595162], [-48.4293736, -1.3596996], [-48.4301282, -1.3601385], [-48.4304166, -1.3603047], [-48.4308834, -1.3605827], [-48.4311824, -1.3607538], [-48.4318878, -1.3611681], [-48.4320152, -1.3612405], [-48.4322887, -1.3613865], [-48.4324014, -1.3614751], [-48.4324859, -1.3615422], [-48.4325731, -1.361624], [-48.4326496, -1.3617205], [-48.4327582, -1.3619082], [-48.4328534, -1.3620806], [-48.4329011, -1.3621611], [-48.4329577, -1.3622646]]}}, {"type": "Feature", "properties": {"highway": "primary"}, "geometry": {"type": "LineString", "coordinates": [[-48.4328311, -1.362464], [-48.4327264, -1.362277]]}}, {"type": "Feature", "properties": {"highway": "primary"}, "geometry": {"type": "LineString", "coordinates": [[-48.4366505, -1.3859184], [-48.4370799, -1.385013], [-48.4372377, -1.3846804], [-48.4372919, -1.3845661], [-48.4374535, -1.3842299], [-48.4375412, -1.3840121], [-48.437688, -1.3836042]]}}, {"type": "Feature", "properties": {"highway": "primary"}, "geometry": {"type": "LineString", "coordinates": [[-48.437688, -1.3836042], [-48.4378946, -1.383151], [-48.4379105, -1.3831225], [-48.4379588, -1.3830295], [-48.4380132, -1.3829064]]}}, {"type": "Feature", "properties": {"highway": "primary"}, "geometry": {"type": "LineString", "coordinates": [[-48.4381367, -1.383234], [-48.4379271, -1.3837084], [-48.4377032, -1.3840949], [-48.4374664, -1.384588], [-48.4374208, -1.3846815], [-48.4369154, -1.3857254], [-48.436811, -1.3859607], [-48.4367017, -1.3862688], [-48.4366748, -1.3863296], [-48.4365848, -1.386519], [-48.4365106, -1.3866914], [-48.436355, -1.3870029], [-48.4361864, -1.3872904], [-48.4361186, -1.3874135], [-48.435984, -1.3876776], [-48.4358076, -1.3880641], [-48.4357065, -1.3883592], [-48.4356524, -1.388517], [-48.4356077, -1.3886702], [-48.4355392, -1.3891218], [-48.4354879, -1.3897319], [-48.4353824, -1.3908176], [-48.4353419, -1.391355], [-48.4352165, -1.393019], [-48.4352235, -1.3935114], [-48.4351095, -1.3947848]]}}, {"type": "Feature", "properties": {"highway": "tertiary"}, "geometry": {"type": "LineString", "coordinates": [[-48.3948186, -1.3423198], [-48.3948826, -1.3421595], [-48.3949511, -1.3420426], [-48.3950798, -1.3419416]]}}, {"type": "Feature", "properties": {"highway": "secondary"}, "geometry": {"type": "LineString", "coordinates": [[-48.4421958, -1.3568243], [-48.4428097, -1.356788]]}}, {"type": "Feature", "properties": {"highway": "secondary"}, "geometry": {"type": "LineString", "coordinates": [[-48.4391538, -1.356972], [-48.4396912, -1.356952], [-48.4406003, -1.3569176], [-48.440768, -1.3569053], [-48.4410873, -1.3568911], [-48.4416281, -1.3568549], [-48.4421958, -1.3568243]]}}, {"type": "Feature", "properties": {"highway": "secondary"}, "geometry": {"type": "LineString", "coordinates": [[-48.4075065, -1.3482888], [-48.4076728, -1.34845]]}}, {"type": "Feature", "properties": {"highway": "primary"}, "geometry": {"type": "LineString", "coordinates": [[-48.4381402, -1.4064975], [-48.4391914, -1.4067184], [-48.4396008, -1.4068219], [-48.4398608, -1.4068839], [-48.44033, -1.4070013], [-48.4413651, -1.4072558], [-48.4419369, -1.4074021], [-48.4442413, -1.4079595], [-48.4445166, -1.4080359], [-48.4456282, -1.408303]]}}, {"type": "Feature", "properties": {"highway": "trunk"}, "geometry": {"type": "LineString", "coordinates": [[-48.462311, -1.4417693], [-48.4624013, -1.4419056], [-48.4624279, -1.4419456], [-48.4627335, -1.4424069], [-48.462788, -1.4424899], [-48.4631343, -1.4430173], [-48.4638437, -1.4440852], [-48.4639408, -1.4442313], [-48.4646281, -1.4452657], [-48.4647466, -1.4454446]]}}, {"type": "Feature", "properties": {"highway": "primary"}, "geometry": {"type": "LineString", "coordinates": [[-48.4935463, -1.4520508], [-48.4937757, -1.4516634], [-48.4939151, -1.4514283], [-48.4941955, -1.4509347], [-48.4942279, -1.4508964], [-48.4942468, -1.4508694], [-48.4942831, -1.4508174]]}}, {"type": "Feature", "properties": {"highway": "primary"}, "geometry": {"type": "LineString", "coordinates": [[-48.4935463, -1.4520508], [-48.4936017, -1.4520591]]}}, {"type": "Feature", "properties": {"highway": "secondary"}, "geometry": {"type": "LineString", "coordinates": [[-48.4235056, -1.339227], [-48.4235571, -1.3390754], [-48.423609, -1.3389229], [-48.4236767, -1.3387186], [-48.4236847, -1.3386877], [-48.4238391, -1.3381451], [-48.4238412, -1.3381377], [-48.4239791, -1.3376339], [-48.4240844, -1.3372289], [-48.4241067, -1.3371595], [-48.4241746, -1.336864], [-48.4242173, -1.33663], [-48.4242349, -1.3365415], [-48.4243081, -1.3361955], [-48.4243499, -1.3359981], [-48.4243966, -1.3358304], [-48.4244136, -1.3357692], [-48.4244244, -1.335736], [-48.4244314, -1.3357075], [-48.4244662, -1.3355967], [-48.4245033, -1.3354495], [-48.4245232, -1.3353898], [-48.4245896, -1.3350434], [-48.4246713, -1.3346172], [-48.4246937, -1.3344963], [-48.4247772, -1.334159], [-48.4248087, -1.3340291]]}}, {"type": "Feature", "properties": {"highway": "primary"}, "geometry": {"type": "LineString", "coordinates": [[-48.4292829, -1.3566333], [-48.4289383, -1.3572442], [-48.4286919, -1.3576635]]}}, {"type": "Feature", "properties": {"highway": "secondary"}, "geometry": {"type": "LineString", "coordinates": [[-48.4422605, -1.3575106], [-48.4421958, -1.3568243]]}}, {"type": "Feature", "properties": {"highway": "secondary"}, "geometry": {"type": "LineString", "coordinates": [[-48.4329577, -1.3622646], [-48.4329963, -1.362217], [-48.4330412, -1.3621638], [-48.433578, -1.3615369], [-48.4337849, -1.3612736], [-48.4339121, -1.3611013], [-48.4339368, -1.3610678], [-48.4342296, -1.3606484], [-48.4344865, -1.3602807], [-48.4346065, -1.3601051], [-48.4346983, -1.3599711], [-48.4347583, -1.3598892], [-48.4348253, -1.3598075], [-48.4348843, -1.3597651], [-48.4349755, -1.3597201], [-48.4351527, -1.3596556], [-48.4353996, -1.3596053], [-48.4355404, -1.3595904], [-48.4356144, -1.3595826], [-48.4359882, -1.3595534], [-48.4367089, -1.3594659], [-48.4377892, -1.3593324], [-48.4388361, -1.3592074], [-48.4396773, -1.3590966]]}}, {"type": "Feature", "properties": {"highway": "primary"}, "geometry": {"type": "LineString", "coordinates": [[-48.4329577, -1.3622646], [-48.4330572, -1.3624457]]}}, {"type": "Feature", "properties": {"highway": "primary"}, "geometry": {"type": "LineString", "coordinates": [[-48.4273115, -1.3586998], [-48.4270987, -1.3585061], [-48.4257334, -1.3571325], [-48.4246383, -1.3560137], [-48.4244528, -1.3558299], [-48.4242341, -1.355647], [-48.4240772, -1.355521], [-48.4230104, -1.3547423], [-48.4227791, -1.3545734], [-48.4225912, -1.3544363]]}}, {"type": "Feature", "properties": {"highway": "primary"}, "geometry": {"type": "LineString", "coordinates": [[-48.4274265, -1.358521], [-48.4275419, -1.3586181], [-48.4276834, -1.3587159], [-48.4278175, -1.3587918], [-48.4278456, -1.3588091]]}}, {"type": "Feature", "properties": {"highway": "primary"}, "geometry": {"type": "LineString", "coordinates": [[-48.4325599, -1.3503703], [-48.4322853, -1.3508827], [-48.432229, -1.350985], [-48.4321846, -1.3510713], [-48.4320312, -1.3513648], [-48.4317555, -1.3518923], [-48.4317079, -1.3519902], [-48.431216, -1.3529677], [-48.4311966, -1.3530042], [-48.4309614, -1.3534472], [-48.4305985, -1.3541307], [-48.4305394, -1.3542421], [-48.4304227, -1.3545015], [-48.4303634, -1.3546201], [-48.4303051, -1.354728], [-48.4300757, -1.3551351], [-48.4299134, -1.3554199], [-48.4296391, -1.3559695], [-48.429518, -1.3562121], [-48.4294494, -1.3563397]]}}, {"type": "Feature", "properties": {"highway": "primary"}, "geometry": {"type": "LineString", "coordinates": [[-48.4357407, -1.3455421], [-48.435937, -1.3453098], [-48.4363646, -1.3448103], [-48.4365254, -1.3446279], [-48.4366878, -1.3444627], [-48.4367307, -1.3444265], [-48.4367937, -1.3443733], [-48.4368958, -1.3442995], [-48.4369214, -1.3442829], [-48.4369813, -1.3442441], [-48.4370892, -1.344178], [-48.437236, -1.344108], [-48.4374129, -1.3440419], [-48.4375889, -1.3439914], [-48.4377738, -1.3439378], [-48.43783, -1.3439302], [-48.437916, -1.3439196], [-48.4380025, -1.343913], [-48.4381092, -1.3439129], [-48.4382091, -1.3439156], [-48.4383981, -1.3439257], [-48.4385396, -1.3439404], [-48.4386926, -1.3439652], [-48.438834, -1.3439846], [-48.439359, -1.3440617], [-48.4396917, -1.3441053], [-48.4400229, -1.3441409], [-48.440208, -1.3441522], [-48.4404386, -1.344163], [-48.44156, -1.3442209], [-48.4419132, -1.3442311], [-48.4423913, -1.3442468], [-48.442506, -1.3442541], [-48.4426009, -1.3442645], [-48.4428808, -1.3443218], [-48.4432687, -1.3444088], [-48.4436778, -1.3445159], [-48.4443225, -1.3447043], [-48.4444395, -1.3447338], [-48.4444958, -1.3447485]]}}, {"type": "Feature", "properties": {"highway": "secondary"}, "geometry": {"type": "LineString", "coordinates": [[-48.4291772, -1.3561693], [-48.4291412, -1.3560063], [-48.4290352, -1.3554378], [-48.428755, -1.3540167], [-48.4286968, -1.3537009], [-48.4286048, -1.3532015], [-48.4285728, -1.3530536], [-48.4285136, -1.3527805], [-48.4284371, -1.352389], [-48.4283554, -1.3519694], [-48.4283255, -1.3518232], [-48.4282598, -1.3515286], [-48.428174, -1.3511217], [-48.4281539, -1.3510189], [-48.4280217, -1.3500905], [-48.4280086, -1.3496976], [-48.4279747, -1.3493431], [-48.4279224, -1.3490253], [-48.4278741, -1.3486529], [-48.4277979, -1.3483146], [-48.4277652, -1.3481925]]}}, {"type": "Feature", "properties": {"highway": "primary"}, "geometry": {"type": "LineString", "coordinates": [[-48.4293803, -1.3562957], [-48.4295957, -1.3558679], [-48.4298354, -1.3553892], [-48.4300222, -1.3550555], [-48.4302876, -1.3545754], [-48.4304519, -1.3542323], [-48.4308417, -1.3534772], [-48.4311259, -1.3529644], [-48.4312103, -1.3528046], [-48.4312595, -1.3527092], [-48.4315524, -1.3521223], [-48.4317497, -1.3517123], [-48.4318711, -1.3514753], [-48.4321624, -1.3509531], [-48.4322097, -1.3508517], [-48.4324833, -1.3503248]]}}, {"type": "Feature", "properties": {"highway": "primary"}, "geometry": {"type": "LineString", "coordinates": [[-48.4354063, -1.4046354], [-48.4354583, -1.4050867], [-48.4355545, -1.4055343]]}}, {"type": "Feature", "properties": {"highway": "primary"}, "geometry": {"type": "LineString", "coordinates": [[-48.4350408, -1.3955448], [-48.4349895, -1.395814]]}}, {"type": "Feature", "properties": {"highway": "primary"}, "geometry": {"type": "LineString", "coordinates": [[-48.4347867, -1.396065], [-48.4348062, -1.3957977], [-48.4348078, -1.3957166]]}}, {"type": "Feature", "properties": {"highway": "primary"}, "geometry": {"type": "LineString", "coordinates": [[-48.4352702, -1.4047473], [-48.4352519, -1.4046167], [-48.4352452, -1.4045807], [-48.4352236, -1.4044642], [-48.4351999, -1.4043632], [-48.4350058, -1.4035371], [-48.4349217, -1.4032138], [-48.4347668, -1.4025939], [-48.4346405, -1.4021132], [-48.4346282, -1.4020693], [-48.4346145, -1.4020142], [-48.434546, -1.4016737], [-48.4344949, -1.4012876], [-48.4344814, -1.4010517], [-48.4344606, -1.4008396], [-48.4344537, -1.4006511], [-48.4344525, -1.4004414], [-48.4344363, -1.4000158], [-48.4344408, -1.3998255], [-48.4344434, -1.399774], [-48.4344577, -1.3995384], [-48.4344945, -1.3991535], [-48.4345921, -1.3986361], [-48.4345983, -1.3985109], [-48.4346217, -1.3983022], [-48.4346742, -1.3975203], [-48.4347283, -1.3968373], [-48.4347436, -1.396657], [-48.4347456, -1.3966196], [-48.4347479, -1.3965715], [-48.4347538, -1.3964951], [-48.4347677, -1.3963249]]}}, {"type": "Feature", "properties": {"highway": "primary"}, "geometry": {"type": "LineString", "coordinates": [[-48.43536, -1.4052682], [-48.4352702, -1.4047473]]}}, {"type": "Feature", "properties": {"highway": "trunk"}, "geometry": {"type": "LineString", "coordinates": [[-48.4322697, -1.4048556], [-48.4327507, -1.4050365], [-48.4330308, -1.405154], [-48.4334377, -1.4053421]]}}, {"type": "Feature", "properties": {"highway": "primary"}, "geometry": {"type": "LineString", "coordinates": [[-48.4363958, -1.3864008], [-48.4364496, -1.3862939], [-48.4364799, -1.3862328], [-48.4366505, -1.3859184]]}}, {"type": "Feature", "properties": {"highway": "primary"}, "geometry": {"type": "LineString", "coordinates": [[-48.4369746, -1.4063007], [-48.4365964, -1.4061946], [-48.4365535, -1.4061853], [-48.4364904, -1.4061839], [-48.4364127, -1.406192], [-48.4363376, -1.4062349], [-48.4361704, -1.4064613]]}}, {"type": "Feature", "properties": {"highway": "primary"}, "geometry": {"type": "LineString", "coordinates": [[-48.4359851, -1.4058512], [-48.436103, -1.4059848], [-48.4361667, -1.4060893], [-48.4361978, -1.4061552], [-48.4362093, -1.4062151], [-48.4362122, -1.4063189], [-48.4361704, -1.4064613]]}}, {"type": "Feature", "properties": {"highway": "trunk"}, "geometry": {"type": "LineString", "coordinates": [[-48.4316652, -1.4049371], [-48.4311344, -1.4047857], [-48.4310733, -1.4047683], [-48.4309932, -1.4047456], [-48.4306881, -1.4046397], [-48.4305334, -1.404586]]}}, {"type": "Feature", "properties": {"highway": "primary"}, "geometry": {"type": "LineString", "coordinates": [[-48.4346697, -1.4064571], [-48.4345899, -1.4063242], [-48.4345764, -1.4062617], [-48.4345792, -1.4061606], [-48.4346131, -1.4060753], [-48.4347015, -1.4059475], [-48.4348305, -1.4058054]]}}, {"type": "Feature", "properties": {"highway": "trunk"}, "geometry": {"type": "LineString", "coordinates": [[-48.4341406, -1.4060879], [-48.4339722, -1.4059553]]}}, {"type": "Feature", "properties": {"highway": "primary"}, "geometry": {"type": "LineString", "coordinates": [[-48.4890816, -1.4268326], [-48.4889879, -1.4265617], [-48.4889746, -1.4264861], [-48.4889765, -1.4263569]]}}, {"type": "Feature", "properties": {"highway": "primary"}, "geometry": {"type": "LineString", "coordinates": [[-48.4902075, -1.4305299], [-48.4902304, -1.4306217], [-48.4903499, -1.4311111], [-48.490421, -1.4314238], [-48.4905589, -1.4319592], [-48.4905845, -1.4320502], [-48.4906214, -1.4321996], [-48.4907388, -1.432651], [-48.4909435, -1.433486], [-48.4910225, -1.4338085], [-48.4910757, -1.4340198], [-48.4911016, -1.4341293], [-48.4914573, -1.4354687], [-48.4914787, -1.4355514], [-48.4914954, -1.4356142], [-48.4915227, -1.4357072], [-48.4915477, -1.4358005], [-48.4916428, -1.4361561], [-48.4916842, -1.4363109], [-48.4917197, -1.4364436], [-48.4918584, -1.4369621], [-48.4921463, -1.4380498], [-48.4922275, -1.4383139], [-48.4922933, -1.438568], [-48.4924352, -1.4389022], [-48.4925146, -1.4390893], [-48.4926583, -1.4393838], [-48.4931245, -1.4402594], [-48.4933286, -1.4406544], [-48.493351, -1.4406906], [-48.4934182, -1.4408099], [-48.4934285, -1.4408283]]}}, {"type": "Feature", "properties": {"highway": "tertiary"}, "geometry": {"type": "LineString", "coordinates": [[-48.4902075, -1.4305299], [-48.4900756, -1.4305624]]}}, {"type": "Feature", "properties": {"highway": "tertiary"}, "geometry": {"type": "LineString", "coordinates": [[-48.4839376, -1.4321834], [-48.4833924, -1.4323285], [-48.4826137, -1.4325356], [-48.4825388, -1.4325557], [-48.4811271, -1.4329341], [-48.4810912, -1.43294], [-48.4807997, -1.4329984], [-48.4807232, -1.4330127], [-48.4806999, -1.4330171]]}}, {"type": "Feature", "properties": {"highway": "tertiary"}, "geometry": {"type": "LineString", "coordinates": [[-48.4885208, -1.4353215], [-48.4883992, -1.4350926], [-48.488375, -1.4350477], [-48.4882059, -1.4347253], [-48.4880964, -1.4345167], [-48.4878594, -1.4340916], [-48.487673, -1.4337434], [-48.4872934, -1.4330696], [-48.4865628, -1.4314821]]}}, {"type": "Feature", "properties": {"highway": "primary"}, "geometry": {"type": "LineString", "coordinates": [[-48.4900756, -1.4305624], [-48.4900391, -1.4304246], [-48.4900193, -1.4303506], [-48.4899134, -1.4299136], [-48.4897192, -1.4291705], [-48.4895881, -1.4286915], [-48.4895539, -1.4285661], [-48.4895001, -1.4283565], [-48.4894721, -1.4282491], [-48.4894229, -1.4280322], [-48.4893917, -1.4279018]]}}, {"type": "Feature", "properties": {"highway": "tertiary"}, "geometry": {"type": "LineString", "coordinates": [[-48.4900756, -1.4305624], [-48.4889298, -1.4308579]]}}, {"type": "Feature", "properties": {"highway": "primary"}, "geometry": {"type": "LineString", "coordinates": [[-48.4926168, -1.4538018], [-48.4926509, -1.4537645], [-48.4930784, -1.4529568], [-48.4931137, -1.4529028], [-48.4931304, -1.4528713], [-48.493264, -1.4526518], [-48.4934202, -1.452391], [-48.4934334, -1.452369], [-48.493443, -1.4523527], [-48.4934958, -1.4522579], [-48.4935414, -1.452176], [-48.4935651, -1.45213], [-48.4936017, -1.4520591], [-48.4939661, -1.4514545]]}}, {"type": "Feature", "properties": {"highway": "secondary"}, "geometry": {"type": "LineString", "coordinates": [[-48.4919615, -1.4418547], [-48.4924763, -1.4414922], [-48.4929778, -1.4411572], [-48.4931786, -1.4410093]]}}, {"type": "Feature", "properties": {"highway": "primary"}, "geometry": {"type": "LineString", "coordinates": [[-48.4932274, -1.4409734], [-48.4932453, -1.4409071], [-48.4932527, -1.4408522], [-48.4932527, -1.4408026], [-48.4932426, -1.4407487], [-48.4932279, -1.4407033], [-48.4929451, -1.4402179], [-48.4926733, -1.4397058], [-48.4923075, -1.4389802], [-48.4921841, -1.4385676], [-48.4920545, -1.4380996], [-48.4917732, -1.437067], [-48.4915608, -1.4363327], [-48.4915263, -1.4362033]]}}, {"type": "Feature", "properties": {"highway": "secondary"}, "geometry": {"type": "LineString", "coordinates": [[-48.4932274, -1.4409734], [-48.4934285, -1.4408283]]}}, {"type": "Feature", "properties": {"highway": "secondary"}, "geometry": {"type": "LineString", "coordinates": [[-48.4888024, -1.4267445], [-48.4883268, -1.427875], [-48.4882521, -1.4280433], [-48.4882101, -1.4281277], [-48.4881464, -1.4282109], [-48.4880968, -1.4282591], [-48.4880379, -1.4282967], [-48.4879518, -1.4283516]]}}, {"type": "Feature", "properties": {"highway": "primary"}, "geometry": {"type": "LineString", "coordinates": [[-48.4420213, -1.3743344], [-48.442137, -1.3740895], [-48.4427804, -1.3729467], [-48.443719, -1.3715895]]}}, {"type": "Feature", "properties": {"highway": "primary"}, "geometry": {"type": "LineString", "coordinates": [[-48.443812, -1.3716795], [-48.4428631, -1.3729867], [-48.4421849, -1.3742825], [-48.4421477, -1.3743595]]}}, {"type": "Feature", "properties": {"highway": "primary"}, "geometry": {"type": "LineString", "coordinates": [[-48.4430925, -1.372795], [-48.4429769, -1.3729603]]}}, {"type": "Feature", "properties": {"highway": "primary"}, "geometry": {"type": "LineString", "coordinates": [[-48.4429769, -1.3729603], [-48.4428157, -1.3727336]]}}, {"type": "Feature", "properties": {"highway": "primary"}, "geometry": {"type": "LineString", "coordinates": [[-48.4429769, -1.3729603], [-48.4429576, -1.3729907], [-48.4428234, -1.3732238], [-48.4427871, -1.3732857]]}}, {"type": "Feature", "properties": {"highway": "primary"}, "geometry": {"type": "LineString", "coordinates": [[-48.442927, -1.3725695], [-48.4430925, -1.372795]]}}, {"type": "Feature", "properties": {"highway": "primary"}, "geometry": {"type": "LineString", "coordinates": [[-48.442927, -1.3725695], [-48.442956, -1.3725327], [-48.4430275, -1.3724416], [-48.4430776, -1.3723779]]}}, {"type": "Feature", "properties": {"highway": "primary"}, "geometry": {"type": "LineString", "coordinates": [[-48.4428157, -1.3727336], [-48.442927, -1.3725695]]}}, {"type": "Feature", "properties": {"highway": "primary"}, "geometry": {"type": "LineString", "coordinates": [[-48.4348078, -1.3957166], [-48.4348064, -1.3955099]]}}, {"type": "Feature", "properties": {"highway": "primary"}, "geometry": {"type": "LineString", "coordinates": [[-48.4348064, -1.3955099], [-48.4348087, -1.395395], [-48.4349779, -1.3934963], [-48.4350509, -1.3930725], [-48.435195, -1.3915226], [-48.4352549, -1.3907634], [-48.435397, -1.3891155], [-48.4354659, -1.3886408], [-48.4355052, -1.3884912], [-48.4355539, -1.3883462], [-48.435624, -1.3881456], [-48.435665, -1.3880284], [-48.435785, -1.3877646], [-48.4358564, -1.3876073], [-48.4358896, -1.3875411], [-48.4359957, -1.3873299], [-48.4360448, -1.3871819], [-48.4361034, -1.3870319], [-48.4361506, -1.3869112], [-48.4362714, -1.3866597], [-48.4362889, -1.3866232], [-48.4363958, -1.3864008]]}}, {"type": "Feature", "properties": {"highway": "primary"}, "geometry": {"type": "LineString", "coordinates": [[-48.4349895, -1.395814], [-48.4349645, -1.395987], [-48.4349172, -1.3964178], [-48.4348997, -1.3966206], [-48.4348969, -1.3966699], [-48.4348929, -1.3967785], [-48.4348709, -1.3969991], [-48.4348317, -1.397393], [-48.4348181, -1.397575], [-48.4347869, -1.3979911], [-48.4347305, -1.3986478], [-48.4347291, -1.3992174], [-48.4346897, -1.399674], [-48.4346742, -1.399832], [-48.4346721, -1.3998859], [-48.4346043, -1.4004589], [-48.434629, -1.4009742], [-48.4346638, -1.4013927], [-48.4347288, -1.4018096], [-48.4347979, -1.4020785], [-48.4348065, -1.402112], [-48.4348484, -1.4022886], [-48.4350759, -1.4032467], [-48.4351962, -1.4037429], [-48.4353942, -1.4045841], [-48.4354063, -1.4046354]]}}, {"type": "Feature", "properties": {"highway": "tertiary"}, "geometry": {"type": "LineString", "coordinates": [[-48.4614791, -1.4405278], [-48.4614224, -1.4405648], [-48.4614062, -1.4405753], [-48.4613542, -1.4406092], [-48.4612925, -1.4406494]]}}, {"type": "Feature", "properties": {"highway": "tertiary"}, "geometry": {"type": "LineString", "coordinates": [[-48.4588145, -1.4423202], [-48.4586639, -1.4424164]]}}, {"type": "Feature", "properties": {"highway": "primary"}, "geometry": {"type": "LineString", "coordinates": [[-48.4106937, -1.3505414], [-48.4106536, -1.3505945], [-48.4105977, -1.3506308], [-48.4105191, -1.3506461], [-48.410441, -1.3506281]]}}, {"type": "Feature", "properties": {"highway": "primary"}, "geometry": {"type": "LineString", "coordinates": [[-48.4029928, -1.3456348], [-48.4029934, -1.3457305], [-48.4029945, -1.3458939], [-48.4029921, -1.3463435], [-48.40298, -1.3468027], [-48.4029881, -1.3472531], [-48.402993, -1.3477505]]}}, {"type": "Feature", "properties": {"highway": "primary"}, "geometry": {"type": "LineString", "coordinates": [[-48.3890409, -1.3359502], [-48.3882938, -1.334337], [-48.3879266, -1.3334745], [-48.3878782, -1.3333545], [-48.3878598, -1.3333163], [-48.3878443, -1.3332842]]}}, {"type": "Feature", "properties": {"highway": "secondary"}, "geometry": {"type": "LineString", "coordinates": [[-48.3890409, -1.3359502], [-48.3886272, -1.3361247], [-48.3882355, -1.3362972], [-48.3877877, -1.3365187], [-48.3873801, -1.3367368]]}}, {"type": "Feature", "properties": {"highway": "secondary"}, "geometry": {"type": "LineString", "coordinates": [[-48.3926844, -1.3594944], [-48.3926966, -1.3596982]]}}, {"type": "Feature", "properties": {"highway": "primary"}, "geometry": {"type": "LineString", "coordinates": [[-48.4455481, -1.4084128], [-48.4443266, -1.4081022], [-48.4436717, -1.4079464], [-48.4426912, -1.4077248], [-48.4420188, -1.4075728], [-48.4417509, -1.4075123], [-48.4413578, -1.4074122], [-48.4409774, -1.4073116], [-48.4406055, -1.4072226], [-48.4402048, -1.4071199], [-48.4394976, -1.4069427], [-48.4390823, -1.406839], [-48.4386337, -1.406728], [-48.4380648, -1.4065934]]}}, {"type": "Feature", "properties": {"highway": "secondary"}, "geometry": {"type": "LineString", "coordinates": [[-48.4455481, -1.4084128], [-48.4455921, -1.4083566]]}}, {"type": "Feature", "properties": {"highway": "primary"}, "geometry": {"type": "LineString", "coordinates": [[-48.4851242, -1.4291707], [-48.484832, -1.428082], [-48.4847273, -1.427694], [-48.4846314, -1.4273106], [-48.4844287, -1.4264792], [-48.4843732, -1.4262514], [-48.484195, -1.4256124], [-48.4840849, -1.4250327], [-48.4840454, -1.424864], [-48.4840297, -1.4247967], [-48.4839669, -1.4246667], [-48.4838623, -1.4245152], [-48.483054, -1.4233827], [-48.4830331, -1.4233527], [-48.4825123, -1.4226041], [-48.482123, -1.4220579], [-48.4819849, -1.4218603], [-48.4819182, -1.4217635]]}}, {"type": "Feature", "properties": {"highway": "secondary"}, "geometry": {"type": "LineString", "coordinates": [[-48.405714, -1.346503], [-48.4062306, -1.347044], [-48.4064246, -1.3472337], [-48.4064497, -1.3472583], [-48.4070424, -1.3478368], [-48.4072807, -1.3480622], [-48.4073301, -1.348109]]}}, {"type": "Feature", "properties": {"highway": "secondary"}, "geometry": {"type": "LineString", "coordinates": [[-48.405545, -1.3463421], [-48.405714, -1.346503]]}}, {"type": "Feature", "properties": {"highway": "secondary"}, "geometry": {"type": "LineString", "coordinates": [[-48.4894804, -1.3006341], [-48.4894872, -1.3005438], [-48.489562, -1.2995562]]}}, {"type": "Feature", "properties": {"highway": "tertiary"}, "geometry": {"type": "LineString", "coordinates": [[-48.4859583, -1.2936946], [-48.4852826, -1.2934874], [-48.4851327, -1.2934409], [-48.4840476, -1.2931075]]}}, {"type": "Feature", "properties": {"highway": "tertiary"}, "geometry": {"type": "LineString", "coordinates": [[-48.4779386, -1.297874], [-48.4779891, -1.297074], [-48.478044, -1.2962034], [-48.4780594, -1.2959595], [-48.4780782, -1.2956366], [-48.4781864, -1.2937813], [-48.478194, -1.2934869], [-48.4782532, -1.2928529]]}}, {"type": "Feature", "properties": {"highway": "secondary"}, "geometry": {"type": "LineString", "coordinates": [[-48.4572025, -1.4231075], [-48.4572595, -1.4230347], [-48.4573478, -1.4229343]]}}, {"type": "Feature", "properties": {"highway": "secondary"}, "geometry": {"type": "LineString", "coordinates": [[-48.4572025, -1.4231075], [-48.4566447, -1.4229983], [-48.4561463, -1.4229009], [-48.4559488, -1.4228536], [-48.4556618, -1.4227813], [-48.4554715, -1.4227281], [-48.455286, -1.4226168], [-48.455155, -1.422509], [-48.4548275, -1.4222347], [-48.4546565, -1.4220893], [-48.4543817, -1.4218557], [-48.4542803, -1.4217494], [-48.4541818, -1.421615], [-48.4541014, -1.4214608], [-48.4540066, -1.4212151], [-48.4538056, -1.420346], [-48.4537448, -1.4200731], [-48.4537172, -1.4199486], [-48.4536939, -1.4198255]]}}, {"type": "Feature", "properties": {"highway": "secondary"}, "geometry": {"type": "LineString", "coordinates": [[-48.4572025, -1.4231075], [-48.4566447, -1.4229983], [-48.4561463, -1.4229009], [-48.4559488, -1.4228536], [-48.4556618, -1.4227813], [-48.4554715, -1.4227281], [-48.455286, -1.4226168], [-48.455155, -1.422509], [-48.4548275, -1.4222347], [-48.4546565, -1.4220893], [-48.4543817, -1.4218557], [-48.4542803, -1.4217494], [-48.4541818, -1.421615], [-48.4541014, -1.4214608], [-48.4540066, -1.4212151], [-48.4538056, -1.420346], [-48.4537448, -1.4200731], [-48.4537172, -1.4199486], [-48.4536939, -1.4198255]]}}, {"type": "Feature", "properties": {"highway": "secondary"}, "geometry": {"type": "LineString", "coordinates": [[-48.4573359, -1.4232316], [-48.4572676, -1.423312], [-48.4571069, -1.4235014], [-48.4557538, -1.4250957], [-48.4555716, -1.4253078], [-48.4553551, -1.4255642]]}}, {"type": "Feature", "properties": {"highway": "secondary"}, "geometry": {"type": "LineString", "coordinates": [[-48.4574931, -1.4234158], [-48.4574417, -1.4233478], [-48.4573359, -1.4232316]]}}, {"type": "Feature", "properties": {"highway": "secondary"}, "geometry": {"type": "LineString", "coordinates": [[-48.4503436, -1.4706454], [-48.4501154, -1.4702772], [-48.4498465, -1.4697751], [-48.4496158, -1.469326], [-48.4493731, -1.4688702], [-48.4485355, -1.4673581], [-48.4483449, -1.4670162], [-48.4481995, -1.4667493], [-48.4481164, -1.4665853]]}}, {"type": "Feature", "properties": {"highway": "secondary"}, "geometry": {"type": "LineString", "coordinates": [[-48.465152, -1.3612632], [-48.4652714, -1.3606419], [-48.4653505, -1.3603608], [-48.4653655, -1.360291], [-48.4654078, -1.3600409], [-48.4654494, -1.3597115], [-48.4654919, -1.3592587], [-48.4655562, -1.3587307], [-48.4655763, -1.3585462], [-48.4656192, -1.3581897]]}}, {"type": "Feature", "properties": {"highway": "secondary"}, "geometry": {"type": "LineString", "coordinates": [[-48.465152, -1.3612632], [-48.464436, -1.3612158]]}}, {"type": "Feature", "properties": {"highway": "tertiary"}, "geometry": {"type": "LineString", "coordinates": [[-48.4490607, -1.3790625], [-48.4490564, -1.3792766]]}}, {"type": "Feature", "properties": {"highway": "tertiary"}, "geometry": {"type": "LineString", "coordinates": [[-48.4544222, -1.3807112], [-48.4544348, -1.3807017], [-48.4544458, -1.3806904], [-48.4544519, -1.3806629], [-48.4544478, -1.3806387], [-48.4544351, -1.3806164], [-48.4543878, -1.3805803]]}}, {"type": "Feature", "properties": {"highway": "primary"}, "geometry": {"type": "LineString", "coordinates": [[-48.4584795, -1.3819825], [-48.4588176, -1.382314], [-48.4588848, -1.3823998], [-48.4589681, -1.382542], [-48.459037, -1.3826862], [-48.4591041, -1.3828394], [-48.4593264, -1.3833475], [-48.4594831, -1.3837451]]}}, {"type": "Feature", "properties": {"highway": "secondary"}, "geometry": {"type": "LineString", "coordinates": [[-48.461213, -1.3783335], [-48.4612239, -1.378491], [-48.461206, -1.3785937], [-48.4611714, -1.3786944], [-48.4611498, -1.378822], [-48.4611453, -1.3790568], [-48.461148, -1.3791292], [-48.4611689, -1.3796963], [-48.4611754, -1.3798173], [-48.461168, -1.3799128], [-48.4611664, -1.3799338], [-48.4611568, -1.3800589], [-48.4610484, -1.3810514], [-48.4609949, -1.3814212], [-48.4609778, -1.3815393], [-48.460839, -1.382266], [-48.4608175, -1.3823821], [-48.4606494, -1.3828901], [-48.4604615, -1.3832776], [-48.4603035, -1.3835724], [-48.4602827, -1.3836112], [-48.4599076, -1.3841602], [-48.4598289, -1.3842681], [-48.4598066, -1.384305], [-48.4597951, -1.3843295], [-48.4597908, -1.3843637], [-48.4598189, -1.3844502], [-48.4598285, -1.3845341]]}}, {"type": "Feature", "properties": {"highway": "tertiary"}, "geometry": {"type": "LineString", "coordinates": [[-48.3653056, -1.3849196], [-48.3651528, -1.3853498]]}}, {"type": "Feature", "properties": {"highway": "primary"}, "geometry": {"type": "LineString", "coordinates": [[-48.4701487, -1.3312869], [-48.4700037, -1.3314275], [-48.4698859, -1.331563], [-48.4697719, -1.331705], [-48.4696926, -1.3318103], [-48.4696308, -1.3318922], [-48.4695054, -1.3321309], [-48.4694543, -1.3322408], [-48.4693759, -1.3324542], [-48.4693319, -1.3325993], [-48.4692888, -1.332769], [-48.4692703, -1.332884], [-48.4692094, -1.3331697], [-48.4690062, -1.3344599], [-48.4689008, -1.3351457], [-48.4687681, -1.3360098], [-48.4687581, -1.3361759], [-48.4687037, -1.3365939], [-48.4686273, -1.3370866], [-48.4684128, -1.3386646], [-48.4683894, -1.3388371], [-48.4682847, -1.3396123], [-48.4682515, -1.3398881], [-48.4681777, -1.3405128], [-48.468076, -1.3412677], [-48.4680043, -1.3417623], [-48.4679734, -1.3419754], [-48.4679403, -1.3422354], [-48.467865, -1.3426854], [-48.4677552, -1.3434839], [-48.4676564, -1.3442025], [-48.4675779, -1.3447136], [-48.4674847, -1.3453207], [-48.4674378, -1.3456883], [-48.467302, -1.3466546]]}}, {"type": "Feature", "properties": {"highway": "primary"}, "geometry": {"type": "LineString", "coordinates": [[-48.4531127, -1.3495111], [-48.4529028, -1.3494333]]}}, {"type": "Feature", "properties": {"highway": "primary"}, "geometry": {"type": "LineString", "coordinates": [[-48.4528033, -1.3497665], [-48.4528176, -1.3499437], [-48.4528551, -1.3502042], [-48.4528878, -1.3504219], [-48.4529855, -1.3510864], [-48.4530732, -1.3516046], [-48.4531208, -1.3518856], [-48.4531436, -1.3520103], [-48.4531689, -1.3521261], [-48.4533115, -1.3529823], [-48.4533164, -1.3530224], [-48.4533239, -1.3530764], [-48.4534044, -1.3535139], [-48.4534181, -1.3536079], [-48.4534211, -1.3536286], [-48.4534591, -1.3538945], [-48.4534634, -1.3539248], [-48.4535258, -1.354376], [-48.4535379, -1.3544799], [-48.4535553, -1.3546408], [-48.4535828, -1.3548915], [-48.4535949, -1.3549686], [-48.4536021, -1.3550159], [-48.4536391, -1.3553001], [-48.4536774, -1.3556101], [-48.4536961, -1.3559105], [-48.4536975, -1.3561907], [-48.4536917, -1.3563523], [-48.453678, -1.3566673], [-48.4536619, -1.356851], [-48.4536157, -1.3571681], [-48.4535936, -1.3572793], [-48.4535844, -1.3573238], [-48.4535298, -1.3575863], [-48.4534635, -1.3578166], [-48.4534387, -1.3578991], [-48.4533817, -1.3580885], [-48.453328, -1.3582313], [-48.4531879, -1.3585383], [-48.453051, -1.3587808], [-48.4529223, -1.359027], [-48.4528412, -1.3591564], [-48.4527373, -1.3593065], [-48.4527091, -1.3593474], [-48.452549, -1.3595644], [-48.4523625, -1.3598244], [-48.4522913, -1.3599236], [-48.4508083, -1.3620588], [-48.4507265, -1.362166], [-48.4506835, -1.3622206], [-48.450662, -1.3622473]]}}, {"type": "Feature", "properties": {"highway": "primary"}, "geometry": {"type": "LineString", "coordinates": [[-48.4460461, -1.3685856], [-48.446028, -1.368611], [-48.4457014, -1.3690693]]}}, {"type": "Feature", "properties": {"highway": "primary"}, "geometry": {"type": "LineString", "coordinates": [[-48.4457014, -1.3690693], [-48.4456388, -1.3691635], [-48.4455199, -1.3693162], [-48.4453577, -1.3695377], [-48.4452076, -1.3697342], [-48.4449888, -1.3700393], [-48.4449198, -1.3701336], [-48.4448252, -1.3702695], [-48.4444738, -1.3707745], [-48.4443254, -1.3709739], [-48.4442953, -1.3710132], [-48.4442533, -1.3710722], [-48.4442144, -1.3711251]]}}, {"type": "Feature", "properties": {"highway": "tertiary"}, "geometry": {"type": "LineString", "coordinates": [[-48.4579875, -1.3789914], [-48.4585567, -1.3789924], [-48.4588253, -1.3789966], [-48.4590212, -1.3789997], [-48.4592975, -1.3790073], [-48.4595712, -1.3790283], [-48.460389, -1.3790377], [-48.4610422, -1.3790522]]}}, {"type": "Feature", "properties": {"highway": "secondary"}, "geometry": {"type": "LineString", "coordinates": [[-48.4793399, -1.393498], [-48.4797523, -1.3930864], [-48.4798391, -1.3929445], [-48.4799257, -1.3927672], [-48.4799466, -1.3926921], [-48.4800546, -1.3923049], [-48.4800595, -1.392285]]}}, {"type": "Feature", "properties": {"highway": "secondary"}, "geometry": {"type": "LineString", "coordinates": [[-48.4802322, -1.3919257], [-48.4802825, -1.391894], [-48.4803392, -1.3918716], [-48.4803885, -1.3918645], [-48.4804228, -1.3918668], [-48.4804928, -1.3918711]]}}, {"type": "Feature", "properties": {"highway": "secondary"}, "geometry": {"type": "LineString", "coordinates": [[-48.4800595, -1.392285], [-48.4801025, -1.3921474], [-48.4801239, -1.3920813], [-48.4801823, -1.3919698], [-48.4802322, -1.3919257]]}}, {"type": "Feature", "properties": {"highway": "primary"}, "geometry": {"type": "LineString", "coordinates": [[-48.467831, -1.4101268], [-48.4680902, -1.4103939], [-48.4683174, -1.4105736], [-48.4686069, -1.4107554], [-48.4688365, -1.4108817], [-48.4691912, -1.4110385], [-48.4694334, -1.4111546], [-48.4696339, -1.4112461], [-48.4705654, -1.4116408], [-48.4712593, -1.4119428], [-48.4715098, -1.4120411], [-48.4715758, -1.4120731], [-48.4718344, -1.4121682], [-48.4719667, -1.4122303]]}}, {"type": "Feature", "properties": {"highway": "secondary"}, "geometry": {"type": "LineString", "coordinates": [[-48.4518175, -1.4722198], [-48.4519668, -1.4723036], [-48.4523731, -1.4724779], [-48.4526306, -1.4725771], [-48.4527755, -1.4726214], [-48.4528868, -1.4726388], [-48.4537719, -1.4726857]]}}, {"type": "Feature", "properties": {"highway": "secondary"}, "geometry": {"type": "LineString", "coordinates": [[-48.4518175, -1.4722198], [-48.4519668, -1.4723036], [-48.4523731, -1.4724779], [-48.4526306, -1.4725771], [-48.4527755, -1.4726214], [-48.4528868, -1.4726388], [-48.4537719, -1.4726857]]}}, {"type": "Feature", "properties": {"highway": "secondary"}, "geometry": {"type": "LineString", "coordinates": [[-48.4506008, -1.4710428], [-48.4503436, -1.4706454]]}}, {"type": "Feature", "properties": {"highway": "secondary"}, "geometry": {"type": "LineString", "coordinates": [[-48.4471776, -1.4428254], [-48.4471935, -1.4424023]]}}, {"type": "Feature", "properties": {"highway": "primary"}, "geometry": {"type": "LineString", "coordinates": [[-48.4547169, -1.4360629], [-48.4553016, -1.4369846], [-48.455518, -1.4372891], [-48.4555594, -1.4373528], [-48.4560975, -1.4381837], [-48.4561226, -1.4382217], [-48.4562761, -1.4384596], [-48.4562949, -1.4384887], [-48.4563656, -1.4385915]]}}, {"type": "Feature", "properties": {"highway": "tertiary"}, "geometry": {"type": "LineString", "coordinates": [[-48.4597619, -1.4327466], [-48.4594142, -1.4321904], [-48.459046, -1.4315462], [-48.4590265, -1.4315152], [-48.4589768, -1.4314287]]}}, {"type": "Feature", "properties": {"highway": "tertiary"}, "geometry": {"type": "LineString", "coordinates": [[-48.4597619, -1.4327466], [-48.4600147, -1.4325753], [-48.4624439, -1.4309243]]}}, {"type": "Feature", "properties": {"highway": "secondary"}, "geometry": {"type": "LineString", "coordinates": [[-48.4546655, -1.4263835], [-48.454371, -1.4267581], [-48.4542365, -1.4269721], [-48.4533976, -1.4279312]]}}, {"type": "Feature", "properties": {"highway": "secondary"}, "geometry": {"type": "LineString", "coordinates": [[-48.4546655, -1.4263835], [-48.454371, -1.4267581], [-48.4542365, -1.4269721], [-48.4533976, -1.4279312]]}}, {"type": "Feature", "properties": {"highway": "secondary"}, "geometry": {"type": "LineString", "coordinates": [[-48.4545401, -1.4262738], [-48.4549512, -1.4257666], [-48.4550662, -1.4256372], [-48.4552252, -1.4254673]]}}, {"type": "Feature", "properties": {"highway": "primary"}, "geometry": {"type": "LineString", "coordinates": [[-48.4605338, -1.386847], [-48.4604579, -1.3866781], [-48.4603052, -1.3863379], [-48.4602264, -1.3861607], [-48.4601473, -1.3859717], [-48.460052, -1.3857503], [-48.4596036, -1.3846803], [-48.4595413, -1.3845404]]}}, {"type": "Feature", "properties": {"highway": "primary"}, "geometry": {"type": "LineString", "coordinates": [[-48.4481342, -1.3790388], [-48.448092, -1.3790201], [-48.4477954, -1.3788839], [-48.4477043, -1.3788421], [-48.4476179, -1.3787931], [-48.4472393, -1.3785412], [-48.4471094, -1.3784547], [-48.4468032, -1.3782337], [-48.4465726, -1.3780523], [-48.4464026, -1.3778936], [-48.4461625, -1.3776644], [-48.4457487, -1.3771757], [-48.445205, -1.3763432], [-48.4450795, -1.3761337], [-48.444794, -1.3757065], [-48.4445623, -1.375371], [-48.4444052, -1.3751257]]}}, {"type": "Feature", "properties": {"highway": "primary"}, "geometry": {"type": "LineString", "coordinates": [[-48.4442144, -1.3711251], [-48.4441951, -1.3712101], [-48.4439578, -1.3715547], [-48.443902, -1.3716411], [-48.4436598, -1.3720031], [-48.4435798, -1.3721227], [-48.4435749, -1.3721282], [-48.4434798, -1.3722494], [-48.4433629, -1.3724034]]}}, {"type": "Feature", "properties": {"highway": "primary"}, "geometry": {"type": "LineString", "coordinates": [[-48.4442009, -1.3708926], [-48.4442254, -1.3708628], [-48.4445426, -1.3704201], [-48.4447055, -1.3701873], [-48.4447957, -1.3700583], [-48.4450217, -1.3697511], [-48.4456828, -1.3688282], [-48.4458393, -1.3685971], [-48.4459124, -1.3684635], [-48.4459673, -1.3683632], [-48.4460387, -1.368243], [-48.4460545, -1.36822], [-48.4461637, -1.3680698], [-48.4463742, -1.3677892], [-48.4468706, -1.3671276], [-48.4471372, -1.3667977], [-48.4472172, -1.3666861], [-48.4476371, -1.3660785]]}}, {"type": "Feature", "properties": {"highway": "primary"}, "geometry": {"type": "LineString", "coordinates": [[-48.4420504, -1.3745564], [-48.4419986, -1.3746804], [-48.4418776, -1.3749843], [-48.4417922, -1.3751568], [-48.4416476, -1.3754964], [-48.4413884, -1.3760443], [-48.4412215, -1.3764425], [-48.4411833, -1.3765341], [-48.4411589, -1.3765924], [-48.441097, -1.3767379], [-48.4410557, -1.3768339], [-48.4409333, -1.3770972], [-48.4407675, -1.3774542], [-48.4405536, -1.3779293], [-48.4404194, -1.3782352], [-48.4403627, -1.3783768], [-48.4400823, -1.3790346], [-48.4400281, -1.3791618], [-48.4399019, -1.3794266], [-48.4398534, -1.3795336], [-48.4398323, -1.3795735], [-48.4397608, -1.3797136], [-48.4397138, -1.379798], [-48.4396201, -1.3799977], [-48.439471, -1.380333], [-48.4394416, -1.380402], [-48.4393618, -1.3805906], [-48.4389932, -1.3813624], [-48.4389354, -1.3814712], [-48.4386087, -1.3821136], [-48.4384713, -1.3824795]]}}, {"type": "Feature", "properties": {"highway": "primary"}, "geometry": {"type": "LineString", "coordinates": [[-48.4384713, -1.3824795], [-48.4382922, -1.3828937], [-48.4382274, -1.3830374], [-48.4381835, -1.3831316], [-48.4381367, -1.383234]]}}, {"type": "Feature", "properties": {"highway": "primary"}, "geometry": {"type": "LineString", "coordinates": [[-48.4380132, -1.3829064], [-48.4380934, -1.3827336], [-48.4383024, -1.3823315], [-48.4383745, -1.3822067], [-48.43842, -1.3821297], [-48.4385133, -1.3819163], [-48.4386929, -1.3815128], [-48.4388536, -1.3810886], [-48.4389944, -1.3807791], [-48.4390657, -1.3806293], [-48.4392947, -1.3801373], [-48.4395675, -1.3795455], [-48.4395985, -1.3794737], [-48.4396204, -1.3794301], [-48.4397841, -1.3791012], [-48.4398365, -1.3789943], [-48.4403904, -1.377895], [-48.4406473, -1.3773408], [-48.4407949, -1.3770366], [-48.4410073, -1.3765576], [-48.4410254, -1.376506], [-48.4410578, -1.376421], [-48.4413346, -1.3758061], [-48.4413701, -1.3757289], [-48.4413966, -1.3756715], [-48.4414679, -1.37553], [-48.4417504, -1.3749077], [-48.441783, -1.3748319], [-48.4417887, -1.3748196], [-48.4418006, -1.3747939], [-48.441848, -1.3746916], [-48.4418846, -1.3746236], [-48.4418965, -1.3745985]]}}, {"type": "Feature", "properties": {"highway": "primary"}, "geometry": {"type": "LineString", "coordinates": [[-48.4524047, -1.3485493], [-48.4523023, -1.3482714], [-48.4522931, -1.3482436], [-48.4522516, -1.3480975]]}}, {"type": "Feature", "properties": {"highway": "primary"}, "geometry": {"type": "LineString", "coordinates": [[-48.4524187, -1.3469381], [-48.4525843, -1.3479753], [-48.4525983, -1.3481038], [-48.4526091, -1.3481789], [-48.45264, -1.3485532]]}}, {"type": "Feature", "properties": {"highway": "primary"}, "geometry": {"type": "LineString", "coordinates": [[-48.45264, -1.3485532], [-48.4526522, -1.3487685], [-48.452726, -1.3492898], [-48.4527391, -1.349378]]}}, {"type": "Feature", "properties": {"highway": "tertiary"}, "geometry": {"type": "LineString", "coordinates": [[-48.4178522, -1.3282552], [-48.4174997, -1.3284], [-48.4172309, -1.3285266], [-48.4169991, -1.3286266], [-48.4166307, -1.3287754], [-48.4165267, -1.3288074], [-48.416436, -1.3288483], [-48.416039, -1.3290276], [-48.4158542, -1.3291095], [-48.4154246, -1.3292881], [-48.4153472, -1.3293203], [-48.4148033, -1.3295246], [-48.414474, -1.3296732], [-48.4141988, -1.3297783], [-48.4140075, -1.3298604], [-48.4135903, -1.3300296], [-48.4132814, -1.3301616], [-48.412376, -1.3305484], [-48.4122039, -1.3306349], [-48.4120899, -1.3307169], [-48.4120351, -1.3307848], [-48.4120046, -1.3308528], [-48.411908, -1.3311759], [-48.4118785, -1.3313314], [-48.4118278, -1.3314904], [-48.4116738, -1.3320447], [-48.4116112, -1.3322702], [-48.4115755, -1.3323986], [-48.411512, -1.3325962], [-48.4113702, -1.3330677], [-48.4113328, -1.3331909], [-48.4113193, -1.3332353], [-48.411198, -1.3336168], [-48.4111615, -1.3337203], [-48.4110798, -1.3340085], [-48.4110235, -1.3341957], [-48.4108778, -1.33467], [-48.4106825, -1.3352279], [-48.4106006, -1.3354887], [-48.4105105, -1.3357877], [-48.4104853, -1.3358712], [-48.4103584, -1.3362828], [-48.4102625, -1.3365938]]}}, {"type": "Feature", "properties": {"highway": "tertiary"}, "geometry": {"type": "LineString", "coordinates": [[-48.4038995, -1.3337014], [-48.4031095, -1.3340181], [-48.402641, -1.3341913], [-48.4022232, -1.3343638], [-48.4017988, -1.3345215], [-48.4013762, -1.3346812], [-48.400764, -1.3348998], [-48.4002764, -1.3351442], [-48.4002672, -1.3351479], [-48.4001459, -1.3351967], [-48.3998971, -1.3352971], [-48.3997864, -1.3353481]]}}, {"type": "Feature", "properties": {"highway": "tertiary"}, "geometry": {"type": "LineString", "coordinates": [[-48.4039164, -1.3337455], [-48.4038995, -1.3337014], [-48.4037517, -1.333274], [-48.4037375, -1.3332394], [-48.4035813, -1.3328237], [-48.4035696, -1.3327926], [-48.4034438, -1.3324577], [-48.4034264, -1.3324115], [-48.4032884, -1.3320399], [-48.4032476, -1.3319407], [-48.4032411, -1.3319249], [-48.4032096, -1.3318503], [-48.4032047, -1.3318388], [-48.4030606, -1.3314968], [-48.4030553, -1.3314843], [-48.4029419, -1.3311624]]}}, {"type": "Feature", "properties": {"highway": "tertiary"}, "geometry": {"type": "LineString", "coordinates": [[-48.3675801, -1.3935087], [-48.3671239, -1.3933533], [-48.3667138, -1.3932384], [-48.36609, -1.3930501], [-48.3659269, -1.3930067], [-48.3657171, -1.3929359], [-48.3656177, -1.392901], [-48.3654977, -1.3928588], [-48.3650616, -1.3927061]]}}, {"type": "Feature", "properties": {"highway": "tertiary"}, "geometry": {"type": "LineString", "coordinates": [[-48.3651528, -1.3853498], [-48.3651037, -1.3854698]]}}, {"type": "Feature", "properties": {"highway": "tertiary"}, "geometry": {"type": "LineString", "coordinates": [[-48.4865628, -1.4314821], [-48.4857843, -1.4316946]]}}, {"type": "Feature", "properties": {"highway": "secondary"}, "geometry": {"type": "LineString", "coordinates": [[-48.4375484, -1.3541741], [-48.4374755, -1.3539664], [-48.4373709, -1.353705], [-48.4373058, -1.353532], [-48.4372367, -1.3533315], [-48.4371807, -1.3532084], [-48.4370132, -1.3527812], [-48.4369797, -1.3526957]]}}, {"type": "Feature", "properties": {"highway": "secondary"}, "geometry": {"type": "LineString", "coordinates": [[-48.4364384, -1.3513808], [-48.4363908, -1.3512724], [-48.4362408, -1.3509053], [-48.4361247, -1.3506407], [-48.4360837, -1.3505425], [-48.4360397, -1.3504324], [-48.4359477, -1.3502089], [-48.4359239, -1.3501511], [-48.4358375, -1.3499518], [-48.4357394, -1.3497012], [-48.4356985, -1.3495976], [-48.4356762, -1.3495409], [-48.4356525, -1.3494919]]}}, {"type": "Feature", "properties": {"highway": "tertiary"}, "geometry": {"type": "LineString", "coordinates": [[-48.4533642, -1.3691052], [-48.4533367, -1.3690911], [-48.4533287, -1.3690663], [-48.4533377, -1.3686507], [-48.4533401, -1.3685407], [-48.4533526, -1.3679657], [-48.453378, -1.3667994], [-48.4533892, -1.3662836], [-48.4533809, -1.3662542], [-48.4533722, -1.3662237], [-48.4533395, -1.3661761], [-48.4532422, -1.3660986], [-48.4531403, -1.3660762]]}}, {"type": "Feature", "properties": {"highway": "secondary"}, "geometry": {"type": "LineString", "coordinates": [[-48.4685414, -1.4747308], [-48.4684629, -1.474744], [-48.4671427, -1.4749662], [-48.466449, -1.4750712], [-48.4656903, -1.475186], [-48.464772, -1.4753363], [-48.4646132, -1.4753564], [-48.4642899, -1.4754072], [-48.4639513, -1.4754571], [-48.4636228, -1.4755062], [-48.462935, -1.4756097], [-48.4628215, -1.4756295], [-48.4625689, -1.4756653], [-48.4621249, -1.4757295], [-48.4615522, -1.4758123], [-48.4602077, -1.4759972], [-48.4601828, -1.4759973], [-48.4600036, -1.4760215], [-48.4599332, -1.4760314], [-48.4598173, -1.4760449], [-48.4597468, -1.4760553], [-48.4596588, -1.4760283]]}}, {"type": "Feature", "properties": {"highway": "secondary"}, "geometry": {"type": "LineString", "coordinates": [[-48.4596588, -1.4760283], [-48.4597462, -1.4759738], [-48.4598723, -1.4759176], [-48.4599339, -1.4758947], [-48.4599779, -1.4758798], [-48.4600077, -1.4758692], [-48.4600969, -1.4758477], [-48.4601489, -1.4758382], [-48.4603719, -1.4758027], [-48.460625, -1.4757604], [-48.460855, -1.4757167], [-48.4610759, -1.4756857], [-48.4618789, -1.4755762]]}}, {"type": "Feature", "properties": {"highway": "secondary"}, "geometry": {"type": "LineString", "coordinates": [[-48.4694486, -1.3041288], [-48.4693918, -1.3045988], [-48.4693631, -1.3048993], [-48.4693012, -1.3054907]]}}, {"type": "Feature", "properties": {"highway": "primary"}, "geometry": {"type": "LineString", "coordinates": [[-48.4421477, -1.3743595], [-48.4420504, -1.3745564]]}}, {"type": "Feature", "properties": {"highway": "primary"}, "geometry": {"type": "LineString", "coordinates": [[-48.4418965, -1.3745985], [-48.4418938, -1.3745118], [-48.4419005, -1.37448], [-48.4421003, -1.3740677]]}}, {"type": "Feature", "properties": {"highway": "primary"}, "geometry": {"type": "LineString", "coordinates": [[-48.4421909, -1.3738816], [-48.4422784, -1.3737215], [-48.4424789, -1.3733636], [-48.4425246, -1.3732877]]}}, {"type": "Feature", "properties": {"highway": "primary"}, "geometry": {"type": "LineString", "coordinates": [[-48.4421003, -1.3740677], [-48.4421909, -1.3738816]]}}, {"type": "Feature", "properties": {"highway": "primary"}, "geometry": {"type": "LineString", "coordinates": [[-48.4432306, -1.3725792], [-48.4432105, -1.3726103], [-48.4431896, -1.3726427]]}}, {"type": "Feature", "properties": {"highway": "primary"}, "geometry": {"type": "LineString", "coordinates": [[-48.4430776, -1.3723779], [-48.4431044, -1.3723384], [-48.4432508, -1.3721222], [-48.4434166, -1.3719158], [-48.443595, -1.3716533], [-48.4436903, -1.371512], [-48.4440529, -1.3710167], [-48.4441468, -1.3708884], [-48.4442009, -1.3708926]]}}, {"type": "Feature", "properties": {"highway": "primary"}, "geometry": {"type": "LineString", "coordinates": [[-48.4517106, -1.3468962], [-48.4519272, -1.3468495], [-48.451962, -1.3468446], [-48.4521018, -1.3468223]]}}, {"type": "Feature", "properties": {"highway": "tertiary"}, "geometry": {"type": "LineString", "coordinates": [[-48.4548154, -1.3806855], [-48.4545769, -1.3806976], [-48.4544533, -1.38071], [-48.4544222, -1.3807112]]}}, {"type": "Feature", "properties": {"highway": "primary"}, "geometry": {"type": "LineString", "coordinates": [[-48.4594831, -1.3837451], [-48.4596365, -1.3840961], [-48.4596446, -1.3841129], [-48.4597193, -1.3842816]]}}, {"type": "Feature", "properties": {"highway": "primary"}, "geometry": {"type": "LineString", "coordinates": [[-48.4598285, -1.3845341], [-48.4604399, -1.3859921], [-48.4607162, -1.3866961], [-48.4608556, -1.3869991], [-48.4609987, -1.3872729]]}}, {"type": "Feature", "properties": {"highway": "tertiary"}, "geometry": {"type": "LineString", "coordinates": [[-48.4934285, -1.4408283], [-48.4934697, -1.4409093]]}}, {"type": "Feature", "properties": {"highway": "tertiary"}, "geometry": {"type": "LineString", "coordinates": [[-48.4935028, -1.4409621], [-48.4935774, -1.4410837]]}}, {"type": "Feature", "properties": {"highway": "secondary"}, "geometry": {"type": "LineString", "coordinates": [[-48.4943363, -1.440643], [-48.4936671, -1.4411542], [-48.4936323, -1.4411793]]}}, {"type": "Feature", "properties": {"highway": "tertiary"}, "geometry": {"type": "LineString", "coordinates": [[-48.4965407, -1.4466862], [-48.4966011, -1.4467513]]}}, {"type": "Feature", "properties": {"highway": "tertiary"}, "geometry": {"type": "LineString", "coordinates": [[-48.4936776, -1.4412684], [-48.4937087, -1.4413348], [-48.4941849, -1.4423506], [-48.4945698, -1.4430801], [-48.4946981, -1.4433233], [-48.4947612, -1.4434429], [-48.4949015, -1.4436869], [-48.4950746, -1.443988]]}}, {"type": "Feature", "properties": {"highway": "tertiary"}, "geometry": {"type": "LineString", "coordinates": [[-48.4781081, -1.4312236], [-48.4779866, -1.4313016]]}}, {"type": "Feature", "properties": {"highway": "tertiary"}, "geometry": {"type": "LineString", "coordinates": [[-48.424155, -1.4084993], [-48.4240718, -1.4085007], [-48.4238227, -1.408744], [-48.4236112, -1.4089372], [-48.4235582, -1.4089915]]}}, {"type": "Feature", "properties": {"highway": "tertiary"}, "geometry": {"type": "LineString", "coordinates": [[-48.4491036, -1.3711286], [-48.4492764, -1.3710814]]}}, {"type": "Feature", "properties": {"highway": "tertiary"}, "geometry": {"type": "LineString", "coordinates": [[-48.4725321, -1.400162], [-48.4724416, -1.4001357], [-48.4721393, -1.3998658], [-48.4721015, -1.3998136], [-48.472073, -1.3997567]]}}, {"type": "Feature", "properties": {"highway": "tertiary"}, "geometry": {"type": "LineString", "coordinates": [[-48.4721369, -1.4005517], [-48.4724918, -1.4001981]]}}, {"type": "Feature", "properties": {"highway": "primary"}, "geometry": {"type": "LineString", "coordinates": [[-48.4380648, -1.4065934], [-48.4376271, -1.4064746], [-48.4372656, -1.4063823]]}}, {"type": "Feature", "properties": {"highway": "tertiary"}, "geometry": {"type": "LineString", "coordinates": [[-48.4380648, -1.4065934], [-48.4381029, -1.4065448], [-48.4381402, -1.4064975]]}}, {"type": "Feature", "properties": {"highway": "tertiary"}, "geometry": {"type": "LineString", "coordinates": [[-48.4831887, -1.2927993], [-48.4830535, -1.2927534], [-48.4824998, -1.2925562], [-48.482389, -1.2925161], [-48.4820736, -1.2924029], [-48.4819627, -1.292365], [-48.4816526, -1.2922626], [-48.4810004, -1.292031], [-48.4806973, -1.2919305], [-48.480174, -1.291757], [-48.4784364, -1.2911651]]}}, {"type": "Feature", "properties": {"highway": "secondary"}, "geometry": {"type": "LineString", "coordinates": [[-48.4762254, -1.2977423], [-48.4761274, -1.2977432], [-48.4760294, -1.2977674], [-48.4759424, -1.2978108], [-48.4750498, -1.2983376], [-48.4749988, -1.2983939], [-48.4749688, -1.2984361], [-48.4749438, -1.2984941], [-48.4749165, -1.298593], [-48.4748869, -1.2988483], [-48.4748553, -1.2992014], [-48.474815, -1.2996518], [-48.474788, -1.299738], [-48.4747476, -1.2998211], [-48.474703, -1.2998654], [-48.4746174, -1.2999002]]}}, {"type": "Feature", "properties": {"highway": "secondary"}, "geometry": {"type": "LineString", "coordinates": [[-48.4469713, -1.4467676], [-48.4469945, -1.4462683], [-48.4470024, -1.4462021], [-48.4470152, -1.4457343], [-48.4470211, -1.4456619], [-48.4470264, -1.445588], [-48.4470342, -1.44548], [-48.447108, -1.4445958], [-48.4471379, -1.4441972], [-48.4471495, -1.4440134], [-48.4471696, -1.443696], [-48.4471726, -1.443632]]}}, {"type": "Feature", "properties": {"highway": "secondary"}, "geometry": {"type": "LineString", "coordinates": [[-48.450419, -1.4338245], [-48.4504623, -1.4337332], [-48.4506757, -1.4332801], [-48.4508699, -1.4328786], [-48.4509128, -1.4327862], [-48.4509856, -1.4326253], [-48.450992, -1.4326114], [-48.4510281, -1.4325296], [-48.4511503, -1.4322592], [-48.451291, -1.4319412], [-48.451317, -1.4318893]]}}, {"type": "Feature", "properties": {"highway": "tertiary"}, "geometry": {"type": "LineString", "coordinates": [[-48.3357817, -1.3480615], [-48.3358527, -1.3478695], [-48.3360468, -1.3472829], [-48.3360663, -1.347219], [-48.3361375, -1.3468249], [-48.3361872, -1.3464834], [-48.336191, -1.3464308], [-48.3362364, -1.3459417], [-48.3362469, -1.3458275], [-48.3362925, -1.3451826], [-48.3363582, -1.3445444], [-48.3364098, -1.3439399], [-48.3364438, -1.3436146]]}}, {"type": "Feature", "properties": {"highway": "tertiary"}, "geometry": {"type": "LineString", "coordinates": [[-48.3095007, -1.3677526], [-48.3091851, -1.3683252], [-48.309131, -1.3684299], [-48.3089055, -1.3688921], [-48.308621, -1.369444], [-48.3085025, -1.369669], [-48.3082928, -1.3700426], [-48.3080015, -1.3705994], [-48.3078388, -1.3709302], [-48.3077121, -1.3711795], [-48.3074054, -1.3717567], [-48.3070841, -1.3723562], [-48.307052, -1.3724225], [-48.3067854, -1.3729573]]}}, {"type": "Feature", "properties": {"highway": "tertiary"}, "geometry": {"type": "LineString", "coordinates": [[-48.3067854, -1.3729573], [-48.3064746, -1.3735305]]}}, {"type": "Feature", "properties": {"highway": "tertiary"}, "geometry": {"type": "LineString", "coordinates": [[-48.3064746, -1.3735305], [-48.3062304, -1.3740017]]}}, {"type": "Feature", "properties": {"highway": "tertiary"}, "geometry": {"type": "LineString", "coordinates": [[-48.3062304, -1.3740017], [-48.3059791, -1.3744879]]}}, {"type": "Feature", "properties": {"highway": "tertiary"}, "geometry": {"type": "LineString", "coordinates": [[-48.3059791, -1.3744879], [-48.3057062, -1.3750028]]}}, {"type": "Feature", "properties": {"highway": "tertiary"}, "geometry": {"type": "LineString", "coordinates": [[-48.3057062, -1.3750028], [-48.3054203, -1.3755621]]}}, {"type": "Feature", "properties": {"highway": "tertiary"}, "geometry": {"type": "LineString", "coordinates": [[-48.3054203, -1.3755621], [-48.3051252, -1.3761172], [-48.3048278, -1.37668]]}}, {"type": "Feature", "properties": {"highway": "tertiary"}, "geometry": {"type": "LineString", "coordinates": [[-48.3038742, -1.3783978], [-48.3034731, -1.3788718], [-48.3031292, -1.3792874], [-48.3030211, -1.3793892], [-48.3018562, -1.3807159]]}}, {"type": "Feature", "properties": {"highway": "primary"}, "geometry": {"type": "LineString", "coordinates": [[-48.4359071, -1.3669183], [-48.4362584, -1.3671774], [-48.4363213, -1.3672233], [-48.4363761, -1.3672632], [-48.4364438, -1.3673101]]}}, {"type": "Feature", "properties": {"highway": "primary"}, "geometry": {"type": "LineString", "coordinates": [[-48.4361107, -1.3673088], [-48.4356664, -1.3669942], [-48.4354688, -1.3668436], [-48.4353774, -1.3667739], [-48.4353186, -1.366729], [-48.4352484, -1.3666746], [-48.4351181, -1.3665299], [-48.4350414, -1.3664239], [-48.4349618, -1.3662687], [-48.4347336, -1.3657976]]}}, {"type": "Feature", "properties": {"highway": "secondary"}, "geometry": {"type": "LineString", "coordinates": [[-48.4497781, -1.4355677], [-48.4498456, -1.4354172], [-48.4499136, -1.4350551], [-48.4499657, -1.4348589], [-48.4500736, -1.4345856], [-48.4502039, -1.4342882], [-48.4503013, -1.4340696], [-48.4503561, -1.4339556], [-48.450419, -1.4338245]]}}, {"type": "Feature", "properties": {"highway": "tertiary"}, "geometry": {"type": "LineString", "coordinates": [[-48.4283158, -1.4123726], [-48.4283122, -1.4126423], [-48.4283154, -1.4127734], [-48.4283171, -1.4128492]]}}, {"type": "Feature", "properties": {"highway": "tertiary"}, "geometry": {"type": "LineString", "coordinates": [[-48.4851491, -1.3067652], [-48.4849582, -1.3067543], [-48.4831311, -1.3066167]]}}, {"type": "Feature", "properties": {"highway": "tertiary"}, "geometry": {"type": "LineString", "coordinates": [[-48.4871352, -1.3069307], [-48.4871738, -1.3063312], [-48.4871924, -1.306042], [-48.487197, -1.3059703], [-48.4872083, -1.3058061], [-48.4872569, -1.3051002], [-48.4872628, -1.3049874], [-48.4872745, -1.3047646], [-48.4872978, -1.3043932], [-48.4873065, -1.3042536]]}}, {"type": "Feature", "properties": {"highway": "secondary"}, "geometry": {"type": "LineString", "coordinates": [[-48.4856995, -1.2983933], [-48.4844073, -1.298314], [-48.4836929, -1.2982702]]}}, {"type": "Feature", "properties": {"highway": "tertiary"}, "geometry": {"type": "LineString", "coordinates": [[-48.4856995, -1.2983933], [-48.4856478, -1.2991557], [-48.4856448, -1.2991995], [-48.4856347, -1.299348], [-48.4855624, -1.3004141], [-48.4855025, -1.3011112], [-48.4854762, -1.3014943], [-48.4854592, -1.3016745], [-48.4854445, -1.3019207], [-48.485414, -1.3024305]]}}, {"type": "Feature", "properties": {"highway": "secondary"}, "geometry": {"type": "LineString", "coordinates": [[-48.4693012, -1.3054907], [-48.4692758, -1.3057309], [-48.4692396, -1.3059776], [-48.4691933, -1.3062925]]}}, {"type": "Feature", "properties": {"highway": "primary"}, "geometry": {"type": "LineString", "coordinates": [[-48.48484, -1.3106145], [-48.482886, -1.3104707]]}}, {"type": "Feature", "properties": {"highway": "secondary"}, "geometry": {"type": "LineString", "coordinates": [[-48.4835401, -1.3002649], [-48.4855624, -1.3004141]]}}, {"type": "Feature", "properties": {"highway": "tertiary"}, "geometry": {"type": "LineString", "coordinates": [[-48.4835401, -1.3002649], [-48.4834671, -1.3013564], [-48.4834591, -1.3014889], [-48.4833935, -1.3023056]]}}, {"type": "Feature", "properties": {"highway": "tertiary"}, "geometry": {"type": "LineString", "coordinates": [[-48.4778179, -1.2999094], [-48.4778605, -1.2989094], [-48.4778651, -1.2988027], [-48.4778837, -1.2985423], [-48.4778852, -1.2985213], [-48.4779033, -1.2982675], [-48.477906, -1.2982291]]}}, {"type": "Feature", "properties": {"highway": "tertiary"}, "geometry": {"type": "LineString", "coordinates": [[-48.453808, -1.3020293], [-48.4534707, -1.3020074], [-48.4533932, -1.3020044], [-48.4530185, -1.3019692], [-48.4526567, -1.3019404], [-48.4524045, -1.3019173], [-48.4522216, -1.301882], [-48.4518508, -1.3018051], [-48.4515986, -1.3017413], [-48.4512962, -1.3016552], [-48.4511742, -1.301615], [-48.4500997, -1.301275], [-48.44936, -1.3009938], [-48.4484194, -1.3004611], [-48.4481249, -1.3002957], [-48.4477362, -1.3001095], [-48.447148, -1.2998293], [-48.4462794, -1.2993951], [-48.4453192, -1.2989552], [-48.4445089, -1.2986168], [-48.4441672, -1.2984941], [-48.4439866, -1.298434], [-48.4438019, -1.2983733], [-48.4423529, -1.297959], [-48.441935, -1.2978198], [-48.4414147, -1.2975896], [-48.4409982, -1.2973008], [-48.440565, -1.2970231], [-48.4402137, -1.2967813], [-48.4397965, -1.2964931], [-48.4393965, -1.2961909], [-48.438967, -1.295866], [-48.4384757, -1.2954713], [-48.4384569, -1.2954562], [-48.4380216, -1.2951065], [-48.437613, -1.2947695], [-48.4374589, -1.2946424], [-48.4368477, -1.2941344], [-48.4364535, -1.2938331], [-48.4362278, -1.293633], [-48.4358656, -1.2932775], [-48.4354504, -1.2927448], [-48.4352809, -1.2924272], [-48.4352053, -1.2922854], [-48.4350665, -1.2920253], [-48.4348449, -1.2915788]]}}, {"type": "Feature", "properties": {"highway": "secondary"}, "geometry": {"type": "LineString", "coordinates": [[-48.4558387, -1.2832171], [-48.4563093, -1.2832687], [-48.4564535, -1.2833062], [-48.4565856, -1.2833659], [-48.4567451, -1.2834785], [-48.4568484, -1.2835791], [-48.4569544, -1.2837346], [-48.4569867, -1.2838234], [-48.4570134, -1.2838968], [-48.4570563, -1.2840631], [-48.4572789, -1.2850928], [-48.457472, -1.2859348], [-48.4578464, -1.2876992], [-48.4578934, -1.2879252], [-48.4580648, -1.288607], [-48.45816, -1.2890024], [-48.458183, -1.2890787], [-48.458315, -1.2897378], [-48.4584121, -1.2901777], [-48.4585248, -1.2905678], [-48.458581, -1.2906775], [-48.458962, -1.2911336], [-48.4590948, -1.291263], [-48.4592785, -1.2914045], [-48.4596131, -1.2916056], [-48.4598786, -1.2917329], [-48.46102, -1.2923079], [-48.4614334, -1.2924919], [-48.4615151, -1.2925283], [-48.4624461, -1.2930275], [-48.462705, -1.2931387], [-48.4628405, -1.2931803], [-48.4629518, -1.2931964], [-48.4631328, -1.2932259], [-48.4632723, -1.2932473], [-48.4645023, -1.2934763], [-48.4656367, -1.2936402], [-48.4661718, -1.2937394], [-48.4669429, -1.2938695], [-48.4687405, -1.2941952], [-48.4695291, -1.2943223], [-48.4706212, -1.294488]]}}, {"type": "Feature", "properties": {"highway": "secondary"}, "geometry": {"type": "LineString", "coordinates": [[-48.4555826, -1.2832795], [-48.4555928, -1.283326], [-48.4555881, -1.2833733], [-48.4555695, -1.2834158], [-48.455539, -1.2834507], [-48.4554993, -1.2834747], [-48.4554542, -1.2834856], [-48.4554079, -1.2834823], [-48.4553648, -1.2834652], [-48.4553289, -1.2834358], [-48.4553036, -1.283397], [-48.455291, -1.2833503], [-48.4552938, -1.283302], [-48.4553117, -1.2832571], [-48.4553428, -1.2832201], [-48.455384, -1.2831948], [-48.4554311, -1.2831837], [-48.4554792, -1.2831881], [-48.4555229, -1.283207], [-48.4555585, -1.2832385], [-48.4555826, -1.2832795]]}}, {"type": "Feature", "properties": {"highway": "secondary"}, "geometry": {"type": "LineString", "coordinates": [[-48.4554792, -1.2831881], [-48.4556341, -1.2832006], [-48.4558387, -1.2832171]]}}, {"type": "Feature", "properties": {"highway": "secondary"}, "geometry": {"type": "LineString", "coordinates": [[-48.4558387, -1.2832171], [-48.4557558, -1.2832445], [-48.4557091, -1.2832632], [-48.4556531, -1.2832982], [-48.4556204, -1.2833333], [-48.4555881, -1.2833733]]}}, {"type": "Feature", "properties": {"highway": "secondary"}, "geometry": {"type": "LineString", "coordinates": [[-48.455539, -1.2834507], [-48.455513, -1.28352], [-48.4554943, -1.2835877], [-48.4554803, -1.2836671], [-48.4554518, -1.283795]]}}, {"type": "Feature", "properties": {"highway": "secondary"}, "geometry": {"type": "LineString", "coordinates": [[-48.4554518, -1.283795], [-48.4554406, -1.2837254], [-48.4554266, -1.2836577], [-48.4554055, -1.283597], [-48.4553775, -1.283527], [-48.4553612, -1.283492], [-48.4553289, -1.2834358]]}}, {"type": "Feature", "properties": {"highway": "secondary"}, "geometry": {"type": "LineString", "coordinates": [[-48.4553036, -1.283397], [-48.4552561, -1.2833379], [-48.4552071, -1.2833029], [-48.4551618, -1.2832775], [-48.4550901, -1.2832412], [-48.4550052, -1.2832041], [-48.4549318, -1.2831846], [-48.4548539, -1.2831625], [-48.4547306, -1.2831292]]}}, {"type": "Feature", "properties": {"highway": "tertiary"}, "geometry": {"type": "LineString", "coordinates": [[-48.4831311, -1.3066167], [-48.4813348, -1.3064934], [-48.4811605, -1.3064799], [-48.4799313, -1.3063858], [-48.4791963, -1.3063296], [-48.4784145, -1.3062737], [-48.4784096, -1.3062733]]}}, {"type": "Feature", "properties": {"highway": "tertiary"}, "geometry": {"type": "LineString", "coordinates": [[-48.4670599, -1.261114], [-48.468425, -1.2624875], [-48.4689114, -1.2629607], [-48.4692365, -1.263304], [-48.4696262, -1.2637269], [-48.4702012, -1.2643242], [-48.4713406, -1.2655078], [-48.4719126, -1.2661199], [-48.4722122, -1.266443], [-48.4724945, -1.266748], [-48.4726631, -1.2669566], [-48.4727181, -1.267047], [-48.472808, -1.2672562], [-48.4728547, -1.267386], [-48.4728718, -1.2675425], [-48.4728987, -1.2683244], [-48.4729176, -1.2692133], [-48.4729248, -1.2695071], [-48.4729377, -1.2701552], [-48.4729601, -1.2711367], [-48.4729735, -1.2713736]]}}, {"type": "Feature", "properties": {"highway": "tertiary"}, "geometry": {"type": "LineString", "coordinates": [[-48.4560129, -1.268462], [-48.4565091, -1.2679591], [-48.4569626, -1.2675054], [-48.4572575, -1.2672056], [-48.4576491, -1.266798], [-48.4579024, -1.2665587], [-48.4582829, -1.2661754], [-48.4586042, -1.2658519], [-48.4591127, -1.2653196], [-48.4595239, -1.2649316], [-48.4595613, -1.2648923], [-48.459937, -1.2644972], [-48.4601556, -1.264284], [-48.4604403, -1.2640064], [-48.4605975, -1.263844], [-48.4608734, -1.263566], [-48.4611871, -1.26325], [-48.4613545, -1.2630854], [-48.4617555, -1.2626858], [-48.462137, -1.2622931], [-48.462569, -1.261858], [-48.4630273, -1.2613964], [-48.4634638, -1.2609566], [-48.4638645, -1.260553], [-48.4642404, -1.2601744], [-48.4648042, -1.2596064], [-48.4652126, -1.259195]]}}, {"type": "Feature", "properties": {"highway": "tertiary"}, "geometry": {"type": "LineString", "coordinates": [[-48.4753518, -1.2802376], [-48.4752095, -1.2800287], [-48.4750526, -1.279774], [-48.4749869, -1.2796808], [-48.4747481, -1.279298], [-48.4746462, -1.2791398], [-48.4744276, -1.2788073], [-48.4742164, -1.2784734], [-48.4741138, -1.2783005], [-48.4739032, -1.2779881], [-48.473796, -1.2778258], [-48.4735961, -1.2775054], [-48.4734714, -1.2773311], [-48.4732474, -1.2769865], [-48.4730852, -1.2767251], [-48.4729698, -1.2765253], [-48.472884, -1.2763483], [-48.4728585, -1.2761968], [-48.4728518, -1.276056], [-48.4728827, -1.2757423], [-48.4729256, -1.2754419], [-48.4729832, -1.2752247], [-48.4730597, -1.2750008]]}}, {"type": "Feature", "properties": {"highway": "tertiary"}, "geometry": {"type": "LineString", "coordinates": [[-48.4753518, -1.2802376], [-48.4752095, -1.2800287], [-48.4750526, -1.279774], [-48.4749869, -1.2796808], [-48.4747481, -1.279298], [-48.4746462, -1.2791398], [-48.4744276, -1.2788073], [-48.4742164, -1.2784734], [-48.4741138, -1.2783005], [-48.4739032, -1.2779881], [-48.473796, -1.2778258], [-48.4735961, -1.2775054], [-48.4734714, -1.2773311], [-48.4732474, -1.2769865], [-48.4730852, -1.2767251], [-48.4729698, -1.2765253], [-48.472884, -1.2763483], [-48.4728585, -1.2761968], [-48.4728518, -1.276056], [-48.4728827, -1.2757423], [-48.4729256, -1.2754419], [-48.4729832, -1.2752247], [-48.4730597, -1.2750008]]}}, {"type": "Feature", "properties": {"highway": "tertiary"}, "geometry": {"type": "LineString", "coordinates": [[-48.4773868, -1.3062002], [-48.4768137, -1.3061514], [-48.4763461, -1.3061115], [-48.4758284, -1.3060719], [-48.4753069, -1.3060227], [-48.4748121, -1.3059823], [-48.4742874, -1.3059213], [-48.4738086, -1.3058785], [-48.4733571, -1.3058295], [-48.4728908, -1.3057856], [-48.4724514, -1.3057535], [-48.4720033, -1.3057151], [-48.471569, -1.3056854], [-48.4711181, -1.3056321], [-48.4706813, -1.3055964], [-48.4702213, -1.3055619], [-48.4697888, -1.305533], [-48.4693012, -1.3054907]]}}, {"type": "Feature", "properties": {"highway": "primary"}, "geometry": {"type": "LineString", "coordinates": [[-48.4773868, -1.3062002], [-48.4773136, -1.3070109], [-48.4772729, -1.307534], [-48.4772145, -1.3083133], [-48.477252, -1.3089704], [-48.4772989, -1.3094812], [-48.4773164, -1.3097011], [-48.4773319, -1.3102405]]}}, {"type": "Feature", "properties": {"highway": "primary"}, "geometry": {"type": "LineString", "coordinates": [[-48.477531, -1.3041565], [-48.4775082, -1.3040935], [-48.4775262, -1.3037308], [-48.4775367, -1.3035185], [-48.4775641, -1.302817], [-48.4775884, -1.3023904], [-48.4776376, -1.3020215]]}}, {"type": "Feature", "properties": {"highway": "secondary"}, "geometry": {"type": "LineString", "coordinates": [[-48.4760074, -1.2997929], [-48.476973, -1.2998537], [-48.4778179, -1.2999094]]}}, {"type": "Feature", "properties": {"highway": "tertiary"}, "geometry": {"type": "LineString", "coordinates": [[-48.4776734, -1.301737], [-48.477684, -1.301559]]}}, {"type": "Feature", "properties": {"highway": "primary"}, "geometry": {"type": "LineString", "coordinates": [[-48.4775278, -1.3018215], [-48.4774889, -1.3018066], [-48.4773577, -1.3017406], [-48.4771988, -1.301627], [-48.4770583, -1.3015075], [-48.4768017, -1.3012892], [-48.476069, -1.3006512], [-48.4759997, -1.3005909], [-48.4759009, -1.3005178], [-48.4757275, -1.3004104], [-48.4749782, -1.3000557], [-48.4748708, -1.3000049], [-48.474745, -1.2999499], [-48.4746174, -1.2999002]]}}, {"type": "Feature", "properties": {"highway": "primary"}, "geometry": {"type": "LineString", "coordinates": [[-48.4776376, -1.3020215], [-48.4776464, -1.3019954], [-48.4776527, -1.3019838], [-48.4776723, -1.3019602]]}}, {"type": "Feature", "properties": {"highway": "tertiary"}, "geometry": {"type": "LineString", "coordinates": [[-48.4779135, -1.3019928], [-48.4777943, -1.3019746], [-48.4777575, -1.3019692], [-48.4777285, -1.3019655], [-48.4776723, -1.3019602]]}}, {"type": "Feature", "properties": {"highway": "tertiary"}, "geometry": {"type": "LineString", "coordinates": [[-48.4707164, -1.2941349], [-48.4707328, -1.2942478], [-48.4707676, -1.2943645], [-48.4708079, -1.2944395], [-48.4708964, -1.2945196]]}}, {"type": "Feature", "properties": {"highway": "tertiary"}, "geometry": {"type": "LineString", "coordinates": [[-48.4702803, -1.2970056], [-48.4702364, -1.2973068], [-48.4701731, -1.2978253], [-48.4701187, -1.2983886], [-48.4700792, -1.2988761], [-48.470056, -1.2991021], [-48.469999, -1.2994977], [-48.4699905, -1.2995759], [-48.4698716, -1.3002283], [-48.4698067, -1.3006594]]}}, {"type": "Feature", "properties": {"highway": "secondary"}, "geometry": {"type": "LineString", "coordinates": [[-48.4743408, -1.2948809], [-48.474886, -1.2949287], [-48.4751886, -1.29495]]}}, {"type": "Feature", "properties": {"highway": "secondary"}, "geometry": {"type": "LineString", "coordinates": [[-48.4752708, -1.2950073], [-48.4753154, -1.2950453], [-48.475354, -1.2950928], [-48.4753919, -1.2951526], [-48.4754385, -1.2952655], [-48.4757202, -1.2961986], [-48.4759736, -1.2969271], [-48.4762254, -1.2977423]]}}, {"type": "Feature", "properties": {"highway": "tertiary"}, "geometry": {"type": "LineString", "coordinates": [[-48.4698067, -1.3006594], [-48.4698112, -1.3008093], [-48.4698166, -1.3009453], [-48.4698182, -1.3010266]]}}, {"type": "Feature", "properties": {"highway": "primary"}, "geometry": {"type": "LineString", "coordinates": [[-48.4698182, -1.3010266], [-48.4707201, -1.3005295], [-48.4713625, -1.3001341], [-48.4715153, -1.3000482], [-48.4717982, -1.2999105], [-48.4720499, -1.2998121], [-48.4721815, -1.2997691], [-48.4723498, -1.2997141], [-48.4723995, -1.2997007], [-48.472603, -1.2996523], [-48.4728998, -1.299595], [-48.473188, -1.2995916], [-48.4733025, -1.2995902]]}}, {"type": "Feature", "properties": {"highway": "tertiary"}, "geometry": {"type": "LineString", "coordinates": [[-48.4696925, -1.3010785], [-48.4697254, -1.3009097], [-48.469744, -1.3008207], [-48.4698067, -1.3006594]]}}, {"type": "Feature", "properties": {"highway": "primary"}, "geometry": {"type": "LineString", "coordinates": [[-48.45198, -1.3479808], [-48.4518606, -1.3478577], [-48.4516555, -1.347624], [-48.4515014, -1.3474652], [-48.4514418, -1.3474102], [-48.451386, -1.3473633]]}}, {"type": "Feature", "properties": {"highway": "primary"}, "geometry": {"type": "LineString", "coordinates": [[-48.4509331, -1.3383987], [-48.4509154, -1.3382349], [-48.4508961, -1.338098], [-48.4508751, -1.3379305], [-48.4508609, -1.3377246], [-48.4508361, -1.337538], [-48.4507814, -1.3371607], [-48.4507182, -1.3367695], [-48.4504091, -1.3347206], [-48.4503988, -1.3346446], [-48.4503373, -1.3341453], [-48.4500168, -1.3321225], [-48.4499924, -1.3319467], [-48.4499786, -1.3318401]]}}, {"type": "Feature", "properties": {"highway": "primary"}, "geometry": {"type": "LineString", "coordinates": [[-48.4521018, -1.3468223], [-48.452131, -1.3468183], [-48.4521862, -1.346814]]}}, {"type": "Feature", "properties": {"highway": "primary"}, "geometry": {"type": "LineString", "coordinates": [[-48.4521862, -1.346814], [-48.4522507, -1.3468143], [-48.4523265, -1.3468228]]}}, {"type": "Feature", "properties": {"highway": "primary"}, "geometry": {"type": "LineString", "coordinates": [[-48.4521014, -1.3469286], [-48.4521018, -1.3468223]]}}, {"type": "Feature", "properties": {"highway": "primary"}, "geometry": {"type": "LineString", "coordinates": [[-48.4521061, -1.34698], [-48.4521026, -1.3469478], [-48.4521014, -1.3469286]]}}, {"type": "Feature", "properties": {"highway": "primary"}, "geometry": {"type": "LineString", "coordinates": [[-48.4523265, -1.3468228], [-48.4524047, -1.3468509]]}}, {"type": "Feature", "properties": {"highway": "primary"}, "geometry": {"type": "LineString", "coordinates": [[-48.4524047, -1.3468509], [-48.4524187, -1.3469381]]}}, {"type": "Feature", "properties": {"highway": "primary"}, "geometry": {"type": "LineString", "coordinates": [[-48.4527391, -1.349378], [-48.4526618, -1.3493497]]}}, {"type": "Feature", "properties": {"highway": "primary"}, "geometry": {"type": "LineString", "coordinates": [[-48.4527391, -1.349378], [-48.4527547, -1.3494749], [-48.4528033, -1.3497665]]}}, {"type": "Feature", "properties": {"highway": "primary"}, "geometry": {"type": "LineString", "coordinates": [[-48.4526618, -1.3493497], [-48.4525746, -1.349314]]}}, {"type": "Feature", "properties": {"highway": "primary"}, "geometry": {"type": "LineString", "coordinates": [[-48.4529028, -1.3494333], [-48.4528413, -1.3494125], [-48.4528046, -1.3494002], [-48.4527391, -1.349378]]}}, {"type": "Feature", "properties": {"highway": "primary"}, "geometry": {"type": "LineString", "coordinates": [[-48.4480159, -1.3655719], [-48.4481418, -1.3653742], [-48.4483648, -1.3650869], [-48.4487291, -1.364582], [-48.4487886, -1.3644996], [-48.4488656, -1.364393], [-48.4489206, -1.3643173], [-48.4496205, -1.3633594], [-48.450135, -1.3626444], [-48.4501935, -1.3625638], [-48.4502136, -1.3625362], [-48.4505128, -1.3621635], [-48.4505296, -1.3621444], [-48.4506476, -1.3619933], [-48.4508525, -1.3617119], [-48.4513366, -1.3610395], [-48.4514012, -1.3609356], [-48.4514455, -1.3608654], [-48.4515438, -1.3607283], [-48.451648, -1.3605769], [-48.4517013, -1.3605004], [-48.4520057, -1.3600915], [-48.4523007, -1.3596692], [-48.4524154, -1.3595029], [-48.452583, -1.359265], [-48.4527366, -1.3590323], [-48.4528948, -1.3587816], [-48.4530102, -1.3585617], [-48.4531014, -1.3583593], [-48.4532082, -1.3580745], [-48.4532442, -1.3580087], [-48.4533066, -1.3578357], [-48.4533508, -1.357701], [-48.4533964, -1.3575207], [-48.4534421, -1.3573259], [-48.4534635, -1.3572344], [-48.4534856, -1.3570548], [-48.4535124, -1.3568215], [-48.4535392, -1.356487], [-48.453552, -1.3562912], [-48.4535481, -1.3561087], [-48.4535393, -1.3559622], [-48.4535097, -1.3556886], [-48.4534547, -1.3553043], [-48.4534187, -1.3550751], [-48.4534149, -1.3550512], [-48.4534114, -1.35503], [-48.4534065, -1.3549864], [-48.4533978, -1.3549163], [-48.4533944, -1.3548886], [-48.4533513, -1.3546467], [-48.4533454, -1.3546046], [-48.453324, -1.3544652], [-48.4532844, -1.3542339], [-48.4532388, -1.3539208], [-48.4532174, -1.3537774], [-48.4532042, -1.3536633], [-48.4531704, -1.3533711], [-48.4531465, -1.353129], [-48.4531423, -1.353099], [-48.4531346, -1.3530014], [-48.4530705, -1.3525687], [-48.4530128, -1.3523323], [-48.4529967, -1.3522385], [-48.4529831, -1.3521599], [-48.4529585, -1.3517857], [-48.4529217, -1.35148], [-48.4528861, -1.3512139], [-48.4528452, -1.3509457], [-48.4528231, -1.3508063], [-48.4527413, -1.3503035], [-48.4526762, -1.3499241], [-48.452642, -1.3497015], [-48.4526199, -1.3495789], [-48.4525871, -1.3493962], [-48.4525746, -1.349314], [-48.4525041, -1.3489556], [-48.4524416, -1.3487193], [-48.4524047, -1.3485493]]}}, {"type": "Feature", "properties": {"highway": "primary"}, "geometry": {"type": "LineString", "coordinates": [[-48.4480047, -1.3658781], [-48.4479939, -1.3658939], [-48.4479805, -1.3659161], [-48.4479483, -1.3659609], [-48.4479065, -1.366011], [-48.4472117, -1.3669749], [-48.4470202, -1.367288], [-48.4468128, -1.3675806], [-48.4466697, -1.3677674], [-48.4465723, -1.3678946], [-48.4465592, -1.3679119], [-48.4464341, -1.3680762], [-48.4463479, -1.3681893], [-48.4463245, -1.36822], [-48.4460669, -1.3685583], [-48.4460461, -1.3685856]]}}, {"type": "Feature", "properties": {"highway": "primary"}, "geometry": {"type": "LineString", "coordinates": [[-48.4427028, -1.3729025], [-48.4427493, -1.3728337], [-48.4427699, -1.3728011], [-48.4428157, -1.3727336]]}}, {"type": "Feature", "properties": {"highway": "primary"}, "geometry": {"type": "LineString", "coordinates": [[-48.4427871, -1.3732857], [-48.4427596, -1.3733369], [-48.4427379, -1.3733795]]}}, {"type": "Feature", "properties": {"highway": "primary"}, "geometry": {"type": "LineString", "coordinates": [[-48.44317, -1.372673], [-48.4431324, -1.372733], [-48.4430925, -1.372795]]}}, {"type": "Feature", "properties": {"highway": "primary"}, "geometry": {"type": "LineString", "coordinates": [[-48.4433076, -1.3731238], [-48.4435871, -1.37355]]}}, {"type": "Feature", "properties": {"highway": "primary"}, "geometry": {"type": "LineString", "coordinates": [[-48.4481796, -1.3787957], [-48.4485658, -1.37893], [-48.4490607, -1.3790625], [-48.4493278, -1.3791281], [-48.4495649, -1.3791844], [-48.4503361, -1.3793775], [-48.4512776, -1.3796007], [-48.4513572, -1.3796189], [-48.4527682, -1.3799551], [-48.4530644, -1.3800275], [-48.4535948, -1.3801616], [-48.4537812, -1.3802068]]}}, {"type": "Feature", "properties": {"highway": "primary"}, "geometry": {"type": "LineString", "coordinates": [[-48.4481796, -1.3787957], [-48.4485658, -1.37893], [-48.4490607, -1.3790625], [-48.4493278, -1.3791281], [-48.4495649, -1.3791844], [-48.4503361, -1.3793775], [-48.4512776, -1.3796007], [-48.4513572, -1.3796189], [-48.4527682, -1.3799551], [-48.4530644, -1.3800275], [-48.4535948, -1.3801616], [-48.4537812, -1.3802068]]}}, {"type": "Feature", "properties": {"highway": "primary"}, "geometry": {"type": "LineString", "coordinates": [[-48.4427379, -1.3733795], [-48.442721, -1.3734092], [-48.4424753, -1.3738401], [-48.4424702, -1.37385], [-48.4421526, -1.3744653], [-48.4420825, -1.3745572], [-48.4420504, -1.3745564]]}}, {"type": "Feature", "properties": {"highway": "primary"}, "geometry": {"type": "LineString", "coordinates": [[-48.4425246, -1.3732877], [-48.4425357, -1.3731991], [-48.4425496, -1.3731641], [-48.4427028, -1.3729025]]}}, {"type": "Feature", "properties": {"highway": "primary"}, "geometry": {"type": "LineString", "coordinates": [[-48.4548154, -1.3806855], [-48.4543878, -1.3805803]]}}, {"type": "Feature", "properties": {"highway": "primary"}, "geometry": {"type": "LineString", "coordinates": [[-48.4543878, -1.3805803], [-48.4537147, -1.3804043]]}}, {"type": "Feature", "properties": {"highway": "primary"}, "geometry": {"type": "LineString", "coordinates": [[-48.4543878, -1.3805803], [-48.4537147, -1.3804043]]}}, {"type": "Feature", "properties": {"highway": "tertiary"}, "geometry": {"type": "LineString", "coordinates": [[-48.4658744, -1.3883838], [-48.4658213, -1.3883584], [-48.4657376, -1.3883246], [-48.4656323, -1.3883014], [-48.4653171, -1.3882699], [-48.4645671, -1.388259], [-48.4644934, -1.3882591], [-48.4644445, -1.3882592], [-48.4641976, -1.3882606], [-48.4639657, -1.3882565], [-48.4631278, -1.3882729], [-48.462839, -1.3883067], [-48.4623851, -1.388398]]}}, {"type": "Feature", "properties": {"highway": "tertiary"}, "geometry": {"type": "LineString", "coordinates": [[-48.4807538, -1.3919185], [-48.4807299, -1.3921655]]}}, {"type": "Feature", "properties": {"highway": "secondary"}, "geometry": {"type": "LineString", "coordinates": [[-48.4807538, -1.3919185], [-48.4810587, -1.3919707]]}}, {"type": "Feature", "properties": {"highway": "secondary"}, "geometry": {"type": "LineString", "coordinates": [[-48.4806112, -1.392246], [-48.4804255, -1.3924671]]}}, {"type": "Feature", "properties": {"highway": "secondary"}, "geometry": {"type": "LineString", "coordinates": [[-48.4804928, -1.3918711], [-48.4805693, -1.3919173], [-48.4806065, -1.3919497], [-48.4806331, -1.3919896], [-48.4806475, -1.392054], [-48.48065, -1.3921533], [-48.4806112, -1.392246]]}}, {"type": "Feature", "properties": {"highway": "primary"}, "geometry": {"type": "LineString", "coordinates": [[-48.4849916, -1.3924198], [-48.4849821, -1.3924931], [-48.4849449, -1.3925521], [-48.4848861, -1.3925988], [-48.4848392, -1.3926156], [-48.4847546, -1.3926252], [-48.4847093, -1.3926093], [-48.484671, -1.3925727], [-48.4846334, -1.3925275], [-48.4846174, -1.3924894], [-48.484611, -1.3924385], [-48.484614, -1.3923854], [-48.4846319, -1.3923315], [-48.4846381, -1.3923217], [-48.4846673, -1.3922912], [-48.4847088, -1.3922627], [-48.4847552, -1.3922388], [-48.4848632, -1.3922516], [-48.4849224, -1.3922781], [-48.4849515, -1.3923143], [-48.4849913, -1.3923989], [-48.4849916, -1.3924198]]}}, {"type": "Feature", "properties": {"highway": "secondary"}, "geometry": {"type": "LineString", "coordinates": [[-48.4847093, -1.3926093], [-48.4843518, -1.3925932], [-48.4841788, -1.3925704], [-48.484045, -1.3925359], [-48.4839702, -1.3925021]]}}, {"type": "Feature", "properties": {"highway": "secondary"}, "geometry": {"type": "LineString", "coordinates": [[-48.4837166, -1.3924621], [-48.4839366, -1.3924968]]}}, {"type": "Feature", "properties": {"highway": "secondary"}, "geometry": {"type": "LineString", "coordinates": [[-48.4728739, -1.4002719], [-48.4727553, -1.4003907]]}}, {"type": "Feature", "properties": {"highway": "secondary"}, "geometry": {"type": "LineString", "coordinates": [[-48.4727855, -1.4001971], [-48.4728907, -1.4000857], [-48.473106, -1.3998685], [-48.4732138, -1.399753], [-48.4737664, -1.3991861], [-48.4747797, -1.3981578], [-48.4749238, -1.3980096], [-48.4749379, -1.3979936], [-48.4749594, -1.3979681], [-48.4750653, -1.3978521], [-48.4755494, -1.397354], [-48.4765754, -1.396307], [-48.4769006, -1.3959771], [-48.4769852, -1.3958868], [-48.4771181, -1.395745], [-48.4771363, -1.3957008], [-48.4771352, -1.3956512]]}}, {"type": "Feature", "properties": {"highway": "tertiary"}, "geometry": {"type": "LineString", "coordinates": [[-48.4725562, -1.4001405], [-48.4727962, -1.3998873], [-48.4732882, -1.39938], [-48.4736266, -1.3990369], [-48.4744729, -1.398179], [-48.4749823, -1.397643], [-48.4750711, -1.3975546], [-48.4752273, -1.3974067], [-48.4760866, -1.3965443], [-48.4765117, -1.3961032], [-48.4765707, -1.3960442], [-48.4767068, -1.3958913], [-48.4768976, -1.3956835], [-48.4769804, -1.3955813], [-48.4770572, -1.3954749]]}}, {"type": "Feature", "properties": {"highway": "secondary"}, "geometry": {"type": "LineString", "coordinates": [[-48.4727553, -1.4003907], [-48.472648, -1.4005228], [-48.472536, -1.4006394], [-48.4722443, -1.4009183], [-48.4720834, -1.4010825], [-48.4720336, -1.4011375], [-48.471791, -1.401405], [-48.4716629, -1.4015545], [-48.471557, -1.4016678], [-48.4714383, -1.4017898], [-48.4713447, -1.4018935], [-48.4712859, -1.4019475], [-48.4705538, -1.4026961]]}}, {"type": "Feature", "properties": {"highway": "primary"}, "geometry": {"type": "LineString", "coordinates": [[-48.4502241, -1.4234348], [-48.4501781, -1.4234818], [-48.4501384, -1.423509]]}}, {"type": "Feature", "properties": {"highway": "trunk"}, "geometry": {"type": "LineString", "coordinates": [[-48.4503044, -1.4235589], [-48.4504486, -1.4237741], [-48.4504851, -1.4238341], [-48.4508862, -1.4244386], [-48.4510074, -1.4246212], [-48.4513662, -1.4251848], [-48.4520634, -1.426179], [-48.4521699, -1.4263357], [-48.4523222, -1.4265755], [-48.4524887, -1.426833], [-48.4527096, -1.427169], [-48.4529481, -1.42755]]}}, {"type": "Feature", "properties": {"highway": "primary"}, "geometry": {"type": "LineString", "coordinates": [[-48.4497881, -1.4232327], [-48.449844, -1.4231947], [-48.4499042, -1.4231538]]}}, {"type": "Feature", "properties": {"highway": "trunk"}, "geometry": {"type": "LineString", "coordinates": [[-48.4512763, -1.4254827], [-48.4511501, -1.4252875], [-48.4508886, -1.4249039], [-48.4508412, -1.4248315], [-48.450332, -1.4240076], [-48.450288, -1.4239444], [-48.4502576, -1.4239022], [-48.4501625, -1.42379]]}}, {"type": "Feature", "properties": {"highway": "primary"}, "geometry": {"type": "LineString", "coordinates": [[-48.4496015, -1.4234286], [-48.4497464, -1.4232676], [-48.4497881, -1.4232327]]}}, {"type": "Feature", "properties": {"highway": "primary"}, "geometry": {"type": "LineString", "coordinates": [[-48.4494901, -1.4236514], [-48.4495032, -1.4235686], [-48.4495362, -1.4235209], [-48.4496015, -1.4234286]]}}, {"type": "Feature", "properties": {"highway": "trunk"}, "geometry": {"type": "LineString", "coordinates": [[-48.4499377, -1.4230064], [-48.4499966, -1.4230904]]}}, {"type": "Feature", "properties": {"highway": "primary"}, "geometry": {"type": "LineString", "coordinates": [[-48.4500221, -1.4235884], [-48.4499591, -1.4236314], [-48.4497948, -1.4237437]]}}, {"type": "Feature", "properties": {"highway": "trunk"}, "geometry": {"type": "LineString", "coordinates": [[-48.4501625, -1.42379], [-48.4500221, -1.4235884]]}}, {"type": "Feature", "properties": {"highway": "primary"}, "geometry": {"type": "LineString", "coordinates": [[-48.4502657, -1.4234014], [-48.4502241, -1.4234348]]}}, {"type": "Feature", "properties": {"highway": "primary"}, "geometry": {"type": "LineString", "coordinates": [[-48.4513197, -1.4222566], [-48.4505847, -1.4230119], [-48.4504838, -1.42312], [-48.4504035, -1.4232253], [-48.4503218, -1.4233363]]}}, {"type": "Feature", "properties": {"highway": "primary"}, "geometry": {"type": "LineString", "coordinates": [[-48.4512177, -1.4221669], [-48.4512823, -1.422104]]}}, {"type": "Feature", "properties": {"highway": "secondary"}, "geometry": {"type": "LineString", "coordinates": [[-48.4536939, -1.4198255], [-48.4536649, -1.4196743]]}}, {"type": "Feature", "properties": {"highway": "primary"}, "geometry": {"type": "LineString", "coordinates": [[-48.4536939, -1.4198255], [-48.4535854, -1.4199359], [-48.4532206, -1.4203128]]}}, {"type": "Feature", "properties": {"highway": "primary"}, "geometry": {"type": "LineString", "coordinates": [[-48.4539686, -1.4195615], [-48.4538029, -1.4197203], [-48.4537607, -1.4197608], [-48.4536939, -1.4198255]]}}, {"type": "Feature", "properties": {"highway": "primary"}, "geometry": {"type": "LineString", "coordinates": [[-48.4539686, -1.4195615], [-48.4538029, -1.4197203], [-48.4537607, -1.4197608], [-48.4536939, -1.4198255]]}}, {"type": "Feature", "properties": {"highway": "primary"}, "geometry": {"type": "LineString", "coordinates": [[-48.4556126, -1.4177042], [-48.4557518, -1.4175638]]}}, {"type": "Feature", "properties": {"highway": "primary"}, "geometry": {"type": "LineString", "coordinates": [[-48.4556738, -1.4178206], [-48.4551456, -1.4183524], [-48.4546809, -1.4188263], [-48.4546633, -1.4188447], [-48.4539686, -1.4195615]]}}, {"type": "Feature", "properties": {"highway": "primary"}, "geometry": {"type": "LineString", "coordinates": [[-48.4557518, -1.4175638], [-48.4572919, -1.4159719], [-48.4574811, -1.4157777], [-48.4610862, -1.4120904], [-48.462523, -1.410629], [-48.4630655, -1.4100797], [-48.463823, -1.4093289]]}}, {"type": "Feature", "properties": {"highway": "primary"}, "geometry": {"type": "LineString", "coordinates": [[-48.4549835, -1.4183399], [-48.4556126, -1.4177042]]}}, {"type": "Feature", "properties": {"highway": "tertiary"}, "geometry": {"type": "LineString", "coordinates": [[-48.4511358, -1.4256659], [-48.4511921, -1.4256563], [-48.4512318, -1.425643], [-48.4512612, -1.4256207], [-48.4512816, -1.4255861], [-48.4512864, -1.425563], [-48.4512878, -1.4255395], [-48.4512847, -1.4255106], [-48.4512763, -1.4254827]]}}, {"type": "Feature", "properties": {"highway": "tertiary"}, "geometry": {"type": "LineString", "coordinates": [[-48.4514585, -1.4257541], [-48.451192, -1.425682]]}}, {"type": "Feature", "properties": {"highway": "primary"}, "geometry": {"type": "LineString", "coordinates": [[-48.4462235, -1.4244997], [-48.4462374, -1.4244485], [-48.4462652, -1.4243109], [-48.4462774, -1.4242645], [-48.4462835, -1.4241537], [-48.4462804, -1.4239807], [-48.4462284, -1.4237717], [-48.4461947, -1.4236661], [-48.4461093, -1.4235352], [-48.4460132, -1.4234039], [-48.445873, -1.423227], [-48.445555, -1.4227867], [-48.4453483, -1.4225477], [-48.4448829, -1.4219781], [-48.4444819, -1.4214594], [-48.4435662, -1.4202837], [-48.4428453, -1.4193717], [-48.4427065, -1.419196], [-48.442116, -1.4184221], [-48.4417531, -1.4179728], [-48.4415501, -1.417735], [-48.4415111, -1.4176904], [-48.4413695, -1.4175633], [-48.4412623, -1.4174709], [-48.4411359, -1.4173735], [-48.4409231, -1.4172518], [-48.4407577, -1.4171569], [-48.4406651, -1.4170926], [-48.4406, -1.4170436], [-48.4405127, -1.4169693], [-48.4404063, -1.4168507], [-48.4400135, -1.4163869], [-48.4387639, -1.4147006], [-48.4383861, -1.4142169], [-48.4382188, -1.4140186], [-48.4380735, -1.413857], [-48.4379915, -1.4137577], [-48.4377655, -1.4135081], [-48.4376682, -1.4134445], [-48.4375526, -1.4133825], [-48.4374623, -1.4133397], [-48.4373472, -1.413275], [-48.4372609, -1.4132141], [-48.4372111, -1.413172], [-48.4371198, -1.4130775]]}}, {"type": "Feature", "properties": {"highway": "primary"}, "geometry": {"type": "LineString", "coordinates": [[-48.4512743, -1.4313468], [-48.4512183, -1.431272], [-48.4511794, -1.4312257], [-48.4509859, -1.4310453], [-48.4507379, -1.4308818], [-48.4504112, -1.430679], [-48.4500315, -1.4304838], [-48.4490083, -1.4300221], [-48.4482035, -1.4296807], [-48.4476082, -1.4294282], [-48.4474231, -1.4293377], [-48.447236, -1.4292264], [-48.4470872, -1.4291165], [-48.4470404, -1.429076], [-48.4468411, -1.4289033], [-48.4463727, -1.4284714], [-48.4460251, -1.4281706], [-48.445954, -1.4281097], [-48.4459023, -1.4280634], [-48.4457461, -1.427933], [-48.445511, -1.4277245], [-48.4452661, -1.4275084], [-48.4451258, -1.427375], [-48.4450143, -1.4272605], [-48.4449013, -1.4271051], [-48.4448536, -1.4270187], [-48.4448096, -1.4269179], [-48.444755, -1.4267556], [-48.4447239, -1.4265767], [-48.4447213, -1.4265085], [-48.4447239, -1.4262732], [-48.4447284, -1.4262219], [-48.4447845, -1.4260377], [-48.4448528, -1.4258595], [-48.4449453, -1.4257079], [-48.4450444, -1.4255809], [-48.4451388, -1.4254893], [-48.4453027, -1.4253562], [-48.4454382, -1.4252811], [-48.4456189, -1.4251755], [-48.445782, -1.4250745], [-48.4458861, -1.4249918], [-48.4459627, -1.4249183], [-48.446076, -1.4247829], [-48.4461687, -1.4246367], [-48.4461982, -1.4245783], [-48.4462235, -1.4244997]]}}, {"type": "Feature", "properties": {"highway": "secondary"}, "geometry": {"type": "LineString", "coordinates": [[-48.4516315, -1.4311447], [-48.4517152, -1.4309792]]}}, {"type": "Feature", "properties": {"highway": "secondary"}, "geometry": {"type": "LineString", "coordinates": [[-48.4514473, -1.4315701], [-48.4515276, -1.4313844], [-48.4515435, -1.4313479]]}}, {"type": "Feature", "properties": {"highway": "secondary"}, "geometry": {"type": "LineString", "coordinates": [[-48.4515435, -1.4313479], [-48.4516315, -1.4311447]]}}, {"type": "Feature", "properties": {"highway": "primary"}, "geometry": {"type": "LineString", "coordinates": [[-48.4515435, -1.4313479], [-48.4515723, -1.4313912]]}}, {"type": "Feature", "properties": {"highway": "tertiary"}, "geometry": {"type": "LineString", "coordinates": [[-48.4483653, -1.3780202], [-48.4479751, -1.3780222], [-48.4475506, -1.3780164], [-48.4472119, -1.3779776], [-48.4469623, -1.377932], [-48.4467339, -1.3778894]]}}, {"type": "Feature", "properties": {"highway": "tertiary"}, "geometry": {"type": "LineString", "coordinates": [[-48.4566351, -1.3782298], [-48.4554442, -1.3782003], [-48.4543059, -1.3781721], [-48.4533712, -1.378149], [-48.452107, -1.3781177], [-48.4505631, -1.3780795], [-48.4501058, -1.3780682], [-48.4497819, -1.3780602], [-48.4495359, -1.3780541]]}}, {"type": "Feature", "properties": {"highway": "tertiary"}, "geometry": {"type": "LineString", "coordinates": [[-48.4566351, -1.3782298], [-48.4554442, -1.3782003], [-48.4543059, -1.3781721], [-48.4533712, -1.378149], [-48.452107, -1.3781177], [-48.4505631, -1.3780795], [-48.4501058, -1.3780682], [-48.4497819, -1.3780602], [-48.4495359, -1.3780541]]}}, {"type": "Feature", "properties": {"highway": "tertiary"}, "geometry": {"type": "LineString", "coordinates": [[-48.4554134, -1.3775071], [-48.4553836, -1.3768406], [-48.4553363, -1.3762258]]}}, {"type": "Feature", "properties": {"highway": "tertiary"}, "geometry": {"type": "LineString", "coordinates": [[-48.4553363, -1.3762258], [-48.4552459, -1.3752739]]}}, {"type": "Feature", "properties": {"highway": "tertiary"}, "geometry": {"type": "LineString", "coordinates": [[-48.4839347, -1.2948016], [-48.4839337, -1.2948339], [-48.4839218, -1.2949949], [-48.4838958, -1.2952539], [-48.483826, -1.2962903], [-48.4838079, -1.2966046], [-48.4837835, -1.2970266], [-48.4836929, -1.2982702]]}}, {"type": "Feature", "properties": {"highway": "secondary"}, "geometry": {"type": "LineString", "coordinates": [[-48.4836929, -1.2982702], [-48.4816897, -1.2981402]]}}, {"type": "Feature", "properties": {"highway": "tertiary"}, "geometry": {"type": "LineString", "coordinates": [[-48.4836929, -1.2982702], [-48.4836734, -1.2985281], [-48.4836164, -1.2992836], [-48.4835401, -1.3002649]]}}, {"type": "Feature", "properties": {"highway": "primary"}, "geometry": {"type": "LineString", "coordinates": [[-48.485466, -1.4304537], [-48.4852771, -1.4297828], [-48.4851242, -1.4291707]]}}, {"type": "Feature", "properties": {"highway": "tertiary"}, "geometry": {"type": "LineString", "coordinates": [[-48.4857843, -1.4316946], [-48.485079, -1.4318742], [-48.4847415, -1.4319648], [-48.4846604, -1.4319833], [-48.484559, -1.4320114], [-48.4839376, -1.4321834]]}}, {"type": "Feature", "properties": {"highway": "primary"}, "geometry": {"type": "LineString", "coordinates": [[-48.4444958, -1.3447485], [-48.4445438, -1.3447603]]}}, {"type": "Feature", "properties": {"highway": "primary"}, "geometry": {"type": "LineString", "coordinates": [[-48.4445438, -1.3447603], [-48.4449857, -1.3448645], [-48.4459607, -1.3450794], [-48.4461987, -1.3451243], [-48.4467009, -1.3452217], [-48.4468051, -1.3452404], [-48.4472066, -1.3453177], [-48.4472839, -1.3453328], [-48.4474754, -1.345369], [-48.4479281, -1.3454628], [-48.4483961, -1.3456009], [-48.4485557, -1.3456619], [-48.4486914, -1.3457198], [-48.4488903, -1.3458275], [-48.4490164, -1.3459026], [-48.4492784, -1.3460583], [-48.4496004, -1.3462337], [-48.4504351, -1.3467057], [-48.4506243, -1.3468151], [-48.4508872, -1.3469609]]}}, {"type": "Feature", "properties": {"highway": "primary"}, "geometry": {"type": "LineString", "coordinates": [[-48.4444815, -1.3448162], [-48.4441911, -1.3447348], [-48.44377, -1.3446155], [-48.443255, -1.3444881], [-48.4428634, -1.3443916], [-48.4427003, -1.3443583], [-48.4425938, -1.3443366], [-48.4424973, -1.3443245], [-48.4422988, -1.3443178], [-48.4419487, -1.344301], [-48.4408142, -1.3442596], [-48.4404221, -1.3442436], [-48.4401637, -1.3442324], [-48.4398855, -1.3442058], [-48.4395294, -1.3441663], [-48.4391753, -1.344114], [-48.4388615, -1.3440671], [-48.438651, -1.3440389], [-48.4383613, -1.3440014], [-48.438144, -1.3439947], [-48.4380528, -1.343996], [-48.4379523, -1.3440001], [-48.4378906, -1.3440027], [-48.4378282, -1.3440101], [-48.4376908, -1.3440428], [-48.4375011, -1.3441026], [-48.4372965, -1.3441749], [-48.4371275, -1.3442508], [-48.4369411, -1.3443621], [-48.4368287, -1.3444442], [-48.4366976, -1.3445667], [-48.4365776, -1.3447001], [-48.4364248, -1.3448697], [-48.4360644, -1.3452989], [-48.4358122, -1.3456011]]}}, {"type": "Feature", "properties": {"highway": "secondary"}, "geometry": {"type": "LineString", "coordinates": [[-48.4446085, -1.3442327], [-48.4445968, -1.3443035], [-48.4445489, -1.3445248], [-48.4445108, -1.3446745], [-48.4444958, -1.3447485]]}}, {"type": "Feature", "properties": {"highway": "secondary"}, "geometry": {"type": "LineString", "coordinates": [[-48.4437872, -1.339101], [-48.4437073, -1.3395872], [-48.4436806, -1.3397326], [-48.4436222, -1.3400725], [-48.4435406, -1.3405486], [-48.4434555, -1.3410444]]}}, {"type": "Feature", "properties": {"highway": "secondary"}, "geometry": {"type": "LineString", "coordinates": [[-48.4429492, -1.3389488], [-48.4437872, -1.339101]]}}, {"type": "Feature", "properties": {"highway": "secondary"}, "geometry": {"type": "LineString", "coordinates": [[-48.4423585, -1.3344681], [-48.4426548, -1.3343776], [-48.4429465, -1.3342743], [-48.4431913, -1.3341765], [-48.4432442, -1.3341497], [-48.4432831, -1.3341175]]}}, {"type": "Feature", "properties": {"highway": "secondary"}, "geometry": {"type": "LineString", "coordinates": [[-48.4450698, -1.3413162], [-48.445036, -1.3415079], [-48.4450138, -1.3416672], [-48.4449937, -1.3418116], [-48.4449211, -1.3422878], [-48.444851, -1.3427632], [-48.4447718, -1.3432412], [-48.444694, -1.3437306], [-48.4446085, -1.3442327]]}}, {"type": "Feature", "properties": {"highway": "primary"}, "geometry": {"type": "LineString", "coordinates": [[-48.4539047, -1.4348624], [-48.4539606, -1.4349395], [-48.4540577, -1.4350832], [-48.4541537, -1.4352252], [-48.4543789, -1.4355582], [-48.4547169, -1.4360629]]}}, {"type": "Feature", "properties": {"highway": "primary"}, "geometry": {"type": "LineString", "coordinates": [[-48.4537436, -1.4349821], [-48.4536727, -1.4348879], [-48.4535801, -1.4347546], [-48.4535506, -1.4347122], [-48.4530515, -1.4339627], [-48.4529108, -1.4337453]]}}, {"type": "Feature", "properties": {"highway": "primary"}, "geometry": {"type": "LineString", "coordinates": [[-48.4537436, -1.4349821], [-48.4536727, -1.4348879], [-48.4535801, -1.4347546], [-48.4535506, -1.4347122], [-48.4530515, -1.4339627], [-48.4529108, -1.4337453]]}}, {"type": "Feature", "properties": {"highway": "secondary"}, "geometry": {"type": "LineString", "coordinates": [[-48.4530667, -1.4336316], [-48.453032, -1.433657], [-48.4529946, -1.4336844], [-48.4529694, -1.4337029], [-48.4529469, -1.4337193], [-48.4529108, -1.4337453]]}}, {"type": "Feature", "properties": {"highway": "trunk"}, "geometry": {"type": "LineString", "coordinates": [[-48.3707314, -1.3665096], [-48.3709925, -1.3665572], [-48.3713936, -1.3666304], [-48.3718501, -1.366718], [-48.3722809, -1.3667918]]}}, {"type": "Feature", "properties": {"highway": "trunk"}, "geometry": {"type": "LineString", "coordinates": [[-48.3704218, -1.3667264], [-48.3699299, -1.3666352], [-48.369848, -1.36662], [-48.3694478, -1.3665458], [-48.3685126, -1.3663611], [-48.3682495, -1.3663044]]}}, {"type": "Feature", "properties": {"highway": "primary"}, "geometry": {"type": "LineString", "coordinates": [[-48.4111731, -1.3839255], [-48.4111436, -1.3840118], [-48.4111393, -1.3840234], [-48.4110149, -1.3843884], [-48.4108211, -1.3849471], [-48.410721, -1.3852309]]}}, {"type": "Feature", "properties": {"highway": "secondary"}, "geometry": {"type": "LineString", "coordinates": [[-48.4513497, -1.4318188], [-48.4514473, -1.4315701]]}}, {"type": "Feature", "properties": {"highway": "primary"}, "geometry": {"type": "LineString", "coordinates": [[-48.4529108, -1.4337453], [-48.4521839, -1.4326557], [-48.4520881, -1.4325125], [-48.4520335, -1.4324243], [-48.4517604, -1.4320229]]}}, {"type": "Feature", "properties": {"highway": "primary"}, "geometry": {"type": "LineString", "coordinates": [[-48.4529759, -1.4335092], [-48.4530667, -1.4336316], [-48.4536988, -1.4345559], [-48.4538466, -1.4347719], [-48.4539047, -1.4348624]]}}, {"type": "Feature", "properties": {"highway": "primary"}, "geometry": {"type": "LineString", "coordinates": [[-48.4529759, -1.4335092], [-48.4530667, -1.4336316], [-48.4536988, -1.4345559], [-48.4538466, -1.4347719], [-48.4539047, -1.4348624]]}}, {"type": "Feature", "properties": {"highway": "trunk"}, "geometry": {"type": "LineString", "coordinates": [[-48.457161, -1.4344539], [-48.4570123, -1.4342292], [-48.4568639, -1.4340051], [-48.4567974, -1.4339047], [-48.4565651, -1.4335536], [-48.4564546, -1.4333865], [-48.456336, -1.4332079]]}}, {"type": "Feature", "properties": {"highway": "secondary"}, "geometry": {"type": "LineString", "coordinates": [[-48.4588236, -1.4369541], [-48.4588748, -1.4369186], [-48.4589241, -1.4368845], [-48.4589566, -1.4368619], [-48.4590166, -1.4368203]]}}, {"type": "Feature", "properties": {"highway": "tertiary"}, "geometry": {"type": "LineString", "coordinates": [[-48.451192, -1.425682], [-48.4511358, -1.4256659]]}}, {"type": "Feature", "properties": {"highway": "trunk"}, "geometry": {"type": "LineString", "coordinates": [[-48.4519276, -1.4265616], [-48.4517274, -1.4262414], [-48.4517086, -1.4261202]]}}, {"type": "Feature", "properties": {"highway": "tertiary"}, "geometry": {"type": "LineString", "coordinates": [[-48.462311, -1.4417693], [-48.4623865, -1.4417188], [-48.4628387, -1.4414182], [-48.4647179, -1.440169]]}}, {"type": "Feature", "properties": {"highway": "tertiary"}, "geometry": {"type": "LineString", "coordinates": [[-48.4746945, -1.431666], [-48.4745911, -1.4317413], [-48.4745007, -1.4318117], [-48.4735264, -1.4324602], [-48.4731485, -1.4327093], [-48.4726051, -1.4330675], [-48.4724025, -1.4332042], [-48.4720494, -1.4334337], [-48.4719215, -1.4335157], [-48.4718509, -1.4335678], [-48.4706382, -1.4343822], [-48.4702015, -1.4346653], [-48.4700151, -1.4347861], [-48.469473, -1.4351375], [-48.4694669, -1.4351414]]}}, {"type": "Feature", "properties": {"highway": "trunk"}, "geometry": {"type": "LineString", "coordinates": [[-48.4612925, -1.4406494], [-48.4611497, -1.4404366], [-48.4604555, -1.4393866]]}}, {"type": "Feature", "properties": {"highway": "trunk"}, "geometry": {"type": "LineString", "coordinates": [[-48.4614791, -1.4405278], [-48.4615617, -1.4406513], [-48.4621735, -1.441566], [-48.462311, -1.4417693]]}}, {"type": "Feature", "properties": {"highway": "trunk"}, "geometry": {"type": "LineString", "coordinates": [[-48.4663642, -1.448296], [-48.4662189, -1.4480741], [-48.4654136, -1.4468872], [-48.4651504, -1.4464773], [-48.4646766, -1.4457693]]}}, {"type": "Feature", "properties": {"highway": "primary"}, "geometry": {"type": "LineString", "coordinates": [[-48.4663642, -1.448296], [-48.466445, -1.4482972], [-48.4664882, -1.4482978], [-48.4665273, -1.4482984]]}}, {"type": "Feature", "properties": {"highway": "tertiary"}, "geometry": {"type": "LineString", "coordinates": [[-48.4677586, -1.4495321], [-48.4677494, -1.4495902], [-48.4677368, -1.4496292], [-48.4677239, -1.4496494], [-48.4677, -1.4496735], [-48.4676715, -1.449698], [-48.467626, -1.4497421], [-48.4675786, -1.4497749], [-48.4675301, -1.4498042], [-48.4674131, -1.4498194]]}}, {"type": "Feature", "properties": {"highway": "primary"}, "geometry": {"type": "LineString", "coordinates": [[-48.4668168, -1.4483003], [-48.4674899, -1.4483105], [-48.4676748, -1.4483194], [-48.4683912, -1.448345], [-48.4689359, -1.4483647], [-48.4690492, -1.4483677], [-48.4698379, -1.448372], [-48.4700422, -1.4483716], [-48.4701734, -1.4483726], [-48.4708555, -1.4483808]]}}, {"type": "Feature", "properties": {"highway": "primary"}, "geometry": {"type": "LineString", "coordinates": [[-48.4594931, -1.4436904], [-48.4594046, -1.4435565], [-48.4593388, -1.4434574], [-48.4587516, -1.4425563], [-48.4586639, -1.4424164], [-48.4585836, -1.4422903], [-48.4582335, -1.4417402], [-48.4578206, -1.4411636], [-48.4577721, -1.4410905], [-48.4575994, -1.4408302], [-48.4574375, -1.4405862], [-48.4571644, -1.4401737], [-48.4570658, -1.4400247], [-48.4570016, -1.4399184]]}}, {"type": "Feature", "properties": {"highway": "secondary"}, "geometry": {"type": "LineString", "coordinates": [[-48.4497397, -1.4358171], [-48.4497196, -1.435797], [-48.4497002, -1.4357664], [-48.4496889, -1.4357319], [-48.4496878, -1.4356815], [-48.4497039, -1.4356337], [-48.4497352, -1.4355942], [-48.4497781, -1.4355677]]}}, {"type": "Feature", "properties": {"highway": "secondary"}, "geometry": {"type": "LineString", "coordinates": [[-48.4497781, -1.4355677], [-48.4498274, -1.4355572], [-48.4498774, -1.435564], [-48.4499221, -1.4355873]]}}, {"type": "Feature", "properties": {"highway": "secondary"}, "geometry": {"type": "LineString", "coordinates": [[-48.4498713, -1.4358453], [-48.4498252, -1.4358502], [-48.4497798, -1.4358405], [-48.4497397, -1.4358171]]}}, {"type": "Feature", "properties": {"highway": "secondary"}, "geometry": {"type": "LineString", "coordinates": [[-48.4424859, -1.4120895], [-48.4424554, -1.4121369]]}}, {"type": "Feature", "properties": {"highway": "secondary"}, "geometry": {"type": "LineString", "coordinates": [[-48.4593989, -1.4206066], [-48.4594586, -1.4205439], [-48.4595614, -1.4204386], [-48.4596045, -1.4203888], [-48.4603548, -1.4195223], [-48.460597, -1.4192782], [-48.4608501, -1.4190366], [-48.4616142, -1.418279], [-48.4616752, -1.4182185], [-48.461775, -1.4181122]]}}, {"type": "Feature", "properties": {"highway": "secondary"}, "geometry": {"type": "LineString", "coordinates": [[-48.4989079, -1.4480892], [-48.4989684, -1.4481459], [-48.4991723, -1.448337], [-48.4997568, -1.4488848], [-48.500595, -1.449752]]}}, {"type": "Feature", "properties": {"highway": "secondary"}, "geometry": {"type": "LineString", "coordinates": [[-48.4721951, -1.4279362], [-48.4722445, -1.4280145], [-48.4727715, -1.4287589], [-48.4729683, -1.42903], [-48.4730539, -1.4291534]]}}, {"type": "Feature", "properties": {"highway": "tertiary"}, "geometry": {"type": "LineString", "coordinates": [[-48.3181362, -1.3605587], [-48.3181528, -1.3605988], [-48.3181568, -1.360642], [-48.3181527, -1.3606692], [-48.3181262, -1.3607232], [-48.3180801, -1.3607618], [-48.3180223, -1.3607784], [-48.3179627, -1.3607702], [-48.3179256, -1.3607504], [-48.3178958, -1.3607207], [-48.3178757, -1.3606838], [-48.3178671, -1.3606426], [-48.3178706, -1.3606007], [-48.3178863, -1.3605611], [-48.3179128, -1.3605277], [-48.3179479, -1.3605035], [-48.3179885, -1.3604905], [-48.3180311, -1.3604899], [-48.3180721, -1.3605017], [-48.3181085, -1.3605254], [-48.3181362, -1.3605587]]}}, {"type": "Feature", "properties": {"highway": "tertiary"}, "geometry": {"type": "LineString", "coordinates": [[-48.3179627, -1.3607702], [-48.3178653, -1.3608649], [-48.3177733, -1.3610336], [-48.3171942, -1.3621152], [-48.3168568, -1.3627455], [-48.3168123, -1.3628286], [-48.316726, -1.3629833]]}}, {"type": "Feature", "properties": {"highway": "secondary"}, "geometry": {"type": "LineString", "coordinates": [[-48.4530103, -1.4280724], [-48.4530322, -1.4280451]]}}, {"type": "Feature", "properties": {"highway": "secondary"}, "geometry": {"type": "LineString", "coordinates": [[-48.453142, -1.4278959], [-48.4532926, -1.4277335]]}}, {"type": "Feature", "properties": {"highway": "trunk"}, "geometry": {"type": "LineString", "coordinates": [[-48.453142, -1.4278959], [-48.4531998, -1.4280012], [-48.4532486, -1.4280864]]}}, {"type": "Feature", "properties": {"highway": "secondary"}, "geometry": {"type": "LineString", "coordinates": [[-48.4350408, -1.3955448], [-48.4349705, -1.3955434], [-48.4349235, -1.3955392], [-48.4348771, -1.3955309], [-48.4348414, -1.3955216], [-48.4348064, -1.3955099]]}}, {"type": "Feature", "properties": {"highway": "secondary"}, "geometry": {"type": "LineString", "coordinates": [[-48.4349279, -1.3957326], [-48.4349495, -1.3957435], [-48.4349632, -1.3957562], [-48.4349744, -1.3957712], [-48.4349843, -1.3957918], [-48.4349895, -1.395814]]}}, {"type": "Feature", "properties": {"highway": "secondary"}, "geometry": {"type": "LineString", "coordinates": [[-48.434878, -1.3957209], [-48.434911, -1.395727], [-48.4349279, -1.3957326]]}}, {"type": "Feature", "properties": {"highway": "secondary"}, "geometry": {"type": "LineString", "coordinates": [[-48.4350874, -1.3955462], [-48.4350408, -1.3955448]]}}, {"type": "Feature", "properties": {"highway": "secondary"}, "geometry": {"type": "LineString", "coordinates": [[-48.4351935, -1.395537], [-48.4351375, -1.3955412], [-48.4350874, -1.3955462]]}}, {"type": "Feature", "properties": {"highway": "primary"}, "geometry": {"type": "LineString", "coordinates": [[-48.4351095, -1.3947848], [-48.4350575, -1.3953659], [-48.4350545, -1.3954015], [-48.4350517, -1.3954326], [-48.4350433, -1.3955253], [-48.4350408, -1.3955448]]}}, {"type": "Feature", "properties": {"highway": "primary"}, "geometry": {"type": "LineString", "coordinates": [[-48.4365632, -1.3676385], [-48.4363851, -1.3675066], [-48.4363287, -1.3674645], [-48.436207, -1.3673769], [-48.4361107, -1.3673088]]}}, {"type": "Feature", "properties": {"highway": "primary"}, "geometry": {"type": "LineString", "coordinates": [[-48.4364438, -1.3673101], [-48.4366814, -1.367486], [-48.437109, -1.3678063], [-48.4375443, -1.3681239], [-48.4379543, -1.3684313], [-48.4383927, -1.368753], [-48.4385534, -1.3688725], [-48.4388144, -1.3690622], [-48.4392289, -1.3693678], [-48.43947, -1.3695401], [-48.4399062, -1.3698658], [-48.4399542, -1.3699014], [-48.4403408, -1.37018], [-48.4407432, -1.3704826], [-48.441185, -1.3708046], [-48.441596, -1.3710964], [-48.4416769, -1.3711548], [-48.4420203, -1.3713976], [-48.4422221, -1.3715452], [-48.4423132, -1.37165], [-48.4424049, -1.3717536], [-48.4424966, -1.3719251], [-48.4428458, -1.3724506], [-48.442881, -1.3725036], [-48.4429056, -1.3725395], [-48.442927, -1.3725695]]}}, {"type": "Feature", "properties": {"highway": "tertiary"}, "geometry": {"type": "LineString", "coordinates": [[-48.4466268, -1.4246056], [-48.446488, -1.4245683]]}}, {"type": "Feature", "properties": {"highway": "tertiary"}, "geometry": {"type": "LineString", "coordinates": [[-48.4724616, -1.4059734], [-48.4726265, -1.4060726], [-48.4727177, -1.4061417], [-48.4728203, -1.4062178], [-48.472915, -1.4062972], [-48.4730637, -1.4064319], [-48.4740333, -1.4073543], [-48.4753972, -1.4086709], [-48.4755257, -1.4087947]]}}, {"type": "Feature", "properties": {"highway": "tertiary"}, "geometry": {"type": "LineString", "coordinates": [[-48.4637229, -1.2951834], [-48.4632372, -1.2956153], [-48.462703, -1.2959988]]}}, {"type": "Feature", "properties": {"highway": "secondary"}, "geometry": {"type": "LineString", "coordinates": [[-48.4691933, -1.3062925], [-48.4691601, -1.3064786], [-48.4691383, -1.3066397], [-48.4691202, -1.3068085], [-48.4690716, -1.307233]]}}, {"type": "Feature", "properties": {"highway": "secondary"}, "geometry": {"type": "LineString", "coordinates": [[-48.4656192, -1.3581897], [-48.4656954, -1.3577551], [-48.4657445, -1.3573153], [-48.4658298, -1.3568489], [-48.4659438, -1.3562275], [-48.465984, -1.355942], [-48.4659988, -1.3558427], [-48.4660377, -1.3555371], [-48.4660645, -1.3552622], [-48.466102, -1.3547756], [-48.4661503, -1.3544712], [-48.4662196, -1.3541932], [-48.4662589, -1.3540354], [-48.4663668, -1.3534875], [-48.4664132, -1.3533101], [-48.466446, -1.3530976], [-48.4664715, -1.3529676], [-48.4664789, -1.3528087], [-48.4664956, -1.3525794], [-48.4665097, -1.3523354], [-48.4665272, -1.3521142], [-48.4665794, -1.3514921], [-48.4665969, -1.3513218], [-48.466642, -1.3509273], [-48.466701, -1.3504881], [-48.4667284, -1.3502546], [-48.466762, -1.3500418], [-48.4668122, -1.3496882], [-48.4668193, -1.3496157], [-48.4668243, -1.3495832], [-48.4668863, -1.3492663], [-48.466962, -1.3488413], [-48.467022, -1.3484291], [-48.467072, -1.3480134], [-48.4671173, -1.3477401]]}}, {"type": "Feature", "properties": {"highway": "tertiary"}, "geometry": {"type": "LineString", "coordinates": [[-48.4552563, -1.374134], [-48.4552481, -1.3745204], [-48.4552511, -1.3748969], [-48.4552459, -1.3752739]]}}, {"type": "Feature", "properties": {"highway": "secondary"}, "geometry": {"type": "LineString", "coordinates": [[-48.4530735, -1.4279878], [-48.4530903, -1.4279632]]}}, {"type": "Feature", "properties": {"highway": "secondary"}, "geometry": {"type": "LineString", "coordinates": [[-48.4513934, -1.4319281], [-48.4513643, -1.4319808], [-48.4512296, -1.4322895], [-48.4511972, -1.4323637], [-48.4511051, -1.4325629], [-48.4510595, -1.4326623], [-48.4509208, -1.432965], [-48.4507595, -1.4333121], [-48.4507201, -1.4333983], [-48.4505009, -1.4338625], [-48.4504422, -1.4339893], [-48.4502979, -1.4343009], [-48.450103, -1.4347353], [-48.4500107, -1.4350175], [-48.4499387, -1.4353816], [-48.4499189, -1.4354784], [-48.4499221, -1.4355873]]}}, {"type": "Feature", "properties": {"highway": "tertiary"}, "geometry": {"type": "LineString", "coordinates": [[-48.4493731, -1.3811116], [-48.4497377, -1.3810588], [-48.4508453, -1.3809612], [-48.4509344, -1.3809548], [-48.4525644, -1.3808344], [-48.4533478, -1.380776], [-48.4541346, -1.380715], [-48.4544222, -1.3807112]]}}, {"type": "Feature", "properties": {"highway": "tertiary"}, "geometry": {"type": "LineString", "coordinates": [[-48.4493731, -1.3811116], [-48.4497377, -1.3810588], [-48.4508453, -1.3809612], [-48.4509344, -1.3809548], [-48.4525644, -1.3808344], [-48.4533478, -1.380776], [-48.4541346, -1.380715], [-48.4544222, -1.3807112]]}}, {"type": "Feature", "properties": {"highway": "tertiary"}, "geometry": {"type": "LineString", "coordinates": [[-48.4492542, -1.3811243], [-48.4493731, -1.3811116]]}}, {"type": "Feature", "properties": {"highway": "primary"}, "geometry": {"type": "LineString", "coordinates": [[-48.4483565, -1.3791029], [-48.4481342, -1.3790388]]}}, {"type": "Feature", "properties": {"highway": "primary"}, "geometry": {"type": "LineString", "coordinates": [[-48.4537147, -1.3804043], [-48.4535555, -1.3803642], [-48.4512168, -1.3798219], [-48.4511655, -1.3798102], [-48.4495716, -1.379414], [-48.4492854, -1.3793384], [-48.4490564, -1.3792766], [-48.4483954, -1.3791138], [-48.4483565, -1.3791029]]}}, {"type": "Feature", "properties": {"highway": "secondary"}, "geometry": {"type": "LineString", "coordinates": [[-48.4330519, -1.3805576], [-48.4327693, -1.3802384], [-48.4326641, -1.3801194], [-48.4325308, -1.3799812], [-48.4323907, -1.3798379]]}}, {"type": "Feature", "properties": {"highway": "tertiary"}, "geometry": {"type": "LineString", "coordinates": [[-48.4204334, -1.3762217], [-48.4204803, -1.3759308], [-48.4205045, -1.3757793], [-48.4205326, -1.3755836], [-48.4205608, -1.3753221], [-48.420593, -1.3750781], [-48.4206186, -1.3748849], [-48.4206869, -1.3744426], [-48.4207486, -1.3739988], [-48.4207767, -1.3738366]]}}, {"type": "Feature", "properties": {"highway": "tertiary"}, "geometry": {"type": "LineString", "coordinates": [[-48.4241001, -1.3925065], [-48.4243146, -1.3919714]]}}, {"type": "Feature", "properties": {"highway": "secondary"}, "geometry": {"type": "LineString", "coordinates": [[-48.3938408, -1.3618147], [-48.3938561, -1.3613552]]}}, {"type": "Feature", "properties": {"highway": "tertiary"}, "geometry": {"type": "LineString", "coordinates": [[-48.3724031, -1.3355534], [-48.3724076, -1.3356049], [-48.3724527, -1.3359865], [-48.3724755, -1.3361541], [-48.3725125, -1.3362403], [-48.3725506, -1.3363109], [-48.372678, -1.3365469], [-48.37302, -1.3371194], [-48.3730522, -1.3372334], [-48.3732332, -1.3377026], [-48.3734733, -1.3383328], [-48.3737225, -1.3390123], [-48.373877, -1.3394255], [-48.3739433, -1.3395703], [-48.3739883, -1.3396346], [-48.3740345, -1.3396776], [-48.3741103, -1.3397224], [-48.3741975, -1.3397412]]}}, {"type": "Feature", "properties": {"highway": "secondary"}, "geometry": {"type": "LineString", "coordinates": [[-48.3747541, -1.3607792], [-48.3747403, -1.3608604], [-48.3745092, -1.3622159], [-48.3744935, -1.3622999], [-48.3741463, -1.3641483], [-48.3741095, -1.3643444], [-48.3740448, -1.3647668], [-48.374004, -1.3650057]]}}, {"type": "Feature", "properties": {"highway": "tertiary"}, "geometry": {"type": "LineString", "coordinates": [[-48.3683134, -1.3753579], [-48.3681558, -1.3758569], [-48.3679999, -1.3763528], [-48.3676904, -1.3773405], [-48.3676554, -1.3774413], [-48.3673065, -1.3786068], [-48.3671993, -1.378953], [-48.3670871, -1.3793133], [-48.3669788, -1.3796474], [-48.3667835, -1.3802218], [-48.3666131, -1.3807569], [-48.3665768, -1.3808834], [-48.3664189, -1.3813984], [-48.3662614, -1.3819021], [-48.3662526, -1.3819306], [-48.3662314, -1.3819934], [-48.3660401, -1.3825742], [-48.3659125, -1.3829439], [-48.3658836, -1.3830414], [-48.3658533, -1.3831478], [-48.3656682, -1.3837022], [-48.3655504, -1.3840635], [-48.3654777, -1.3842927], [-48.3653056, -1.3849196]]}}, {"type": "Feature", "properties": {"highway": "tertiary"}, "geometry": {"type": "LineString", "coordinates": [[-48.3725613, -1.3454709], [-48.3727277, -1.3457658], [-48.3730422, -1.3462841]]}}, {"type": "Feature", "properties": {"highway": "tertiary"}, "geometry": {"type": "LineString", "coordinates": [[-48.3349044, -1.3517146], [-48.335005, -1.3510309], [-48.335115, -1.3504074], [-48.3351593, -1.3501835]]}}, {"type": "Feature", "properties": {"highway": "secondary"}, "geometry": {"type": "LineString", "coordinates": [[-48.3205044, -1.2879889], [-48.3208778, -1.287222], [-48.3211716, -1.2866266], [-48.3213902, -1.2861493], [-48.3217629, -1.2854146], [-48.3218568, -1.285176], [-48.3219293, -1.2849614], [-48.321944, -1.28483], [-48.3219507, -1.28459], [-48.3219534, -1.2843179], [-48.3219548, -1.2839639], [-48.3219829, -1.2836985], [-48.3220365, -1.2835081], [-48.3221559, -1.2832345], [-48.3223061, -1.2829778], [-48.3225998, -1.2825614], [-48.3228018, -1.2822601], [-48.3231362, -1.2817308], [-48.3233396, -1.2812642], [-48.323415, -1.2810999], [-48.3236036, -1.2806891], [-48.3238504, -1.2800119], [-48.3240737, -1.2794676], [-48.3242866, -1.278942], [-48.3244506, -1.2785207], [-48.3245471, -1.2782214], [-48.3247474, -1.2777168], [-48.3248656, -1.2773954], [-48.3249716, -1.2771206], [-48.3251439, -1.2766728], [-48.3252673, -1.2763577], [-48.3255114, -1.2756819], [-48.32553, -1.2756347], [-48.3257769, -1.2750075], [-48.3258963, -1.274726], [-48.3260143, -1.2744525], [-48.3260465, -1.2743653], [-48.3261921, -1.2739589], [-48.3263716, -1.2734683], [-48.3265749, -1.2728596], [-48.3268488, -1.2717702], [-48.3270094, -1.2711314], [-48.3271274, -1.2706219], [-48.3274063, -1.2693133], [-48.3275361, -1.2687093], [-48.3278382, -1.2672592], [-48.3279187, -1.2668489], [-48.3281354, -1.2657334]]}}, {"type": "Feature", "properties": {"highway": "secondary"}, "geometry": {"type": "LineString", "coordinates": [[-48.3205044, -1.2879889], [-48.3208778, -1.287222], [-48.3211716, -1.2866266], [-48.3213902, -1.2861493], [-48.3217629, -1.2854146], [-48.3218568, -1.285176], [-48.3219293, -1.2849614], [-48.321944, -1.28483], [-48.3219507, -1.28459], [-48.3219534, -1.2843179], [-48.3219548, -1.2839639], [-48.3219829, -1.2836985], [-48.3220365, -1.2835081], [-48.3221559, -1.2832345], [-48.3223061, -1.2829778], [-48.3225998, -1.2825614], [-48.3228018, -1.2822601], [-48.3231362, -1.2817308], [-48.3233396, -1.2812642], [-48.323415, -1.2810999], [-48.3236036, -1.2806891], [-48.3238504, -1.2800119], [-48.3240737, -1.2794676], [-48.3242866, -1.278942], [-48.3244506, -1.2785207], [-48.3245471, -1.2782214], [-48.3247474, -1.2777168], [-48.3248656, -1.2773954], [-48.3249716, -1.2771206], [-48.3251439, -1.2766728], [-48.3252673, -1.2763577], [-48.3255114, -1.2756819], [-48.32553, -1.2756347], [-48.3257769, -1.2750075], [-48.3258963, -1.274726], [-48.3260143, -1.2744525], [-48.3260465, -1.2743653], [-48.3261921, -1.2739589], [-48.3263716, -1.2734683], [-48.3265749, -1.2728596], [-48.3268488, -1.2717702], [-48.3270094, -1.2711314], [-48.3271274, -1.2706219], [-48.3274063, -1.2693133], [-48.3275361, -1.2687093], [-48.3278382, -1.2672592], [-48.3279187, -1.2668489], [-48.3281354, -1.2657334]]}}, {"type": "Feature", "properties": {"highway": "tertiary"}, "geometry": {"type": "LineString", "coordinates": [[-48.3048278, -1.37668], [-48.3045266, -1.3772554], [-48.304215, -1.3778358]]}}, {"type": "Feature", "properties": {"highway": "tertiary"}, "geometry": {"type": "LineString", "coordinates": [[-48.304215, -1.3778358], [-48.3040973, -1.3780595], [-48.3039913, -1.3782243], [-48.3038742, -1.3783978]]}}, {"type": "Feature", "properties": {"highway": "secondary"}, "geometry": {"type": "LineString", "coordinates": [[-48.3039846, -1.3117757], [-48.3040378, -1.3114932], [-48.3040806, -1.3112719], [-48.3041215, -1.3110545], [-48.3042293, -1.3106345], [-48.304387, -1.3097318], [-48.3044494, -1.3093799], [-48.304699, -1.3080143], [-48.3047122, -1.3079421], [-48.304857, -1.3071792], [-48.3050099, -1.3064847], [-48.3052258, -1.3056762], [-48.305321, -1.3054201], [-48.3054069, -1.3052726], [-48.3054967, -1.3051426], [-48.3057367, -1.3048875], [-48.3058481, -1.3047792], [-48.3062947, -1.3043368], [-48.3066702, -1.3039949], [-48.3069974, -1.3037026], [-48.3077207, -1.3030659], [-48.3082463, -1.3025972], [-48.3085876, -1.302315], [-48.3089452, -1.3020642], [-48.3092982, -1.301846], [-48.3094314, -1.3017798], [-48.3101575, -1.3014188], [-48.3104874, -1.3012657], [-48.3108344, -1.3010374], [-48.3113605, -1.3006433], [-48.3117583, -1.3002991], [-48.3120526, -1.3000535], [-48.3124196, -1.2997285], [-48.3127249, -1.2994521], [-48.3135229, -1.2985591], [-48.314119, -1.2978625], [-48.3141797, -1.2977916], [-48.3147658, -1.2971007], [-48.3150603, -1.2967616], [-48.3151428, -1.2966666], [-48.3156136, -1.2960935], [-48.3157384, -1.2959607], [-48.3160199, -1.2956195], [-48.3165816, -1.2948312], [-48.3168884, -1.2944361], [-48.3174318, -1.2935909], [-48.3176316, -1.2932566], [-48.3177988, -1.2930058], [-48.3181657, -1.2925322], [-48.3183144, -1.2923232], [-48.318463, -1.292091], [-48.3186534, -1.2917706], [-48.318863, -1.2913488], [-48.3189446, -1.2911759], [-48.319115, -1.2908092], [-48.3194321, -1.2901689], [-48.3199585, -1.2891352], [-48.3202281, -1.2885379], [-48.3205044, -1.2879889]]}}, {"type": "Feature", "properties": {"highway": "secondary"}, "geometry": {"type": "LineString", "coordinates": [[-48.451919, -1.4305596], [-48.4521071, -1.4301683], [-48.4524509, -1.4294289], [-48.4525847, -1.4291391], [-48.4527528, -1.4287752], [-48.4527798, -1.4287048], [-48.4528363, -1.4285282]]}}, {"type": "Feature", "properties": {"highway": "secondary"}, "geometry": {"type": "LineString", "coordinates": [[-48.4596972, -1.2534475], [-48.4595347, -1.2532481], [-48.459393, -1.2530797], [-48.4593124, -1.2529765], [-48.4591406, -1.2526], [-48.4591182, -1.2525463], [-48.4590556, -1.2523987], [-48.4590228, -1.2523216], [-48.4589593, -1.2522208], [-48.4588741, -1.2520754], [-48.4582359, -1.2513236], [-48.4581619, -1.2512342], [-48.4580588, -1.2511319], [-48.4579696, -1.2510632], [-48.457804, -1.2509429], [-48.4576387, -1.2508648], [-48.4574412, -1.2508269], [-48.4572588, -1.2508289], [-48.4571565, -1.2508269], [-48.4570654, -1.2508503], [-48.4570137, -1.2508706], [-48.4569656, -1.2509009]]}}, {"type": "Feature", "properties": {"highway": "secondary"}, "geometry": {"type": "LineString", "coordinates": [[-48.5021617, -1.4552999], [-48.5018044, -1.4557704]]}}, {"type": "Feature", "properties": {"highway": "tertiary"}, "geometry": {"type": "LineString", "coordinates": [[-48.4591127, -1.2653196], [-48.4551807, -1.2615616], [-48.4536307, -1.2600389], [-48.4523889, -1.258851], [-48.4522051, -1.2586666], [-48.4515999, -1.2580714], [-48.4512705, -1.2577384], [-48.4509073, -1.257387], [-48.4506743, -1.2571383], [-48.4498194, -1.2563407], [-48.4489667, -1.2555171], [-48.4483322, -1.2549045], [-48.4480371, -1.2545811], [-48.447432, -1.2539984], [-48.4473601, -1.2539292], [-48.4468049, -1.2533821], [-48.4460403, -1.2526381], [-48.4459743, -1.2525848], [-48.445315, -1.251952], [-48.4443801, -1.2510129], [-48.4442621, -1.2508963], [-48.4441602, -1.2508132], [-48.4439778, -1.2507006], [-48.4437686, -1.2505933], [-48.4435943, -1.2504887], [-48.4434602, -1.2503788], [-48.4432107, -1.2500865], [-48.4428684, -1.2495524], [-48.4423015, -1.2486679], [-48.4418608, -1.2480057], [-48.4412887, -1.2471459], [-48.4410971, -1.2468579], [-48.4399921, -1.2451041], [-48.4391418, -1.2438304], [-48.4385028, -1.242801], [-48.4383211, -1.2425083], [-48.4379721, -1.2419706], [-48.4377015, -1.2415537], [-48.437334, -1.2409986], [-48.4369826, -1.2404301], [-48.4368648, -1.2402251], [-48.4365186, -1.239623], [-48.4363724, -1.239383], [-48.4362035, -1.2391443], [-48.4358896, -1.2388172], [-48.4352781, -1.2382232], [-48.4347416, -1.2376989], [-48.4346049, -1.2375702], [-48.4340188, -1.2370124], [-48.4338646, -1.2368274], [-48.4337479, -1.2366357], [-48.4336111, -1.2363635], [-48.4334703, -1.2359747], [-48.433363, -1.2356381], [-48.4333201, -1.2355242], [-48.4332723, -1.2354372]]}}, {"type": "Feature", "properties": {"highway": "tertiary"}, "geometry": {"type": "LineString", "coordinates": [[-48.4591127, -1.2653196], [-48.4551807, -1.2615616], [-48.4536307, -1.2600389], [-48.4523889, -1.258851], [-48.4522051, -1.2586666], [-48.4515999, -1.2580714], [-48.4512705, -1.2577384], [-48.4509073, -1.257387], [-48.4506743, -1.2571383], [-48.4498194, -1.2563407], [-48.4489667, -1.2555171], [-48.4483322, -1.2549045], [-48.4480371, -1.2545811], [-48.447432, -1.2539984], [-48.4473601, -1.2539292], [-48.4468049, -1.2533821], [-48.4460403, -1.2526381], [-48.4459743, -1.2525848], [-48.445315, -1.251952], [-48.4443801, -1.2510129], [-48.4442621, -1.2508963], [-48.4441602, -1.2508132], [-48.4439778, -1.2507006], [-48.4437686, -1.2505933], [-48.4435943, -1.2504887], [-48.4434602, -1.2503788], [-48.4432107, -1.2500865], [-48.4428684, -1.2495524], [-48.4423015, -1.2486679], [-48.4418608, -1.2480057], [-48.4412887, -1.2471459], [-48.4410971, -1.2468579], [-48.4399921, -1.2451041], [-48.4391418, -1.2438304], [-48.4385028, -1.242801], [-48.4383211, -1.2425083], [-48.4379721, -1.2419706], [-48.4377015, -1.2415537], [-48.437334, -1.2409986], [-48.4369826, -1.2404301], [-48.4368648, -1.2402251], [-48.4365186, -1.239623], [-48.4363724, -1.239383], [-48.4362035, -1.2391443], [-48.4358896, -1.2388172], [-48.4352781, -1.2382232], [-48.4347416, -1.2376989], [-48.4346049, -1.2375702], [-48.4340188, -1.2370124], [-48.4338646, -1.2368274], [-48.4337479, -1.2366357], [-48.4336111, -1.2363635], [-48.4334703, -1.2359747], [-48.433363, -1.2356381], [-48.4333201, -1.2355242], [-48.4332723, -1.2354372]]}}, {"type": "Feature", "properties": {"highway": "tertiary"}, "geometry": {"type": "LineString", "coordinates": [[-48.4060032, -1.3279918], [-48.4075812, -1.3273747], [-48.4078985, -1.3272027], [-48.4100329, -1.3263559]]}}, {"type": "Feature", "properties": {"highway": "primary"}, "geometry": {"type": "LineString", "coordinates": [[-48.4435871, -1.37355], [-48.4447297, -1.3752495], [-48.444762, -1.3752976], [-48.4448258, -1.375385], [-48.4452355, -1.3760399], [-48.4453523, -1.3762168], [-48.4459117, -1.3770251], [-48.44631, -1.3774713], [-48.4467339, -1.3778894], [-48.4469359, -1.3780464], [-48.4473092, -1.378305], [-48.4478066, -1.378622], [-48.4479251, -1.3786772], [-48.4481796, -1.3787957]]}}, {"type": "Feature", "properties": {"highway": "secondary"}, "geometry": {"type": "LineString", "coordinates": [[-48.4356525, -1.3494919], [-48.4356295, -1.3494475], [-48.4355899, -1.3493885], [-48.4355475, -1.3493383], [-48.4354921, -1.3492878], [-48.4354037, -1.3492256], [-48.4347797, -1.3488374], [-48.4342359, -1.3484958], [-48.4338724, -1.348279], [-48.4338019, -1.3482358]]}}, {"type": "Feature", "properties": {"highway": "primary"}, "geometry": {"type": "LineString", "coordinates": [[-48.4324833, -1.3503248], [-48.4325199, -1.3502636], [-48.432629, -1.3500811], [-48.4327867, -1.3498259], [-48.4328422, -1.3497409], [-48.4328492, -1.3497295], [-48.4330046, -1.3494746], [-48.4331715, -1.3491981], [-48.4333103, -1.3489867], [-48.4337288, -1.3483037], [-48.4338019, -1.3482358]]}}, {"type": "Feature", "properties": {"highway": "primary"}, "geometry": {"type": "LineString", "coordinates": [[-48.4338724, -1.348279], [-48.4337939, -1.3484066], [-48.4335773, -1.3487437], [-48.4334069, -1.3489999], [-48.433098, -1.3494851], [-48.4329827, -1.3496789], [-48.4328976, -1.3498229], [-48.4327467, -1.3500605], [-48.4325599, -1.3503703]]}}, {"type": "Feature", "properties": {"highway": "secondary"}, "geometry": {"type": "LineString", "coordinates": [[-48.4075887, -1.3687012], [-48.4075894, -1.3686715], [-48.4075853, -1.3684202], [-48.4075827, -1.368259]]}}, {"type": "Feature", "properties": {"highway": "secondary"}, "geometry": {"type": "LineString", "coordinates": [[-48.4343012, -1.382678], [-48.4340772, -1.3823952], [-48.4340102, -1.3822744]]}}, {"type": "Feature", "properties": {"highway": "secondary"}, "geometry": {"type": "LineString", "coordinates": [[-48.4354134, -1.3845587], [-48.435372, -1.3844777], [-48.4351849, -1.3841284], [-48.4350841, -1.3839403], [-48.4348815, -1.3835598], [-48.4346838, -1.3832101], [-48.4345, -1.3829396], [-48.4343012, -1.382678]]}}, {"type": "Feature", "properties": {"highway": "tertiary"}, "geometry": {"type": "LineString", "coordinates": [[-48.3726045, -1.3285693], [-48.3729811, -1.328426], [-48.3733727, -1.3282665], [-48.3737268, -1.3281203], [-48.3739749, -1.3280265], [-48.3746567, -1.3277477], [-48.3754819, -1.327382]]}}, {"type": "Feature", "properties": {"highway": "tertiary"}, "geometry": {"type": "LineString", "coordinates": [[-48.376294, -1.3369389], [-48.3759221, -1.3367172], [-48.3755709, -1.3365287], [-48.3755097, -1.3364961], [-48.3754425, -1.336476], [-48.3753659, -1.3364716], [-48.3752651, -1.3364791], [-48.3748962, -1.3365871]]}}, {"type": "Feature", "properties": {"highway": "primary"}, "geometry": {"type": "LineString", "coordinates": [[-48.3764613, -1.3369022], [-48.3765712, -1.3367976], [-48.3767014, -1.3367239], [-48.3769172, -1.3366166], [-48.3771452, -1.3365026], [-48.3774933, -1.3363365], [-48.3778487, -1.3361641], [-48.3783543, -1.3359446]]}}, {"type": "Feature", "properties": {"highway": "primary"}, "geometry": {"type": "LineString", "coordinates": [[-48.3784054, -1.3363033], [-48.3783538, -1.3362585], [-48.3783167, -1.3362011], [-48.3782971, -1.3361356], [-48.378301, -1.3360656], [-48.3783213, -1.3359994], [-48.3783543, -1.3359446], [-48.378393, -1.3359097], [-48.378424, -1.3358888], [-48.3784573, -1.3358707], [-48.3785006, -1.33586], [-48.3785724, -1.3358599], [-48.378641, -1.3358808], [-48.3787006, -1.3359209], [-48.3787457, -1.3359767], [-48.3787759, -1.3360597], [-48.3787772, -1.3361308], [-48.3787578, -1.3361993], [-48.3787194, -1.3362592], [-48.3786652, -1.3363053], [-48.3785999, -1.3363337], [-48.378534, -1.336342], [-48.378467, -1.3363317], [-48.3784054, -1.3363033]]}}, {"type": "Feature", "properties": {"highway": "secondary"}, "geometry": {"type": "LineString", "coordinates": [[-48.3831909, -1.3386927], [-48.382837, -1.3388642], [-48.3822961, -1.3391504], [-48.3810564, -1.3397084], [-48.3805382, -1.3399417]]}}, {"type": "Feature", "properties": {"highway": "primary"}, "geometry": {"type": "LineString", "coordinates": [[-48.3927787, -1.3512521], [-48.3927756, -1.3513805], [-48.3927703, -1.3518534], [-48.3927681, -1.3521188], [-48.3927695, -1.3523097], [-48.3927641, -1.3524318], [-48.3927663, -1.3526673], [-48.3927653, -1.3527851], [-48.3927637, -1.3529707], [-48.3927573, -1.3533683], [-48.3927528, -1.3540988], [-48.3927535, -1.3541418], [-48.3927496, -1.3545684], [-48.3927474, -1.3550057], [-48.3927404, -1.3554348], [-48.39274, -1.35569], [-48.3927379, -1.3559246], [-48.3927339, -1.356386], [-48.3927321, -1.3565929], [-48.3927243, -1.356814], [-48.3927277, -1.3570971], [-48.3927348, -1.3572643], [-48.3927243, -1.357486], [-48.392722, -1.3577324], [-48.39272, -1.35798], [-48.3927227, -1.3581751], [-48.3927137, -1.3585994], [-48.3927296, -1.3590551]]}}, {"type": "Feature", "properties": {"highway": "primary"}, "geometry": {"type": "LineString", "coordinates": [[-48.3927934, -1.3495406], [-48.3927869, -1.3497477], [-48.3927967, -1.3500038], [-48.3927932, -1.3504478], [-48.392794, -1.3506314], [-48.3927883, -1.3509136]]}}, {"type": "Feature", "properties": {"highway": "secondary"}, "geometry": {"type": "LineString", "coordinates": [[-48.3965745, -1.3509314], [-48.3960082, -1.3509255], [-48.395668, -1.3509224], [-48.3948795, -1.3509134], [-48.3946967, -1.3508988], [-48.3937805, -1.3509166], [-48.3937277, -1.3509161], [-48.3927883, -1.3509136], [-48.3927721, -1.3509136], [-48.3927225, -1.3509135], [-48.3926961, -1.3509134]]}}, {"type": "Feature", "properties": {"highway": "tertiary"}, "geometry": {"type": "LineString", "coordinates": [[-48.3965748, -1.3495611], [-48.3974455, -1.3495521], [-48.397591, -1.3495493], [-48.3983421, -1.3495594], [-48.3986796, -1.3495608], [-48.3988063, -1.3495611], [-48.399074, -1.3495605]]}}, {"type": "Feature", "properties": {"highway": "tertiary"}, "geometry": {"type": "LineString", "coordinates": [[-48.3965748, -1.3495611], [-48.3965745, -1.3496294], [-48.3965772, -1.3498423], [-48.3965772, -1.3500189], [-48.3965741, -1.3504737], [-48.3965745, -1.3509314]]}}, {"type": "Feature", "properties": {"highway": "primary"}, "geometry": {"type": "LineString", "coordinates": [[-48.4029556, -1.3495379], [-48.4029498, -1.3500055], [-48.4029479, -1.3501473], [-48.4029465, -1.3504666], [-48.4029427, -1.3508173], [-48.4029431, -1.3509331], [-48.402941, -1.3512737], [-48.4029391, -1.3513913], [-48.402933, -1.351773], [-48.4029305, -1.3519354], [-48.402926, -1.3522277], [-48.4029199, -1.3523877], [-48.4029191, -1.3527113], [-48.4029181, -1.3528142], [-48.4029144, -1.3531936], [-48.4029121, -1.353278], [-48.4029025, -1.3536382], [-48.4029019, -1.353718], [-48.4028968, -1.3540953]]}}, {"type": "Feature", "properties": {"highway": "tertiary"}, "geometry": {"type": "LineString", "coordinates": [[-48.4028683, -1.3495337], [-48.4029556, -1.3495379]]}}, {"type": "Feature", "properties": {"highway": "primary"}, "geometry": {"type": "LineString", "coordinates": [[-48.4028683, -1.3495337], [-48.4028862, -1.349042], [-48.4028869, -1.3486036], [-48.4029034, -1.3481627], [-48.4029094, -1.3477039], [-48.4029109, -1.347252], [-48.4029124, -1.3468029], [-48.4029139, -1.3463427], [-48.4029202, -1.3458905], [-48.4029203, -1.3457283], [-48.4029204, -1.3456549], [-48.4029204, -1.3456246]]}}, {"type": "Feature", "properties": {"highway": "primary"}, "geometry": {"type": "LineString", "coordinates": [[-48.4029198, -1.3550218], [-48.4030671, -1.3549114], [-48.403088, -1.3548961], [-48.4032066, -1.3548232], [-48.4034082, -1.3546969], [-48.4036213, -1.3545633], [-48.4039001, -1.3543893], [-48.4042632, -1.3541704], [-48.4043054, -1.354145], [-48.4050712, -1.3536761]]}}, {"type": "Feature", "properties": {"highway": "primary"}, "geometry": {"type": "LineString", "coordinates": [[-48.4029198, -1.3550218], [-48.4029246, -1.3550561], [-48.4029283, -1.3550801], [-48.4029359, -1.3551141], [-48.4029452, -1.3551426], [-48.4029581, -1.3551718], [-48.4029748, -1.3551987]]}}, {"type": "Feature", "properties": {"highway": "primary"}, "geometry": {"type": "LineString", "coordinates": [[-48.4050712, -1.3536761], [-48.4053328, -1.3535224], [-48.4057109, -1.3532857]]}}, {"type": "Feature", "properties": {"highway": "primary"}, "geometry": {"type": "LineString", "coordinates": [[-48.4075128, -1.3709103], [-48.4074697, -1.3709279], [-48.4074213, -1.3709332], [-48.4073739, -1.3709236], [-48.407334, -1.3709071], [-48.4073031, -1.3708848], [-48.4072797, -1.3708523], [-48.4072606, -1.3708108], [-48.4072399, -1.3707372], [-48.4072265, -1.3706596]]}}, {"type": "Feature", "properties": {"highway": "primary"}, "geometry": {"type": "LineString", "coordinates": [[-48.4075529, -1.3707137], [-48.4075611, -1.3707708], [-48.4075635, -1.3708085], [-48.4075582, -1.3708417], [-48.4075421, -1.3708744], [-48.4075128, -1.3709103]]}}, {"type": "Feature", "properties": {"highway": "tertiary"}, "geometry": {"type": "LineString", "coordinates": [[-48.4142749, -1.3765394], [-48.414358, -1.3766118], [-48.4150046, -1.3771737], [-48.4153218, -1.3774572], [-48.415582, -1.3776731], [-48.4157114, -1.377785], [-48.4158066, -1.3778601], [-48.4159032, -1.3779271], [-48.4160346, -1.3780009], [-48.4161432, -1.3780465], [-48.4164166, -1.3781369], [-48.4166204, -1.3782032], [-48.4168042, -1.3782501], [-48.4172353, -1.3783024], [-48.4185581, -1.3784034]]}}, {"type": "Feature", "properties": {"highway": "primary"}, "geometry": {"type": "LineString", "coordinates": [[-48.4142749, -1.3765394], [-48.4142181, -1.3766385], [-48.4141545, -1.3767463], [-48.413861, -1.3772931], [-48.413721, -1.377554], [-48.4136606, -1.3776537], [-48.4133113, -1.3783168], [-48.4130647, -1.3787502], [-48.412971, -1.3789113], [-48.412877, -1.3790814], [-48.4127472, -1.3793164], [-48.4126803, -1.379439], [-48.4126188, -1.3795517], [-48.4124852, -1.3798247], [-48.4123711, -1.3801235], [-48.4122428, -1.3805455], [-48.4118763, -1.3817154], [-48.4117852, -1.3820055], [-48.4116906, -1.3823064], [-48.4116448, -1.3824523], [-48.411619, -1.3825323], [-48.4114614, -1.3830205], [-48.411435, -1.38312], [-48.4112626, -1.383669], [-48.4112468, -1.3837204], [-48.4111731, -1.3839255]]}}, {"type": "Feature", "properties": {"highway": "secondary"}, "geometry": {"type": "LineString", "coordinates": [[-48.4552252, -1.4254673], [-48.455639, -1.4250015], [-48.4562826, -1.4241926], [-48.4567357, -1.4236581], [-48.4571363, -1.4231855], [-48.4572025, -1.4231075]]}}, {"type": "Feature", "properties": {"highway": "primary"}, "geometry": {"type": "LineString", "coordinates": [[-48.4141566, -1.3765826], [-48.4142121, -1.3764848]]}}, {"type": "Feature", "properties": {"highway": "primary"}, "geometry": {"type": "LineString", "coordinates": [[-48.4072265, -1.3706596], [-48.4072281, -1.370607], [-48.4072393, -1.3705594], [-48.4072632, -1.3705204], [-48.407294, -1.3704912]]}}, {"type": "Feature", "properties": {"highway": "primary"}, "geometry": {"type": "LineString", "coordinates": [[-48.4040563, -1.3545549], [-48.4037501, -1.35474], [-48.4036218, -1.3548176], [-48.4033373, -1.3549891], [-48.4029748, -1.3551987]]}}, {"type": "Feature", "properties": {"highway": "primary"}, "geometry": {"type": "LineString", "coordinates": [[-48.3990894, -1.3577109], [-48.3986706, -1.3579459], [-48.3980349, -1.3583115], [-48.3980018, -1.3583281], [-48.3979061, -1.3583782], [-48.3974428, -1.3586422], [-48.3970854, -1.3588191], [-48.3970203, -1.3588441], [-48.3963024, -1.3592827], [-48.3960253, -1.3594399], [-48.395995, -1.3594551], [-48.3958732, -1.3595163], [-48.3958041, -1.3595389], [-48.3957489, -1.3595496], [-48.3956948, -1.3595529], [-48.3954874, -1.3595513]]}}, {"type": "Feature", "properties": {"highway": "primary"}, "geometry": {"type": "LineString", "coordinates": [[-48.3926961, -1.3509134], [-48.3927051, -1.3506354], [-48.3927015, -1.3505287], [-48.3927091, -1.350063], [-48.3927074, -1.3498745], [-48.3927078, -1.3496205], [-48.3927129, -1.3491625], [-48.3927176, -1.3487289], [-48.3927207, -1.3482855], [-48.3927207, -1.347833], [-48.3927193, -1.3475101], [-48.3927186, -1.34736], [-48.3927206, -1.3472389], [-48.3927262, -1.3470217], [-48.3927256, -1.3469274], [-48.3927337, -1.346463], [-48.3927448, -1.3459752], [-48.3927359, -1.345914], [-48.3927372, -1.3456612], [-48.3927358, -1.3455135], [-48.3927397, -1.3451794], [-48.3927406, -1.3451068], [-48.3927493, -1.3447531], [-48.3927525, -1.3445891]]}}, {"type": "Feature", "properties": {"highway": "primary"}, "geometry": {"type": "LineString", "coordinates": [[-48.3927165, -1.3414471], [-48.3916036, -1.3410001], [-48.3914765, -1.3409491], [-48.3913106, -1.3408386], [-48.3912142, -1.3406308], [-48.3910745, -1.3403275], [-48.3910533, -1.3402765], [-48.3909965, -1.3401505], [-48.3909539, -1.3400588], [-48.3909419, -1.3400337], [-48.3905705, -1.3392528], [-48.3902609, -1.3386018], [-48.3901975, -1.3384685], [-48.389232, -1.3363635], [-48.3890409, -1.3359502]]}}, {"type": "Feature", "properties": {"highway": "secondary"}, "geometry": {"type": "LineString", "coordinates": [[-48.3805127, -1.340482], [-48.3803183, -1.3400395]]}}, {"type": "Feature", "properties": {"highway": "primary"}, "geometry": {"type": "LineString", "coordinates": [[-48.3795539, -1.3383676], [-48.3795143, -1.3383287], [-48.3786768, -1.3364892], [-48.3785999, -1.3363337]]}}, {"type": "Feature", "properties": {"highway": "primary"}, "geometry": {"type": "LineString", "coordinates": [[-48.3784054, -1.3363033], [-48.3780626, -1.3364678], [-48.3776669, -1.3366608], [-48.3773142, -1.3368298], [-48.3769561, -1.3370001], [-48.3768221, -1.3370926], [-48.3767496, -1.3371651], [-48.3766142, -1.3373192], [-48.3765082, -1.3374626], [-48.3762588, -1.3378192], [-48.3759342, -1.3382899], [-48.3756487, -1.3386926], [-48.375489, -1.33892], [-48.3752516, -1.3392445], [-48.3751367, -1.3394178], [-48.3749861, -1.3396279], [-48.374647, -1.340189], [-48.3740598, -1.3410599]]}}, {"type": "Feature", "properties": {"highway": "tertiary"}, "geometry": {"type": "LineString", "coordinates": [[-48.3786676, -1.3357661], [-48.377966, -1.3342328], [-48.3779004, -1.33404], [-48.3777434, -1.3337327], [-48.3777262, -1.3336907], [-48.3775757, -1.3332866], [-48.3772946, -1.3326687]]}}, {"type": "Feature", "properties": {"highway": "tertiary"}, "geometry": {"type": "LineString", "coordinates": [[-48.3772946, -1.3326687], [-48.3772343, -1.3325428], [-48.3768569, -1.3318409], [-48.3768314, -1.3317765], [-48.3767603, -1.3316163], [-48.3766973, -1.3314394], [-48.3766076, -1.3313285], [-48.3763408, -1.3307544], [-48.3761517, -1.3304289], [-48.3761379, -1.3304048], [-48.3760591, -1.3302445], [-48.3759376, -1.3300209], [-48.3758967, -1.3299035], [-48.3758524, -1.3297601], [-48.3758202, -1.3296059], [-48.3757677, -1.3292366], [-48.3757611, -1.3291904], [-48.3756829, -1.3287451], [-48.3754819, -1.327382], [-48.3754677, -1.3272293], [-48.3754432, -1.326849], [-48.3754536, -1.3266371], [-48.3755372, -1.3260663], [-48.3755929, -1.3258723], [-48.375729, -1.3252565], [-48.3757679, -1.3250782], [-48.375796, -1.3248728], [-48.3758341, -1.3245735], [-48.3759034, -1.3240713], [-48.3759087, -1.3240262], [-48.375961, -1.3235779], [-48.3759995, -1.3232431], [-48.3760402, -1.3231529], [-48.3761086, -1.3230778], [-48.3762239, -1.322992], [-48.3764586, -1.3228874], [-48.376759, -1.3227667], [-48.3769119, -1.3227118], [-48.3770876, -1.3226568], [-48.3772264, -1.3226307], [-48.3773953, -1.3226126], [-48.3777771, -1.3225901], [-48.3790818, -1.3224796], [-48.3792727, -1.3224738], [-48.3794533, -1.3224504], [-48.3796996, -1.322434], [-48.3798347, -1.3224169], [-48.3800967, -1.3223557], [-48.380281, -1.3222728], [-48.3804391, -1.322206], [-48.3807305, -1.3220814], [-48.3807981, -1.3220544], [-48.3808742, -1.3220405], [-48.3811225, -1.321964], [-48.381206, -1.3219479], [-48.3814858, -1.3218826], [-48.3818689, -1.3217979], [-48.3820166, -1.3217697], [-48.3823442, -1.3216933], [-48.3826235, -1.321635], [-48.3828975, -1.3216076], [-48.382989, -1.3216129], [-48.3831242, -1.3216576], [-48.3833262, -1.3217571], [-48.3835586, -1.3218886], [-48.3839871, -1.322129], [-48.3846396, -1.3224848], [-48.3850012, -1.322682], [-48.3853407, -1.3228807], [-48.385617, -1.3230255], [-48.3859765, -1.323236], [-48.3862741, -1.3233875], [-48.386726, -1.3236731], [-48.3870735, -1.3238728], [-48.3873202, -1.324023], [-48.3875643, -1.3241705], [-48.3876943, -1.3242322], [-48.3878417, -1.3245576], [-48.3880363, -1.3248623], [-48.3882367, -1.3252011], [-48.3882724, -1.3252686], [-48.3882992, -1.3253383], [-48.3883126, -1.3255434], [-48.3882979, -1.3257687], [-48.3882975, -1.3259853], [-48.3883099, -1.3260589], [-48.3883279, -1.3261312], [-48.3883542, -1.3261957], [-48.3883887, -1.3262588], [-48.3885332, -1.3263553], [-48.3885735, -1.3264002], [-48.388639, -1.3264763], [-48.3887295, -1.3265515], [-48.3888416, -1.3266696], [-48.3889822, -1.3268588], [-48.389091, -1.3270631], [-48.3893251, -1.3275894], [-48.389417, -1.3277825], [-48.3894915, -1.3279528], [-48.3895512, -1.3280869], [-48.3895894, -1.3281874], [-48.3896524, -1.3282866], [-48.3897329, -1.3283616], [-48.3899658, -1.3286558], [-48.3901262, -1.3288004], [-48.3901741, -1.3288503], [-48.3903202, -1.3290396]]}}, {"type": "Feature", "properties": {"highway": "secondary"}, "geometry": {"type": "LineString", "coordinates": [[-48.4434555, -1.3410444], [-48.4435105, -1.3410558], [-48.4450698, -1.3413162]]}}, {"type": "Feature", "properties": {"highway": "secondary"}, "geometry": {"type": "LineString", "coordinates": [[-48.490683, -1.4432989], [-48.4906292, -1.4433353], [-48.4904699, -1.4434605], [-48.4902929, -1.44362], [-48.4901869, -1.4437286], [-48.4899589, -1.4440249], [-48.4898409, -1.4441683], [-48.4896504, -1.4444193], [-48.4896119, -1.444471], [-48.4895552, -1.4445472]]}}, {"type": "Feature", "properties": {"highway": "primary"}, "geometry": {"type": "LineString", "coordinates": [[-48.4817593, -1.4215449], [-48.4817333, -1.4215094], [-48.4815518, -1.4212613], [-48.481382, -1.4210128], [-48.4809349, -1.4203583], [-48.4808932, -1.4203002], [-48.4801622, -1.4191906], [-48.4800254, -1.4190214], [-48.4798482, -1.4187621], [-48.4796611, -1.4184863], [-48.4793539, -1.4180506], [-48.4792814, -1.4179478], [-48.4791134, -1.4176946], [-48.4787967, -1.4173047], [-48.4786019, -1.4171341], [-48.4785338, -1.4170593], [-48.4784398, -1.4169694], [-48.4782637, -1.4168114], [-48.4780896, -1.4166719], [-48.4778285, -1.4165033], [-48.4773534, -1.4162929], [-48.4768059, -1.4160899], [-48.4765462, -1.4160311], [-48.475723, -1.4158288], [-48.4755779, -1.4157995], [-48.4755182, -1.4157858], [-48.4751798, -1.4157257], [-48.4751239, -1.4157128], [-48.4747364, -1.4156237], [-48.4746506, -1.415604], [-48.4745853, -1.4155876], [-48.47371, -1.4153427], [-48.4726756, -1.4150973]]}}, {"type": "Feature", "properties": {"highway": "secondary"}, "geometry": {"type": "LineString", "coordinates": [[-48.4809389, -1.4220774], [-48.4814331, -1.4217449]]}}, {"type": "Feature", "properties": {"highway": "tertiary"}, "geometry": {"type": "LineString", "coordinates": [[-48.4747822, -1.4262415], [-48.4748845, -1.4264142], [-48.4755448, -1.4274887]]}}, {"type": "Feature", "properties": {"highway": "tertiary"}, "geometry": {"type": "LineString", "coordinates": [[-48.4755448, -1.4274887], [-48.4754758, -1.4275435]]}}, {"type": "Feature", "properties": {"highway": "tertiary"}, "geometry": {"type": "LineString", "coordinates": [[-48.4755448, -1.4274887], [-48.4762795, -1.4287033], [-48.4763144, -1.4287767]]}}, {"type": "Feature", "properties": {"highway": "primary"}, "geometry": {"type": "LineString", "coordinates": [[-48.457991, -1.4410452], [-48.4584598, -1.4417759], [-48.4587319, -1.4421935], [-48.4588145, -1.4423202], [-48.4589052, -1.442452], [-48.4592772, -1.4430153], [-48.4594399, -1.4432597], [-48.4595662, -1.4434517], [-48.4596517, -1.4435818]]}}, {"type": "Feature", "properties": {"highway": "trunk"}, "geometry": {"type": "LineString", "coordinates": [[-48.4604555, -1.4393866], [-48.4603849, -1.4392901], [-48.4602214, -1.4390516], [-48.4600784, -1.4388383], [-48.4597409, -1.4383348], [-48.45964, -1.4381844]]}}, {"type": "Feature", "properties": {"highway": "secondary"}, "geometry": {"type": "LineString", "coordinates": [[-48.4624204, -1.4754934], [-48.4626404, -1.4754655], [-48.4629191, -1.4754278], [-48.4630534, -1.475413]]}}, {"type": "Feature", "properties": {"highway": "secondary"}, "geometry": {"type": "LineString", "coordinates": [[-48.4618789, -1.4755762], [-48.4621199, -1.4755401], [-48.4624204, -1.4754934]]}}, {"type": "Feature", "properties": {"highway": "secondary"}, "geometry": {"type": "LineString", "coordinates": [[-48.4630534, -1.475413], [-48.4635627, -1.4753401], [-48.4638762, -1.4752953]]}}, {"type": "Feature", "properties": {"highway": "secondary"}, "geometry": {"type": "LineString", "coordinates": [[-48.4638762, -1.4752953], [-48.4641858, -1.4752523], [-48.4644602, -1.475207], [-48.464891, -1.4751418], [-48.4651429, -1.4751014]]}}, {"type": "Feature", "properties": {"highway": "secondary"}, "geometry": {"type": "LineString", "coordinates": [[-48.4658046, -1.4750007], [-48.4660323, -1.4749836], [-48.466445, -1.4749241], [-48.466562, -1.4749072], [-48.4681179, -1.47467], [-48.4685346, -1.4746028]]}}, {"type": "Feature", "properties": {"highway": "secondary"}, "geometry": {"type": "LineString", "coordinates": [[-48.4651429, -1.4751014], [-48.4658046, -1.4750007]]}}, {"type": "Feature", "properties": {"highway": "secondary"}, "geometry": {"type": "LineString", "coordinates": [[-48.4685346, -1.4746028], [-48.4685323, -1.4746502], [-48.4685345, -1.4746818], [-48.4685414, -1.4747308]]}}, {"type": "Feature", "properties": {"highway": "secondary"}, "geometry": {"type": "LineString", "coordinates": [[-48.4514398, -1.4718693], [-48.4515651, -1.4720241], [-48.4516966, -1.4721394], [-48.4518175, -1.4722198]]}}, {"type": "Feature", "properties": {"highway": "tertiary"}, "geometry": {"type": "LineString", "coordinates": [[-48.4799259, -1.4032089], [-48.4800111, -1.4031779]]}}, {"type": "Feature", "properties": {"highway": "tertiary"}, "geometry": {"type": "LineString", "coordinates": [[-48.330345, -1.3665089], [-48.3303217, -1.3665802], [-48.3302649, -1.3667394]]}}, {"type": "Feature", "properties": {"highway": "tertiary"}, "geometry": {"type": "LineString", "coordinates": [[-48.3302649, -1.3667394], [-48.3301361, -1.3665886]]}}, {"type": "Feature", "properties": {"highway": "tertiary"}, "geometry": {"type": "LineString", "coordinates": [[-48.376294, -1.3369389], [-48.3760576, -1.3372843], [-48.3758089, -1.3376443], [-48.3755279, -1.3380605], [-48.3752289, -1.338514], [-48.3750628, -1.338767], [-48.3746333, -1.3393893]]}}, {"type": "Feature", "properties": {"highway": "secondary"}, "geometry": {"type": "LineString", "coordinates": [[-48.4697064, -1.3012439], [-48.4697035, -1.3011793], [-48.4696925, -1.3010785]]}}, {"type": "Feature", "properties": {"highway": "tertiary"}, "geometry": {"type": "LineString", "coordinates": [[-48.4508933, -1.4386355], [-48.4504828, -1.4389273], [-48.4500045, -1.439222]]}}, {"type": "Feature", "properties": {"highway": "tertiary"}, "geometry": {"type": "LineString", "coordinates": [[-48.4807535, -1.4013481], [-48.4807489, -1.4011653]]}}, {"type": "Feature", "properties": {"highway": "tertiary"}, "geometry": {"type": "LineString", "coordinates": [[-48.5046135, -1.4554995], [-48.5046479, -1.4555343]]}}, {"type": "Feature", "properties": {"highway": "tertiary"}, "geometry": {"type": "LineString", "coordinates": [[-48.5046479, -1.4555343], [-48.5047091, -1.4556086], [-48.5047529, -1.4556496], [-48.5047793, -1.4556623], [-48.5048393, -1.4556811], [-48.5050888, -1.4557465]]}}, {"type": "Feature", "properties": {"highway": "tertiary"}, "geometry": {"type": "LineString", "coordinates": [[-48.5031455, -1.4540567], [-48.5032531, -1.4541458], [-48.5036036, -1.4544381], [-48.5037213, -1.4545464]]}}, {"type": "Feature", "properties": {"highway": "tertiary"}, "geometry": {"type": "LineString", "coordinates": [[-48.3483638, -1.3656274], [-48.3483718, -1.3654598]]}}, {"type": "Feature", "properties": {"highway": "tertiary"}, "geometry": {"type": "LineString", "coordinates": [[-48.4964597, -1.4632202], [-48.496794, -1.4635448]]}}, {"type": "Feature", "properties": {"highway": "tertiary"}, "geometry": {"type": "LineString", "coordinates": [[-48.4964597, -1.4632202], [-48.4963115, -1.4631574], [-48.4962554, -1.4631323], [-48.4961726, -1.4631072], [-48.4960952, -1.4630864]]}}, {"type": "Feature", "properties": {"highway": "tertiary"}, "geometry": {"type": "LineString", "coordinates": [[-48.4914096, -1.4357572], [-48.4915227, -1.4357072]]}}, {"type": "Feature", "properties": {"highway": "tertiary"}, "geometry": {"type": "LineString", "coordinates": [[-48.4496953, -1.3288205], [-48.4497429, -1.3288203], [-48.4505259, -1.3288165], [-48.4511304, -1.3288403], [-48.451337, -1.328847], [-48.4523771, -1.3288679], [-48.4526594, -1.3288782], [-48.4531009, -1.3289037], [-48.4538495, -1.3289773], [-48.4541438, -1.3290086], [-48.4543033, -1.3290266], [-48.454684, -1.3290875], [-48.4551308, -1.3291519], [-48.4552675, -1.3291622], [-48.4555851, -1.3291701], [-48.4559499, -1.3291433], [-48.4563189, -1.3291228], [-48.4566137, -1.3291179], [-48.4567599, -1.3291058], [-48.4569262, -1.3290884], [-48.4572306, -1.3290589]]}}, {"type": "Feature", "properties": {"highway": "tertiary"}, "geometry": {"type": "LineString", "coordinates": [[-48.4496953, -1.3288205], [-48.4497429, -1.3288203], [-48.4505259, -1.3288165], [-48.4511304, -1.3288403], [-48.451337, -1.328847], [-48.4523771, -1.3288679], [-48.4526594, -1.3288782], [-48.4531009, -1.3289037], [-48.4538495, -1.3289773], [-48.4541438, -1.3290086], [-48.4543033, -1.3290266], [-48.454684, -1.3290875], [-48.4551308, -1.3291519], [-48.4552675, -1.3291622], [-48.4555851, -1.3291701], [-48.4559499, -1.3291433], [-48.4563189, -1.3291228], [-48.4566137, -1.3291179], [-48.4567599, -1.3291058], [-48.4569262, -1.3290884], [-48.4572306, -1.3290589]]}}, {"type": "Feature", "properties": {"highway": "secondary"}, "geometry": {"type": "LineString", "coordinates": [[-48.4075323, -1.3699708], [-48.4075299, -1.3702685]]}}, {"type": "Feature", "properties": {"highway": "primary"}, "geometry": {"type": "LineString", "coordinates": [[-48.450662, -1.3622473], [-48.4503085, -1.3627468], [-48.4501145, -1.3630209], [-48.4497286, -1.3635662], [-48.4494809, -1.3638627], [-48.4490872, -1.364367], [-48.4487381, -1.3648626], [-48.4484139, -1.3653355]]}}, {"type": "Feature", "properties": {"highway": "tertiary"}, "geometry": {"type": "LineString", "coordinates": [[-48.4445127, -1.4037496], [-48.4442179, -1.4036687], [-48.4439711, -1.4036479], [-48.4433839, -1.4036147], [-48.4432425, -1.4036217], [-48.4425274, -1.4036502], [-48.4414935, -1.4037482], [-48.4407336, -1.4037831], [-48.4404507, -1.4038082], [-48.4403005, -1.403835], [-48.4401921, -1.40387], [-48.4400832, -1.4039336], [-48.4398516, -1.4040839], [-48.4396157, -1.4042771], [-48.4394883, -1.4044856], [-48.439441, -1.4045715], [-48.4393673, -1.4046817], [-48.439112, -1.4051035], [-48.4389334, -1.4053425], [-48.4386624, -1.4057943], [-48.4381402, -1.4064975]]}}, {"type": "Feature", "properties": {"highway": "tertiary"}, "geometry": {"type": "LineString", "coordinates": [[-48.4817232, -1.4305001], [-48.4813593, -1.4307461]]}}, {"type": "Feature", "properties": {"highway": "tertiary"}, "geometry": {"type": "LineString", "coordinates": [[-48.3812926, -1.3524553], [-48.38121, -1.3524528], [-48.3810737, -1.3524486], [-48.3808087, -1.3524281], [-48.3804928, -1.3524013], [-48.3802718, -1.3523684], [-48.3800954, -1.352302], [-48.3798181, -1.3521718], [-48.379287, -1.3518956], [-48.3788249, -1.3516425], [-48.3787221, -1.3515859], [-48.3784476, -1.3514385], [-48.3784409, -1.3514349], [-48.3781057, -1.3512546], [-48.3779417, -1.3511636], [-48.3773565, -1.3508825], [-48.3770728, -1.350748], [-48.3764481, -1.3504264], [-48.3764043, -1.3503632], [-48.3763573, -1.3502955], [-48.3761016, -1.3499267], [-48.3757102, -1.3493622], [-48.3752635, -1.349109]]}}, {"type": "Feature", "properties": {"highway": "tertiary"}, "geometry": {"type": "LineString", "coordinates": [[-48.3815307, -1.3524093], [-48.3812926, -1.3524553]]}}, {"type": "Feature", "properties": {"highway": "primary"}, "geometry": {"type": "LineString", "coordinates": [[-48.4354267, -1.3665582], [-48.4357417, -1.3667781], [-48.4359071, -1.3669183]]}}, {"type": "Feature", "properties": {"highway": "primary"}, "geometry": {"type": "LineString", "coordinates": [[-48.4347336, -1.3657976], [-48.4346264, -1.3655971], [-48.4345881, -1.3655333], [-48.4345295, -1.365429], [-48.4343963, -1.3652046], [-48.4336152, -1.363855], [-48.4335684, -1.3637688], [-48.4329153, -1.3626159], [-48.4328903, -1.3625717], [-48.432879, -1.3625518]]}}, {"type": "Feature", "properties": {"highway": "secondary"}, "geometry": {"type": "LineString", "coordinates": [[-48.4388112, -1.3954008], [-48.4386684, -1.3954065], [-48.4379141, -1.3954364], [-48.4375815, -1.3954433], [-48.4367116, -1.39548], [-48.4363934, -1.3954965], [-48.4355157, -1.3955228], [-48.4351935, -1.395537]]}}, {"type": "Feature", "properties": {"highway": "secondary"}, "geometry": {"type": "LineString", "coordinates": [[-48.4346603, -1.3960705], [-48.4346844, -1.3957847], [-48.4346997, -1.395755], [-48.4347245, -1.3957349], [-48.4347516, -1.3957227], [-48.4347794, -1.3957167], [-48.4348078, -1.3957166]]}}, {"type": "Feature", "properties": {"highway": "primary"}, "geometry": {"type": "LineString", "coordinates": [[-48.4522516, -1.3480975], [-48.4522261, -1.3479711], [-48.4522065, -1.3478671], [-48.4521165, -1.347176], [-48.4521061, -1.34698]]}}, {"type": "Feature", "properties": {"highway": "secondary"}, "geometry": {"type": "LineString", "coordinates": [[-48.4722512, -1.4747829], [-48.4720446, -1.4747379], [-48.4719515, -1.4747238], [-48.4712977, -1.4745789]]}}, {"type": "Feature", "properties": {"highway": "secondary"}, "geometry": {"type": "LineString", "coordinates": [[-48.4712977, -1.4745789], [-48.4710011, -1.4745278], [-48.4707472, -1.4744998], [-48.470364, -1.47451], [-48.4700712, -1.4745216], [-48.4698449, -1.4745662], [-48.469628, -1.4745925], [-48.4695676, -1.4746007], [-48.4691247, -1.4746554], [-48.4689733, -1.47468], [-48.46874, -1.4747061], [-48.4685414, -1.4747308]]}}, {"type": "Feature", "properties": {"highway": "secondary"}, "geometry": {"type": "LineString", "coordinates": [[-48.4747482, -1.4425643], [-48.4749301, -1.4425938]]}}, {"type": "Feature", "properties": {"highway": "tertiary"}, "geometry": {"type": "LineString", "coordinates": [[-48.4780079, -1.4760097], [-48.478235, -1.4760675], [-48.4788163, -1.4761912], [-48.4797451, -1.4763859], [-48.4806669, -1.4765606]]}}, {"type": "Feature", "properties": {"highway": "tertiary"}, "geometry": {"type": "LineString", "coordinates": [[-48.492117, -1.4421585], [-48.4920319, -1.4420007]]}}, {"type": "Feature", "properties": {"highway": "tertiary"}, "geometry": {"type": "LineString", "coordinates": [[-48.4921641, -1.4422316], [-48.4921239, -1.4421692], [-48.492117, -1.4421585]]}}, {"type": "Feature", "properties": {"highway": "tertiary"}, "geometry": {"type": "LineString", "coordinates": [[-48.4499052, -1.3739388], [-48.4499135, -1.3739499], [-48.449949, -1.3739955], [-48.4499961, -1.3740557], [-48.4501631, -1.3743014], [-48.4502322, -1.3744207], [-48.450256, -1.3744617], [-48.4503432, -1.3746249], [-48.4504742, -1.3749174], [-48.4505389, -1.3750849], [-48.4505602, -1.3751491]]}}, {"type": "Feature", "properties": {"highway": "tertiary"}, "geometry": {"type": "LineString", "coordinates": [[-48.4505602, -1.3751491], [-48.4505876, -1.3752263], [-48.4506375, -1.3754051], [-48.4507308, -1.3758795], [-48.4507563, -1.3761076], [-48.4508028, -1.3763566]]}}, {"type": "Feature", "properties": {"highway": "tertiary"}, "geometry": {"type": "LineString", "coordinates": [[-48.4505631, -1.3780795], [-48.450561, -1.3781768], [-48.4505794, -1.3782511], [-48.4506032, -1.3783113], [-48.4506274, -1.3783651], [-48.4506759, -1.3784532], [-48.4508203, -1.3786349], [-48.4508868, -1.3786933]]}}, {"type": "Feature", "properties": {"highway": "tertiary"}, "geometry": {"type": "LineString", "coordinates": [[-48.4889298, -1.4308579], [-48.4882361, -1.4310398], [-48.4877233, -1.4311652], [-48.4871204, -1.4313298], [-48.4866411, -1.4314607], [-48.4865628, -1.4314821]]}}, {"type": "Feature", "properties": {"highway": "tertiary"}, "geometry": {"type": "LineString", "coordinates": [[-48.4824173, -1.4300591], [-48.4818107, -1.4304508]]}}, {"type": "Feature", "properties": {"highway": "tertiary"}, "geometry": {"type": "LineString", "coordinates": [[-48.4841628, -1.4294222], [-48.4832845, -1.4296805]]}}, {"type": "Feature", "properties": {"highway": "tertiary"}, "geometry": {"type": "LineString", "coordinates": [[-48.4851242, -1.4291707], [-48.4846763, -1.4292734], [-48.4842398, -1.4293999], [-48.4841628, -1.4294222]]}}, {"type": "Feature", "properties": {"highway": "tertiary"}, "geometry": {"type": "LineString", "coordinates": [[-48.4892982, -1.4367908], [-48.4878668, -1.4375594], [-48.4877331, -1.4376222], [-48.4862168, -1.4384429], [-48.486044, -1.4385459]]}}, {"type": "Feature", "properties": {"highway": "secondary"}, "geometry": {"type": "LineString", "coordinates": [[-48.4883166, -1.4282416], [-48.4887721, -1.4280922], [-48.4893917, -1.4279018]]}}, {"type": "Feature", "properties": {"highway": "tertiary"}, "geometry": {"type": "LineString", "coordinates": [[-48.4929352, -1.4762177], [-48.4930489, -1.4761957], [-48.4932272, -1.4761613], [-48.4933372, -1.4761272], [-48.4934427, -1.4760855], [-48.493596, -1.4760199], [-48.4937449, -1.4759318], [-48.4937782, -1.475908], [-48.4939545, -1.4757568], [-48.4941865, -1.4755443]]}}, {"type": "Feature", "properties": {"highway": "tertiary"}, "geometry": {"type": "LineString", "coordinates": [[-48.4941865, -1.4755443], [-48.4940422, -1.4753613], [-48.4938227, -1.4750833], [-48.493744, -1.4749811], [-48.4936153, -1.4748183], [-48.4933988, -1.4745446], [-48.492862, -1.4739032]]}}, {"type": "Feature", "properties": {"highway": "secondary"}, "geometry": {"type": "LineString", "coordinates": [[-48.4517152, -1.4309792], [-48.451919, -1.4305596]]}}, {"type": "Feature", "properties": {"highway": "tertiary"}, "geometry": {"type": "LineString", "coordinates": [[-48.492862, -1.4739032], [-48.4926499, -1.4736255], [-48.4925697, -1.4735245], [-48.4924867, -1.4734196], [-48.4923476, -1.4732448], [-48.4922542, -1.4731272], [-48.4918915, -1.4726705], [-48.4918196, -1.47258], [-48.4912668, -1.4718838], [-48.4907272, -1.4712045], [-48.4903791, -1.4707661], [-48.4901358, -1.4704501], [-48.4892589, -1.4693649]]}}, {"type": "Feature", "properties": {"highway": "tertiary"}, "geometry": {"type": "LineString", "coordinates": [[-48.4806669, -1.4765606], [-48.4809625, -1.4766121], [-48.4810607, -1.4766315], [-48.4815502, -1.476743], [-48.4829888, -1.4770398], [-48.4830496, -1.4770523], [-48.4836582, -1.4771837], [-48.4840058, -1.4772571], [-48.4842616, -1.4773086], [-48.4848046, -1.477418], [-48.484966, -1.4774505], [-48.4852624, -1.4774491], [-48.4855535, -1.4774075], [-48.4858478, -1.4773627], [-48.4867188, -1.477236], [-48.4868387, -1.4772221], [-48.4875708, -1.4771114], [-48.4879562, -1.4770521], [-48.4883984, -1.4769728], [-48.4894084, -1.4767956], [-48.4896262, -1.4767584], [-48.4898712, -1.4767109], [-48.490009, -1.476685], [-48.4900949, -1.4766669], [-48.4902235, -1.4766418], [-48.4905424, -1.4765935], [-48.4906732, -1.4765683], [-48.4908961, -1.4765255], [-48.4911727, -1.4764659], [-48.4916002, -1.4764232], [-48.4917042, -1.4764064], [-48.4918052, -1.4763908], [-48.4919316, -1.4763684], [-48.4921231, -1.476344], [-48.4922283, -1.4763242], [-48.4923571, -1.4763036], [-48.4928828, -1.4762256], [-48.4929352, -1.4762177]]}}, {"type": "Feature", "properties": {"highway": "tertiary"}, "geometry": {"type": "LineString", "coordinates": [[-48.470352, -1.4028532], [-48.4705383, -1.4030726], [-48.4706718, -1.4032277], [-48.4708166, -1.4033759], [-48.471266, -1.4038241], [-48.4731106, -1.4055504]]}}, {"type": "Feature", "properties": {"highway": "primary"}, "geometry": {"type": "LineString", "coordinates": [[-48.4597193, -1.3842816], [-48.4598047, -1.384481], [-48.4598285, -1.3845341]]}}, {"type": "Feature", "properties": {"highway": "tertiary"}, "geometry": {"type": "LineString", "coordinates": [[-48.4826415, -1.4156453], [-48.4827451, -1.4156191]]}}, {"type": "Feature", "properties": {"highway": "tertiary"}, "geometry": {"type": "LineString", "coordinates": [[-48.481154, -1.4162388], [-48.4817706, -1.4158982], [-48.4818493, -1.4158584], [-48.4820183, -1.4157974], [-48.4826415, -1.4156453]]}}, {"type": "Feature", "properties": {"highway": "tertiary"}, "geometry": {"type": "LineString", "coordinates": [[-48.4826415, -1.4156453], [-48.4818846, -1.4148994], [-48.481789, -1.4148052]]}}, {"type": "Feature", "properties": {"highway": "tertiary"}, "geometry": {"type": "LineString", "coordinates": [[-48.481789, -1.4148052], [-48.4814414, -1.414488], [-48.4807967, -1.4138465], [-48.4803852, -1.4134535], [-48.4802841, -1.4133569], [-48.4798434, -1.4129358]]}}, {"type": "Feature", "properties": {"highway": "tertiary"}, "geometry": {"type": "LineString", "coordinates": [[-48.4716918, -1.4051194], [-48.4715161, -1.4049357], [-48.4713136, -1.4047413], [-48.4712092, -1.4046427], [-48.4708758, -1.4043279], [-48.4706363, -1.4041018], [-48.4704978, -1.4039722], [-48.4702179, -1.4037103], [-48.4700973, -1.4036091], [-48.4700167, -1.4035414], [-48.4698142, -1.4033878]]}}, {"type": "Feature", "properties": {"highway": "tertiary"}, "geometry": {"type": "LineString", "coordinates": [[-48.3841881, -1.4068603], [-48.3846574, -1.4052629]]}}, {"type": "Feature", "properties": {"highway": "tertiary"}, "geometry": {"type": "LineString", "coordinates": [[-48.4416743, -1.4022913], [-48.4416695, -1.402299]]}}, {"type": "Feature", "properties": {"highway": "tertiary"}, "geometry": {"type": "LineString", "coordinates": [[-48.4419394, -1.4018552], [-48.4416743, -1.4022913]]}}, {"type": "Feature", "properties": {"highway": "tertiary"}, "geometry": {"type": "LineString", "coordinates": [[-48.4446921, -1.4027872], [-48.4445127, -1.4037496]]}}, {"type": "Feature", "properties": {"highway": "tertiary"}, "geometry": {"type": "LineString", "coordinates": [[-48.4447188, -1.402679], [-48.4447161, -1.4026875]]}}, {"type": "Feature", "properties": {"highway": "secondary"}, "geometry": {"type": "LineString", "coordinates": [[-48.4290835, -1.3745504], [-48.4290157, -1.3743489], [-48.4289155, -1.3740181], [-48.4286617, -1.3732547], [-48.4286483, -1.3732152], [-48.4284968, -1.3727305]]}}, {"type": "Feature", "properties": {"highway": "secondary"}, "geometry": {"type": "LineString", "coordinates": [[-48.4292572, -1.3750949], [-48.4291814, -1.3747711], [-48.4290835, -1.3745504]]}}, {"type": "Feature", "properties": {"highway": "tertiary"}, "geometry": {"type": "LineString", "coordinates": [[-48.3402166, -1.3736462], [-48.3402099, -1.3736931], [-48.340128, -1.3746333], [-48.3401079, -1.3747711], [-48.3400261, -1.3749749], [-48.3397686, -1.3755058]]}}, {"type": "Feature", "properties": {"highway": "tertiary"}, "geometry": {"type": "LineString", "coordinates": [[-48.335399, -1.3491048], [-48.3356063, -1.348515], [-48.3356179, -1.3484821], [-48.3357817, -1.3480615]]}}, {"type": "Feature", "properties": {"highway": "tertiary"}, "geometry": {"type": "LineString", "coordinates": [[-48.3346007, -1.3534033], [-48.3346132, -1.3533211], [-48.3349044, -1.3517146]]}}, {"type": "Feature", "properties": {"highway": "tertiary"}, "geometry": {"type": "LineString", "coordinates": [[-48.3351593, -1.3501835], [-48.3352592, -1.3497069], [-48.3352907, -1.3495641], [-48.3353443, -1.3493214], [-48.335399, -1.3491048]]}}, {"type": "Feature", "properties": {"highway": "tertiary"}, "geometry": {"type": "LineString", "coordinates": [[-48.5003482, -1.4702058], [-48.5002906, -1.4702506], [-48.5000546, -1.4704501], [-48.4995123, -1.4709355]]}}, {"type": "Feature", "properties": {"highway": "tertiary"}, "geometry": {"type": "LineString", "coordinates": [[-48.5034267, -1.4635622], [-48.5033834, -1.4637287], [-48.5031884, -1.4642337]]}}, {"type": "Feature", "properties": {"highway": "tertiary"}, "geometry": {"type": "LineString", "coordinates": [[-48.495594, -1.4661059], [-48.4951986, -1.4656282], [-48.4947559, -1.4650783], [-48.4945703, -1.4648491], [-48.4943411, -1.4645303], [-48.4935639, -1.4636049]]}}, {"type": "Feature", "properties": {"highway": "tertiary"}, "geometry": {"type": "LineString", "coordinates": [[-48.5015217, -1.471572], [-48.5017447, -1.4717495], [-48.5018196, -1.471814], [-48.5020006, -1.4719761], [-48.5020377, -1.4720094], [-48.5023948, -1.4723508], [-48.5024861, -1.4724381]]}}, {"type": "Feature", "properties": {"highway": "secondary"}, "geometry": {"type": "LineString", "coordinates": [[-48.5036657, -1.4614054], [-48.5042503, -1.4617507], [-48.5044532, -1.4618164]]}}, {"type": "Feature", "properties": {"highway": "primary"}, "geometry": {"type": "LineString", "coordinates": [[-48.4067473, -1.3702117], [-48.4066912, -1.37016], [-48.4066251, -1.3701046], [-48.4063782, -1.3698909], [-48.4062512, -1.3697809], [-48.4060514, -1.3695905], [-48.4059591, -1.3694939]]}}, {"type": "Feature", "properties": {"highway": "tertiary"}, "geometry": {"type": "LineString", "coordinates": [[-48.3397686, -1.3755058], [-48.3397177, -1.3756238], [-48.3395522, -1.3759018], [-48.3388714, -1.376933], [-48.338687, -1.3772471], [-48.3386254, -1.3773828], [-48.338561, -1.3775645], [-48.3384943, -1.3778179]]}}, {"type": "Feature", "properties": {"highway": "secondary"}, "geometry": {"type": "LineString", "coordinates": [[-48.4102107, -1.3683464], [-48.4102082, -1.3686485], [-48.4102022, -1.3690409]]}}, {"type": "Feature", "properties": {"highway": "primary"}, "geometry": {"type": "LineString", "coordinates": [[-48.4058408, -1.3687064], [-48.4058368, -1.3688451], [-48.4058474, -1.368956], [-48.4058614, -1.3690149], [-48.4058755, -1.3690737], [-48.4058984, -1.3691265]]}}, {"type": "Feature", "properties": {"highway": "tertiary"}, "geometry": {"type": "LineString", "coordinates": [[-48.4161275, -1.3709231], [-48.4161136, -1.3709884], [-48.4160351, -1.3712485], [-48.4159461, -1.37154], [-48.4158978, -1.3716955], [-48.4158629, -1.3718121], [-48.4158441, -1.3719221], [-48.4158348, -1.3720762], [-48.4158401, -1.3722452], [-48.4158562, -1.372642], [-48.4158482, -1.3728646], [-48.4158441, -1.373055], [-48.41582, -1.3732909], [-48.4157633, -1.373617], [-48.4157465, -1.3737223]]}}, {"type": "Feature", "properties": {"highway": "tertiary"}, "geometry": {"type": "LineString", "coordinates": [[-48.4609892, -1.2671571], [-48.4591127, -1.2653196]]}}, {"type": "Feature", "properties": {"highway": "tertiary"}, "geometry": {"type": "LineString", "coordinates": [[-48.3621475, -1.3527281], [-48.3618104, -1.3530534]]}}, {"type": "Feature", "properties": {"highway": "secondary"}, "geometry": {"type": "LineString", "coordinates": [[-48.4751886, -1.29495], [-48.4752708, -1.2950073]]}}, {"type": "Feature", "properties": {"highway": "tertiary"}, "geometry": {"type": "LineString", "coordinates": [[-48.4859162, -1.4544964], [-48.4860094, -1.454506], [-48.4870086, -1.4546043], [-48.4871928, -1.4546264]]}}, {"type": "Feature", "properties": {"highway": "tertiary"}, "geometry": {"type": "LineString", "coordinates": [[-48.4846744, -1.4597412], [-48.485368, -1.4597174], [-48.4860638, -1.4596974], [-48.4869156, -1.4597478]]}}, {"type": "Feature", "properties": {"highway": "tertiary"}, "geometry": {"type": "LineString", "coordinates": [[-48.4849714, -1.4584369], [-48.484239, -1.4584154], [-48.4839688, -1.4584074], [-48.4834008, -1.4583933], [-48.4828262, -1.4583723], [-48.482794, -1.4583711], [-48.4827114, -1.4583671]]}}, {"type": "Feature", "properties": {"highway": "tertiary"}, "geometry": {"type": "LineString", "coordinates": [[-48.4794518, -1.470955], [-48.4783387, -1.4717459], [-48.4770626, -1.4726659]]}}, {"type": "Feature", "properties": {"highway": "tertiary"}, "geometry": {"type": "LineString", "coordinates": [[-48.4770626, -1.4726659], [-48.4766698, -1.4729533], [-48.4758982, -1.4734834]]}}, {"type": "Feature", "properties": {"highway": "tertiary"}, "geometry": {"type": "LineString", "coordinates": [[-48.4851831, -1.4664782], [-48.4846475, -1.4669041], [-48.4845293, -1.4670022], [-48.484103, -1.4673562], [-48.4836281, -1.4677308], [-48.4835049, -1.4678355]]}}, {"type": "Feature", "properties": {"highway": "secondary"}, "geometry": {"type": "LineString", "coordinates": [[-48.4686169, -1.4674242], [-48.4676686, -1.4674087], [-48.4675118, -1.4674019], [-48.4672641, -1.4674071], [-48.4660641, -1.467336]]}}, {"type": "Feature", "properties": {"highway": "tertiary"}, "geometry": {"type": "LineString", "coordinates": [[-48.4548758, -1.4664201], [-48.4548944, -1.466322], [-48.4549201, -1.4661076], [-48.4549248, -1.4659352], [-48.4549056, -1.4655124], [-48.4548634, -1.4651838]]}}, {"type": "Feature", "properties": {"highway": "tertiary"}, "geometry": {"type": "LineString", "coordinates": [[-48.4548634, -1.4651838], [-48.454838, -1.4648751], [-48.4548358, -1.4647939], [-48.4548592, -1.4644777], [-48.4550009, -1.4639643], [-48.4551297, -1.4635537], [-48.4551442, -1.4635222], [-48.4552307, -1.4633701], [-48.4553912, -1.4632214], [-48.4555878, -1.4630359]]}}, {"type": "Feature", "properties": {"highway": "secondary"}, "geometry": {"type": "LineString", "coordinates": [[-48.4289105, -1.3707033], [-48.4289011, -1.3705572], [-48.4287905, -1.3701717]]}}, {"type": "Feature", "properties": {"highway": "trunk"}, "geometry": {"type": "LineString", "coordinates": [[-48.3459565, -1.3654396], [-48.3436874, -1.3654464], [-48.343083, -1.3654484], [-48.3428845, -1.3654536], [-48.3426091, -1.3654544], [-48.3414088, -1.3654594], [-48.3403695, -1.3654637], [-48.3400328, -1.3654612], [-48.3397842, -1.3654634], [-48.3386018, -1.3654477], [-48.3385255, -1.3654485], [-48.3380789, -1.3654531], [-48.3368826, -1.3654772]]}}, {"type": "Feature", "properties": {"highway": "trunk"}, "geometry": {"type": "LineString", "coordinates": [[-48.3375421, -1.3652428], [-48.338182, -1.3652362], [-48.3384382, -1.3652345], [-48.3385254, -1.365233], [-48.3385952, -1.3652318], [-48.339819, -1.3652395], [-48.3400159, -1.3652437], [-48.3404835, -1.3652384], [-48.3409596, -1.3652347], [-48.3414115, -1.3652312], [-48.3428577, -1.3652191], [-48.3431085, -1.3652246], [-48.3433789, -1.365225], [-48.3440695, -1.3652143], [-48.3459364, -1.3651843]]}}, {"type": "Feature", "properties": {"highway": "trunk"}, "geometry": {"type": "LineString", "coordinates": [[-48.3368826, -1.3654772], [-48.3355066, -1.3654884], [-48.3351291, -1.3654899], [-48.3349594, -1.3654906], [-48.33493, -1.3654912], [-48.3345799, -1.3654977], [-48.3344592, -1.3655], [-48.3338606, -1.3655223], [-48.333389, -1.3655784], [-48.3331788, -1.3656148], [-48.3328204, -1.365677], [-48.332463, -1.3657625], [-48.3319784, -1.3659039], [-48.3317893, -1.3659651], [-48.3317173, -1.3659894], [-48.3315026, -1.3660646], [-48.3311334, -1.3661942], [-48.331005, -1.3662415], [-48.3309561, -1.3662595], [-48.3308753, -1.3662945], [-48.3306692, -1.3663765]]}}, {"type": "Feature", "properties": {"highway": "trunk"}, "geometry": {"type": "LineString", "coordinates": [[-48.3459364, -1.3651843], [-48.3460434, -1.3651848], [-48.3466849, -1.3651891], [-48.3469742, -1.365193], [-48.3473461, -1.3652062], [-48.3474981, -1.3652091], [-48.3480841, -1.3652201]]}}, {"type": "Feature", "properties": {"highway": "trunk"}, "geometry": {"type": "LineString", "coordinates": [[-48.3516031, -1.3652834], [-48.3527854, -1.3653043], [-48.3529811, -1.3653074], [-48.3537899, -1.3653203], [-48.3546866, -1.3653153], [-48.3547502, -1.365317], [-48.3553415, -1.3653332], [-48.3555226, -1.3653381]]}}, {"type": "Feature", "properties": {"highway": "tertiary"}, "geometry": {"type": "LineString", "coordinates": [[-48.3404338, -1.3690985], [-48.3404379, -1.3693023], [-48.3404151, -1.3702301]]}}, {"type": "Feature", "properties": {"highway": "tertiary"}, "geometry": {"type": "LineString", "coordinates": [[-48.3403695, -1.3654637], [-48.3403704, -1.3656321], [-48.3403816, -1.3663842], [-48.3403869, -1.3667415], [-48.3403902, -1.3669695], [-48.3404034, -1.3678952], [-48.340407, -1.3681439], [-48.3404338, -1.3690985]]}}, {"type": "Feature", "properties": {"highway": "secondary"}, "geometry": {"type": "LineString", "coordinates": [[-48.4660641, -1.467336], [-48.4657571, -1.4673345], [-48.4651734, -1.4673301], [-48.4649509, -1.4673194]]}}, {"type": "Feature", "properties": {"highway": "tertiary"}, "geometry": {"type": "LineString", "coordinates": [[-48.3310255, -1.3660179], [-48.3310139, -1.3658821], [-48.3310206, -1.3657869], [-48.3310428, -1.3657239], [-48.3311105, -1.3656086], [-48.3317019, -1.3647076], [-48.3324154, -1.363686], [-48.3333113, -1.362423], [-48.3335835, -1.3620342], [-48.3336814, -1.3618505], [-48.3337431, -1.3616702]]}}, {"type": "Feature", "properties": {"highway": "secondary"}, "geometry": {"type": "LineString", "coordinates": [[-48.3678659, -1.3554015], [-48.3670075, -1.3544736]]}}, {"type": "Feature", "properties": {"highway": "secondary"}, "geometry": {"type": "LineString", "coordinates": [[-48.3690394, -1.3570579], [-48.3689761, -1.3569133], [-48.3687614, -1.3564695], [-48.3686438, -1.3562888], [-48.3684082, -1.3559406], [-48.3681914, -1.3557456], [-48.3681672, -1.3557239]]}}, {"type": "Feature", "properties": {"highway": "primary"}, "geometry": {"type": "LineString", "coordinates": [[-48.3681672, -1.3557239], [-48.3680118, -1.3566178], [-48.3678844, -1.3572949], [-48.3678616, -1.3574631], [-48.3678366, -1.3575978]]}}, {"type": "Feature", "properties": {"highway": "tertiary"}, "geometry": {"type": "LineString", "coordinates": [[-48.4737804, -1.4591312], [-48.4742841, -1.4591618], [-48.4746333, -1.459183], [-48.4749014, -1.459204], [-48.4754133, -1.459244]]}}, {"type": "Feature", "properties": {"highway": "primary"}, "geometry": {"type": "LineString", "coordinates": [[-48.4805925, -1.4521486], [-48.4804661, -1.4521419], [-48.4804456, -1.45214], [-48.480184, -1.4521263], [-48.4800979, -1.4521224], [-48.479141, -1.4520658], [-48.4790444, -1.4520636], [-48.4788603, -1.4520544], [-48.4786708, -1.4520435], [-48.4777295, -1.4519946], [-48.4776016, -1.4519876]]}}, {"type": "Feature", "properties": {"highway": "tertiary"}, "geometry": {"type": "LineString", "coordinates": [[-48.4827114, -1.4583671], [-48.4827156, -1.4590833]]}}, {"type": "Feature", "properties": {"highway": "tertiary"}, "geometry": {"type": "LineString", "coordinates": [[-48.4360707, -1.3201925], [-48.4360921, -1.3189805], [-48.4361337, -1.3176357]]}}, {"type": "Feature", "properties": {"highway": "primary"}, "geometry": {"type": "LineString", "coordinates": [[-48.3653449, -1.36537], [-48.3653734, -1.365072]]}}, {"type": "Feature", "properties": {"highway": "primary"}, "geometry": {"type": "LineString", "coordinates": [[-48.3650932, -1.3657154], [-48.3651363, -1.3656934], [-48.3652016, -1.3656463], [-48.3652471, -1.3655989], [-48.3652848, -1.3655518], [-48.3653143, -1.3654907], [-48.3653449, -1.36537]]}}, {"type": "Feature", "properties": {"highway": "tertiary"}, "geometry": {"type": "LineString", "coordinates": [[-48.387514, -1.3894621], [-48.3856332, -1.3891341]]}}, {"type": "Feature", "properties": {"highway": "secondary"}, "geometry": {"type": "LineString", "coordinates": [[-48.4690492, -1.4483677], [-48.4691092, -1.4465481]]}}, {"type": "Feature", "properties": {"highway": "secondary"}, "geometry": {"type": "LineString", "coordinates": [[-48.4691988, -1.4437633], [-48.4692121, -1.4432171], [-48.4692204, -1.4429443]]}}, {"type": "Feature", "properties": {"highway": "secondary"}, "geometry": {"type": "LineString", "coordinates": [[-48.4691668, -1.4451493], [-48.4691853, -1.444425]]}}, {"type": "Feature", "properties": {"highway": "tertiary"}, "geometry": {"type": "LineString", "coordinates": [[-48.4075986, -1.3974166], [-48.4075762, -1.3977949], [-48.4075742, -1.3982327], [-48.4075726, -1.3982991], [-48.4075812, -1.3991336], [-48.4075785, -1.3992233], [-48.4075747, -1.3993529], [-48.4075813, -1.3995915], [-48.4075627, -1.4003775], [-48.407553, -1.4009759], [-48.4075057, -1.4015223], [-48.4075103, -1.4021277], [-48.4075102, -1.4021523], [-48.4075038, -1.4032694]]}}, {"type": "Feature", "properties": {"highway": "secondary"}, "geometry": {"type": "LineString", "coordinates": [[-48.3910867, -1.3614644], [-48.391133, -1.3614349], [-48.3911826, -1.3614201], [-48.3914142, -1.3613835], [-48.3916634, -1.3613426]]}}, {"type": "Feature", "properties": {"highway": "tertiary"}, "geometry": {"type": "LineString", "coordinates": [[-48.4228114, -1.3776387], [-48.4227347, -1.3776533], [-48.4225347, -1.3776913], [-48.422416, -1.3777298], [-48.4223089, -1.3777855], [-48.422201, -1.3778415], [-48.4220906, -1.3779242], [-48.4217314, -1.3782999]]}}, {"type": "Feature", "properties": {"highway": "tertiary"}, "geometry": {"type": "LineString", "coordinates": [[-48.4186533, -1.383225], [-48.4175253, -1.3824706], [-48.4171769, -1.3822376]]}}, {"type": "Feature", "properties": {"highway": "secondary"}, "geometry": {"type": "LineString", "coordinates": [[-48.4233738, -1.3738165], [-48.423524, -1.3738473], [-48.4237781, -1.373907], [-48.4239558, -1.3739559], [-48.4240631, -1.374035], [-48.424159, -1.3741282], [-48.4242421, -1.3742194], [-48.4245003, -1.3745713]]}}, {"type": "Feature", "properties": {"highway": "primary"}, "geometry": {"type": "LineString", "coordinates": [[-48.3831936, -1.3342221], [-48.3831815, -1.3343012], [-48.3831815, -1.3343615], [-48.3840063, -1.3361822], [-48.3840164, -1.3362338], [-48.3840157, -1.33627], [-48.3840016, -1.3363002]]}}, {"type": "Feature", "properties": {"highway": "primary"}, "geometry": {"type": "LineString", "coordinates": [[-48.3821201, -1.3370993], [-48.38372, -1.3362988], [-48.3837786, -1.3362695], [-48.3838369, -1.3362326], [-48.3838611, -1.3362], [-48.3838685, -1.3361738], [-48.3838748, -1.3361353]]}}, {"type": "Feature", "properties": {"highway": "primary"}, "geometry": {"type": "LineString", "coordinates": [[-48.3831224, -1.334107], [-48.383207, -1.3340209], [-48.3834357, -1.3339103], [-48.3846252, -1.3332788], [-48.3848473, -1.3331581], [-48.3848707, -1.3331454], [-48.385167, -1.3329939], [-48.3853756, -1.3329336], [-48.3856928, -1.3329329], [-48.3858483, -1.3329472], [-48.3862259, -1.3329819], [-48.3866456, -1.3330161], [-48.3868475, -1.3330348], [-48.3872477, -1.3330657], [-48.3878446, -1.3331226], [-48.3879266, -1.3331296], [-48.3881584, -1.3331495], [-48.3885983, -1.333195], [-48.3903846, -1.3333506], [-48.3909506, -1.3333854]]}}, {"type": "Feature", "properties": {"highway": "primary"}, "geometry": {"type": "LineString", "coordinates": [[-48.3823999, -1.3370864], [-48.3819639, -1.3372898], [-48.3815421, -1.3374865], [-48.3811149, -1.3376919], [-48.3806843, -1.3378867], [-48.3802459, -1.3380941], [-48.3798154, -1.3383033], [-48.3796705, -1.3383716], [-48.3796055, -1.338383], [-48.3795539, -1.3383676]]}}, {"type": "Feature", "properties": {"highway": "primary"}, "geometry": {"type": "LineString", "coordinates": [[-48.3986288, -1.3366574], [-48.3988938, -1.3368506], [-48.3999433, -1.3376161], [-48.4001514, -1.3377679], [-48.4004888, -1.33798], [-48.4010536, -1.3384058], [-48.4014528, -1.338717], [-48.4015457, -1.3387848], [-48.4018471, -1.33898], [-48.4022461, -1.3392726], [-48.4026075, -1.3395575], [-48.4029909, -1.3398359], [-48.4033826, -1.3401244], [-48.4034354, -1.340163], [-48.4045715, -1.3409916], [-48.4050316, -1.3413271], [-48.4054884, -1.3416603], [-48.4055069, -1.3416738], [-48.4059113, -1.3419687], [-48.4062059, -1.3421835], [-48.4063858, -1.3423148], [-48.4068243, -1.3426346], [-48.4071386, -1.3428638], [-48.4071728, -1.3428887], [-48.4072414, -1.3429399], [-48.407383, -1.3430458], [-48.4074268, -1.3430785]]}}, {"type": "Feature", "properties": {"highway": "primary"}, "geometry": {"type": "LineString", "coordinates": [[-48.3838748, -1.3361353], [-48.3838404, -1.3359933], [-48.3833489, -1.3348885], [-48.3830863, -1.3343291], [-48.3830803, -1.3342453], [-48.383092, -1.3341765], [-48.3831224, -1.334107]]}}, {"type": "Feature", "properties": {"highway": "primary"}, "geometry": {"type": "LineString", "coordinates": [[-48.4102109, -1.3450998], [-48.4103509, -1.3452033]]}}, {"type": "Feature", "properties": {"highway": "primary"}, "geometry": {"type": "LineString", "coordinates": [[-48.4103509, -1.3452033], [-48.4103954, -1.3452359], [-48.4112541, -1.3458654], [-48.4116319, -1.3461452], [-48.4124097, -1.3467171], [-48.4131699, -1.3472761], [-48.4132091, -1.3473049], [-48.4139789, -1.347871], [-48.4147613, -1.3484463], [-48.4148308, -1.3484974], [-48.4151001, -1.3486931], [-48.4156358, -1.3490893], [-48.4157763, -1.3491927], [-48.4159847, -1.3493459], [-48.4163303, -1.3495931], [-48.4166816, -1.3498583], [-48.4170178, -1.3500778], [-48.41722, -1.3502542], [-48.4176233, -1.3505508], [-48.4180232, -1.3508448], [-48.4183548, -1.3510794], [-48.4187603, -1.3513734]]}}, {"type": "Feature", "properties": {"highway": "primary"}, "geometry": {"type": "LineString", "coordinates": [[-48.4101962, -1.3453227], [-48.4100012, -1.3451925]]}}, {"type": "Feature", "properties": {"highway": "primary"}, "geometry": {"type": "LineString", "coordinates": [[-48.418566, -1.3514714], [-48.4184476, -1.3513741], [-48.4183308, -1.3512647], [-48.4179084, -1.350946], [-48.417518, -1.3506704], [-48.4171075, -1.3504109], [-48.4170152, -1.350343], [-48.4156604, -1.3493456], [-48.4155857, -1.3492905], [-48.4154261, -1.349173], [-48.4149843, -1.3488435], [-48.4147214, -1.3486543], [-48.4146307, -1.3485875], [-48.4143273, -1.3483641], [-48.4142199, -1.348285], [-48.4138987, -1.3480486], [-48.4131189, -1.3474745], [-48.4130916, -1.3474543], [-48.4123489, -1.3469076], [-48.4112278, -1.3460822], [-48.4111394, -1.3460178], [-48.4108307, -1.3457898], [-48.4104388, -1.3455013], [-48.4102197, -1.34534], [-48.4101962, -1.3453227]]}}, {"type": "Feature", "properties": {"highway": "tertiary"}, "geometry": {"type": "LineString", "coordinates": [[-48.3666927, -1.3563563], [-48.3671283, -1.3568305], [-48.3672068, -1.356916], [-48.3675483, -1.3572961]]}}, {"type": "Feature", "properties": {"highway": "tertiary"}, "geometry": {"type": "LineString", "coordinates": [[-48.3657663, -1.355295], [-48.3658862, -1.3554309], [-48.3660832, -1.355669]]}}, {"type": "Feature", "properties": {"highway": "tertiary"}, "geometry": {"type": "LineString", "coordinates": [[-48.3654548, -1.3549378], [-48.3657663, -1.355295]]}}, {"type": "Feature", "properties": {"highway": "tertiary"}, "geometry": {"type": "LineString", "coordinates": [[-48.3648425, -1.3542845], [-48.3650052, -1.3544581], [-48.3654548, -1.3549378]]}}, {"type": "Feature", "properties": {"highway": "tertiary"}, "geometry": {"type": "LineString", "coordinates": [[-48.3645313, -1.3539816], [-48.3645948, -1.3540497], [-48.3648425, -1.3542845]]}}, {"type": "Feature", "properties": {"highway": "tertiary"}, "geometry": {"type": "LineString", "coordinates": [[-48.3639164, -1.3533238], [-48.3645313, -1.3539816]]}}, {"type": "Feature", "properties": {"highway": "tertiary"}, "geometry": {"type": "LineString", "coordinates": [[-48.3631421, -1.3524547], [-48.3636433, -1.3530056], [-48.3637624, -1.3531365], [-48.3639164, -1.3533238]]}}, {"type": "Feature", "properties": {"highway": "tertiary"}, "geometry": {"type": "LineString", "coordinates": [[-48.3628276, -1.3521166], [-48.3631421, -1.3524547]]}}, {"type": "Feature", "properties": {"highway": "tertiary"}, "geometry": {"type": "LineString", "coordinates": [[-48.3628276, -1.3521166], [-48.3621475, -1.3527281]]}}, {"type": "Feature", "properties": {"highway": "tertiary"}, "geometry": {"type": "LineString", "coordinates": [[-48.3634968, -1.3514854], [-48.3631716, -1.3517877]]}}, {"type": "Feature", "properties": {"highway": "tertiary"}, "geometry": {"type": "LineString", "coordinates": [[-48.3638978, -1.3511274], [-48.3638979, -1.3511391], [-48.3634968, -1.3514854]]}}, {"type": "Feature", "properties": {"highway": "secondary"}, "geometry": {"type": "LineString", "coordinates": [[-48.3633024, -1.3504879], [-48.3630425, -1.3502174], [-48.3629926, -1.3501601]]}}, {"type": "Feature", "properties": {"highway": "secondary"}, "geometry": {"type": "LineString", "coordinates": [[-48.3635961, -1.3508066], [-48.3634345, -1.3506373], [-48.3633024, -1.3504879]]}}, {"type": "Feature", "properties": {"highway": "secondary"}, "geometry": {"type": "LineString", "coordinates": [[-48.3638978, -1.3511274], [-48.3638247, -1.3510503], [-48.3635961, -1.3508066]]}}, {"type": "Feature", "properties": {"highway": "secondary"}, "geometry": {"type": "LineString", "coordinates": [[-48.3670075, -1.3544736], [-48.3668523, -1.3543117], [-48.3665364, -1.3539813], [-48.3662189, -1.3536048], [-48.3661475, -1.3535282], [-48.3660657, -1.3534314], [-48.3659283, -1.3532753], [-48.3657283, -1.353044], [-48.3653285, -1.3526444], [-48.3653093, -1.3526136], [-48.3649871, -1.3523048], [-48.3649508, -1.3522696], [-48.3647051, -1.3519962], [-48.364552, -1.3518305], [-48.3642115, -1.3514421], [-48.3641704, -1.351401], [-48.3638978, -1.3511274]]}}, {"type": "Feature", "properties": {"highway": "secondary"}, "geometry": {"type": "LineString", "coordinates": [[-48.4671173, -1.3477401], [-48.4671165, -1.3475981], [-48.4670911, -1.3475323], [-48.4670524, -1.3474863], [-48.4669554, -1.3474286]]}}, {"type": "Feature", "properties": {"highway": "secondary"}, "geometry": {"type": "LineString", "coordinates": [[-48.4715795, -1.3416351], [-48.4713283, -1.3416792], [-48.4708904, -1.3417519], [-48.4704194, -1.3418372], [-48.4698361, -1.3419428], [-48.4679403, -1.3422354]]}}, {"type": "Feature", "properties": {"highway": "secondary"}, "geometry": {"type": "LineString", "coordinates": [[-48.3922976, -1.36131], [-48.392452, -1.3613089]]}}, {"type": "Feature", "properties": {"highway": "secondary"}, "geometry": {"type": "LineString", "coordinates": [[-48.3920666, -1.3613158], [-48.3922976, -1.36131]]}}, {"type": "Feature", "properties": {"highway": "tertiary"}, "geometry": {"type": "LineString", "coordinates": [[-48.4542966, -1.3592543], [-48.4547609, -1.3592756], [-48.4555353, -1.359308], [-48.4560825, -1.3593286], [-48.4569238, -1.3593856], [-48.4582054, -1.3594277], [-48.4585638, -1.3594296]]}}, {"type": "Feature", "properties": {"highway": "primary"}, "geometry": {"type": "LineString", "coordinates": [[-48.395995, -1.3594551], [-48.3959589, -1.3594251], [-48.3959126, -1.3593736], [-48.3958992, -1.359332], [-48.3959145, -1.359279]]}}, {"type": "Feature", "properties": {"highway": "secondary"}, "geometry": {"type": "LineString", "coordinates": [[-48.3990119, -1.3575809], [-48.3990466, -1.3576401], [-48.3990894, -1.3577109]]}}, {"type": "Feature", "properties": {"highway": "primary"}, "geometry": {"type": "LineString", "coordinates": [[-48.4028303, -1.3550836], [-48.4028281, -1.3548433], [-48.4028261, -1.3546226]]}}, {"type": "Feature", "properties": {"highway": "primary"}, "geometry": {"type": "LineString", "coordinates": [[-48.4043664, -1.3552949], [-48.4043643, -1.354833]]}}, {"type": "Feature", "properties": {"highway": "primary"}, "geometry": {"type": "LineString", "coordinates": [[-48.4043535, -1.3561852], [-48.4043558, -1.3557346], [-48.4043664, -1.3552949]]}}, {"type": "Feature", "properties": {"highway": "primary"}, "geometry": {"type": "LineString", "coordinates": [[-48.4043471, -1.3566382], [-48.4043535, -1.3561852]]}}, {"type": "Feature", "properties": {"highway": "primary"}, "geometry": {"type": "LineString", "coordinates": [[-48.4043643, -1.354833], [-48.404367, -1.3544753], [-48.4043675, -1.3544144], [-48.404368, -1.3543665]]}}, {"type": "Feature", "properties": {"highway": "primary"}, "geometry": {"type": "LineString", "coordinates": [[-48.4043247, -1.3588929], [-48.4043346, -1.3584345], [-48.4043402, -1.3579995], [-48.4043354, -1.3575401], [-48.4043338, -1.3573975], [-48.4043443, -1.3571822], [-48.4043462, -1.3570823], [-48.404347, -1.3566864], [-48.4043458, -1.3566724], [-48.4043471, -1.3566382]]}}, {"type": "Feature", "properties": {"highway": "primary"}, "geometry": {"type": "LineString", "coordinates": [[-48.4267417, -1.3611359], [-48.4268335, -1.3609507]]}}, {"type": "Feature", "properties": {"highway": "primary"}, "geometry": {"type": "LineString", "coordinates": [[-48.4249445, -1.3645945], [-48.4246465, -1.3650656], [-48.4243036, -1.3655526], [-48.4241633, -1.3657656], [-48.4237388, -1.3664049], [-48.4235692, -1.3666537], [-48.4235299, -1.3667142], [-48.4234609, -1.3668201], [-48.4233525, -1.3670004], [-48.423304, -1.3670792], [-48.4232619, -1.3671462], [-48.4232195, -1.3672262], [-48.4231297, -1.367381], [-48.4230251, -1.3675607], [-48.4229426, -1.3677243], [-48.4228776, -1.3678456], [-48.4228152, -1.3679575], [-48.422726, -1.3680903], [-48.4226415, -1.3681949], [-48.4225684, -1.3682733], [-48.4225088, -1.3683256], [-48.4224122, -1.3684107], [-48.4221245, -1.3686172], [-48.4219938, -1.3687144], [-48.4217906, -1.3688766], [-48.4216411, -1.3689993], [-48.4214868, -1.3691253], [-48.4214788, -1.369132], [-48.4214251, -1.3691789], [-48.4213105, -1.3692862]]}}, {"type": "Feature", "properties": {"highway": "primary"}, "geometry": {"type": "LineString", "coordinates": [[-48.4268335, -1.3609507], [-48.426866, -1.3608835], [-48.4271367, -1.3603581], [-48.4272771, -1.360093]]}}, {"type": "Feature", "properties": {"highway": "secondary"}, "geometry": {"type": "LineString", "coordinates": [[-48.4543399, -1.2965779], [-48.4543551, -1.2962362]]}}, {"type": "Feature", "properties": {"highway": "secondary"}, "geometry": {"type": "LineString", "coordinates": [[-48.453808, -1.3020293], [-48.4537788, -1.301888], [-48.4537746, -1.3018383], [-48.4537752, -1.301776], [-48.4537974, -1.3015851], [-48.454064, -1.2994307], [-48.4540863, -1.2992807]]}}, {"type": "Feature", "properties": {"highway": "secondary"}, "geometry": {"type": "LineString", "coordinates": [[-48.453808, -1.3020293], [-48.4537788, -1.301888], [-48.4537746, -1.3018383], [-48.4537752, -1.301776], [-48.4537974, -1.3015851], [-48.454064, -1.2994307], [-48.4540863, -1.2992807]]}}, {"type": "Feature", "properties": {"highway": "secondary"}, "geometry": {"type": "LineString", "coordinates": [[-48.3908291, -1.3688768], [-48.3908248, -1.3688066], [-48.3908043, -1.3684751], [-48.3907695, -1.3681428], [-48.39071, -1.3678602], [-48.3906802, -1.367637], [-48.3906703, -1.367394], [-48.3907577, -1.3660785], [-48.3909726, -1.3628156], [-48.3910079, -1.3622787], [-48.3910351, -1.361565], [-48.3910511, -1.3615113], [-48.3910867, -1.3614644]]}}, {"type": "Feature", "properties": {"highway": "tertiary"}, "geometry": {"type": "LineString", "coordinates": [[-48.3849022, -1.3955655], [-48.3846611, -1.3957624], [-48.3844391, -1.3959635]]}}, {"type": "Feature", "properties": {"highway": "tertiary"}, "geometry": {"type": "LineString", "coordinates": [[-48.3853113, -1.3894401], [-48.3852603, -1.3898233]]}}, {"type": "Feature", "properties": {"highway": "tertiary"}, "geometry": {"type": "LineString", "coordinates": [[-48.3858208, -1.3889558], [-48.3856332, -1.3891341], [-48.3853113, -1.3894401]]}}, {"type": "Feature", "properties": {"highway": "tertiary"}, "geometry": {"type": "LineString", "coordinates": [[-48.3507186, -1.399233], [-48.3504821, -1.3991841], [-48.3504109, -1.3991761], [-48.3502956, -1.3991586], [-48.3469221, -1.3986089]]}}, {"type": "Feature", "properties": {"highway": "tertiary"}, "geometry": {"type": "LineString", "coordinates": [[-48.3302649, -1.3667394], [-48.3300151, -1.3670966], [-48.328966, -1.3685997], [-48.3277472, -1.3703064], [-48.3274526, -1.370722], [-48.3268106, -1.3716235], [-48.3265613, -1.3719735], [-48.3263015, -1.3723382], [-48.3258515, -1.3729759]]}}, {"type": "Feature", "properties": {"highway": "tertiary"}, "geometry": {"type": "LineString", "coordinates": [[-48.3204003, -1.3806771], [-48.3200906, -1.381111]]}}, {"type": "Feature", "properties": {"highway": "secondary"}, "geometry": {"type": "LineString", "coordinates": [[-48.287367, -1.3644342], [-48.2873706, -1.364336], [-48.2873736, -1.3643013], [-48.2873732, -1.3642469], [-48.2873737, -1.3641908], [-48.2873809, -1.3641193], [-48.2873928, -1.3640754]]}}, {"type": "Feature", "properties": {"highway": "secondary"}, "geometry": {"type": "LineString", "coordinates": [[-48.2873928, -1.3640754], [-48.2874133, -1.3641539], [-48.2874205, -1.3642253], [-48.2874533, -1.3643091], [-48.28748, -1.3643485], [-48.2875039, -1.364379], [-48.2875618, -1.3644291]]}}, {"type": "Feature", "properties": {"highway": "tertiary"}, "geometry": {"type": "LineString", "coordinates": [[-48.3705988, -1.3946145], [-48.3704638, -1.394569], [-48.3701632, -1.3944482], [-48.3701055, -1.3944198], [-48.3699677, -1.394373], [-48.3697704, -1.394295]]}}, {"type": "Feature", "properties": {"highway": "tertiary"}, "geometry": {"type": "LineString", "coordinates": [[-48.476172, -1.4704006], [-48.4754497, -1.470317], [-48.4750906, -1.4702464], [-48.4748886, -1.4702169]]}}, {"type": "Feature", "properties": {"highway": "tertiary"}, "geometry": {"type": "LineString", "coordinates": [[-48.3309609, -1.3614202], [-48.3309418, -1.3614036], [-48.3309246, -1.3613906]]}}, {"type": "Feature", "properties": {"highway": "tertiary"}, "geometry": {"type": "LineString", "coordinates": [[-48.3309246, -1.3613906], [-48.3309432, -1.3613855], [-48.3309831, -1.3613712]]}}, {"type": "Feature", "properties": {"highway": "tertiary"}, "geometry": {"type": "LineString", "coordinates": [[-48.3258515, -1.3729759], [-48.3257861, -1.3730736]]}}, {"type": "Feature", "properties": {"highway": "tertiary"}, "geometry": {"type": "LineString", "coordinates": [[-48.3327708, -1.3615757], [-48.3335984, -1.3616979], [-48.3337431, -1.3616702]]}}, {"type": "Feature", "properties": {"highway": "primary"}, "geometry": {"type": "LineString", "coordinates": [[-48.4702366, -1.3309848], [-48.4703431, -1.3309703], [-48.4703999, -1.3309669], [-48.4704499, -1.3309438], [-48.4705832, -1.3308687], [-48.4707103, -1.3307974], [-48.470934, -1.3306852], [-48.4712631, -1.3305702], [-48.4714289, -1.3305189], [-48.4716274, -1.330467], [-48.4718071, -1.3304318], [-48.4718901, -1.3304173], [-48.4720583, -1.3303853], [-48.4721178, -1.3303736], [-48.4721938, -1.330363], [-48.4726292, -1.3302856], [-48.4735165, -1.330139], [-48.4736041, -1.3301199], [-48.4740533, -1.3300486], [-48.474901, -1.3298861], [-48.4755599, -1.3297854], [-48.4757601, -1.3297511], [-48.4764232, -1.3296259], [-48.4773445, -1.3294597], [-48.4777254, -1.3293907], [-48.4778086, -1.3293753], [-48.4778748, -1.3293694], [-48.4780633, -1.3293297], [-48.4786709, -1.3292251], [-48.479173, -1.329129], [-48.4792702, -1.3291144], [-48.4803103, -1.3289379], [-48.4806035, -1.3288922], [-48.480744, -1.3288653], [-48.4807998, -1.3288555], [-48.4809886, -1.3288189], [-48.481043, -1.3287955], [-48.4810961, -1.3287679], [-48.4811503, -1.3287396]]}}, {"type": "Feature", "properties": {"highway": "primary"}, "geometry": {"type": "LineString", "coordinates": [[-48.4812297, -1.3292901], [-48.4812038, -1.3290002], [-48.4811965, -1.3289174]]}}, {"type": "Feature", "properties": {"highway": "primary"}, "geometry": {"type": "LineString", "coordinates": [[-48.4813263, -1.3289169], [-48.4812297, -1.3292901]]}}, {"type": "Feature", "properties": {"highway": "primary"}, "geometry": {"type": "LineString", "coordinates": [[-48.4812277, -1.3286812], [-48.481404, -1.3283952]]}}, {"type": "Feature", "properties": {"highway": "primary"}, "geometry": {"type": "LineString", "coordinates": [[-48.481404, -1.3283952], [-48.4813715, -1.3286503], [-48.481362, -1.3287255]]}}, {"type": "Feature", "properties": {"highway": "tertiary"}, "geometry": {"type": "LineString", "coordinates": [[-48.3387279, -1.3619423], [-48.3385788, -1.3619378], [-48.3376931, -1.3618843], [-48.3375687, -1.3618761], [-48.3374209, -1.3618639], [-48.3363509, -1.3617953], [-48.3356046, -1.3617458], [-48.3353779, -1.3617308], [-48.3339002, -1.3616331], [-48.3337431, -1.3616702]]}}, {"type": "Feature", "properties": {"highway": "primary"}, "geometry": {"type": "LineString", "coordinates": [[-48.4850374, -1.3221279], [-48.4850119, -1.3222244]]}}, {"type": "Feature", "properties": {"highway": "secondary"}, "geometry": {"type": "LineString", "coordinates": [[-48.4547306, -1.2831292], [-48.4554311, -1.2831837]]}}, {"type": "Feature", "properties": {"highway": "tertiary"}, "geometry": {"type": "LineString", "coordinates": [[-48.338182, -1.3652362], [-48.3383779, -1.3650052]]}}, {"type": "Feature", "properties": {"highway": "secondary"}, "geometry": {"type": "LineString", "coordinates": [[-48.4511876, -1.4420501], [-48.4510679, -1.442165], [-48.4505813, -1.4424878], [-48.4500336, -1.4428469], [-48.4498179, -1.4429906], [-48.4497394, -1.4430456], [-48.4496168, -1.4431134], [-48.4495019, -1.4431344]]}}, {"type": "Feature", "properties": {"highway": "secondary"}, "geometry": {"type": "LineString", "coordinates": [[-48.4511876, -1.4420501], [-48.4516019, -1.4417722], [-48.4521368, -1.4414135], [-48.4526401, -1.441076], [-48.4531575, -1.440729], [-48.45368, -1.4403786]]}}, {"type": "Feature", "properties": {"highway": "secondary"}, "geometry": {"type": "LineString", "coordinates": [[-48.4486642, -1.4437086], [-48.4488694, -1.4435857], [-48.4490779, -1.4434503], [-48.4495019, -1.4431344]]}}, {"type": "Feature", "properties": {"highway": "primary"}, "geometry": {"type": "LineString", "coordinates": [[-48.3926844, -1.3594944], [-48.3926711, -1.3594562], [-48.3926546, -1.3593555]]}}, {"type": "Feature", "properties": {"highway": "secondary"}, "geometry": {"type": "LineString", "coordinates": [[-48.4881475, -1.467931], [-48.487851, -1.4681749], [-48.4876813, -1.4683144], [-48.4871679, -1.4687216], [-48.4870398, -1.4688232]]}}, {"type": "Feature", "properties": {"highway": "secondary"}, "geometry": {"type": "LineString", "coordinates": [[-48.4071577, -1.3431087], [-48.4072414, -1.3429399], [-48.4078016, -1.3418156], [-48.4083917, -1.3406389], [-48.4086625, -1.3400982], [-48.4091168, -1.339191], [-48.4093555, -1.3387118], [-48.4094056, -1.3386536], [-48.4094588, -1.3385989], [-48.4096446, -1.3385198]]}}, {"type": "Feature", "properties": {"highway": "secondary"}, "geometry": {"type": "LineString", "coordinates": [[-48.4073422, -1.3432529], [-48.4073347, -1.3432697], [-48.4072712, -1.3434115], [-48.4072188, -1.343502], [-48.4071732, -1.3435873], [-48.4067379, -1.3444634], [-48.4064492, -1.3450443], [-48.4064063, -1.3451277], [-48.4061014, -1.345745], [-48.405714, -1.346503]]}}, {"type": "Feature", "properties": {"highway": "tertiary"}, "geometry": {"type": "LineString", "coordinates": [[-48.4900897, -1.3997271], [-48.4905487, -1.3999192]]}}, {"type": "Feature", "properties": {"highway": "secondary"}, "geometry": {"type": "LineString", "coordinates": [[-48.4460358, -1.2618089], [-48.4453136, -1.2625283], [-48.4448368, -1.2630076], [-48.4446967, -1.2631296], [-48.4445538, -1.2632395], [-48.4443359, -1.263389], [-48.4440938, -1.2635359], [-48.4437954, -1.2636921], [-48.4436642, -1.2637491], [-48.4435286, -1.263808], [-48.4431329, -1.2639321], [-48.44182, -1.2641224], [-48.4414244, -1.264188], [-48.4411261, -1.2642308], [-48.4409143, -1.2642979]]}}, {"type": "Feature", "properties": {"highway": "secondary"}, "geometry": {"type": "LineString", "coordinates": [[-48.5044375, -1.4618645], [-48.5044045, -1.4619745]]}}, {"type": "Feature", "properties": {"highway": "tertiary"}, "geometry": {"type": "LineString", "coordinates": [[-48.50367, -1.4614536], [-48.5036657, -1.4614054]]}}, {"type": "Feature", "properties": {"highway": "tertiary"}, "geometry": {"type": "LineString", "coordinates": [[-48.5036499, -1.4616182], [-48.5036503, -1.4615772]]}}, {"type": "Feature", "properties": {"highway": "tertiary"}, "geometry": {"type": "LineString", "coordinates": [[-48.3782597, -1.3358926], [-48.3778364, -1.3360913], [-48.3774611, -1.336268], [-48.3771124, -1.3364303], [-48.3769085, -1.3365228], [-48.3764546, -1.336744], [-48.376294, -1.3369389]]}}, {"type": "Feature", "properties": {"highway": "tertiary"}, "geometry": {"type": "LineString", "coordinates": [[-48.3784573, -1.3358707], [-48.3784367, -1.3358584], [-48.3784179, -1.3358524], [-48.3783951, -1.3358484], [-48.3783686, -1.3358506], [-48.3783388, -1.3358571], [-48.3782597, -1.3358926]]}}, {"type": "Feature", "properties": {"highway": "tertiary"}, "geometry": {"type": "LineString", "coordinates": [[-48.4827451, -1.4156191], [-48.4833763, -1.415453]]}}, {"type": "Feature", "properties": {"highway": "tertiary"}, "geometry": {"type": "LineString", "coordinates": [[-48.4833763, -1.415453], [-48.4834286, -1.4154392]]}}, {"type": "Feature", "properties": {"highway": "secondary"}, "geometry": {"type": "LineString", "coordinates": [[-48.4531507, -1.4095784], [-48.453093, -1.409311]]}}, {"type": "Feature", "properties": {"highway": "tertiary"}, "geometry": {"type": "LineString", "coordinates": [[-48.4662091, -1.4026796], [-48.4661795, -1.4026126]]}}, {"type": "Feature", "properties": {"highway": "tertiary"}, "geometry": {"type": "LineString", "coordinates": [[-48.4660572, -1.4023456], [-48.4660934, -1.4024153]]}}, {"type": "Feature", "properties": {"highway": "tertiary"}, "geometry": {"type": "LineString", "coordinates": [[-48.4659067, -1.4304415], [-48.4658549, -1.4303731], [-48.465365, -1.4296307], [-48.465061, -1.4291708]]}}, {"type": "Feature", "properties": {"highway": "primary"}, "geometry": {"type": "LineString", "coordinates": [[-48.4294494, -1.3563397], [-48.4293319, -1.3565388], [-48.4292829, -1.3566333]]}}, {"type": "Feature", "properties": {"highway": "primary"}, "geometry": {"type": "LineString", "coordinates": [[-48.4292691, -1.3564965], [-48.4293803, -1.3562957]]}}, {"type": "Feature", "properties": {"highway": "secondary"}, "geometry": {"type": "LineString", "coordinates": [[-48.4291772, -1.3561693], [-48.4293803, -1.3562957]]}}, {"type": "Feature", "properties": {"highway": "secondary"}, "geometry": {"type": "LineString", "coordinates": [[-48.4292691, -1.3564965], [-48.4291772, -1.3561693]]}}, {"type": "Feature", "properties": {"highway": "secondary"}, "geometry": {"type": "LineString", "coordinates": [[-48.4105977, -1.3506308], [-48.4105709, -1.3506827], [-48.4105544, -1.3507349], [-48.4105422, -1.3507982], [-48.4105337, -1.3508684], [-48.4105348, -1.3509919], [-48.4105321, -1.3510605], [-48.4105032, -1.3511464]]}}, {"type": "Feature", "properties": {"highway": "secondary"}, "geometry": {"type": "LineString", "coordinates": [[-48.4105032, -1.3511464], [-48.410468, -1.3510667], [-48.4104554, -1.3509906], [-48.4104495, -1.3507827], [-48.4104465, -1.3506766], [-48.410441, -1.3506281]]}}, {"type": "Feature", "properties": {"highway": "tertiary"}, "geometry": {"type": "LineString", "coordinates": [[-48.4771223, -1.4300241], [-48.4765286, -1.429146], [-48.4763284, -1.4288338]]}}, {"type": "Feature", "properties": {"highway": "tertiary"}, "geometry": {"type": "LineString", "coordinates": [[-48.4790591, -1.4215275], [-48.4791453, -1.4214662]]}}, {"type": "Feature", "properties": {"highway": "tertiary"}, "geometry": {"type": "LineString", "coordinates": [[-48.4791453, -1.4214662], [-48.479182, -1.4214289], [-48.479601, -1.4211622], [-48.4797947, -1.4210328], [-48.4803385, -1.4206701], [-48.4808932, -1.4203002], [-48.4814134, -1.4199464], [-48.4819362, -1.4195909], [-48.4825717, -1.4191588], [-48.4829766, -1.4188846]]}}, {"type": "Feature", "properties": {"highway": "tertiary"}, "geometry": {"type": "LineString", "coordinates": [[-48.4804991, -1.4564182], [-48.4805187, -1.4557281], [-48.4805314, -1.4554645]]}}, {"type": "Feature", "properties": {"highway": "tertiary"}, "geometry": {"type": "LineString", "coordinates": [[-48.4827655, -1.4552796], [-48.4827644, -1.4555694], [-48.4827366, -1.4565634], [-48.4827374, -1.4566639]]}}, {"type": "Feature", "properties": {"highway": "secondary"}, "geometry": {"type": "LineString", "coordinates": [[-48.4827655, -1.4552796], [-48.4825511, -1.4552545], [-48.4825171, -1.45525], [-48.4822485, -1.455214], [-48.4820867, -1.4551914], [-48.4819307, -1.4551714], [-48.4816004, -1.4551255], [-48.4806753, -1.4549885], [-48.4805795, -1.454978]]}}, {"type": "Feature", "properties": {"highway": "secondary"}, "geometry": {"type": "LineString", "coordinates": [[-48.4856174, -1.455694], [-48.4852244, -1.4556432], [-48.4851565, -1.4556331], [-48.4850041, -1.4556104], [-48.4849344, -1.4556], [-48.4848691, -1.4555903], [-48.484674, -1.4555595], [-48.4844351, -1.4555256], [-48.4840751, -1.455472], [-48.4837246, -1.4554198], [-48.4829188, -1.4552997], [-48.4828999, -1.4552968], [-48.4827655, -1.4552796]]}}, {"type": "Feature", "properties": {"highway": "tertiary"}, "geometry": {"type": "LineString", "coordinates": [[-48.4803875, -1.4596465], [-48.4804586, -1.4596511], [-48.4805041, -1.459654]]}}, {"type": "Feature", "properties": {"highway": "tertiary"}, "geometry": {"type": "LineString", "coordinates": [[-48.477724, -1.4594024], [-48.4780915, -1.4594242], [-48.4782893, -1.4594458], [-48.478738, -1.4594879], [-48.4795855, -1.4595673], [-48.4803875, -1.4596465]]}}, {"type": "Feature", "properties": {"highway": "tertiary"}, "geometry": {"type": "LineString", "coordinates": [[-48.4828014, -1.4529967], [-48.4827885, -1.4541703], [-48.4827836, -1.4545038], [-48.4827678, -1.4551359], [-48.4827655, -1.4552796]]}}, {"type": "Feature", "properties": {"highway": "tertiary"}, "geometry": {"type": "LineString", "coordinates": [[-48.4221416, -1.3777315], [-48.4222908, -1.3776563], [-48.4224826, -1.3775732], [-48.4226303, -1.3775248], [-48.4227118, -1.3774927], [-48.4227801, -1.377429]]}}, {"type": "Feature", "properties": {"highway": "tertiary"}, "geometry": {"type": "LineString", "coordinates": [[-48.4828458, -1.4445428], [-48.4828316, -1.4450542]]}}, {"type": "Feature", "properties": {"highway": "tertiary"}, "geometry": {"type": "LineString", "coordinates": [[-48.4828199, -1.4485686], [-48.4828126, -1.4497622], [-48.4828136, -1.4499761]]}}, {"type": "Feature", "properties": {"highway": "tertiary"}, "geometry": {"type": "LineString", "coordinates": [[-48.4828136, -1.4499761], [-48.4828196, -1.4510683], [-48.4828155, -1.4521058], [-48.4828138, -1.4522152]]}}, {"type": "Feature", "properties": {"highway": "primary"}, "geometry": {"type": "LineString", "coordinates": [[-48.4828136, -1.4499761], [-48.4837509, -1.4502355], [-48.4841206, -1.4503404], [-48.4842888, -1.4503805], [-48.4848987, -1.4505459], [-48.4854707, -1.4507172], [-48.486173, -1.4509156]]}}, {"type": "Feature", "properties": {"highway": "tertiary"}, "geometry": {"type": "LineString", "coordinates": [[-48.4828138, -1.4522152], [-48.4828105, -1.4526288], [-48.4828014, -1.4529967]]}}, {"type": "Feature", "properties": {"highway": "secondary"}, "geometry": {"type": "LineString", "coordinates": [[-48.475731, -1.4518375], [-48.4757832, -1.4506052], [-48.4757846, -1.4505656], [-48.4757996, -1.4500404], [-48.4758551, -1.4483724]]}}, {"type": "Feature", "properties": {"highway": "primary"}, "geometry": {"type": "LineString", "coordinates": [[-48.475731, -1.4518375], [-48.4741637, -1.4517309]]}}, {"type": "Feature", "properties": {"highway": "primary"}, "geometry": {"type": "LineString", "coordinates": [[-48.4741637, -1.4517309], [-48.4735936, -1.4516706], [-48.473294, -1.4516537]]}}, {"type": "Feature", "properties": {"highway": "primary"}, "geometry": {"type": "LineString", "coordinates": [[-48.473294, -1.4516537], [-48.4724278, -1.4515866]]}}, {"type": "Feature", "properties": {"highway": "primary"}, "geometry": {"type": "LineString", "coordinates": [[-48.4776016, -1.4519876], [-48.4763913, -1.4518969], [-48.475731, -1.4518375]]}}, {"type": "Feature", "properties": {"highway": "secondary"}, "geometry": {"type": "LineString", "coordinates": [[-48.4688695, -1.4560802], [-48.4688781, -1.4554145]]}}, {"type": "Feature", "properties": {"highway": "tertiary"}, "geometry": {"type": "LineString", "coordinates": [[-48.4770098, -1.4593501], [-48.4773946, -1.4593817], [-48.477724, -1.4594024]]}}, {"type": "Feature", "properties": {"highway": "secondary"}, "geometry": {"type": "LineString", "coordinates": [[-48.4688351, -1.4587612], [-48.4688359, -1.4582107]]}}, {"type": "Feature", "properties": {"highway": "secondary"}, "geometry": {"type": "LineString", "coordinates": [[-48.4688049, -1.4599095], [-48.4688351, -1.4587612]]}}, {"type": "Feature", "properties": {"highway": "secondary"}, "geometry": {"type": "LineString", "coordinates": [[-48.4687961, -1.4601475], [-48.4688049, -1.4599095]]}}, {"type": "Feature", "properties": {"highway": "secondary"}, "geometry": {"type": "LineString", "coordinates": [[-48.4768323, -1.4616889], [-48.4767604, -1.4627831], [-48.4767066, -1.4635745], [-48.4766769, -1.4640155], [-48.4766708, -1.4641049]]}}, {"type": "Feature", "properties": {"highway": "tertiary"}, "geometry": {"type": "LineString", "coordinates": [[-48.4792861, -1.4332622], [-48.4787856, -1.4325045], [-48.4783605, -1.4319033], [-48.4779866, -1.4313016], [-48.4773674, -1.4303864], [-48.4771223, -1.4300241]]}}, {"type": "Feature", "properties": {"highway": "tertiary"}, "geometry": {"type": "LineString", "coordinates": [[-48.4763284, -1.4288338], [-48.4762875, -1.4287949]]}}, {"type": "Feature", "properties": {"highway": "tertiary"}, "geometry": {"type": "LineString", "coordinates": [[-48.4763144, -1.4287767], [-48.4763284, -1.4288338]]}}, {"type": "Feature", "properties": {"highway": "secondary"}, "geometry": {"type": "LineString", "coordinates": [[-48.4753683, -1.4602647], [-48.4753939, -1.4595829], [-48.4754133, -1.459244]]}}, {"type": "Feature", "properties": {"highway": "secondary"}, "geometry": {"type": "LineString", "coordinates": [[-48.4752404, -1.4626937], [-48.4752714, -1.4623282], [-48.4753371, -1.46095], [-48.4753683, -1.4602647]]}}, {"type": "Feature", "properties": {"highway": "secondary"}, "geometry": {"type": "LineString", "coordinates": [[-48.4755866, -1.4548502], [-48.47448, -1.4547983], [-48.4740436, -1.4547779], [-48.4732782, -1.454742], [-48.4731007, -1.4547337], [-48.4723162, -1.4546969], [-48.4714927, -1.4546624], [-48.4706974, -1.454621]]}}, {"type": "Feature", "properties": {"highway": "secondary"}, "geometry": {"type": "LineString", "coordinates": [[-48.4770098, -1.4593501], [-48.476939, -1.4603385]]}}, {"type": "Feature", "properties": {"highway": "secondary"}, "geometry": {"type": "LineString", "coordinates": [[-48.476939, -1.4603385], [-48.4768323, -1.4616889]]}}, {"type": "Feature", "properties": {"highway": "secondary"}, "geometry": {"type": "LineString", "coordinates": [[-48.4805795, -1.454978], [-48.4804663, -1.4549799]]}}, {"type": "Feature", "properties": {"highway": "tertiary"}, "geometry": {"type": "LineString", "coordinates": [[-48.4805976, -1.4554657], [-48.4806, -1.4552205], [-48.4805984, -1.4551542], [-48.4805964, -1.4551235], [-48.4805827, -1.4550134], [-48.4805812, -1.4550027], [-48.4805795, -1.454978]]}}, {"type": "Feature", "properties": {"highway": "tertiary"}, "geometry": {"type": "LineString", "coordinates": [[-48.4805314, -1.4554645], [-48.480543, -1.4552524], [-48.4805501, -1.455177], [-48.4805571, -1.4551361], [-48.480576, -1.4550024], [-48.4805795, -1.454978]]}}, {"type": "Feature", "properties": {"highway": "secondary"}, "geometry": {"type": "LineString", "coordinates": [[-48.4754652, -1.4579001], [-48.4754924, -1.4572882], [-48.4755122, -1.4564932]]}}, {"type": "Feature", "properties": {"highway": "tertiary"}, "geometry": {"type": "LineString", "coordinates": [[-48.4828686, -1.46075], [-48.4831452, -1.4607521], [-48.4833387, -1.4607536], [-48.483698, -1.4607556], [-48.4844742, -1.4607874]]}}, {"type": "Feature", "properties": {"highway": "secondary"}, "geometry": {"type": "LineString", "coordinates": [[-48.4754133, -1.459244], [-48.4754368, -1.4586416], [-48.4754611, -1.4580061], [-48.4754652, -1.4579001]]}}, {"type": "Feature", "properties": {"highway": "secondary"}, "geometry": {"type": "LineString", "coordinates": [[-48.4726808, -1.4003105], [-48.4727855, -1.4001971]]}}, {"type": "Feature", "properties": {"highway": "secondary"}, "geometry": {"type": "LineString", "coordinates": [[-48.4390679, -1.3569266], [-48.4391538, -1.356972]]}}, {"type": "Feature", "properties": {"highway": "tertiary"}, "geometry": {"type": "LineString", "coordinates": [[-48.472073, -1.3997567], [-48.4721387, -1.399767], [-48.472192, -1.3997941], [-48.4722372, -1.3998226]]}}, {"type": "Feature", "properties": {"highway": "tertiary"}, "geometry": {"type": "LineString", "coordinates": [[-48.468136, -1.4544651], [-48.4681639, -1.4544785]]}}, {"type": "Feature", "properties": {"highway": "tertiary"}, "geometry": {"type": "LineString", "coordinates": [[-48.4681639, -1.4544785], [-48.4681361, -1.4544938]]}}, {"type": "Feature", "properties": {"highway": "tertiary"}, "geometry": {"type": "LineString", "coordinates": [[-48.490683, -1.4432989], [-48.4907733, -1.443404]]}}, {"type": "Feature", "properties": {"highway": "tertiary"}, "geometry": {"type": "LineString", "coordinates": [[-48.4914096, -1.4357572], [-48.4913289, -1.4357576], [-48.491296, -1.4357512]]}}, {"type": "Feature", "properties": {"highway": "tertiary"}, "geometry": {"type": "LineString", "coordinates": [[-48.4935774, -1.4410837], [-48.4935854, -1.4410974], [-48.4936323, -1.4411793]]}}, {"type": "Feature", "properties": {"highway": "tertiary"}, "geometry": {"type": "LineString", "coordinates": [[-48.4934697, -1.4409093], [-48.4934777, -1.440922], [-48.4935028, -1.4409621]]}}, {"type": "Feature", "properties": {"highway": "primary"}, "geometry": {"type": "LineString", "coordinates": [[-48.4895298, -1.4445264], [-48.4894312, -1.4444509]]}}, {"type": "Feature", "properties": {"highway": "primary"}, "geometry": {"type": "LineString", "coordinates": [[-48.4894312, -1.4444509], [-48.4893984, -1.4444221], [-48.4893472, -1.4443772]]}}, {"type": "Feature", "properties": {"highway": "secondary"}, "geometry": {"type": "LineString", "coordinates": [[-48.4906447, -1.4432484], [-48.490683, -1.4432989]]}}, {"type": "Feature", "properties": {"highway": "secondary"}, "geometry": {"type": "LineString", "coordinates": [[-48.4904725, -1.4430134], [-48.4905281, -1.4430852], [-48.4905477, -1.4431105]]}}, {"type": "Feature", "properties": {"highway": "secondary"}, "geometry": {"type": "LineString", "coordinates": [[-48.4839366, -1.3924968], [-48.4839702, -1.3925021]]}}, {"type": "Feature", "properties": {"highway": "tertiary"}, "geometry": {"type": "LineString", "coordinates": [[-48.4661636, -1.3885066], [-48.4661492, -1.3884837]]}}, {"type": "Feature", "properties": {"highway": "primary"}, "geometry": {"type": "LineString", "coordinates": [[-48.4674689, -1.4097555], [-48.4675228, -1.4098085]]}}, {"type": "Feature", "properties": {"highway": "primary"}, "geometry": {"type": "LineString", "coordinates": [[-48.463823, -1.4093289], [-48.4640751, -1.4090728]]}}, {"type": "Feature", "properties": {"highway": "primary"}, "geometry": {"type": "LineString", "coordinates": [[-48.395907, -1.3590957], [-48.3959105, -1.3592189], [-48.3959145, -1.359279]]}}, {"type": "Feature", "properties": {"highway": "primary"}, "geometry": {"type": "LineString", "coordinates": [[-48.47445, -1.299713], [-48.4746296, -1.2997671], [-48.4747476, -1.2998211]]}}, {"type": "Feature", "properties": {"highway": "secondary"}, "geometry": {"type": "LineString", "coordinates": [[-48.4698182, -1.3010266], [-48.4697762, -1.3012011]]}}, {"type": "Feature", "properties": {"highway": "tertiary"}, "geometry": {"type": "LineString", "coordinates": [[-48.4665502, -1.3884831], [-48.4665294, -1.3885147]]}}, {"type": "Feature", "properties": {"highway": "secondary"}, "geometry": {"type": "LineString", "coordinates": [[-48.4088791, -1.3832451], [-48.4088778, -1.383167]]}}, {"type": "Feature", "properties": {"highway": "secondary"}, "geometry": {"type": "LineString", "coordinates": [[-48.4086652, -1.3864105], [-48.4087329, -1.38637], [-48.4087886, -1.386314], [-48.4088758, -1.3861625]]}}, {"type": "Feature", "properties": {"highway": "secondary"}, "geometry": {"type": "LineString", "coordinates": [[-48.4088758, -1.3861625], [-48.4089221, -1.3864687]]}}, {"type": "Feature", "properties": {"highway": "primary"}, "geometry": {"type": "LineString", "coordinates": [[-48.4100269, -1.3870796], [-48.4101558, -1.38675]]}}, {"type": "Feature", "properties": {"highway": "primary"}, "geometry": {"type": "LineString", "coordinates": [[-48.4097606, -1.3877036], [-48.4100269, -1.3870796]]}}, {"type": "Feature", "properties": {"highway": "primary"}, "geometry": {"type": "LineString", "coordinates": [[-48.4101558, -1.38675], [-48.410359, -1.3862288], [-48.4105062, -1.3857713], [-48.4106009, -1.3854253], [-48.4106265, -1.385313]]}}, {"type": "Feature", "properties": {"highway": "primary"}, "geometry": {"type": "LineString", "coordinates": [[-48.4961677, -1.4473883], [-48.4961697, -1.4473505]]}}, {"type": "Feature", "properties": {"highway": "primary"}, "geometry": {"type": "LineString", "coordinates": [[-48.4970125, -1.4459982], [-48.4971004, -1.4459682]]}}, {"type": "Feature", "properties": {"highway": "secondary"}, "geometry": {"type": "LineString", "coordinates": [[-48.4881671, -1.4464389], [-48.4882624, -1.4465152]]}}, {"type": "Feature", "properties": {"highway": "primary"}, "geometry": {"type": "LineString", "coordinates": [[-48.4097113, -1.3878337], [-48.4097606, -1.3877036]]}}, {"type": "Feature", "properties": {"highway": "primary"}, "geometry": {"type": "LineString", "coordinates": [[-48.4100707, -1.3871036], [-48.4098093, -1.3877285]]}}, {"type": "Feature", "properties": {"highway": "primary"}, "geometry": {"type": "LineString", "coordinates": [[-48.4355545, -1.4055343], [-48.4357987, -1.4069188], [-48.4358541, -1.4070285], [-48.4359476, -1.4071223], [-48.4361498, -1.4073061]]}}, {"type": "Feature", "properties": {"highway": "primary"}, "geometry": {"type": "LineString", "coordinates": [[-48.4508872, -1.3469609], [-48.4509663, -1.3469671], [-48.4510467, -1.3469692], [-48.4511105, -1.3469678], [-48.4512016, -1.3469602]]}}, {"type": "Feature", "properties": {"highway": "primary"}, "geometry": {"type": "LineString", "coordinates": [[-48.4612207, -1.3486105], [-48.46152, -1.3485124], [-48.4616552, -1.3484859], [-48.4619481, -1.3484284], [-48.4623811, -1.3483552], [-48.4629589, -1.3482508], [-48.4634005, -1.3481736], [-48.4639251, -1.3480823], [-48.4641765, -1.3480386], [-48.4650229, -1.3478716], [-48.465241, -1.3478373], [-48.4655905, -1.3477847], [-48.4656246, -1.3477796], [-48.4659585, -1.3477072], [-48.4661517, -1.3476589], [-48.4663072, -1.3476107], [-48.466442, -1.3475569], [-48.4664778, -1.3475426]]}}, {"type": "Feature", "properties": {"highway": "primary"}, "geometry": {"type": "LineString", "coordinates": [[-48.4665449, -1.3476217], [-48.4664902, -1.3476465], [-48.4664628, -1.3476589], [-48.4663153, -1.3477126], [-48.4662053, -1.3477581], [-48.4660149, -1.3477984], [-48.4657091, -1.3478627], [-48.4656077, -1.347884], [-48.4655428, -1.3478976], [-48.4652598, -1.3479499], [-48.4650318, -1.3479901], [-48.4641984, -1.3481368], [-48.4639418, -1.3481754], [-48.4637345, -1.3482065], [-48.4634152, -1.3482581], [-48.4629405, -1.3483459], [-48.4627373, -1.3483827], [-48.4623955, -1.3484447], [-48.4619583, -1.3485239], [-48.46167, -1.3485697], [-48.4615225, -1.3485932], [-48.4612499, -1.3486906]]}}, {"type": "Feature", "properties": {"highway": "primary"}, "geometry": {"type": "LineString", "coordinates": [[-48.4530303, -1.3491664], [-48.4530942, -1.3492275], [-48.4532069, -1.3493353], [-48.4534112, -1.3494917], [-48.4536164, -1.3496003], [-48.453796, -1.3496701], [-48.4540557, -1.3497293], [-48.454096, -1.3497332], [-48.4542256, -1.3497459], [-48.4543177, -1.3497452], [-48.4544257, -1.349732], [-48.454605, -1.349703], [-48.4550409, -1.3496212], [-48.455144, -1.3496019], [-48.4551611, -1.3495987], [-48.4560771, -1.3494586], [-48.4567172, -1.3493596], [-48.4573745, -1.3492527], [-48.4574999, -1.3492324], [-48.4582075, -1.3491143], [-48.4585956, -1.349051], [-48.4587548, -1.3490223], [-48.4596278, -1.3488751], [-48.4598262, -1.3488484], [-48.460017, -1.3488163], [-48.4603611, -1.3487426], [-48.460632, -1.3486968], [-48.4608156, -1.3486673], [-48.4609413, -1.3486471], [-48.461074, -1.3486262]]}}, {"type": "Feature", "properties": {"highway": "primary"}, "geometry": {"type": "LineString", "coordinates": [[-48.4530303, -1.3491664], [-48.4530942, -1.3492275], [-48.4532069, -1.3493353], [-48.4534112, -1.3494917], [-48.4536164, -1.3496003], [-48.453796, -1.3496701], [-48.4540557, -1.3497293], [-48.454096, -1.3497332], [-48.4542256, -1.3497459], [-48.4543177, -1.3497452], [-48.4544257, -1.349732], [-48.454605, -1.349703], [-48.4550409, -1.3496212], [-48.455144, -1.3496019], [-48.4551611, -1.3495987], [-48.4560771, -1.3494586], [-48.4567172, -1.3493596], [-48.4573745, -1.3492527], [-48.4574999, -1.3492324], [-48.4582075, -1.3491143], [-48.4585956, -1.349051], [-48.4587548, -1.3490223], [-48.4596278, -1.3488751], [-48.4598262, -1.3488484], [-48.460017, -1.3488163], [-48.4603611, -1.3487426], [-48.460632, -1.3486968], [-48.4608156, -1.3486673], [-48.4609413, -1.3486471], [-48.461074, -1.3486262]]}}, {"type": "Feature", "properties": {"highway": "tertiary"}, "geometry": {"type": "LineString", "coordinates": [[-48.47598, -1.4194511], [-48.4760205, -1.4194201], [-48.4770296, -1.4185746], [-48.4773497, -1.4183343], [-48.4775756, -1.4181513], [-48.4780332, -1.4178391], [-48.4784617, -1.4175428], [-48.478695, -1.417377], [-48.4787967, -1.4173047]]}}, {"type": "Feature", "properties": {"highway": "tertiary"}, "geometry": {"type": "LineString", "coordinates": [[-48.4759239, -1.4194933], [-48.47598, -1.4194511]]}}, {"type": "Feature", "properties": {"highway": "tertiary"}, "geometry": {"type": "LineString", "coordinates": [[-48.4706722, -1.4199956], [-48.4707459, -1.420097]]}}, {"type": "Feature", "properties": {"highway": "tertiary"}, "geometry": {"type": "LineString", "coordinates": [[-48.4690336, -1.4175221], [-48.4690972, -1.4176189], [-48.46984, -1.4187492], [-48.4705341, -1.4197693], [-48.4706663, -1.4199869], [-48.4706722, -1.4199956]]}}, {"type": "Feature", "properties": {"highway": "tertiary"}, "geometry": {"type": "LineString", "coordinates": [[-48.4705465, -1.4200849], [-48.4705364, -1.4200703], [-48.4703085, -1.4197341], [-48.4697222, -1.418822], [-48.4691611, -1.4179955], [-48.4690538, -1.4178453], [-48.4689684, -1.4177192], [-48.4689622, -1.4177109], [-48.4688896, -1.4176143]]}}, {"type": "Feature", "properties": {"highway": "tertiary"}, "geometry": {"type": "LineString", "coordinates": [[-48.4706185, -1.4201835], [-48.4705465, -1.4200849]]}}, {"type": "Feature", "properties": {"highway": "tertiary"}, "geometry": {"type": "LineString", "coordinates": [[-48.4572926, -1.4343663], [-48.457339, -1.4343354]]}}, {"type": "Feature", "properties": {"highway": "tertiary"}, "geometry": {"type": "LineString", "coordinates": [[-48.4572163, -1.4344171], [-48.4572563, -1.4343904], [-48.4572926, -1.4343663]]}}, {"type": "Feature", "properties": {"highway": "primary"}, "geometry": {"type": "LineString", "coordinates": [[-48.4513822, -1.4221887], [-48.4513197, -1.4222566]]}}, {"type": "Feature", "properties": {"highway": "primary"}, "geometry": {"type": "LineString", "coordinates": [[-48.4512823, -1.422104], [-48.4513849, -1.4219984], [-48.4534907, -1.4198471], [-48.4535575, -1.4197809], [-48.4536649, -1.4196743], [-48.4537436, -1.4195952], [-48.454023, -1.4193137], [-48.4545899, -1.4187311], [-48.4546436, -1.4186768], [-48.4547008, -1.4186221], [-48.4548368, -1.4184821], [-48.4549835, -1.4183399]]}}, {"type": "Feature", "properties": {"highway": "primary"}, "geometry": {"type": "LineString", "coordinates": [[-48.4512823, -1.422104], [-48.4513849, -1.4219984], [-48.4534907, -1.4198471], [-48.4535575, -1.4197809], [-48.4536649, -1.4196743], [-48.4537436, -1.4195952], [-48.454023, -1.4193137], [-48.4545899, -1.4187311], [-48.4546436, -1.4186768], [-48.4547008, -1.4186221], [-48.4548368, -1.4184821], [-48.4549835, -1.4183399]]}}, {"type": "Feature", "properties": {"highway": "secondary"}, "geometry": {"type": "LineString", "coordinates": [[-48.4936776, -1.4412684], [-48.4935948, -1.4413284], [-48.4927892, -1.4419121], [-48.4923489, -1.4422311], [-48.4923066, -1.4422661], [-48.4922193, -1.4423309]]}}, {"type": "Feature", "properties": {"highway": "tertiary"}, "geometry": {"type": "LineString", "coordinates": [[-48.4936323, -1.4411793], [-48.4936776, -1.4412684]]}}, {"type": "Feature", "properties": {"highway": "tertiary"}, "geometry": {"type": "LineString", "coordinates": [[-48.4922193, -1.4423309], [-48.4921641, -1.4422316]]}}, {"type": "Feature", "properties": {"highway": "secondary"}, "geometry": {"type": "LineString", "coordinates": [[-48.4920076, -1.4419587], [-48.4927758, -1.4414076]]}}, {"type": "Feature", "properties": {"highway": "primary"}, "geometry": {"type": "LineString", "coordinates": [[-48.443719, -1.3715895], [-48.4442009, -1.3708926]]}}, {"type": "Feature", "properties": {"highway": "primary"}, "geometry": {"type": "LineString", "coordinates": [[-48.4442144, -1.3711251], [-48.443812, -1.3716795]]}}, {"type": "Feature", "properties": {"highway": "tertiary"}, "geometry": {"type": "LineString", "coordinates": [[-48.4730597, -1.2750008], [-48.4731623, -1.2747776], [-48.4732535, -1.2746328], [-48.4733963, -1.2744478], [-48.4736457, -1.2741186]]}}, {"type": "Feature", "properties": {"highway": "tertiary"}, "geometry": {"type": "LineString", "coordinates": [[-48.4699454, -1.2583314], [-48.4694369, -1.2588083], [-48.4690189, -1.2592138], [-48.4687859, -1.2594398], [-48.4685232, -1.2596946], [-48.4682536, -1.2599561], [-48.4676507, -1.2605485], [-48.4675614, -1.2606305], [-48.4674002, -1.2607841], [-48.4670599, -1.261114]]}}, {"type": "Feature", "properties": {"highway": "secondary"}, "geometry": {"type": "LineString", "coordinates": [[-48.4100448, -1.3682911], [-48.4101263, -1.3682632], [-48.4101619, -1.3682451], [-48.4101874, -1.368221], [-48.4102111, -1.368186]]}}, {"type": "Feature", "properties": {"highway": "tertiary"}, "geometry": {"type": "LineString", "coordinates": [[-48.398507, -1.3811189], [-48.3985057, -1.3810664], [-48.3984976, -1.3809867], [-48.3984876, -1.3809391], [-48.3984782, -1.3809029], [-48.3984421, -1.3808061]]}}, {"type": "Feature", "properties": {"highway": "tertiary"}, "geometry": {"type": "LineString", "coordinates": [[-48.3987085, -1.3809626], [-48.3986492, -1.3809773], [-48.3986096, -1.3809927], [-48.3985734, -1.3810115], [-48.3985452, -1.381045], [-48.3985258, -1.3810778], [-48.398507, -1.3811189]]}}, {"type": "Feature", "properties": {"highway": "tertiary"}, "geometry": {"type": "LineString", "coordinates": [[-48.4469079, -1.4515781], [-48.4468065, -1.4515162], [-48.4466644, -1.4514261]]}}, {"type": "Feature", "properties": {"highway": "tertiary"}, "geometry": {"type": "LineString", "coordinates": [[-48.4466723, -1.4513269], [-48.4467939, -1.4514354], [-48.4468351, -1.4514757], [-48.4469079, -1.4515781]]}}, {"type": "Feature", "properties": {"highway": "secondary"}, "geometry": {"type": "LineString", "coordinates": [[-48.4652126, -1.259195], [-48.4670599, -1.261114]]}}, {"type": "Feature", "properties": {"highway": "tertiary"}, "geometry": {"type": "LineString", "coordinates": [[-48.4022886, -1.3294797], [-48.4024316, -1.3298739], [-48.4025028, -1.3300838]]}}, {"type": "Feature", "properties": {"highway": "tertiary"}, "geometry": {"type": "LineString", "coordinates": [[-48.4025028, -1.3300838], [-48.402428, -1.3300607], [-48.4023918, -1.3300202], [-48.4022111, -1.329519], [-48.4020615, -1.3291818], [-48.4020484, -1.3291518], [-48.4019955, -1.3290171], [-48.4019245, -1.3288367], [-48.401838, -1.3286168], [-48.4017323, -1.3283133], [-48.4015722, -1.3279168], [-48.4013929, -1.3274475], [-48.4009112, -1.3262151], [-48.4006547, -1.3255347], [-48.4004079, -1.3249206], [-48.4002928, -1.3246404], [-48.4001173, -1.3242743], [-48.4000869, -1.3242401], [-48.4000359, -1.3242103]]}}, {"type": "Feature", "properties": {"highway": "secondary"}, "geometry": {"type": "LineString", "coordinates": [[-48.451317, -1.4318893], [-48.4513331, -1.4318555], [-48.4513497, -1.4318188]]}}, {"type": "Feature", "properties": {"highway": "secondary"}, "geometry": {"type": "LineString", "coordinates": [[-48.4437968, -1.3316143], [-48.4436774, -1.3316431], [-48.4436305, -1.3316445], [-48.4435835, -1.3316358], [-48.4432161, -1.3315627], [-48.4426696, -1.3314541], [-48.4421291, -1.3313435], [-48.441598, -1.3312322], [-48.4410562, -1.3311249], [-48.4405292, -1.331015], [-48.4402408, -1.3309547], [-48.4393667, -1.3307657], [-48.4392012, -1.3307299]]}}, {"type": "Feature", "properties": {"highway": "tertiary"}, "geometry": {"type": "LineString", "coordinates": [[-48.4390798, -1.3307102], [-48.4389085, -1.3306825], [-48.4384934, -1.3305968], [-48.438376, -1.3305726], [-48.4379375, -1.3304852], [-48.4378409, -1.330466], [-48.4372978, -1.3303554], [-48.4367674, -1.3302474], [-48.4362242, -1.3301388], [-48.4356885, -1.3300376], [-48.435156, -1.329937], [-48.4346196, -1.3298325], [-48.4340858, -1.3297118], [-48.4335051, -1.3296032]]}}, {"type": "Feature", "properties": {"highway": "tertiary"}, "geometry": {"type": "LineString", "coordinates": [[-48.4836331, -1.2929578], [-48.4832741, -1.2928303], [-48.4831887, -1.2927993]]}}, {"type": "Feature", "properties": {"highway": "tertiary"}, "geometry": {"type": "LineString", "coordinates": [[-48.4840476, -1.2931075], [-48.4836331, -1.2929578]]}}, {"type": "Feature", "properties": {"highway": "primary"}, "geometry": {"type": "LineString", "coordinates": [[-48.4773938, -1.3516825], [-48.4773919, -1.3508633], [-48.4773918, -1.3508349], [-48.477391, -1.3504982], [-48.477398, -1.3495043], [-48.4774041, -1.3493846], [-48.4774127, -1.3492568], [-48.4774236, -1.3491779], [-48.477443, -1.3490433], [-48.4774702, -1.348883], [-48.4776724, -1.3478188], [-48.4777181, -1.3475916], [-48.47777, -1.3473287], [-48.4778117, -1.3471298], [-48.4778927, -1.3466823], [-48.4779509, -1.3463965], [-48.4781482, -1.3453576], [-48.4783311, -1.3443677], [-48.4783503, -1.3442696], [-48.4783754, -1.3441337], [-48.4784143, -1.3438616], [-48.4785849, -1.3429848], [-48.4786136, -1.3428372], [-48.4786385, -1.3427089], [-48.4787044, -1.3423691], [-48.4788117, -1.341816], [-48.4788875, -1.3414185], [-48.4790102, -1.3407748], [-48.4790249, -1.3406978], [-48.4790612, -1.3405191]]}}, {"type": "Feature", "properties": {"highway": "primary"}, "geometry": {"type": "LineString", "coordinates": [[-48.4774127, -1.355133], [-48.4774139, -1.3549595]]}}, {"type": "Feature", "properties": {"highway": "secondary"}, "geometry": {"type": "LineString", "coordinates": [[-48.4766769, -1.4640155], [-48.4766245, -1.4640572], [-48.4765824, -1.4640731], [-48.4765446, -1.4640811], [-48.4764617, -1.4640872]]}}, {"type": "Feature", "properties": {"highway": "secondary"}, "geometry": {"type": "LineString", "coordinates": [[-48.4766685, -1.4642119], [-48.476634, -1.4641722], [-48.4766027, -1.4641405], [-48.476574, -1.4641211], [-48.476539, -1.4641076], [-48.4764617, -1.4640872]]}}, {"type": "Feature", "properties": {"highway": "secondary"}, "geometry": {"type": "LineString", "coordinates": [[-48.4766708, -1.4641049], [-48.4766685, -1.4642119]]}}, {"type": "Feature", "properties": {"highway": "tertiary"}, "geometry": {"type": "LineString", "coordinates": [[-48.4228964, -1.3773126], [-48.4229366, -1.377302], [-48.4229711, -1.3772926], [-48.4230376, -1.3772891]]}}, {"type": "Feature", "properties": {"highway": "tertiary"}, "geometry": {"type": "LineString", "coordinates": [[-48.4230376, -1.3772891], [-48.4232229, -1.3773068]]}}, {"type": "Feature", "properties": {"highway": "tertiary"}, "geometry": {"type": "LineString", "coordinates": [[-48.4232229, -1.3773068], [-48.4232554, -1.3773181], [-48.4232829, -1.3773372], [-48.4233379, -1.3774151]]}}, {"type": "Feature", "properties": {"highway": "tertiary"}, "geometry": {"type": "LineString", "coordinates": [[-48.4233353, -1.3776624], [-48.4232719, -1.377728], [-48.4232024, -1.3777673]]}}, {"type": "Feature", "properties": {"highway": "tertiary"}, "geometry": {"type": "LineString", "coordinates": [[-48.4232024, -1.3777673], [-48.4230213, -1.3777782]]}}, {"type": "Feature", "properties": {"highway": "secondary"}, "geometry": {"type": "LineString", "coordinates": [[-48.4902009, -1.301097], [-48.489483, -1.3011128]]}}, {"type": "Feature", "properties": {"highway": "secondary"}, "geometry": {"type": "LineString", "coordinates": [[-48.4449532, -1.3565069], [-48.4451089, -1.3564856]]}}, {"type": "Feature", "properties": {"highway": "secondary"}, "geometry": {"type": "LineString", "coordinates": [[-48.4428097, -1.356788], [-48.4429177, -1.3567772], [-48.4430411, -1.3567658], [-48.4431946, -1.3567471], [-48.4433938, -1.3567209], [-48.4437713, -1.3566861], [-48.4441428, -1.3566298], [-48.4444955, -1.3565748], [-48.4446295, -1.3565598], [-48.4449532, -1.3565069]]}}, {"type": "Feature", "properties": {"highway": "tertiary"}, "geometry": {"type": "LineString", "coordinates": [[-48.4389932, -1.3813624], [-48.4392975, -1.3815532], [-48.4393885, -1.3816103], [-48.4394594, -1.3816456], [-48.439523, -1.3816644], [-48.4396311, -1.3816702], [-48.4401993, -1.381672], [-48.4408904, -1.3816726], [-48.4409085, -1.3816726], [-48.4416077, -1.3816756], [-48.4423124, -1.3816731]]}}, {"type": "Feature", "properties": {"highway": "primary"}, "geometry": {"type": "LineString", "coordinates": [[-48.467302, -1.3466546], [-48.4672902, -1.3467325], [-48.4672522, -1.3468943], [-48.4672127, -1.347043], [-48.4671601, -1.3472316]]}}, {"type": "Feature", "properties": {"highway": "primary"}, "geometry": {"type": "LineString", "coordinates": [[-48.4668949, -1.3474302], [-48.466794, -1.3474752], [-48.4667132, -1.3475277], [-48.4665449, -1.3476217]]}}, {"type": "Feature", "properties": {"highway": "primary"}, "geometry": {"type": "LineString", "coordinates": [[-48.4669689, -1.3471209], [-48.4670187, -1.347114], [-48.4670472, -1.3471171], [-48.4670746, -1.3471256], [-48.4670998, -1.3471392], [-48.467122, -1.3471574], [-48.4671402, -1.3471795], [-48.4671539, -1.3472047], [-48.4671601, -1.3472316], [-48.4671417, -1.3472888], [-48.4670964, -1.3473554], [-48.467032, -1.3474037], [-48.4669554, -1.3474286], [-48.4668949, -1.3474302], [-48.4668579, -1.3473923], [-48.4668355, -1.3473449], [-48.4668305, -1.3472926], [-48.4668511, -1.3472372], [-48.4668822, -1.3471866], [-48.4669232, -1.3471491], [-48.4669689, -1.3471209]]}}, {"type": "Feature", "properties": {"highway": "primary"}, "geometry": {"type": "LineString", "coordinates": [[-48.4669689, -1.3471209], [-48.467085, -1.3469778], [-48.4671427, -1.3468478], [-48.4671909, -1.3467072], [-48.4672049, -1.3466395]]}}, {"type": "Feature", "properties": {"highway": "primary"}, "geometry": {"type": "LineString", "coordinates": [[-48.4664778, -1.3475426], [-48.4666425, -1.3474498], [-48.4668305, -1.3472926]]}}, {"type": "Feature", "properties": {"highway": "secondary"}, "geometry": {"type": "LineString", "coordinates": [[-48.4671417, -1.3472888], [-48.4671766, -1.3473985], [-48.467175, -1.3475087], [-48.4671625, -1.3476144], [-48.4671173, -1.3477401]]}}, {"type": "Feature", "properties": {"highway": "tertiary"}, "geometry": {"type": "LineString", "coordinates": [[-48.489211, -1.4593034], [-48.4888002, -1.4598544]]}}, {"type": "Feature", "properties": {"highway": "tertiary"}, "geometry": {"type": "LineString", "coordinates": [[-48.4893133, -1.4604903], [-48.4888002, -1.4598544]]}}, {"type": "Feature", "properties": {"highway": "secondary"}, "geometry": {"type": "LineString", "coordinates": [[-48.4904189, -1.4607438], [-48.4909874, -1.4603207], [-48.4916425, -1.4598085], [-48.4920285, -1.4595082]]}}, {"type": "Feature", "properties": {"highway": "tertiary"}, "geometry": {"type": "LineString", "coordinates": [[-48.490339, -1.4595646], [-48.4902203, -1.4594211], [-48.4896503, -1.4586888]]}}, {"type": "Feature", "properties": {"highway": "primary"}, "geometry": {"type": "LineString", "coordinates": [[-48.4943066, -1.4403998], [-48.494355, -1.4403096], [-48.494415, -1.440237], [-48.494476, -1.4401936], [-48.4946644, -1.440122], [-48.4947593, -1.4400828]]}}, {"type": "Feature", "properties": {"highway": "primary"}, "geometry": {"type": "LineString", "coordinates": [[-48.4142181, -1.3766385], [-48.4141566, -1.3765826]]}}, {"type": "Feature", "properties": {"highway": "secondary"}, "geometry": {"type": "LineString", "coordinates": [[-48.4271324, -1.3449734], [-48.4271035, -1.3449618], [-48.4270641, -1.3449534], [-48.4267945, -1.3448841], [-48.4265117, -1.3448233], [-48.4260531, -1.3447017], [-48.4255269, -1.3445875], [-48.4254996, -1.3445816]]}}, {"type": "Feature", "properties": {"highway": "secondary"}, "geometry": {"type": "LineString", "coordinates": [[-48.4254996, -1.3445816], [-48.4253365, -1.3451776]]}}, {"type": "Feature", "properties": {"highway": "primary"}, "geometry": {"type": "LineString", "coordinates": [[-48.4702695, -1.4029253], [-48.4702373, -1.4029575]]}}, {"type": "Feature", "properties": {"highway": "tertiary"}, "geometry": {"type": "LineString", "coordinates": [[-48.4782532, -1.2928529], [-48.4783609, -1.2919884], [-48.4783753, -1.2918341], [-48.4783847, -1.291733], [-48.4783908, -1.2916675], [-48.4783933, -1.2916361], [-48.4784175, -1.2913362], [-48.4784364, -1.2911651]]}}, {"type": "Feature", "properties": {"highway": "secondary"}, "geometry": {"type": "LineString", "coordinates": [[-48.4424321, -1.4121644], [-48.4424163, -1.4121806]]}}, {"type": "Feature", "properties": {"highway": "primary"}, "geometry": {"type": "LineString", "coordinates": [[-48.4334466, -1.4113311], [-48.43376, -1.4112779], [-48.4344256, -1.4111612], [-48.43448, -1.4111517]]}}, {"type": "Feature", "properties": {"highway": "primary"}, "geometry": {"type": "LineString", "coordinates": [[-48.4945058, -1.4503979], [-48.4945377, -1.450332], [-48.4947137, -1.4499919], [-48.4949318, -1.4496147]]}}, {"type": "Feature", "properties": {"highway": "tertiary"}, "geometry": {"type": "LineString", "coordinates": [[-48.4787977, -1.401187], [-48.478961, -1.4011856], [-48.4793111, -1.4011842], [-48.4796556, -1.4011754], [-48.4800174, -1.4011704], [-48.4803607, -1.4011695], [-48.4807489, -1.4011653]]}}, {"type": "Feature", "properties": {"highway": "primary"}, "geometry": {"type": "LineString", "coordinates": [[-48.2639748, -1.257013], [-48.2643096, -1.2562191], [-48.2643984, -1.2559984], [-48.2645285, -1.2557079], [-48.2645756, -1.2555971]]}}, {"type": "Feature", "properties": {"highway": "primary"}, "geometry": {"type": "LineString", "coordinates": [[-48.2560596, -1.276296], [-48.2563171, -1.2756712], [-48.2568026, -1.2745423], [-48.257618, -1.2725794], [-48.2585004, -1.2704476], [-48.2593265, -1.2684042], [-48.2603672, -1.2659104], [-48.261129, -1.2640708], [-48.2620248, -1.26188], [-48.2627597, -1.2600968], [-48.2634249, -1.2584449], [-48.2639748, -1.257013]]}}, {"type": "Feature", "properties": {"highway": "tertiary"}, "geometry": {"type": "LineString", "coordinates": [[-48.4621348, -1.454592], [-48.4638189, -1.454527], [-48.4638567, -1.4545244], [-48.46394, -1.4545222], [-48.4649414, -1.4544919], [-48.4651731, -1.4544763], [-48.4657269, -1.4544268], [-48.4657451, -1.4544252], [-48.4670866, -1.4544078], [-48.4674747, -1.4544225], [-48.468049, -1.4544254], [-48.4680788, -1.4544341], [-48.468089, -1.4544366], [-48.4681021, -1.4544421], [-48.4681164, -1.4544517], [-48.468136, -1.4544651]]}}, {"type": "Feature", "properties": {"highway": "secondary"}, "geometry": {"type": "LineString", "coordinates": [[-48.4957682, -1.4625436], [-48.4959272, -1.4626954]]}}, {"type": "Feature", "properties": {"highway": "tertiary"}, "geometry": {"type": "LineString", "coordinates": [[-48.4783387, -1.4717459], [-48.4787862, -1.4724069], [-48.4789892, -1.4726921], [-48.4792511, -1.4730518], [-48.479692, -1.4736807], [-48.4801383, -1.474312]]}}, {"type": "Feature", "properties": {"highway": "tertiary"}, "geometry": {"type": "LineString", "coordinates": [[-48.4696633, -1.3310516], [-48.4697981, -1.3310295], [-48.4698325, -1.3310239], [-48.4698636, -1.3310166], [-48.4701041, -1.3310174]]}}, {"type": "Feature", "properties": {"highway": "primary"}, "geometry": {"type": "LineString", "coordinates": [[-48.4672049, -1.3466395], [-48.4672232, -1.3465595], [-48.4672594, -1.3463973], [-48.4672715, -1.3463061], [-48.4673198, -1.3459321], [-48.4673935, -1.3453207], [-48.4674372, -1.3449944], [-48.4674847, -1.3447013], [-48.467533, -1.3444143], [-48.4676752, -1.3435053], [-48.4676793, -1.3434754], [-48.4677098, -1.3432508], [-48.4677926, -1.3426947], [-48.4678511, -1.3422448], [-48.4678884, -1.3419876], [-48.4678913, -1.3419676], [-48.4680064, -1.3411617], [-48.468057, -1.3407125], [-48.468111, -1.3401763], [-48.4682035, -1.3394724], [-48.4682315, -1.3392944], [-48.4682733, -1.339042], [-48.4682979, -1.338826], [-48.4683115, -1.3387062], [-48.4683659, -1.3383201], [-48.468394, -1.3381544], [-48.4684181, -1.3380016], [-48.4684349, -1.3378514], [-48.4684716, -1.3375972], [-48.4684986, -1.3373969], [-48.4685247, -1.3370835], [-48.4685348, -1.3369626], [-48.4685435, -1.3368814], [-48.468607, -1.3364152], [-48.4686336, -1.3361617], [-48.4686612, -1.3359757], [-48.468685, -1.3357545], [-48.4687044, -1.3356087], [-48.4687158, -1.3355306], [-48.4687454, -1.3353711], [-48.4687802, -1.3352062], [-48.4687957, -1.3351301], [-48.4688443, -1.3348481], [-48.4688674, -1.3347194], [-48.4689284, -1.3343888], [-48.4689416, -1.3343026], [-48.4690887, -1.3333412], [-48.4691402, -1.3329682], [-48.4691535, -1.3328596], [-48.4691986, -1.3327017], [-48.4692416, -1.3325032], [-48.4692791, -1.3323705], [-48.4693435, -1.3322042], [-48.4694293, -1.3320206], [-48.4695473, -1.3318034], [-48.4697083, -1.3315915], [-48.4698062, -1.331489], [-48.4698169, -1.3314735], [-48.4698853, -1.3313877], [-48.4699497, -1.3313126], [-48.4699711, -1.3312751], [-48.4699842, -1.33124]]}}, {"type": "Feature", "properties": {"highway": "secondary"}, "geometry": {"type": "LineString", "coordinates": [[-48.4088795, -1.3828278], [-48.4088767, -1.3829878]]}}, {"type": "Feature", "properties": {"highway": "secondary"}, "geometry": {"type": "LineString", "coordinates": [[-48.4104727, -1.353069], [-48.4104806, -1.3526008], [-48.4104884, -1.3521397], [-48.410496, -1.3516899], [-48.4104999, -1.3514625], [-48.4105035, -1.3512476]]}}, {"type": "Feature", "properties": {"highway": "secondary"}, "geometry": {"type": "LineString", "coordinates": [[-48.4102111, -1.368186], [-48.4102115, -1.3680645], [-48.410209, -1.3677893], [-48.4102113, -1.3673137]]}}, {"type": "Feature", "properties": {"highway": "tertiary"}, "geometry": {"type": "LineString", "coordinates": [[-48.3990774, -1.350931], [-48.3990777, -1.3507776], [-48.3990763, -1.3503168], [-48.3990782, -1.350233]]}}, {"type": "Feature", "properties": {"highway": "tertiary"}, "geometry": {"type": "LineString", "coordinates": [[-48.399074, -1.3495605], [-48.3997296, -1.349562], [-48.4004496, -1.3495642], [-48.4008322, -1.3495653], [-48.4008942, -1.3495645], [-48.4018757, -1.3495189], [-48.4028683, -1.3495337]]}}, {"type": "Feature", "properties": {"highway": "secondary"}, "geometry": {"type": "LineString", "coordinates": [[-48.3990774, -1.350931], [-48.3989723, -1.3509287], [-48.3983005, -1.3509148], [-48.3980681, -1.3509215], [-48.3979809, -1.3509056], [-48.3970076, -1.3509214], [-48.3965745, -1.3509314]]}}, {"type": "Feature", "properties": {"highway": "primary"}, "geometry": {"type": "LineString", "coordinates": [[-48.3914704, -1.3405014], [-48.3916574, -1.3406226], [-48.3917843, -1.3406661], [-48.3920309, -1.3407505], [-48.392376, -1.3408687], [-48.392627, -1.3409734], [-48.3928799, -1.3410831]]}}, {"type": "Feature", "properties": {"highway": "secondary"}, "geometry": {"type": "LineString", "coordinates": [[-48.4198004, -1.3420052], [-48.4199661, -1.3421585], [-48.4201385, -1.3423179], [-48.4204363, -1.3425933], [-48.4208141, -1.3429621], [-48.4213382, -1.3434635], [-48.4214679, -1.3435905], [-48.4214868, -1.343605]]}}, {"type": "Feature", "properties": {"highway": "tertiary"}, "geometry": {"type": "LineString", "coordinates": [[-48.474462, -1.4206718], [-48.4744248, -1.4207378], [-48.4743804, -1.4207953], [-48.4743177, -1.4208532], [-48.4734928, -1.4215907], [-48.4727846, -1.4221334], [-48.4723495, -1.4224629]]}}, {"type": "Feature", "properties": {"highway": "tertiary"}, "geometry": {"type": "LineString", "coordinates": [[-48.3478094, -1.360731], [-48.3467424, -1.3604146], [-48.3462824, -1.3602537], [-48.3460309, -1.3601398], [-48.3458009, -1.3600017], [-48.3451897, -1.3595743], [-48.3448085, -1.3592965], [-48.3444471, -1.3590337], [-48.3440696, -1.3587716], [-48.3436927, -1.3585175], [-48.3433044, -1.3582615], [-48.3432797, -1.358246]]}}, {"type": "Feature", "properties": {"highway": "tertiary"}, "geometry": {"type": "LineString", "coordinates": [[-48.3623736, -1.3536899], [-48.3624048, -1.3537236], [-48.3624716, -1.3537986], [-48.3634568, -1.3549058], [-48.3634686, -1.354919], [-48.3635752, -1.3550344]]}}, {"type": "Feature", "properties": {"highway": "tertiary"}, "geometry": {"type": "LineString", "coordinates": [[-48.3612196, -1.3379627], [-48.3610281, -1.3383312], [-48.3606604, -1.3390393], [-48.3603929, -1.3396237], [-48.35968, -1.3410411], [-48.3590934, -1.3422004], [-48.3589788, -1.342444], [-48.358813, -1.3428189], [-48.3587681, -1.342896], [-48.3586562, -1.3430002], [-48.3584276, -1.3432722], [-48.3580385, -1.3436971], [-48.357667, -1.344102], [-48.3572389, -1.3445796]]}}, {"type": "Feature", "properties": {"highway": "tertiary"}, "geometry": {"type": "LineString", "coordinates": [[-48.3708273, -1.3422678], [-48.3712212, -1.3429729], [-48.3713194, -1.3431589]]}}, {"type": "Feature", "properties": {"highway": "secondary"}, "geometry": {"type": "LineString", "coordinates": [[-48.392452, -1.3613089], [-48.3926663, -1.3612096]]}}, {"type": "Feature", "properties": {"highway": "secondary"}, "geometry": {"type": "LineString", "coordinates": [[-48.3926994, -1.3613212], [-48.392452, -1.3613089]]}}, {"type": "Feature", "properties": {"highway": "secondary"}, "geometry": {"type": "LineString", "coordinates": [[-48.3927416, -1.3609918], [-48.392775, -1.3610495], [-48.3927946, -1.3611707]]}}, {"type": "Feature", "properties": {"highway": "secondary"}, "geometry": {"type": "LineString", "coordinates": [[-48.3926902, -1.3611781], [-48.3927386, -1.3610819], [-48.3927416, -1.3609918]]}}, {"type": "Feature", "properties": {"highway": "secondary"}, "geometry": {"type": "LineString", "coordinates": [[-48.3927416, -1.3609918], [-48.3927322, -1.3606648]]}}, {"type": "Feature", "properties": {"highway": "secondary"}, "geometry": {"type": "LineString", "coordinates": [[-48.3927556, -1.361335], [-48.3927264, -1.3613328], [-48.3926994, -1.3613212], [-48.3926802, -1.3613046], [-48.3926665, -1.3612834], [-48.3926594, -1.3612591], [-48.3926593, -1.3612339], [-48.3926663, -1.3612096], [-48.3926765, -1.3611925], [-48.3926902, -1.3611781], [-48.3927141, -1.3611637], [-48.3927412, -1.3611574], [-48.392769, -1.3611598], [-48.3927946, -1.3611707], [-48.3928158, -1.3611891], [-48.3928302, -1.3612132], [-48.3928364, -1.3612405], [-48.3928338, -1.3612685], [-48.3928234, -1.3612929], [-48.3928063, -1.3613132], [-48.392784, -1.3613275], [-48.3927556, -1.361335]]}}, {"type": "Feature", "properties": {"highway": "tertiary"}, "geometry": {"type": "LineString", "coordinates": [[-48.4896297, -1.2986616], [-48.4896533, -1.2983498], [-48.4896844, -1.2979388], [-48.4897808, -1.2966642], [-48.4898592, -1.2949472]]}}, {"type": "Feature", "properties": {"highway": "secondary"}, "geometry": {"type": "LineString", "coordinates": [[-48.479618, -1.3000152], [-48.4802587, -1.3000567], [-48.4815732, -1.3001411], [-48.4819694, -1.3001665], [-48.4823152, -1.3001882], [-48.4835401, -1.3002649]]}}, {"type": "Feature", "properties": {"highway": "tertiary"}, "geometry": {"type": "LineString", "coordinates": [[-48.4850088, -1.3088957], [-48.4849633, -1.3093589], [-48.4849116, -1.3098857]]}}, {"type": "Feature", "properties": {"highway": "tertiary"}, "geometry": {"type": "LineString", "coordinates": [[-48.4851491, -1.3067652], [-48.4850567, -1.3081685], [-48.4850273, -1.308615], [-48.4850088, -1.3088957]]}}, {"type": "Feature", "properties": {"highway": "secondary"}, "geometry": {"type": "LineString", "coordinates": [[-48.4778179, -1.2999094], [-48.4783887, -1.2999429], [-48.4785396, -1.2999518]]}}, {"type": "Feature", "properties": {"highway": "secondary"}, "geometry": {"type": "LineString", "coordinates": [[-48.4862362, -1.3004511], [-48.4866017, -1.3004712], [-48.4871608, -1.3005019], [-48.4875436, -1.3005229]]}}, {"type": "Feature", "properties": {"highway": "secondary"}, "geometry": {"type": "LineString", "coordinates": [[-48.481159, -1.2981001], [-48.479731, -1.2979922], [-48.4779386, -1.297874]]}}, {"type": "Feature", "properties": {"highway": "secondary"}, "geometry": {"type": "LineString", "coordinates": [[-48.4466388, -1.2824562], [-48.4469556, -1.2824825], [-48.4477246, -1.2825465], [-48.4477597, -1.2825494], [-48.4483123, -1.2825896], [-48.4486249, -1.2826252], [-48.4488285, -1.2826483], [-48.4500034, -1.282731], [-48.4503315, -1.282763], [-48.4503848, -1.2827683], [-48.4504957, -1.2827792], [-48.4518582, -1.2829135], [-48.4519025, -1.2829179], [-48.4525149, -1.2829637], [-48.4529932, -1.2829994], [-48.454219, -1.283091], [-48.4547306, -1.2831292]]}}, {"type": "Feature", "properties": {"highway": "secondary"}, "geometry": {"type": "LineString", "coordinates": [[-48.4466388, -1.2824562], [-48.4469556, -1.2824825], [-48.4477246, -1.2825465], [-48.4477597, -1.2825494], [-48.4483123, -1.2825896], [-48.4486249, -1.2826252], [-48.4488285, -1.2826483], [-48.4500034, -1.282731], [-48.4503315, -1.282763], [-48.4503848, -1.2827683], [-48.4504957, -1.2827792], [-48.4518582, -1.2829135], [-48.4519025, -1.2829179], [-48.4525149, -1.2829637], [-48.4529932, -1.2829994], [-48.454219, -1.283091], [-48.4547306, -1.2831292]]}}, {"type": "Feature", "properties": {"highway": "tertiary"}, "geometry": {"type": "LineString", "coordinates": [[-48.4706212, -1.294488], [-48.4705346, -1.2951603], [-48.4705069, -1.2953235], [-48.4704705, -1.2955167], [-48.47044, -1.2956686], [-48.4702803, -1.2970056]]}}, {"type": "Feature", "properties": {"highway": "tertiary"}, "geometry": {"type": "LineString", "coordinates": [[-48.420601, -1.3785706], [-48.4207305, -1.3785788], [-48.4207689, -1.3785841], [-48.4210806, -1.3785983], [-48.4211871, -1.3786013], [-48.4212365, -1.3785898], [-48.4212963, -1.3785611], [-48.4213789, -1.3784969], [-48.421573, -1.3782974], [-48.4217805, -1.378061], [-48.4219241, -1.3778989], [-48.4220145, -1.3778208], [-48.4220694, -1.3777822], [-48.4221416, -1.3777315]]}}, {"type": "Feature", "properties": {"highway": "tertiary"}, "geometry": {"type": "LineString", "coordinates": [[-48.4251076, -1.3901817], [-48.4250897, -1.3903301], [-48.4248048, -1.3909396], [-48.4246552, -1.3913298], [-48.4246106, -1.3914879], [-48.4245155, -1.3919476]]}}, {"type": "Feature", "properties": {"highway": "primary"}, "geometry": {"type": "LineString", "coordinates": [[-48.392607, -1.3591536], [-48.3925965, -1.3591459], [-48.3925739, -1.3591146], [-48.3925679, -1.3590764], [-48.3925797, -1.3590397], [-48.3926078, -1.3590116], [-48.3926426, -1.3589999], [-48.3926791, -1.3590044], [-48.3927101, -1.359024], [-48.3927296, -1.3590551]]}}, {"type": "Feature", "properties": {"highway": "tertiary"}, "geometry": {"type": "LineString", "coordinates": [[-48.389293, -1.3893018], [-48.3888473, -1.3907784], [-48.3884198, -1.3922373], [-48.3882856, -1.3927791], [-48.3881991, -1.3930906], [-48.3879653, -1.3938722], [-48.3875248, -1.395337], [-48.3874136, -1.395723], [-48.3873216, -1.396045], [-48.3873113, -1.3960769], [-48.3873025, -1.3961086], [-48.3872044, -1.3964616], [-48.38711, -1.3967725], [-48.3870922, -1.3968535], [-48.3869513, -1.3973205], [-48.3868575, -1.3976932], [-48.3866996, -1.3982216], [-48.3864193, -1.3992354]]}}, {"type": "Feature", "properties": {"highway": "tertiary"}, "geometry": {"type": "LineString", "coordinates": [[-48.3650616, -1.3927061], [-48.3630926, -1.3920254]]}}, {"type": "Feature", "properties": {"highway": "tertiary"}, "geometry": {"type": "LineString", "coordinates": [[-48.352029, -1.3813733], [-48.3520572, -1.3812623], [-48.3520639, -1.3811556], [-48.3520666, -1.3808445], [-48.3520746, -1.3806823], [-48.3520742, -1.380624], [-48.3520719, -1.3803243], [-48.3520719, -1.3801514], [-48.3520813, -1.3799677], [-48.3521026, -1.3796348], [-48.3522141, -1.3778923], [-48.3522386, -1.3769241], [-48.3522456, -1.376648], [-48.3522753, -1.3757805], [-48.3522861, -1.3754645], [-48.3523207, -1.3745829], [-48.3523415, -1.3740525], [-48.3523442, -1.3740016], [-48.3523443, -1.3737944], [-48.3523544, -1.373444], [-48.3523519, -1.3733751], [-48.3523554, -1.3732774], [-48.3523871, -1.3726429], [-48.3523944, -1.3724467], [-48.3524025, -1.3721352], [-48.3524202, -1.3714521], [-48.3524216, -1.3714126], [-48.3524247, -1.3712933], [-48.3525001, -1.3696066], [-48.3525233, -1.3691848], [-48.352581, -1.3680209], [-48.3525839, -1.3675573], [-48.3525812, -1.3675131], [-48.3525635, -1.3672278], [-48.3524993, -1.3669392], [-48.352458, -1.3667891], [-48.3524119, -1.3666214], [-48.3522223, -1.3660587], [-48.3521756, -1.3658371], [-48.3521524, -1.3655215]]}}, {"type": "Feature", "properties": {"highway": "tertiary"}, "geometry": {"type": "LineString", "coordinates": [[-48.3400368, -1.3872065], [-48.3399418, -1.3867717], [-48.3398314, -1.3862769], [-48.3397156, -1.3856814], [-48.3396017, -1.385036], [-48.3395232, -1.3847152], [-48.339483, -1.3845395], [-48.3394375, -1.3844205], [-48.3392278, -1.3833234], [-48.3392083, -1.3832331], [-48.3391119, -1.382746], [-48.3390934, -1.3826458], [-48.3390793, -1.3825635], [-48.3390746, -1.3825037], [-48.3390734, -1.3824304], [-48.3390867, -1.3823391], [-48.3391032, -1.3822256], [-48.3391397, -1.3820076], [-48.3391595, -1.3817114], [-48.3391445, -1.3815468], [-48.3391336, -1.3813708], [-48.3391079, -1.3811582], [-48.3390874, -1.3809893], [-48.3390594, -1.3808529], [-48.3390023, -1.380616], [-48.3389633, -1.3804564], [-48.3389, -1.3802638], [-48.3387776, -1.3799521], [-48.3386707, -1.3796782], [-48.3386368, -1.3795226], [-48.3385888, -1.3793587], [-48.3385751, -1.379286], [-48.3385603, -1.3791284], [-48.3385429, -1.3788616], [-48.338492, -1.3782799], [-48.3384752, -1.3781088], [-48.3384604, -1.3780512], [-48.3384457, -1.3780121]]}}, {"type": "Feature", "properties": {"highway": "tertiary"}, "geometry": {"type": "LineString", "coordinates": [[-48.4508933, -1.4386355], [-48.4509632, -1.4385206]]}}, {"type": "Feature", "properties": {"highway": "tertiary"}, "geometry": {"type": "LineString", "coordinates": [[-48.4510384, -1.4386052], [-48.4508933, -1.4386355]]}}, {"type": "Feature", "properties": {"highway": "tertiary"}, "geometry": {"type": "LineString", "coordinates": [[-48.3284524, -1.3103916], [-48.3283411, -1.3098727], [-48.3282928, -1.3097923], [-48.3281989, -1.3096408], [-48.3281614, -1.3094893], [-48.3281761, -1.30913], [-48.3281721, -1.3088202], [-48.3281547, -1.3087613], [-48.3280957, -1.3086889]]}}, {"type": "Feature", "properties": {"highway": "trunk"}, "geometry": {"type": "LineString", "coordinates": [[-48.3303061, -1.4207803], [-48.3302696, -1.4209029]]}}, {"type": "Feature", "properties": {"highway": "trunk"}, "geometry": {"type": "LineString", "coordinates": [[-48.3313765, -1.4158561], [-48.3313412, -1.4168344], [-48.3313116, -1.4171964], [-48.3312406, -1.4175597], [-48.3310917, -1.4181027], [-48.3303061, -1.4207803]]}}, {"type": "Feature", "properties": {"highway": "tertiary"}, "geometry": {"type": "LineString", "coordinates": [[-48.346568, -1.3656206], [-48.3465707, -1.3654441]]}}, {"type": "Feature", "properties": {"highway": "primary"}, "geometry": {"type": "LineString", "coordinates": [[-48.4701487, -1.3312869], [-48.4700776, -1.3312906], [-48.4700113, -1.33127], [-48.4699842, -1.33124], [-48.469969, -1.3311888], [-48.4699711, -1.3311499], [-48.4699809, -1.3311194], [-48.4700012, -1.3310896], [-48.4700383, -1.3310544], [-48.4701041, -1.3310174], [-48.4701672, -1.330989], [-48.4702366, -1.3309848], [-48.4702804, -1.331009], [-48.4703059, -1.3310517], [-48.4703101, -1.3310972], [-48.4703049, -1.331155], [-48.4701487, -1.3312869]]}}, {"type": "Feature", "properties": {"highway": "tertiary"}, "geometry": {"type": "LineString", "coordinates": [[-48.4409138, -1.4014496], [-48.4407726, -1.4014613]]}}, {"type": "Feature", "properties": {"highway": "tertiary"}, "geometry": {"type": "LineString", "coordinates": [[-48.4403205, -1.4013377], [-48.4407732, -1.4013602], [-48.4409138, -1.4014496]]}}, {"type": "Feature", "properties": {"highway": "tertiary"}, "geometry": {"type": "LineString", "coordinates": [[-48.4407726, -1.4014613], [-48.4403227, -1.4014244]]}}, {"type": "Feature", "properties": {"highway": "secondary"}, "geometry": {"type": "LineString", "coordinates": [[-48.489562, -1.2995562], [-48.4896297, -1.2986616]]}}, {"type": "Feature", "properties": {"highway": "secondary"}, "geometry": {"type": "LineString", "coordinates": [[-48.4855624, -1.3004141], [-48.4862362, -1.3004511]]}}, {"type": "Feature", "properties": {"highway": "tertiary"}, "geometry": {"type": "LineString", "coordinates": [[-48.4873065, -1.3042536], [-48.4873114, -1.3041758], [-48.4873497, -1.3035635], [-48.4873557, -1.3034671], [-48.4874048, -1.302683], [-48.4874144, -1.3025287]]}}, {"type": "Feature", "properties": {"highway": "secondary"}, "geometry": {"type": "LineString", "coordinates": [[-48.4816897, -1.2981402], [-48.481159, -1.2981001]]}}, {"type": "Feature", "properties": {"highway": "secondary"}, "geometry": {"type": "LineString", "coordinates": [[-48.4884728, -1.3005762], [-48.4894804, -1.3006341]]}}, {"type": "Feature", "properties": {"highway": "tertiary"}, "geometry": {"type": "LineString", "coordinates": [[-48.4849116, -1.3098857], [-48.48484, -1.3106145]]}}, {"type": "Feature", "properties": {"highway": "secondary"}, "geometry": {"type": "LineString", "coordinates": [[-48.4785396, -1.2999518], [-48.479618, -1.3000152]]}}, {"type": "Feature", "properties": {"highway": "tertiary"}, "geometry": {"type": "LineString", "coordinates": [[-48.477906, -1.2982291], [-48.4779242, -1.2979732], [-48.4779386, -1.297874]]}}, {"type": "Feature", "properties": {"highway": "tertiary"}, "geometry": {"type": "LineString", "coordinates": [[-48.4833935, -1.3023056], [-48.4830594, -1.3022827]]}}, {"type": "Feature", "properties": {"highway": "tertiary"}, "geometry": {"type": "LineString", "coordinates": [[-48.5026744, -1.4659535], [-48.502744, -1.4659903], [-48.5035739, -1.4661127], [-48.5039752, -1.4661733], [-48.5045288, -1.4662816], [-48.5050946, -1.4664167], [-48.5056854, -1.4665877], [-48.5058309, -1.4666288], [-48.5059905, -1.4667238], [-48.5060966, -1.4668119], [-48.506185, -1.4669088], [-48.5062631, -1.4670155], [-48.5063249, -1.4671334], [-48.5063707, -1.4672567], [-48.5064118, -1.4674978], [-48.5063985, -1.4676307]]}}, {"type": "Feature", "properties": {"highway": "tertiary"}, "geometry": {"type": "LineString", "coordinates": [[-48.5062367, -1.4677076], [-48.5062471, -1.4676465], [-48.5062497, -1.4676348], [-48.5062575, -1.4675854], [-48.5062681, -1.4674684], [-48.5062588, -1.4673439], [-48.5062319, -1.4672286], [-48.5061816, -1.4671029], [-48.5061099, -1.4669758], [-48.5060214, -1.4668806], [-48.5059119, -1.4667829], [-48.5057838, -1.466705], [-48.5056359, -1.4666616], [-48.5050776, -1.4665041], [-48.5048021, -1.4664351], [-48.5044406, -1.4663473], [-48.503724, -1.4662175], [-48.5031934, -1.4661395], [-48.5027698, -1.4660912], [-48.5026532, -1.4660966]]}}, {"type": "Feature", "properties": {"highway": "trunk"}, "geometry": {"type": "LineString", "coordinates": [[-48.387978, -1.3741706], [-48.3880402, -1.3742085], [-48.3892667, -1.37496]]}}, {"type": "Feature", "properties": {"highway": "trunk"}, "geometry": {"type": "LineString", "coordinates": [[-48.3859628, -1.3729447], [-48.3867709, -1.3734556], [-48.3874375, -1.3738519], [-48.387978, -1.3741706]]}}, {"type": "Feature", "properties": {"highway": "secondary"}, "geometry": {"type": "LineString", "coordinates": [[-48.3990119, -1.3575809], [-48.3990086, -1.357306], [-48.3990178, -1.3568574]]}}, {"type": "Feature", "properties": {"highway": "secondary"}, "geometry": {"type": "LineString", "coordinates": [[-48.3990178, -1.3568574], [-48.3999044, -1.3568999], [-48.4000958, -1.3569247]]}}, {"type": "Feature", "properties": {"highway": "secondary"}, "geometry": {"type": "LineString", "coordinates": [[-48.4674536, -1.3019625], [-48.4678545, -1.3019815]]}}, {"type": "Feature", "properties": {"highway": "tertiary"}, "geometry": {"type": "LineString", "coordinates": [[-48.3995766, -1.3607099], [-48.4001176, -1.3607118], [-48.4008728, -1.3607108], [-48.4012534, -1.3607098], [-48.4027489, -1.3607331], [-48.4031765, -1.3607363], [-48.4034973, -1.3607387], [-48.4043157, -1.3607444], [-48.4055397, -1.3607528], [-48.4058797, -1.3607263]]}}, {"type": "Feature", "properties": {"highway": "primary"}, "geometry": {"type": "LineString", "coordinates": [[-48.4696925, -1.3010785], [-48.4698182, -1.3010266]]}}, {"type": "Feature", "properties": {"highway": "secondary"}, "geometry": {"type": "LineString", "coordinates": [[-48.4869391, -1.4361138], [-48.4870306, -1.4363193], [-48.4874259, -1.4370284], [-48.4874585, -1.4370869]]}}, {"type": "Feature", "properties": {"highway": "primary"}, "geometry": {"type": "LineString", "coordinates": [[-48.4952892, -1.4489787], [-48.4950345, -1.4488032], [-48.4946591, -1.448529], [-48.4938098, -1.4478581], [-48.4931015, -1.4472794], [-48.4930966, -1.4472753], [-48.4930889, -1.4472701]]}}, {"type": "Feature", "properties": {"highway": "primary"}, "geometry": {"type": "LineString", "coordinates": [[-48.4964524, -1.4516134], [-48.4961572, -1.452117], [-48.4961406, -1.452146], [-48.4961014, -1.4521965]]}}, {"type": "Feature", "properties": {"highway": "primary"}, "geometry": {"type": "LineString", "coordinates": [[-48.4983947, -1.4484296], [-48.4982262, -1.4486989]]}}, {"type": "Feature", "properties": {"highway": "primary"}, "geometry": {"type": "LineString", "coordinates": [[-48.4733432, -1.2997023], [-48.4731885, -1.2997064], [-48.4728577, -1.2997153], [-48.4726224, -1.2997554], [-48.4725092, -1.2997842], [-48.4724228, -1.2998073], [-48.4723849, -1.2998175], [-48.4722717, -1.2998556], [-48.4722136, -1.299876], [-48.4718465, -1.3000051], [-48.4713736, -1.3002611], [-48.4712295, -1.3003491], [-48.4709238, -1.3005355], [-48.4697762, -1.3012011]]}}, {"type": "Feature", "properties": {"highway": "primary"}, "geometry": {"type": "LineString", "coordinates": [[-48.4676266, -1.3021344], [-48.4678675, -1.3020979], [-48.4679222, -1.3020861], [-48.4680253, -1.3020423], [-48.4682173, -1.3019587], [-48.4688866, -1.3015714], [-48.4689984, -1.3014982], [-48.4692147, -1.301367], [-48.4696351, -1.3011058], [-48.4696925, -1.3010785]]}}, {"type": "Feature", "properties": {"highway": "primary"}, "geometry": {"type": "LineString", "coordinates": [[-48.4587197, -1.3098149], [-48.4584509, -1.3102074], [-48.4583081, -1.3103879]]}}, {"type": "Feature", "properties": {"highway": "primary"}, "geometry": {"type": "LineString", "coordinates": [[-48.4676242, -1.3024604], [-48.4672047, -1.3027188], [-48.4668777, -1.3029127], [-48.4666678, -1.3030416], [-48.4663301, -1.3032274], [-48.4653027, -1.3038595], [-48.4635526, -1.3049259], [-48.462748, -1.3053963], [-48.4622518, -1.3057011], [-48.4621164, -1.3057842], [-48.4617918, -1.3060041], [-48.4614276, -1.3062953], [-48.4613214, -1.3063834], [-48.4611292, -1.3065584], [-48.4608865, -1.3068011], [-48.4606545, -1.3070639], [-48.4601046, -1.3078227], [-48.4598123, -1.3082504], [-48.4596151, -1.3085079], [-48.4595094, -1.3086622], [-48.4594528, -1.3087449], [-48.4591534, -1.3091819], [-48.4588943, -1.3095601], [-48.4587197, -1.3098149]]}}, {"type": "Feature", "properties": {"highway": "tertiary"}, "geometry": {"type": "LineString", "coordinates": [[-48.4805828, -1.4389953], [-48.4806079, -1.4379642], [-48.4806105, -1.4370092], [-48.4806114, -1.4368402], [-48.4806238, -1.4363584], [-48.4806436, -1.4354261], [-48.4806339, -1.4347527], [-48.4806103, -1.4338969], [-48.4806168, -1.4337392], [-48.4806302, -1.4334228], [-48.4806637, -1.4332793], [-48.4807187, -1.433156], [-48.4807997, -1.4329984]]}}, {"type": "Feature", "properties": {"highway": "tertiary"}, "geometry": {"type": "LineString", "coordinates": [[-48.4805635, -1.4409878], [-48.4821351, -1.4414856], [-48.4828295, -1.4416701], [-48.4836028, -1.441961], [-48.4840432, -1.4421317], [-48.4841191, -1.4421611]]}}, {"type": "Feature", "properties": {"highway": "secondary"}, "geometry": {"type": "LineString", "coordinates": [[-48.4697762, -1.3012011], [-48.4697477, -1.3014065]]}}, {"type": "Feature", "properties": {"highway": "secondary"}, "geometry": {"type": "LineString", "coordinates": [[-48.4697477, -1.3014065], [-48.4697064, -1.3012439]]}}, {"type": "Feature", "properties": {"highway": "primary"}, "geometry": {"type": "LineString", "coordinates": [[-48.4774139, -1.3549595], [-48.4774108, -1.3545583], [-48.4773976, -1.3532909], [-48.4773988, -1.3532072], [-48.4773945, -1.3519739], [-48.4773938, -1.3516825]]}}, {"type": "Feature", "properties": {"highway": "primary"}, "geometry": {"type": "LineString", "coordinates": [[-48.4790612, -1.3405191], [-48.4791148, -1.3402554], [-48.4791391, -1.3401273], [-48.4791789, -1.3399175], [-48.4794078, -1.3387102], [-48.4797807, -1.3367547], [-48.4798403, -1.3364423], [-48.4801303, -1.3349986], [-48.4801362, -1.3349694], [-48.4801703, -1.3347996], [-48.480222, -1.3345422], [-48.4804389, -1.3334303], [-48.4805478, -1.3328718], [-48.4807197, -1.3319907], [-48.480739, -1.3318731], [-48.4807897, -1.3316215], [-48.4808574, -1.3312851], [-48.480866, -1.3312409], [-48.4809591, -1.3307636], [-48.4810688, -1.3302012], [-48.4812297, -1.3292901]]}}, {"type": "Feature", "properties": {"highway": "tertiary"}, "geometry": {"type": "LineString", "coordinates": [[-48.486755, -1.3107844], [-48.4868248, -1.3105498], [-48.4868659, -1.31037]]}}, {"type": "Feature", "properties": {"highway": "primary"}, "geometry": {"type": "LineString", "coordinates": [[-48.4850119, -1.3222244], [-48.4848507, -1.3225066]]}}, {"type": "Feature", "properties": {"highway": "primary"}, "geometry": {"type": "LineString", "coordinates": [[-48.484968, -1.3221996], [-48.4850374, -1.3221279]]}}, {"type": "Feature", "properties": {"highway": "primary"}, "geometry": {"type": "LineString", "coordinates": [[-48.4848507, -1.3225066], [-48.4847943, -1.3225663]]}}, {"type": "Feature", "properties": {"highway": "primary"}, "geometry": {"type": "LineString", "coordinates": [[-48.4847943, -1.3225663], [-48.4848104, -1.3224885]]}}, {"type": "Feature", "properties": {"highway": "tertiary"}, "geometry": {"type": "LineString", "coordinates": [[-48.4653376, -1.3249723], [-48.4657078, -1.3247631], [-48.4666371, -1.3242121], [-48.4674197, -1.3237428]]}}, {"type": "Feature", "properties": {"highway": "tertiary"}, "geometry": {"type": "LineString", "coordinates": [[-48.2848118, -1.3264594], [-48.2846712, -1.3266432], [-48.284581, -1.3268391], [-48.2837977, -1.3285145], [-48.2833833, -1.3294638], [-48.2832693, -1.3297547], [-48.2830104, -1.3302789], [-48.2826376, -1.3310163], [-48.2824016, -1.3314521], [-48.2816613, -1.3325381], [-48.2815044, -1.3328223], [-48.2814159, -1.3330516], [-48.2813126, -1.3333251], [-48.2812455, -1.3334377], [-48.2811624, -1.3335289], [-48.281043, -1.3336053], [-48.2808472, -1.3336844], [-48.2800949, -1.3339834], [-48.2799044, -1.3340933], [-48.2797676, -1.3341926], [-48.2792379, -1.3346236], [-48.2783802, -1.3354112], [-48.2770331, -1.3366293], [-48.2747908, -1.3385955], [-48.2740359, -1.339246], [-48.2709914, -1.3418911]]}}, {"type": "Feature", "properties": {"highway": "primary"}, "geometry": {"type": "LineString", "coordinates": [[-48.4611984, -1.3485946], [-48.4612207, -1.3486105], [-48.4612348, -1.3486275], [-48.4612446, -1.3486472], [-48.4612498, -1.3486686], [-48.4612499, -1.3486906], [-48.4612431, -1.3487172], [-48.4612291, -1.3487408], [-48.461209, -1.3487595], [-48.4611844, -1.3487718], [-48.4611494, -1.3487766], [-48.461115, -1.3487685], [-48.4611027, -1.3487601], [-48.4610858, -1.3487485], [-48.4610758, -1.3487373], [-48.4610673, -1.3487226], [-48.461065, -1.3487144], [-48.4610579, -1.3486887], [-48.4610612, -1.3486537], [-48.461074, -1.3486262], [-48.4610948, -1.3486041], [-48.4611186, -1.3485905], [-48.4611452, -1.3485842], [-48.4611726, -1.3485856], [-48.4611984, -1.3485946]]}}, {"type": "Feature", "properties": {"highway": "primary"}, "geometry": {"type": "LineString", "coordinates": [[-48.4883755, -1.4515756], [-48.4895054, -1.4519544]]}}, {"type": "Feature", "properties": {"highway": "primary"}, "geometry": {"type": "LineString", "coordinates": [[-48.4513186, -1.3202207], [-48.4518958, -1.3193386], [-48.4519871, -1.3192049], [-48.4521321, -1.3190207]]}}, {"type": "Feature", "properties": {"highway": "primary"}, "geometry": {"type": "LineString", "coordinates": [[-48.4492278, -1.3265074], [-48.4492146, -1.3264103], [-48.4491816, -1.3261599], [-48.4491009, -1.3256842], [-48.4490848, -1.3254161], [-48.4490767, -1.3252069], [-48.4490811, -1.3249137], [-48.4490982, -1.3246626], [-48.4491425, -1.324301], [-48.449149, -1.3242576], [-48.4491947, -1.323964], [-48.4492511, -1.3237401], [-48.4493006, -1.3235651], [-48.4493754, -1.3233366], [-48.4494109, -1.3232438], [-48.4494806, -1.3230816], [-48.4495812, -1.3228701], [-48.4496915, -1.3226597], [-48.449816, -1.3224604], [-48.4499519, -1.3222483], [-48.4508755, -1.3208846], [-48.4509357, -1.3207981], [-48.4510652, -1.3206001], [-48.4511853, -1.3204226], [-48.4513186, -1.3202207]]}}, {"type": "Feature", "properties": {"highway": "primary"}, "geometry": {"type": "LineString", "coordinates": [[-48.4545519, -1.315814], [-48.4540468, -1.3165162], [-48.4531966, -1.3177416], [-48.4528962, -1.3181867], [-48.4526172, -1.3185782], [-48.4524094, -1.3188719], [-48.4523245, -1.3190184], [-48.4522136, -1.3192231], [-48.4521544, -1.3193224]]}}, {"type": "Feature", "properties": {"highway": "primary"}, "geometry": {"type": "LineString", "coordinates": [[-48.4545519, -1.315814], [-48.4540468, -1.3165162], [-48.4531966, -1.3177416], [-48.4528962, -1.3181867], [-48.4526172, -1.3185782], [-48.4524094, -1.3188719], [-48.4523245, -1.3190184], [-48.4522136, -1.3192231], [-48.4521544, -1.3193224]]}}, {"type": "Feature", "properties": {"highway": "primary"}, "geometry": {"type": "LineString", "coordinates": [[-48.4555722, -1.3143698], [-48.4551304, -1.3150105], [-48.4550394, -1.3151357], [-48.4548342, -1.3154284], [-48.4547335, -1.3155616], [-48.454699, -1.3156102], [-48.4545519, -1.315814]]}}, {"type": "Feature", "properties": {"highway": "primary"}, "geometry": {"type": "LineString", "coordinates": [[-48.4583081, -1.3103879], [-48.4579809, -1.3108912], [-48.4578188, -1.3111303], [-48.4575506, -1.3115219], [-48.4574546, -1.3116613], [-48.4572995, -1.3118886], [-48.4570337, -1.3123184], [-48.4569794, -1.312393], [-48.4569403, -1.3124467], [-48.456686, -1.3127959], [-48.4562771, -1.3133574], [-48.4560833, -1.3136384], [-48.4558177, -1.3140236]]}}, {"type": "Feature", "properties": {"highway": "tertiary"}, "geometry": {"type": "LineString", "coordinates": [[-48.2709914, -1.3418911], [-48.2708653, -1.3420057]]}}, {"type": "Feature", "properties": {"highway": "tertiary"}, "geometry": {"type": "LineString", "coordinates": [[-48.2708653, -1.3420057], [-48.2694594, -1.3432831]]}}, {"type": "Feature", "properties": {"highway": "tertiary"}, "geometry": {"type": "LineString", "coordinates": [[-48.263553, -1.3474463], [-48.2634587, -1.3475316]]}}, {"type": "Feature", "properties": {"highway": "tertiary"}, "geometry": {"type": "LineString", "coordinates": [[-48.2634587, -1.3475316], [-48.2622729, -1.3486041], [-48.2618451, -1.3489943], [-48.2616386, -1.3491981], [-48.2615729, -1.3492893], [-48.2613073, -1.3496807], [-48.261196, -1.3498872], [-48.2609707, -1.3504074], [-48.2607937, -1.3507372], [-48.2606408, -1.3509518], [-48.2604182, -1.3512011], [-48.26004, -1.3515631], [-48.2599573, -1.3516401], [-48.258782, -1.3527349], [-48.2580712, -1.3533704], [-48.2575643, -1.3538028]]}}, {"type": "Feature", "properties": {"highway": "primary"}, "geometry": {"type": "LineString", "coordinates": [[-48.4542765, -1.3159203], [-48.454532, -1.3154855], [-48.4548625, -1.3150344], [-48.4550947, -1.3147268]]}}, {"type": "Feature", "properties": {"highway": "primary"}, "geometry": {"type": "LineString", "coordinates": [[-48.4521321, -1.3190207], [-48.452291, -1.31881], [-48.4533993, -1.3172005], [-48.4538397, -1.3165609], [-48.4540626, -1.3162369], [-48.454254, -1.3159566], [-48.4542765, -1.3159203]]}}, {"type": "Feature", "properties": {"highway": "primary"}, "geometry": {"type": "LineString", "coordinates": [[-48.4521321, -1.3190207], [-48.452291, -1.31881], [-48.4533993, -1.3172005], [-48.4538397, -1.3165609], [-48.4540626, -1.3162369], [-48.454254, -1.3159566], [-48.4542765, -1.3159203]]}}, {"type": "Feature", "properties": {"highway": "primary"}, "geometry": {"type": "LineString", "coordinates": [[-48.4558177, -1.3140236], [-48.4555722, -1.3143698]]}}, {"type": "Feature", "properties": {"highway": "primary"}, "geometry": {"type": "LineString", "coordinates": [[-48.4571782, -1.3118132], [-48.457401, -1.3114209], [-48.4574423, -1.3113483], [-48.4576571, -1.3109923], [-48.4577928, -1.3107815], [-48.4578931, -1.310645], [-48.4579749, -1.3105431], [-48.4581245, -1.3103604], [-48.4581683, -1.3103018], [-48.4587161, -1.3095362], [-48.4591358, -1.3089298], [-48.4592819, -1.308732]]}}, {"type": "Feature", "properties": {"highway": "primary"}, "geometry": {"type": "LineString", "coordinates": [[-48.4550947, -1.3147268], [-48.455225, -1.3145547], [-48.4552626, -1.314503], [-48.4554213, -1.3142792], [-48.4556991, -1.3138867], [-48.4569436, -1.3121039], [-48.4571782, -1.3118132]]}}, {"type": "Feature", "properties": {"highway": "primary"}, "geometry": {"type": "LineString", "coordinates": [[-48.4857843, -1.4316946], [-48.485466, -1.4304537]]}}, {"type": "Feature", "properties": {"highway": "secondary"}, "geometry": {"type": "LineString", "coordinates": [[-48.4760533, -1.475586], [-48.475917, -1.4755748]]}}, {"type": "Feature", "properties": {"highway": "secondary"}, "geometry": {"type": "LineString", "coordinates": [[-48.4757135, -1.4755372], [-48.4756787, -1.475521], [-48.4755847, -1.4754789]]}}, {"type": "Feature", "properties": {"highway": "secondary"}, "geometry": {"type": "LineString", "coordinates": [[-48.4759178, -1.4755346], [-48.4760533, -1.475586]]}}, {"type": "Feature", "properties": {"highway": "secondary"}, "geometry": {"type": "LineString", "coordinates": [[-48.4755847, -1.4754789], [-48.4757293, -1.4754899]]}}, {"type": "Feature", "properties": {"highway": "secondary"}, "geometry": {"type": "LineString", "coordinates": [[-48.4758041, -1.4753392], [-48.4758219, -1.4754468]]}}, {"type": "Feature", "properties": {"highway": "secondary"}, "geometry": {"type": "LineString", "coordinates": [[-48.4757801, -1.4754558], [-48.4758041, -1.4753392]]}}, {"type": "Feature", "properties": {"highway": "secondary"}, "geometry": {"type": "LineString", "coordinates": [[-48.4766579, -1.3615462], [-48.4753162, -1.3615094]]}}, {"type": "Feature", "properties": {"highway": "secondary"}, "geometry": {"type": "LineString", "coordinates": [[-48.4837715, -1.4633262], [-48.4827927, -1.463253]]}}, {"type": "Feature", "properties": {"highway": "secondary"}, "geometry": {"type": "LineString", "coordinates": [[-48.4838563, -1.4633325], [-48.4837715, -1.4633262]]}}, {"type": "Feature", "properties": {"highway": "primary"}, "geometry": {"type": "LineString", "coordinates": [[-48.4797953, -1.3749483], [-48.4795582, -1.3741969], [-48.4788109, -1.3718464], [-48.4785569, -1.3710099]]}}, {"type": "Feature", "properties": {"highway": "secondary"}, "geometry": {"type": "LineString", "coordinates": [[-48.4910365, -1.4430427], [-48.4907541, -1.4432508], [-48.490683, -1.4432989]]}}, {"type": "Feature", "properties": {"highway": "secondary"}, "geometry": {"type": "LineString", "coordinates": [[-48.4943813, -1.4407787], [-48.493975, -1.4410612], [-48.4937222, -1.4412371], [-48.4936895, -1.44126], [-48.4936776, -1.4412684]]}}, {"type": "Feature", "properties": {"highway": "secondary"}, "geometry": {"type": "LineString", "coordinates": [[-48.4881671, -1.4464389], [-48.4875351, -1.4473033], [-48.4869597, -1.4480903], [-48.4868475, -1.4482277], [-48.4868233, -1.4482568], [-48.4867164, -1.4484313]]}}, {"type": "Feature", "properties": {"highway": "secondary"}, "geometry": {"type": "LineString", "coordinates": [[-48.4891405, -1.4453533], [-48.4890654, -1.4454488], [-48.4887421, -1.4458754], [-48.4886914, -1.4459422], [-48.4886437, -1.4460051]]}}, {"type": "Feature", "properties": {"highway": "primary"}, "geometry": {"type": "LineString", "coordinates": [[-48.4896756, -1.4446411], [-48.4895552, -1.4445472]]}}, {"type": "Feature", "properties": {"highway": "secondary"}, "geometry": {"type": "LineString", "coordinates": [[-48.4896756, -1.4446411], [-48.4892206, -1.4452478], [-48.4891711, -1.4453137]]}}, {"type": "Feature", "properties": {"highway": "primary"}, "geometry": {"type": "LineString", "coordinates": [[-48.4511085, -1.3393973], [-48.4510629, -1.3391385], [-48.4509717, -1.3387042], [-48.4509331, -1.3383987]]}}, {"type": "Feature", "properties": {"highway": "primary"}, "geometry": {"type": "LineString", "coordinates": [[-48.4521018, -1.3468223], [-48.4520966, -1.3467488], [-48.4520859, -1.3463296], [-48.4520623, -1.3460451], [-48.4520519, -1.3459266], [-48.4520382, -1.3458389], [-48.452032, -1.3457595], [-48.4520203, -1.3456096], [-48.4519802, -1.3452805], [-48.4519118, -1.3447772], [-48.4518384, -1.3442819], [-48.4517817, -1.343862], [-48.4516704, -1.3432492], [-48.4516362, -1.342938], [-48.4516189, -1.3427571], [-48.4515451, -1.3422905], [-48.4514427, -1.3416015], [-48.4512571, -1.3404576], [-48.4511371, -1.339601], [-48.4511085, -1.3393973]]}}, {"type": "Feature", "properties": {"highway": "primary"}, "geometry": {"type": "LineString", "coordinates": [[-48.4499032, -1.3312975], [-48.4498786, -1.3311623], [-48.4498152, -1.3308132], [-48.4498069, -1.3307588], [-48.44971, -1.3301154], [-48.4496985, -1.3299576], [-48.4496858, -1.3297826]]}}, {"type": "Feature", "properties": {"highway": "primary"}, "geometry": {"type": "LineString", "coordinates": [[-48.4496858, -1.3297826], [-48.4496833, -1.3297484], [-48.4496235, -1.3292317], [-48.4496132, -1.3291427], [-48.449528, -1.3286057], [-48.4494777, -1.328241], [-48.4494714, -1.3281926], [-48.4494596, -1.3281016], [-48.4493838, -1.3275881], [-48.4493188, -1.3271356], [-48.4492506, -1.3266724], [-48.449246, -1.3266279], [-48.4492278, -1.3265074]]}}, {"type": "Feature", "properties": {"highway": "primary"}, "geometry": {"type": "LineString", "coordinates": [[-48.4806161, -1.377379], [-48.4804526, -1.3769132], [-48.480383, -1.37671]]}}, {"type": "Feature", "properties": {"highway": "primary"}, "geometry": {"type": "LineString", "coordinates": [[-48.480383, -1.37671], [-48.4801139, -1.3759603], [-48.4800405, -1.3757109], [-48.4797953, -1.3749483]]}}, {"type": "Feature", "properties": {"highway": "primary"}, "geometry": {"type": "LineString", "coordinates": [[-48.4516837, -1.3423532], [-48.4517187, -1.3425571], [-48.4517947, -1.3429113], [-48.4518101, -1.3430319], [-48.4521157, -1.3451383], [-48.452204, -1.3459221], [-48.4522656, -1.346253], [-48.4523138, -1.3464505], [-48.4523735, -1.3467135], [-48.4523875, -1.3467695], [-48.4524047, -1.3468509]]}}, {"type": "Feature", "properties": {"highway": "primary"}, "geometry": {"type": "LineString", "coordinates": [[-48.450184, -1.3322517], [-48.4503374, -1.3332299], [-48.4504007, -1.3336567], [-48.4504636, -1.334081], [-48.4504943, -1.3342878], [-48.4505305, -1.3345356], [-48.4505816, -1.3348846], [-48.4506096, -1.3350493], [-48.4506958, -1.3356593], [-48.4507144, -1.3357912], [-48.4507614, -1.3361234], [-48.4508128, -1.3364805], [-48.4508329, -1.3366002], [-48.4508486, -1.3367034]]}}, {"type": "Feature", "properties": {"highway": "primary"}, "geometry": {"type": "LineString", "coordinates": [[-48.4508486, -1.3367034], [-48.4509128, -1.3370604], [-48.450993, -1.3375097], [-48.4510954, -1.3380635], [-48.4511626, -1.3385955], [-48.4512064, -1.3389227], [-48.451252, -1.3393846], [-48.451336, -1.3399546], [-48.4513492, -1.3400813], [-48.4513627, -1.3401798], [-48.4513815, -1.3404552], [-48.4514062, -1.3406293], [-48.4514271, -1.3407511], [-48.4515137, -1.3412838], [-48.4516557, -1.3421623], [-48.4516837, -1.3423532]]}}, {"type": "Feature", "properties": {"highway": "tertiary"}, "geometry": {"type": "LineString", "coordinates": [[-48.4012256, -1.3665762], [-48.4012272, -1.3663235], [-48.401223, -1.3659164], [-48.4012251, -1.3654245], [-48.4012336, -1.3651664]]}}, {"type": "Feature", "properties": {"highway": "primary"}, "geometry": {"type": "LineString", "coordinates": [[-48.4058482, -1.3661301], [-48.4058486, -1.3663972], [-48.405845, -1.3665713], [-48.4058472, -1.3666845], [-48.405848, -1.3668393], [-48.4058414, -1.3672839], [-48.4058494, -1.3677639], [-48.4058383, -1.3679763], [-48.4058407, -1.3682288], [-48.4058425, -1.3683644], [-48.4058426, -1.3685119], [-48.4058415, -1.3685574], [-48.4058408, -1.3687064]]}}, {"type": "Feature", "properties": {"highway": "secondary"}, "geometry": {"type": "LineString", "coordinates": [[-48.405848, -1.3668393], [-48.4047612, -1.3668522]]}}, {"type": "Feature", "properties": {"highway": "secondary"}, "geometry": {"type": "LineString", "coordinates": [[-48.477234, -1.4564764], [-48.4771254, -1.4579234], [-48.4771172, -1.458033]]}}, {"type": "Feature", "properties": {"highway": "secondary"}, "geometry": {"type": "LineString", "coordinates": [[-48.4390798, -1.3307102], [-48.4391722, -1.3305686]]}}, {"type": "Feature", "properties": {"highway": "secondary"}, "geometry": {"type": "LineString", "coordinates": [[-48.4391722, -1.3305686], [-48.4393346, -1.3298838]]}}, {"type": "Feature", "properties": {"highway": "primary"}, "geometry": {"type": "LineString", "coordinates": [[-48.4224918, -1.3541049], [-48.4225354, -1.3541504]]}}, {"type": "Feature", "properties": {"highway": "primary"}, "geometry": {"type": "LineString", "coordinates": [[-48.4073422, -1.3432529], [-48.4072961, -1.3432169], [-48.4071577, -1.3431087]]}}, {"type": "Feature", "properties": {"highway": "primary"}, "geometry": {"type": "LineString", "coordinates": [[-48.4100012, -1.3451925], [-48.4084186, -1.3440289], [-48.4074232, -1.3433027], [-48.4073942, -1.3432815], [-48.4073422, -1.3432529]]}}, {"type": "Feature", "properties": {"highway": "primary"}, "geometry": {"type": "LineString", "coordinates": [[-48.4689656, -1.4512587], [-48.4687644, -1.4510436], [-48.4686102, -1.4509288]]}}, {"type": "Feature", "properties": {"highway": "primary"}, "geometry": {"type": "LineString", "coordinates": [[-48.4029748, -1.3551987], [-48.4028357, -1.3552795]]}}, {"type": "Feature", "properties": {"highway": "primary"}, "geometry": {"type": "LineString", "coordinates": [[-48.3954874, -1.3595513], [-48.3959145, -1.359279]]}}, {"type": "Feature", "properties": {"highway": "primary"}, "geometry": {"type": "LineString", "coordinates": [[-48.3990119, -1.3575809], [-48.4000958, -1.3569247]]}}, {"type": "Feature", "properties": {"highway": "primary"}, "geometry": {"type": "LineString", "coordinates": [[-48.3994445, -1.3575034], [-48.3990894, -1.3577109]]}}, {"type": "Feature", "properties": {"highway": "primary"}, "geometry": {"type": "LineString", "coordinates": [[-48.404368, -1.3543665], [-48.4040563, -1.3545549]]}}, {"type": "Feature", "properties": {"highway": "primary"}, "geometry": {"type": "LineString", "coordinates": [[-48.4532206, -1.4203128], [-48.4528507, -1.4206897]]}}, {"type": "Feature", "properties": {"highway": "primary"}, "geometry": {"type": "LineString", "coordinates": [[-48.4528507, -1.4206897], [-48.4521124, -1.4214418], [-48.4513822, -1.4221887]]}}, {"type": "Feature", "properties": {"highway": "primary"}, "geometry": {"type": "LineString", "coordinates": [[-48.402993, -1.3477505], [-48.4029805, -1.348167], [-48.4029649, -1.3486061], [-48.4029592, -1.3491041], [-48.4029556, -1.3495379]]}}, {"type": "Feature", "properties": {"highway": "tertiary"}, "geometry": {"type": "LineString", "coordinates": [[-48.2539518, -1.3640685], [-48.2538334, -1.3641204], [-48.2537628, -1.3641262]]}}, {"type": "Feature", "properties": {"highway": "tertiary"}, "geometry": {"type": "LineString", "coordinates": [[-48.2537628, -1.3641262], [-48.2538005, -1.3640896], [-48.2538213, -1.3640627], [-48.2538189, -1.3640225]]}}, {"type": "Feature", "properties": {"highway": "secondary"}, "geometry": {"type": "LineString", "coordinates": [[-48.2661501, -1.3643242], [-48.2660575, -1.3643243], [-48.2645972, -1.3642792], [-48.2644402, -1.3642746]]}}, {"type": "Feature", "properties": {"highway": "secondary"}, "geometry": {"type": "LineString", "coordinates": [[-48.4589205, -1.4716928], [-48.4588607, -1.4716025], [-48.4587967, -1.4715582]]}}, {"type": "Feature", "properties": {"highway": "secondary"}, "geometry": {"type": "LineString", "coordinates": [[-48.4589038, -1.4714685], [-48.4589205, -1.4716928]]}}, {"type": "Feature", "properties": {"highway": "secondary"}, "geometry": {"type": "LineString", "coordinates": [[-48.4587549, -1.4712908], [-48.4588058, -1.4712177], [-48.4588679, -1.4710847]]}}, {"type": "Feature", "properties": {"highway": "secondary"}, "geometry": {"type": "LineString", "coordinates": [[-48.4588679, -1.4710847], [-48.45887, -1.4713274]]}}, {"type": "Feature", "properties": {"highway": "secondary"}, "geometry": {"type": "LineString", "coordinates": [[-48.4555208, -1.4723718], [-48.4549578, -1.4725284]]}}, {"type": "Feature", "properties": {"highway": "secondary"}, "geometry": {"type": "LineString", "coordinates": [[-48.4587316, -1.4715525], [-48.4581079, -1.47162], [-48.4564012, -1.4721165]]}}, {"type": "Feature", "properties": {"highway": "tertiary"}, "geometry": {"type": "LineString", "coordinates": [[-48.3922302, -1.4012548], [-48.3922551, -1.4006287]]}}, {"type": "Feature", "properties": {"highway": "tertiary"}, "geometry": {"type": "LineString", "coordinates": [[-48.3919783, -1.4063724], [-48.3919848, -1.4056952], [-48.3920193, -1.4050614], [-48.392047, -1.4044156]]}}, {"type": "Feature", "properties": {"highway": "tertiary"}, "geometry": {"type": "LineString", "coordinates": [[-48.3384457, -1.3780121], [-48.3384766, -1.3778901], [-48.3384943, -1.3778179]]}}, {"type": "Feature", "properties": {"highway": "secondary"}, "geometry": {"type": "LineString", "coordinates": [[-48.4466575, -1.4511197], [-48.4466583, -1.4513088]]}}, {"type": "Feature", "properties": {"highway": "primary"}, "geometry": {"type": "LineString", "coordinates": [[-48.3665519, -1.3649745], [-48.366404, -1.3657539], [-48.3663373, -1.3661891], [-48.3663051, -1.3663178], [-48.3662877, -1.3664398], [-48.3662769, -1.3665149], [-48.3662756, -1.3666141], [-48.3662887, -1.3666755], [-48.3663091, -1.3667274], [-48.3663527, -1.3667911], [-48.3664016, -1.3668354]]}}, {"type": "Feature", "properties": {"highway": "primary"}, "geometry": {"type": "LineString", "coordinates": [[-48.4114009, -1.3952774], [-48.4118074, -1.3955401], [-48.4124567, -1.3959272]]}}, {"type": "Feature", "properties": {"highway": "primary"}, "geometry": {"type": "LineString", "coordinates": [[-48.4123842, -1.3960538], [-48.411625, -1.3955897], [-48.4113306, -1.3953924]]}}, {"type": "Feature", "properties": {"highway": "primary"}, "geometry": {"type": "LineString", "coordinates": [[-48.4097435, -1.3879309], [-48.4097287, -1.3879956], [-48.40972, -1.3880489], [-48.409716, -1.3881454], [-48.4097128, -1.3883354], [-48.4097126, -1.3887092], [-48.4097127, -1.3894101], [-48.4097125, -1.3895797], [-48.4097001, -1.390074], [-48.4096992, -1.3901109], [-48.4096979, -1.3901866], [-48.4096898, -1.3906766], [-48.4096893, -1.3907269], [-48.4096927, -1.3910717], [-48.4096845, -1.3911694], [-48.4096992, -1.3916319], [-48.4097502, -1.3918598], [-48.4098253, -1.3920381], [-48.4099312, -1.3922004], [-48.4100358, -1.3923344], [-48.4101713, -1.3924833], [-48.4102625, -1.3925999], [-48.4103111, -1.3926893], [-48.4103778, -1.3928117], [-48.4104871, -1.3930792], [-48.4105073, -1.3931636], [-48.4105495, -1.3937985], [-48.4105924, -1.39408], [-48.4106621, -1.3943187], [-48.4108177, -1.3947625], [-48.4108982, -1.3948684], [-48.4109934, -1.3949756], [-48.4112348, -1.39517], [-48.4114009, -1.3952774]]}}, {"type": "Feature", "properties": {"highway": "primary"}, "geometry": {"type": "LineString", "coordinates": [[-48.4113306, -1.3953924], [-48.4111248, -1.3952545], [-48.4109089, -1.3950748], [-48.4107131, -1.3948295], [-48.4105615, -1.3944997], [-48.4104891, -1.3942798], [-48.4104247, -1.3938937], [-48.4104033, -1.3937462], [-48.4103818, -1.3932501], [-48.4103496, -1.3930423], [-48.4103094, -1.3929109], [-48.4102343, -1.3927688], [-48.4102197, -1.3927465], [-48.4101297, -1.3926093], [-48.4098253, -1.3922647], [-48.4096737, -1.3920046], [-48.4096107, -1.3918317], [-48.4095731, -1.3916761], [-48.4095584, -1.3915005], [-48.4095593, -1.3910669], [-48.4095725, -1.3906219], [-48.4095805, -1.3901248], [-48.4095818, -1.3900478], [-48.4096432, -1.3889771]]}}, {"type": "Feature", "properties": {"highway": "secondary"}, "geometry": {"type": "LineString", "coordinates": [[-48.4752259, -1.4386818], [-48.4751972, -1.4386381]]}}, {"type": "Feature", "properties": {"highway": "primary"}, "geometry": {"type": "LineString", "coordinates": [[-48.4096432, -1.3889771], [-48.4096758, -1.3880464], [-48.4096891, -1.3879248], [-48.4097113, -1.3878337]]}}, {"type": "Feature", "properties": {"highway": "trunk"}, "geometry": {"type": "LineString", "coordinates": [[-48.3661821, -1.3659951], [-48.3657404, -1.3659622], [-48.3649616, -1.3659283]]}}, {"type": "Feature", "properties": {"highway": "trunk"}, "geometry": {"type": "LineString", "coordinates": [[-48.3649616, -1.3659283], [-48.3640313, -1.3659106], [-48.3631487, -1.3658731]]}}, {"type": "Feature", "properties": {"highway": "trunk"}, "geometry": {"type": "LineString", "coordinates": [[-48.3650932, -1.3657154], [-48.3662485, -1.3657783]]}}, {"type": "Feature", "properties": {"highway": "trunk"}, "geometry": {"type": "LineString", "coordinates": [[-48.3662485, -1.3657783], [-48.3663219, -1.3657848], [-48.3664222, -1.3657955]]}}, {"type": "Feature", "properties": {"highway": "trunk"}, "geometry": {"type": "LineString", "coordinates": [[-48.410157, -1.3876395], [-48.4097453, -1.387385]]}}, {"type": "Feature", "properties": {"highway": "tertiary"}, "geometry": {"type": "LineString", "coordinates": [[-48.3730444, -1.3669487], [-48.3730768, -1.3661091], [-48.3730778, -1.3659868], [-48.3730661, -1.3651366], [-48.3730653, -1.3650012]]}}, {"type": "Feature", "properties": {"highway": "secondary"}, "geometry": {"type": "LineString", "coordinates": [[-48.3722809, -1.3667918], [-48.3721877, -1.3661674], [-48.3720729, -1.3655617], [-48.3720094, -1.3652268]]}}, {"type": "Feature", "properties": {"highway": "tertiary"}, "geometry": {"type": "LineString", "coordinates": [[-48.4608066, -1.4337373], [-48.4608734, -1.433822]]}}, {"type": "Feature", "properties": {"highway": "tertiary"}, "geometry": {"type": "LineString", "coordinates": [[-48.4581727, -1.4355716], [-48.4582483, -1.4355199], [-48.4587038, -1.4352079], [-48.4590512, -1.4349672], [-48.4593558, -1.434752], [-48.4599583, -1.4343342], [-48.4601911, -1.4341728], [-48.4605686, -1.4339068]]}}, {"type": "Feature", "properties": {"highway": "tertiary"}, "geometry": {"type": "LineString", "coordinates": [[-48.4606226, -1.4339854], [-48.4605686, -1.4339068]]}}, {"type": "Feature", "properties": {"highway": "tertiary"}, "geometry": {"type": "LineString", "coordinates": [[-48.4632933, -1.4321911], [-48.4623522, -1.4327963], [-48.4619793, -1.4330706], [-48.4618924, -1.4331232], [-48.4616882, -1.4332663], [-48.4612082, -1.4336006], [-48.4608734, -1.433822]]}}, {"type": "Feature", "properties": {"highway": "tertiary"}, "geometry": {"type": "LineString", "coordinates": [[-48.4633172, -1.4375909], [-48.4635752, -1.4379423], [-48.463832, -1.4383438], [-48.4641169, -1.4387545]]}}, {"type": "Feature", "properties": {"highway": "tertiary"}, "geometry": {"type": "LineString", "coordinates": [[-48.4638884, -1.4389106], [-48.4635299, -1.4383727], [-48.4635007, -1.4383207], [-48.4634624, -1.4382625], [-48.4631993, -1.4378494], [-48.4631136, -1.4377214]]}}, {"type": "Feature", "properties": {"highway": "tertiary"}, "geometry": {"type": "LineString", "coordinates": [[-48.4647179, -1.440169], [-48.4644016, -1.4396943], [-48.4643741, -1.4396401], [-48.4643517, -1.4396076], [-48.4642417, -1.4394479], [-48.4640195, -1.4391075], [-48.4640157, -1.4391017], [-48.4638884, -1.4389106]]}}, {"type": "Feature", "properties": {"highway": "tertiary"}, "geometry": {"type": "LineString", "coordinates": [[-48.4647179, -1.440169], [-48.464938, -1.4400091], [-48.4661889, -1.4391524], [-48.4673614, -1.4383868]]}}, {"type": "Feature", "properties": {"highway": "tertiary"}, "geometry": {"type": "LineString", "coordinates": [[-48.4582725, -1.4390998], [-48.4572695, -1.439752], [-48.4571774, -1.4398149]]}}, {"type": "Feature", "properties": {"highway": "tertiary"}, "geometry": {"type": "LineString", "coordinates": [[-48.3894747, -1.3756812], [-48.3894693, -1.3755266], [-48.3894641, -1.3754859], [-48.3894512, -1.3753721]]}}, {"type": "Feature", "properties": {"highway": "primary"}, "geometry": {"type": "LineString", "coordinates": [[-48.4098093, -1.3877285], [-48.4097435, -1.3879309]]}}, {"type": "Feature", "properties": {"highway": "tertiary"}, "geometry": {"type": "LineString", "coordinates": [[-48.385549, -1.3518986], [-48.3845374, -1.3518796]]}}, {"type": "Feature", "properties": {"highway": "tertiary"}, "geometry": {"type": "LineString", "coordinates": [[-48.385549, -1.3518986], [-48.3855435, -1.3523634]]}}, {"type": "Feature", "properties": {"highway": "secondary"}, "geometry": {"type": "LineString", "coordinates": [[-48.4689126, -1.4545164], [-48.4689439, -1.4532921]]}}, {"type": "Feature", "properties": {"highway": "secondary"}, "geometry": {"type": "LineString", "coordinates": [[-48.4687961, -1.4601475], [-48.4687795, -1.4609978], [-48.4687788, -1.4610356]]}}, {"type": "Feature", "properties": {"highway": "trunk"}, "geometry": {"type": "LineString", "coordinates": [[-48.3613355, -1.3657846], [-48.360938, -1.3657553], [-48.3607015, -1.3657379], [-48.3604847, -1.3657298], [-48.3597544, -1.3657026]]}}, {"type": "Feature", "properties": {"highway": "trunk"}, "geometry": {"type": "LineString", "coordinates": [[-48.3742573, -1.3674027], [-48.3740416, -1.3673608]]}}, {"type": "Feature", "properties": {"highway": "trunk"}, "geometry": {"type": "LineString", "coordinates": [[-48.3830928, -1.3715539], [-48.3830712, -1.3715397], [-48.3822398, -1.3710379], [-48.3815918, -1.3706594], [-48.381479, -1.3705906], [-48.380584, -1.370038], [-48.3805564, -1.3700217], [-48.3805299, -1.370006], [-48.3804091, -1.3699344]]}}, {"type": "Feature", "properties": {"highway": "trunk"}, "geometry": {"type": "LineString", "coordinates": [[-48.385708, -1.3731027], [-48.3850062, -1.3726833], [-48.3846824, -1.3724923], [-48.3844113, -1.3723365], [-48.3842354, -1.3722353], [-48.3835331, -1.3718317], [-48.3832235, -1.3716283], [-48.3830928, -1.3715539]]}}, {"type": "Feature", "properties": {"highway": "secondary"}, "geometry": {"type": "LineString", "coordinates": [[-48.4624439, -1.4309243], [-48.4623901, -1.4308424], [-48.462054, -1.430331], [-48.4618505, -1.4300156], [-48.4617568, -1.4298731], [-48.4616814, -1.4297624], [-48.4616238, -1.4296746]]}}, {"type": "Feature", "properties": {"highway": "tertiary"}, "geometry": {"type": "LineString", "coordinates": [[-48.46672, -1.4370032], [-48.4666402, -1.4370558], [-48.4665351, -1.4371283]]}}, {"type": "Feature", "properties": {"highway": "secondary"}, "geometry": {"type": "LineString", "coordinates": [[-48.46672, -1.4370032], [-48.4667839, -1.4370998], [-48.4671208, -1.4376101], [-48.4672309, -1.4377775], [-48.4674019, -1.4380361], [-48.4674875, -1.4381658], [-48.4675352, -1.4382435]]}}, {"type": "Feature", "properties": {"highway": "tertiary"}, "geometry": {"type": "LineString", "coordinates": [[-48.4608885, -1.4546429], [-48.4621348, -1.454592]]}}, {"type": "Feature", "properties": {"highway": "tertiary"}, "geometry": {"type": "LineString", "coordinates": [[-48.4621263, -1.4547311], [-48.4608706, -1.4547872]]}}, {"type": "Feature", "properties": {"highway": "secondary"}, "geometry": {"type": "LineString", "coordinates": [[-48.4437362, -1.2638695], [-48.4436979, -1.2638419], [-48.4436704, -1.2637973], [-48.4436654, -1.2637685], [-48.4436642, -1.2637491]]}}, {"type": "Feature", "properties": {"highway": "secondary"}, "geometry": {"type": "LineString", "coordinates": [[-48.4450169, -1.2822859], [-48.44505, -1.2822939], [-48.4451667, -1.2823221], [-48.4452746, -1.2823393], [-48.4466388, -1.2824562]]}}, {"type": "Feature", "properties": {"highway": "secondary"}, "geometry": {"type": "LineString", "coordinates": [[-48.4540863, -1.2992807], [-48.4542414, -1.2977797], [-48.4543399, -1.2965779]]}}, {"type": "Feature", "properties": {"highway": "secondary"}, "geometry": {"type": "LineString", "coordinates": [[-48.4545916, -1.2932214], [-48.4546177, -1.2929535], [-48.4546292, -1.2928362], [-48.454691, -1.2922029]]}}, {"type": "Feature", "properties": {"highway": "secondary"}, "geometry": {"type": "LineString", "coordinates": [[-48.454691, -1.2922029], [-48.4547283, -1.2918637], [-48.4548511, -1.2906629], [-48.4550052, -1.2890276]]}}, {"type": "Feature", "properties": {"highway": "secondary"}, "geometry": {"type": "LineString", "coordinates": [[-48.4550052, -1.2890276], [-48.4550771, -1.2883374], [-48.4551111, -1.2879706], [-48.4551609, -1.2874506], [-48.4551887, -1.2871827]]}}, {"type": "Feature", "properties": {"highway": "secondary"}, "geometry": {"type": "LineString", "coordinates": [[-48.4551887, -1.2871827], [-48.4554518, -1.283795]]}}, {"type": "Feature", "properties": {"highway": "tertiary"}, "geometry": {"type": "LineString", "coordinates": [[-48.4416695, -1.402299], [-48.4416393, -1.402347]]}}, {"type": "Feature", "properties": {"highway": "tertiary"}, "geometry": {"type": "LineString", "coordinates": [[-48.4416393, -1.402347], [-48.4416333, -1.4023566]]}}, {"type": "Feature", "properties": {"highway": "tertiary"}, "geometry": {"type": "LineString", "coordinates": [[-48.4447161, -1.4026875], [-48.4446964, -1.4027695]]}}, {"type": "Feature", "properties": {"highway": "tertiary"}, "geometry": {"type": "LineString", "coordinates": [[-48.4446964, -1.4027695], [-48.4446921, -1.4027872]]}}, {"type": "Feature", "properties": {"highway": "secondary"}, "geometry": {"type": "LineString", "coordinates": [[-48.447653, -1.4059088], [-48.4476999, -1.405856]]}}, {"type": "Feature", "properties": {"highway": "secondary"}, "geometry": {"type": "LineString", "coordinates": [[-48.4476999, -1.405856], [-48.4477081, -1.4058468]]}}, {"type": "Feature", "properties": {"highway": "tertiary"}, "geometry": {"type": "LineString", "coordinates": [[-48.3746175, -1.3825184], [-48.3746633, -1.3821473], [-48.3747324, -1.381525], [-48.3747427, -1.3814321]]}}, {"type": "Feature", "properties": {"highway": "secondary"}, "geometry": {"type": "LineString", "coordinates": [[-48.3904867, -1.3754969], [-48.390491, -1.375408], [-48.3906735, -1.3716215], [-48.3908291, -1.3688768]]}}, {"type": "Feature", "properties": {"highway": "tertiary"}, "geometry": {"type": "LineString", "coordinates": [[-48.457955, -1.3806527], [-48.4579493, -1.3809441], [-48.4579452, -1.3811611], [-48.4579434, -1.3812561]]}}, {"type": "Feature", "properties": {"highway": "secondary"}, "geometry": {"type": "LineString", "coordinates": [[-48.4548747, -1.302095], [-48.4545825, -1.302078], [-48.4540198, -1.3020434], [-48.453808, -1.3020293]]}}, {"type": "Feature", "properties": {"highway": "secondary"}, "geometry": {"type": "LineString", "coordinates": [[-48.4548747, -1.302095], [-48.4545825, -1.302078], [-48.4540198, -1.3020434], [-48.453808, -1.3020293]]}}, {"type": "Feature", "properties": {"highway": "trunk"}, "geometry": {"type": "LineString", "coordinates": [[-48.406785, -1.3856067], [-48.4052526, -1.3847509]]}}, {"type": "Feature", "properties": {"highway": "tertiary"}, "geometry": {"type": "LineString", "coordinates": [[-48.4089993, -1.3768713], [-48.4094089, -1.3771091], [-48.4097624, -1.3773261], [-48.4099607, -1.3774458], [-48.410132, -1.3775576], [-48.4102102, -1.3776107]]}}, {"type": "Feature", "properties": {"highway": "tertiary"}, "geometry": {"type": "LineString", "coordinates": [[-48.4927111, -1.4624915], [-48.4936911, -1.4617047], [-48.493784, -1.4616301]]}}, {"type": "Feature", "properties": {"highway": "primary"}, "geometry": {"type": "LineString", "coordinates": [[-48.4484139, -1.3653355], [-48.4481912, -1.3656257], [-48.4480674, -1.365796], [-48.4480047, -1.3658781]]}}, {"type": "Feature", "properties": {"highway": "tertiary"}, "geometry": {"type": "LineString", "coordinates": [[-48.4248501, -1.3798675], [-48.4249234, -1.3799328], [-48.4252667, -1.3802332], [-48.4255725, -1.3804933], [-48.4256369, -1.3805683], [-48.4256905, -1.3806676], [-48.4257844, -1.3808955], [-48.4258327, -1.3809759], [-48.4258729, -1.3810242], [-48.4259588, -1.3810778], [-48.426117, -1.3811797], [-48.4262019, -1.3812338], [-48.4262974, -1.3813251], [-48.4263584, -1.3813905], [-48.4264109, -1.3814438]]}}, {"type": "Feature", "properties": {"highway": "tertiary"}, "geometry": {"type": "LineString", "coordinates": [[-48.4246688, -1.3799785], [-48.4243408, -1.3795681], [-48.4233394, -1.3783148], [-48.4230418, -1.3779495]]}}, {"type": "Feature", "properties": {"highway": "tertiary"}, "geometry": {"type": "LineString", "coordinates": [[-48.4075038, -1.4032694], [-48.4074791, -1.4034164], [-48.407475, -1.4039829], [-48.40747, -1.4040346], [-48.4074525, -1.4041713], [-48.4074455, -1.4042831], [-48.4074252, -1.4045721]]}}, {"type": "Feature", "properties": {"highway": "secondary"}, "geometry": {"type": "LineString", "coordinates": [[-48.3798154, -1.3383033], [-48.3798186, -1.3383106], [-48.3802727, -1.3393423], [-48.3805382, -1.3399417]]}}, {"type": "Feature", "properties": {"highway": "tertiary"}, "geometry": {"type": "LineString", "coordinates": [[-48.4594931, -1.4436904], [-48.4596517, -1.4435818]]}}, {"type": "Feature", "properties": {"highway": "secondary"}, "geometry": {"type": "LineString", "coordinates": [[-48.4779262, -1.4367381], [-48.4777648, -1.4365189]]}}, {"type": "Feature", "properties": {"highway": "secondary"}, "geometry": {"type": "LineString", "coordinates": [[-48.4785069, -1.4371636], [-48.4789315, -1.4373123]]}}, {"type": "Feature", "properties": {"highway": "secondary"}, "geometry": {"type": "LineString", "coordinates": [[-48.4784356, -1.4371394], [-48.4785069, -1.4371636]]}}, {"type": "Feature", "properties": {"highway": "trunk"}, "geometry": {"type": "LineString", "coordinates": [[-48.3555226, -1.3653381], [-48.3565418, -1.3653659], [-48.3577757, -1.3653757], [-48.3578047, -1.3653762], [-48.3584207, -1.3654048], [-48.3605813, -1.3654959], [-48.3609526, -1.3655121], [-48.3614472, -1.365532], [-48.3624445, -1.3655864], [-48.3631145, -1.3656217], [-48.3633397, -1.3656331], [-48.3648942, -1.3657118]]}}, {"type": "Feature", "properties": {"highway": "primary"}, "geometry": {"type": "LineString", "coordinates": [[-48.3674243, -1.3599663], [-48.3673421, -1.360424], [-48.3673182, -1.3605421]]}}, {"type": "Feature", "properties": {"highway": "primary"}, "geometry": {"type": "LineString", "coordinates": [[-48.3674879, -1.3596182], [-48.3674243, -1.3599663]]}}, {"type": "Feature", "properties": {"highway": "primary"}, "geometry": {"type": "LineString", "coordinates": [[-48.3670938, -1.3600083], [-48.3671467, -1.3596524]]}}, {"type": "Feature", "properties": {"highway": "primary"}, "geometry": {"type": "LineString", "coordinates": [[-48.3673073, -1.3587424], [-48.3673551, -1.3584491], [-48.3674476, -1.357894], [-48.3675306, -1.3574013], [-48.3675483, -1.3572961]]}}, {"type": "Feature", "properties": {"highway": "primary"}, "geometry": {"type": "LineString", "coordinates": [[-48.367618, -1.3588904], [-48.3675201, -1.3594453], [-48.3674879, -1.3596182]]}}, {"type": "Feature", "properties": {"highway": "primary"}, "geometry": {"type": "LineString", "coordinates": [[-48.3678366, -1.3575978], [-48.3677257, -1.3582211], [-48.3676398, -1.3587604], [-48.367618, -1.3588904]]}}, {"type": "Feature", "properties": {"highway": "primary"}, "geometry": {"type": "LineString", "coordinates": [[-48.3671467, -1.3596524], [-48.3671753, -1.3595005], [-48.3672567, -1.3590605], [-48.3672643, -1.3590062], [-48.3673073, -1.3587424]]}}, {"type": "Feature", "properties": {"highway": "primary"}, "geometry": {"type": "LineString", "coordinates": [[-48.3682304, -1.3553278], [-48.3681672, -1.3557239]]}}, {"type": "Feature", "properties": {"highway": "primary"}, "geometry": {"type": "LineString", "coordinates": [[-48.3677495, -1.3561189], [-48.3678659, -1.3554015]]}}, {"type": "Feature", "properties": {"highway": "primary"}, "geometry": {"type": "LineString", "coordinates": [[-48.3675483, -1.3572961], [-48.3676642, -1.3566571], [-48.3677495, -1.3561189]]}}, {"type": "Feature", "properties": {"highway": "secondary"}, "geometry": {"type": "LineString", "coordinates": [[-48.3681672, -1.3557239], [-48.3678659, -1.3554015]]}}, {"type": "Feature", "properties": {"highway": "secondary"}, "geometry": {"type": "LineString", "coordinates": [[-48.3815561, -1.3437265], [-48.3815947, -1.343572]]}}, {"type": "Feature", "properties": {"highway": "secondary"}, "geometry": {"type": "LineString", "coordinates": [[-48.3815398, -1.3437675], [-48.3815561, -1.3437265]]}}, {"type": "Feature", "properties": {"highway": "tertiary"}, "geometry": {"type": "LineString", "coordinates": [[-48.3884159, -1.3461948], [-48.3884479, -1.3461578]]}}, {"type": "Feature", "properties": {"highway": "primary"}, "geometry": {"type": "LineString", "coordinates": [[-48.4433629, -1.3724034], [-48.4432306, -1.3725792]]}}, {"type": "Feature", "properties": {"highway": "tertiary"}, "geometry": {"type": "LineString", "coordinates": [[-48.480562, -1.4582598], [-48.4805834, -1.4569755], [-48.4805799, -1.4564241]]}}, {"type": "Feature", "properties": {"highway": "tertiary"}, "geometry": {"type": "LineString", "coordinates": [[-48.4803875, -1.4596465], [-48.4804124, -1.4582526]]}}, {"type": "Feature", "properties": {"highway": "tertiary"}, "geometry": {"type": "LineString", "coordinates": [[-48.4720863, -1.4589797], [-48.4737804, -1.4591312]]}}, {"type": "Feature", "properties": {"highway": "secondary"}, "geometry": {"type": "LineString", "coordinates": [[-48.4954216, -1.4635616], [-48.4953511, -1.4635428], [-48.495303, -1.4635155], [-48.4951902, -1.4633969]]}}, {"type": "Feature", "properties": {"highway": "secondary"}, "geometry": {"type": "LineString", "coordinates": [[-48.4959272, -1.4626954], [-48.4961875, -1.4629548]]}}, {"type": "Feature", "properties": {"highway": "secondary"}, "geometry": {"type": "LineString", "coordinates": [[-48.4959272, -1.4626954], [-48.4959958, -1.4627988], [-48.4960416, -1.4628878], [-48.4960711, -1.4629797], [-48.4960952, -1.4630864]]}}, {"type": "Feature", "properties": {"highway": "tertiary"}, "geometry": {"type": "LineString", "coordinates": [[-48.4859358, -1.3068308], [-48.4851491, -1.3067652]]}}, {"type": "Feature", "properties": {"highway": "tertiary"}, "geometry": {"type": "LineString", "coordinates": [[-48.4871352, -1.3069307], [-48.4859358, -1.3068308]]}}, {"type": "Feature", "properties": {"highway": "secondary"}, "geometry": {"type": "LineString", "coordinates": [[-48.4893678, -1.3026245], [-48.4894077, -1.3021009], [-48.4894771, -1.3011898], [-48.489483, -1.3011128], [-48.4894804, -1.3006341]]}}, {"type": "Feature", "properties": {"highway": "secondary"}, "geometry": {"type": "LineString", "coordinates": [[-48.4893026, -1.3038443], [-48.4893678, -1.3026245]]}}, {"type": "Feature", "properties": {"highway": "secondary"}, "geometry": {"type": "LineString", "coordinates": [[-48.4892532, -1.3047697], [-48.4893026, -1.3038443]]}}, {"type": "Feature", "properties": {"highway": "secondary"}, "geometry": {"type": "LineString", "coordinates": [[-48.4888596, -1.3105133], [-48.4889375, -1.3092019]]}}, {"type": "Feature", "properties": {"highway": "secondary"}, "geometry": {"type": "LineString", "coordinates": [[-48.4887962, -1.3109396], [-48.4888141, -1.3109131], [-48.4888596, -1.3105133]]}}, {"type": "Feature", "properties": {"highway": "primary"}, "geometry": {"type": "LineString", "coordinates": [[-48.4431896, -1.3726427], [-48.44317, -1.372673]]}}, {"type": "Feature", "properties": {"highway": "tertiary"}, "geometry": {"type": "LineString", "coordinates": [[-48.4801823, -1.3919698], [-48.4801846, -1.3919553], [-48.4802019, -1.3918437]]}}, {"type": "Feature", "properties": {"highway": "tertiary"}, "geometry": {"type": "LineString", "coordinates": [[-48.4495359, -1.3780541], [-48.4490812, -1.3780327], [-48.4483653, -1.3780202]]}}, {"type": "Feature", "properties": {"highway": "tertiary"}, "geometry": {"type": "LineString", "coordinates": [[-48.4900199, -1.4628202], [-48.4896245, -1.4631313]]}}, {"type": "Feature", "properties": {"highway": "tertiary"}, "geometry": {"type": "LineString", "coordinates": [[-48.4907212, -1.4622684], [-48.4900199, -1.4628202]]}}, {"type": "Feature", "properties": {"highway": "tertiary"}, "geometry": {"type": "LineString", "coordinates": [[-48.4918383, -1.4614027], [-48.4909773, -1.4620736]]}}, {"type": "Feature", "properties": {"highway": "tertiary"}, "geometry": {"type": "LineString", "coordinates": [[-48.315181, -1.3880503], [-48.3152602, -1.3878694], [-48.3153826, -1.3876815]]}}, {"type": "Feature", "properties": {"highway": "tertiary"}, "geometry": {"type": "LineString", "coordinates": [[-48.3154434, -1.387738], [-48.3153208, -1.3879214], [-48.315181, -1.3880503]]}}, {"type": "Feature", "properties": {"highway": "tertiary"}, "geometry": {"type": "LineString", "coordinates": [[-48.3990782, -1.350233], [-48.399074, -1.3495605]]}}, {"type": "Feature", "properties": {"highway": "primary"}, "geometry": {"type": "LineString", "coordinates": [[-48.3926921, -1.3512028], [-48.3926961, -1.3509134]]}}, {"type": "Feature", "properties": {"highway": "primary"}, "geometry": {"type": "LineString", "coordinates": [[-48.3927883, -1.3509136], [-48.3927787, -1.3512521]]}}, {"type": "Feature", "properties": {"highway": "secondary"}, "geometry": {"type": "LineString", "coordinates": [[-48.3856834, -1.337537], [-48.3852793, -1.3377084], [-48.3848476, -1.3379227], [-48.3831909, -1.3386927]]}}, {"type": "Feature", "properties": {"highway": "secondary"}, "geometry": {"type": "LineString", "coordinates": [[-48.4284789, -1.3725518], [-48.4284833, -1.3724729]]}}, {"type": "Feature", "properties": {"highway": "secondary"}, "geometry": {"type": "LineString", "coordinates": [[-48.4284968, -1.3727305], [-48.4284807, -1.3725983], [-48.4284789, -1.3725518]]}}, {"type": "Feature", "properties": {"highway": "secondary"}, "geometry": {"type": "LineString", "coordinates": [[-48.3862212, -1.3372857], [-48.3856834, -1.337537]]}}, {"type": "Feature", "properties": {"highway": "tertiary"}, "geometry": {"type": "LineString", "coordinates": [[-48.4798434, -1.4129358], [-48.4793, -1.4124145], [-48.4791642, -1.4122855], [-48.4787401, -1.4118827], [-48.4782016, -1.4113998]]}}, {"type": "Feature", "properties": {"highway": "primary"}, "geometry": {"type": "LineString", "coordinates": [[-48.4697064, -1.3012439], [-48.4686661, -1.3018655], [-48.4681954, -1.3021373], [-48.468072, -1.3022066], [-48.4679665, -1.3022687], [-48.4676242, -1.3024604]]}}, {"type": "Feature", "properties": {"highway": "primary"}, "geometry": {"type": "LineString", "coordinates": [[-48.4697762, -1.3012011], [-48.4697064, -1.3012439]]}}, {"type": "Feature", "properties": {"highway": "secondary"}, "geometry": {"type": "LineString", "coordinates": [[-48.4666291, -1.3019073], [-48.4660404, -1.3018631]]}}, {"type": "Feature", "properties": {"highway": "secondary"}, "geometry": {"type": "LineString", "coordinates": [[-48.4674071, -1.301963], [-48.4673376, -1.3019573], [-48.4666291, -1.3019073]]}}, {"type": "Feature", "properties": {"highway": "secondary"}, "geometry": {"type": "LineString", "coordinates": [[-48.4674536, -1.3019625], [-48.4674071, -1.301963]]}}, {"type": "Feature", "properties": {"highway": "tertiary"}, "geometry": {"type": "LineString", "coordinates": [[-48.4631121, -1.3144181], [-48.4632869, -1.3144393], [-48.4633566, -1.3144492], [-48.4638301, -1.3145167]]}}, {"type": "Feature", "properties": {"highway": "tertiary"}, "geometry": {"type": "LineString", "coordinates": [[-48.4627292, -1.3143669], [-48.4631121, -1.3144181]]}}, {"type": "Feature", "properties": {"highway": "tertiary"}, "geometry": {"type": "LineString", "coordinates": [[-48.4626488, -1.3143574], [-48.4627292, -1.3143669]]}}, {"type": "Feature", "properties": {"highway": "tertiary"}, "geometry": {"type": "LineString", "coordinates": [[-48.4623413, -1.3143135], [-48.4626488, -1.3143574]]}}, {"type": "Feature", "properties": {"highway": "tertiary"}, "geometry": {"type": "LineString", "coordinates": [[-48.4622437, -1.3142999], [-48.4623413, -1.3143135]]}}, {"type": "Feature", "properties": {"highway": "tertiary"}, "geometry": {"type": "LineString", "coordinates": [[-48.4619755, -1.3142597], [-48.4622437, -1.3142999]]}}, {"type": "Feature", "properties": {"highway": "tertiary"}, "geometry": {"type": "LineString", "coordinates": [[-48.4608395, -1.3140988], [-48.4609381, -1.3141119]]}}, {"type": "Feature", "properties": {"highway": "tertiary"}, "geometry": {"type": "LineString", "coordinates": [[-48.4604707, -1.3140331], [-48.4608395, -1.3140988]]}}, {"type": "Feature", "properties": {"highway": "tertiary"}, "geometry": {"type": "LineString", "coordinates": [[-48.4577456, -1.313647], [-48.4590518, -1.3138011], [-48.4603366, -1.3140009], [-48.4604707, -1.3140331]]}}, {"type": "Feature", "properties": {"highway": "tertiary"}, "geometry": {"type": "LineString", "coordinates": [[-48.4573446, -1.3135974], [-48.4577456, -1.313647]]}}, {"type": "Feature", "properties": {"highway": "tertiary"}, "geometry": {"type": "LineString", "coordinates": [[-48.4569482, -1.3135507], [-48.4573446, -1.3135974]]}}, {"type": "Feature", "properties": {"highway": "tertiary"}, "geometry": {"type": "LineString", "coordinates": [[-48.4562771, -1.3133574], [-48.4563428, -1.3134137], [-48.4564313, -1.31347], [-48.4565252, -1.3134968], [-48.4569482, -1.3135507]]}}, {"type": "Feature", "properties": {"highway": "primary"}, "geometry": {"type": "LineString", "coordinates": [[-48.443709, -1.3741047], [-48.4433149, -1.3734935]]}}, {"type": "Feature", "properties": {"highway": "primary"}, "geometry": {"type": "LineString", "coordinates": [[-48.458109, -1.3816283], [-48.45822, -1.3817282], [-48.4584795, -1.3819825]]}}, {"type": "Feature", "properties": {"highway": "primary"}, "geometry": {"type": "LineString", "coordinates": [[-48.4579365, -1.3814669], [-48.458109, -1.3816283]]}}, {"type": "Feature", "properties": {"highway": "primary"}, "geometry": {"type": "LineString", "coordinates": [[-48.4584324, -1.3823388], [-48.4579306, -1.381868], [-48.4579183, -1.3818574]]}}, {"type": "Feature", "properties": {"highway": "primary"}, "geometry": {"type": "LineString", "coordinates": [[-48.4587034, -1.3826957], [-48.4585632, -1.3824967], [-48.4584897, -1.3824001], [-48.4584324, -1.3823388]]}}, {"type": "Feature", "properties": {"highway": "primary"}, "geometry": {"type": "LineString", "coordinates": [[-48.4613539, -1.3882862], [-48.4611883, -1.3880684], [-48.4609723, -1.3877425], [-48.4608895, -1.3875951], [-48.460809, -1.3874624], [-48.4607832, -1.3874181], [-48.4606875, -1.3872096], [-48.4605686, -1.3869328], [-48.4605338, -1.386847]]}}, {"type": "Feature", "properties": {"highway": "secondary"}, "geometry": {"type": "LineString", "coordinates": [[-48.4952449, -1.4630683], [-48.4957682, -1.4625436]]}}, {"type": "Feature", "properties": {"highway": "secondary"}, "geometry": {"type": "LineString", "coordinates": [[-48.4951902, -1.4633969], [-48.4949424, -1.4631166]]}}, {"type": "Feature", "properties": {"highway": "secondary"}, "geometry": {"type": "LineString", "coordinates": [[-48.4951902, -1.4633969], [-48.4951942, -1.4633334], [-48.4951986, -1.4632646], [-48.4952051, -1.463196], [-48.4952211, -1.463129], [-48.4952449, -1.4630683]]}}, {"type": "Feature", "properties": {"highway": "tertiary"}, "geometry": {"type": "LineString", "coordinates": [[-48.4641924, -1.3145795], [-48.4645202, -1.3146183]]}}, {"type": "Feature", "properties": {"highway": "tertiary"}, "geometry": {"type": "LineString", "coordinates": [[-48.4638301, -1.3145167], [-48.4641924, -1.3145795]]}}, {"type": "Feature", "properties": {"highway": "tertiary"}, "geometry": {"type": "LineString", "coordinates": [[-48.4723495, -1.4224629], [-48.4722222, -1.4225525]]}}, {"type": "Feature", "properties": {"highway": "tertiary"}, "geometry": {"type": "LineString", "coordinates": [[-48.4714301, -1.4248998], [-48.4720855, -1.4244641], [-48.4730758, -1.4238057]]}}, {"type": "Feature", "properties": {"highway": "primary"}, "geometry": {"type": "LineString", "coordinates": [[-48.4431933, -1.3729484], [-48.4433076, -1.3731238]]}}, {"type": "Feature", "properties": {"highway": "tertiary"}, "geometry": {"type": "LineString", "coordinates": [[-48.5001286, -1.4740669], [-48.5000249, -1.4739935]]}}, {"type": "Feature", "properties": {"highway": "tertiary"}, "geometry": {"type": "LineString", "coordinates": [[-48.5000519, -1.4739016], [-48.5000733, -1.4739059], [-48.5000977, -1.4739081], [-48.5001535, -1.473905]]}}, {"type": "Feature", "properties": {"highway": "tertiary"}, "geometry": {"type": "LineString", "coordinates": [[-48.5000249, -1.4739935], [-48.4999123, -1.473897], [-48.4998167, -1.4738038]]}}, {"type": "Feature", "properties": {"highway": "tertiary"}, "geometry": {"type": "LineString", "coordinates": [[-48.4998167, -1.4738038], [-48.4999327, -1.4738642], [-48.5000519, -1.4739016]]}}, {"type": "Feature", "properties": {"highway": "tertiary"}, "geometry": {"type": "LineString", "coordinates": [[-48.502133, -1.4727088], [-48.5024861, -1.4724381]]}}, {"type": "Feature", "properties": {"highway": "tertiary"}, "geometry": {"type": "LineString", "coordinates": [[-48.5011644, -1.4734148], [-48.5013591, -1.4733074], [-48.5015219, -1.4731895], [-48.5018935, -1.4729202], [-48.502133, -1.4727088]]}}, {"type": "Feature", "properties": {"highway": "tertiary"}, "geometry": {"type": "LineString", "coordinates": [[-48.5001535, -1.473905], [-48.5002043, -1.4738997], [-48.5003036, -1.4738682], [-48.5004578, -1.4737911], [-48.5007776, -1.4735954], [-48.5008086, -1.4735808], [-48.5011644, -1.4734148]]}}, {"type": "Feature", "properties": {"highway": "tertiary"}, "geometry": {"type": "LineString", "coordinates": [[-48.5002906, -1.4702506], [-48.500165, -1.4700999]]}}, {"type": "Feature", "properties": {"highway": "secondary"}, "geometry": {"type": "LineString", "coordinates": [[-48.4451089, -1.3564856], [-48.4453498, -1.3564561], [-48.4455079, -1.3564278]]}}, {"type": "Feature", "properties": {"highway": "primary"}, "geometry": {"type": "LineString", "coordinates": [[-48.4476371, -1.3660785], [-48.4479201, -1.3657051], [-48.4480159, -1.3655719]]}}, {"type": "Feature", "properties": {"highway": "secondary"}, "geometry": {"type": "LineString", "coordinates": [[-48.3889241, -1.357385], [-48.38901, -1.3573698], [-48.389079, -1.357373], [-48.389154, -1.3573908], [-48.3892218, -1.3574274], [-48.3892779, -1.3574802], [-48.3893184, -1.3575457], [-48.3893406, -1.3576195], [-48.3893447, -1.3576874]]}}, {"type": "Feature", "properties": {"highway": "secondary"}, "geometry": {"type": "LineString", "coordinates": [[-48.4391538, -1.356972], [-48.4390478, -1.3570102], [-48.4389459, -1.3570476], [-48.4387043, -1.3571342]]}}, {"type": "Feature", "properties": {"highway": "secondary"}, "geometry": {"type": "LineString", "coordinates": [[-48.4386257, -1.3569621], [-48.4387254, -1.3569361], [-48.4388401, -1.3569167], [-48.4389313, -1.3569173], [-48.4390679, -1.3569266]]}}, {"type": "Feature", "properties": {"highway": "secondary"}, "geometry": {"type": "LineString", "coordinates": [[-48.3778226, -1.3471336], [-48.3778269, -1.347172], [-48.3778413, -1.3472648], [-48.37788, -1.347394], [-48.3780076, -1.3477059], [-48.3781555, -1.3480418], [-48.3783279, -1.3484171], [-48.3784128, -1.3485811], [-48.3787374, -1.3490672], [-48.3791832, -1.3497584], [-48.3795584, -1.3503457], [-48.3796249, -1.3504423], [-48.3797123, -1.3505681], [-48.3799729, -1.3507942], [-48.3804671, -1.3512176], [-48.3807894, -1.3514995], [-48.3810653, -1.3517629], [-48.3813255, -1.3520407], [-48.3815672, -1.3522949], [-48.3816482, -1.3523878]]}}, {"type": "Feature", "properties": {"highway": "secondary"}, "geometry": {"type": "LineString", "coordinates": [[-48.3887782, -1.3577211], [-48.3887404, -1.3576621], [-48.3886965, -1.3576218], [-48.3884693, -1.3574914], [-48.3882415, -1.3573926], [-48.3879988, -1.3573068], [-48.3875058, -1.357129], [-48.3871901, -1.3569502], [-48.3868739, -1.3567591], [-48.3863707, -1.3564272], [-48.386155, -1.3562965], [-48.3860483, -1.3562413], [-48.3859479, -1.3561932], [-48.3857749, -1.3561303], [-48.3855981, -1.356092], [-48.3854114, -1.3560551], [-48.3847201, -1.3559376], [-48.3841712, -1.3558518], [-48.3841005, -1.3558383], [-48.3840377, -1.3558173], [-48.3837542, -1.3555156], [-48.3834372, -1.3552048], [-48.3833264, -1.3550893], [-48.3832413, -1.3549914], [-48.3830643, -1.3546765], [-48.382812, -1.354247], [-48.3827256, -1.354136], [-48.3826407, -1.354043], [-48.3823732, -1.353778], [-48.3818995, -1.3532719], [-48.3818136, -1.3531707], [-48.3817345, -1.3530594], [-48.3816005, -1.352854], [-48.3814502, -1.3526478], [-48.3812926, -1.3524553]]}}, {"type": "Feature", "properties": {"highway": "secondary"}, "geometry": {"type": "LineString", "coordinates": [[-48.392015, -1.3613107], [-48.392057, -1.3611775], [-48.3920811, -1.3610407], [-48.3920784, -1.3609228], [-48.3920449, -1.3607846], [-48.3919926, -1.3606787], [-48.3918706, -1.3605393], [-48.3917712, -1.3604617], [-48.3916187, -1.3603486], [-48.3910444, -1.3599145], [-48.3905496, -1.3595552], [-48.3904482, -1.3594737], [-48.3902679, -1.3592603], [-48.3901116, -1.35904], [-48.3899622, -1.3587964], [-48.3897865, -1.3585604], [-48.3896466, -1.3583723], [-48.3894238, -1.3581174], [-48.3891697, -1.3579382]]}}, {"type": "Feature", "properties": {"highway": "secondary"}, "geometry": {"type": "LineString", "coordinates": [[-48.3920114, -1.3604522], [-48.3921133, -1.3605634], [-48.3921602, -1.3606291], [-48.3922045, -1.3607136], [-48.3922555, -1.3609], [-48.3922997, -1.361018], [-48.3923573, -1.3611332], [-48.392452, -1.3613089]]}}, {"type": "Feature", "properties": {"highway": "tertiary"}, "geometry": {"type": "LineString", "coordinates": [[-48.4579145, -1.3953347], [-48.4579667, -1.3953132], [-48.4580087, -1.3953115], [-48.4580621, -1.3953338]]}}, {"type": "Feature", "properties": {"highway": "tertiary"}, "geometry": {"type": "LineString", "coordinates": [[-48.4264037, -1.381482], [-48.4263489, -1.3814621], [-48.4263168, -1.3814439], [-48.4262206, -1.3813534], [-48.4261787, -1.3813154], [-48.4260942, -1.3812452], [-48.4259101, -1.3811337], [-48.425834, -1.381083], [-48.4257681, -1.3810104], [-48.4257075, -1.3809273], [-48.4255847, -1.3806992], [-48.425485, -1.3805819], [-48.4253076, -1.3804605], [-48.4250584, -1.3802582], [-48.4248534, -1.3801071], [-48.424777, -1.3800655], [-48.4247359, -1.3800429], [-48.4246688, -1.3799785]]}}, {"type": "Feature", "properties": {"highway": "secondary"}, "geometry": {"type": "LineString", "coordinates": [[-48.4264969, -1.3815092], [-48.426506, -1.381686]]}}, {"type": "Feature", "properties": {"highway": "secondary"}, "geometry": {"type": "LineString", "coordinates": [[-48.426506, -1.381686], [-48.426446, -1.3815255]]}}, {"type": "Feature", "properties": {"highway": "secondary"}, "geometry": {"type": "LineString", "coordinates": [[-48.4264481, -1.3814188], [-48.4265079, -1.3813251]]}}, {"type": "Feature", "properties": {"highway": "secondary"}, "geometry": {"type": "LineString", "coordinates": [[-48.4265079, -1.3813251], [-48.4264934, -1.381432]]}}, {"type": "Feature", "properties": {"highway": "secondary"}, "geometry": {"type": "LineString", "coordinates": [[-48.4264934, -1.381432], [-48.4265088, -1.3814558], [-48.4265101, -1.3814841], [-48.4264969, -1.3815092], [-48.4264736, -1.381524], [-48.426446, -1.3815255], [-48.4264264, -1.3815171], [-48.4264115, -1.3815018], [-48.4264037, -1.381482], [-48.4264038, -1.3814622], [-48.4264109, -1.3814438], [-48.4264268, -1.3814273], [-48.4264481, -1.3814188], [-48.4264723, -1.3814202], [-48.4264934, -1.381432]]}}, {"type": "Feature", "properties": {"highway": "secondary"}, "geometry": {"type": "LineString", "coordinates": [[-48.3888984, -1.358121], [-48.3888401, -1.3578433]]}}, {"type": "Feature", "properties": {"highway": "secondary"}, "geometry": {"type": "LineString", "coordinates": [[-48.3891697, -1.3579382], [-48.3891265, -1.358013], [-48.3890612, -1.3581262], [-48.389025, -1.3582225], [-48.3889993, -1.3583043], [-48.3889872, -1.3583901], [-48.3889765, -1.3585819], [-48.3889483, -1.3589532], [-48.3889, -1.3596974], [-48.3888264, -1.3606286], [-48.3888031, -1.3610343], [-48.3886652, -1.3630797], [-48.3886616, -1.3631372], [-48.3885996, -1.364115], [-48.3885326, -1.365071], [-48.3884029, -1.3669903], [-48.3883515, -1.3677001], [-48.3883032, -1.3683946], [-48.3882576, -1.3690998], [-48.3882321, -1.3694511], [-48.3882214, -1.3696334], [-48.3882134, -1.36973], [-48.38819, -1.3698028]]}}, {"type": "Feature", "properties": {"highway": "secondary"}, "geometry": {"type": "LineString", "coordinates": [[-48.4074268, -1.3430785], [-48.4073422, -1.3432529]]}}, {"type": "Feature", "properties": {"highway": "primary"}, "geometry": {"type": "LineString", "coordinates": [[-48.4074268, -1.3430785], [-48.4074872, -1.3431181], [-48.4084565, -1.3438233], [-48.4100745, -1.3450005], [-48.4101744, -1.3450732], [-48.4102109, -1.3450998]]}}, {"type": "Feature", "properties": {"highway": "tertiary"}, "geometry": {"type": "LineString", "coordinates": [[-48.4233323, -1.3773163], [-48.4233379, -1.3774151], [-48.4233383, -1.377584], [-48.4233353, -1.3776624], [-48.423375, -1.3779161], [-48.4234056, -1.3779815], [-48.4234625, -1.3780818], [-48.4235668, -1.3782268], [-48.424454, -1.3793885], [-48.4248501, -1.3798675]]}}, {"type": "Feature", "properties": {"highway": "secondary"}, "geometry": {"type": "LineString", "coordinates": [[-48.4245247, -1.3746047], [-48.4245003, -1.3745713]]}}, {"type": "Feature", "properties": {"highway": "secondary"}, "geometry": {"type": "LineString", "coordinates": [[-48.4246535, -1.3747872], [-48.4246298, -1.3747525]]}}, {"type": "Feature", "properties": {"highway": "tertiary"}, "geometry": {"type": "LineString", "coordinates": [[-48.4257715, -1.3809008], [-48.4257488, -1.3809113], [-48.4257075, -1.3809273]]}}, {"type": "Feature", "properties": {"highway": "secondary"}, "geometry": {"type": "LineString", "coordinates": [[-48.493784, -1.4616301], [-48.4943153, -1.4623097], [-48.4944699, -1.4625075], [-48.4946198, -1.4627014]]}}, {"type": "Feature", "properties": {"highway": "secondary"}, "geometry": {"type": "LineString", "coordinates": [[-48.4931781, -1.4608968], [-48.4933412, -1.4611024], [-48.4935255, -1.4613291]]}}, {"type": "Feature", "properties": {"highway": "tertiary"}, "geometry": {"type": "LineString", "coordinates": [[-48.3985774, -1.3805911], [-48.3985813, -1.3802519], [-48.3985868, -1.37978], [-48.3986331, -1.3785214], [-48.398641, -1.3783074]]}}, {"type": "Feature", "properties": {"highway": "primary"}, "geometry": {"type": "LineString", "coordinates": [[-48.3926546, -1.3593555], [-48.3926172, -1.3593232], [-48.3926065, -1.3592977], [-48.392607, -1.3591536]]}}, {"type": "Feature", "properties": {"highway": "primary"}, "geometry": {"type": "LineString", "coordinates": [[-48.3926968, -1.3591524], [-48.3926954, -1.3592794], [-48.3926792, -1.3593213], [-48.3926546, -1.3593555]]}}, {"type": "Feature", "properties": {"highway": "primary"}, "geometry": {"type": "LineString", "coordinates": [[-48.4674673, -1.3021961], [-48.4676266, -1.3021344]]}}, {"type": "Feature", "properties": {"highway": "secondary"}, "geometry": {"type": "LineString", "coordinates": [[-48.3919175, -1.3603691], [-48.3920114, -1.3604522]]}}, {"type": "Feature", "properties": {"highway": "secondary"}, "geometry": {"type": "LineString", "coordinates": [[-48.3893447, -1.3576874], [-48.3893813, -1.3577349], [-48.3895001, -1.3579148], [-48.3896907, -1.3581822], [-48.3897992, -1.3583294], [-48.3899286, -1.358497], [-48.3901975, -1.3588939], [-48.3903551, -1.3591222], [-48.3905687, -1.3593716], [-48.3912389, -1.3598663], [-48.3915688, -1.3601116], [-48.3919175, -1.3603691]]}}, {"type": "Feature", "properties": {"highway": "tertiary"}, "geometry": {"type": "LineString", "coordinates": [[-48.4693991, -1.4028461], [-48.4693287, -1.402867], [-48.4692885, -1.4028429], [-48.4691509, -1.4026997], [-48.4689258, -1.4024655], [-48.4688272, -1.4023629], [-48.4685395, -1.4020713], [-48.46851, -1.4020311], [-48.4685039, -1.4019701]]}}, {"type": "Feature", "properties": {"highway": "secondary"}, "geometry": {"type": "LineString", "coordinates": [[-48.4100448, -1.3682911], [-48.4101257, -1.3683081], [-48.4101572, -1.3683175], [-48.4101847, -1.3683296], [-48.4102107, -1.3683464]]}}, {"type": "Feature", "properties": {"highway": "secondary"}, "geometry": {"type": "LineString", "coordinates": [[-48.392784, -1.3613275], [-48.3938561, -1.3613552]]}}, {"type": "Feature", "properties": {"highway": "tertiary"}, "geometry": {"type": "LineString", "coordinates": [[-48.5037268, -1.4625211], [-48.5037096, -1.4625671], [-48.503547, -1.4630038], [-48.5035054, -1.463138], [-48.5034803, -1.4632189]]}}, {"type": "Feature", "properties": {"highway": "tertiary"}, "geometry": {"type": "LineString", "coordinates": [[-48.3696246, -1.3713384], [-48.3695629, -1.3714738]]}}, {"type": "Feature", "properties": {"highway": "tertiary"}, "geometry": {"type": "LineString", "coordinates": [[-48.3751323, -1.3779969], [-48.3744147, -1.3775732], [-48.3733593, -1.3770061], [-48.3731769, -1.3769042], [-48.3730924, -1.3768572], [-48.3730347, -1.3768143], [-48.3726641, -1.376426], [-48.3722908, -1.3759864], [-48.3722108, -1.3758362], [-48.3721732, -1.3756663], [-48.3721277, -1.3754228], [-48.3720812, -1.375293], [-48.372037, -1.3752035], [-48.3719743, -1.3751266], [-48.3718365, -1.375047], [-48.3717267, -1.3749912], [-48.3716272, -1.3749084], [-48.3715864, -1.3748188], [-48.3715667, -1.3746676], [-48.3714536, -1.3735242], [-48.3714402, -1.3734491], [-48.3714053, -1.3733901], [-48.3698121, -1.3716606], [-48.3697397, -1.3715989], [-48.3696538, -1.371556], [-48.369549, -1.3715371]]}}, {"type": "Feature", "properties": {"highway": "tertiary"}, "geometry": {"type": "LineString", "coordinates": [[-48.3696282, -1.3713303], [-48.3698604, -1.37143], [-48.3700267, -1.3715802], [-48.3715931, -1.3732507], [-48.3716252, -1.373299], [-48.3716494, -1.3733714], [-48.3716574, -1.3734545], [-48.3717943, -1.3747201], [-48.3718619, -1.374771], [-48.3719605, -1.3747979], [-48.3721215, -1.3749239], [-48.3722448, -1.3751063], [-48.3723387, -1.3753181], [-48.3723789, -1.375605], [-48.3723897, -1.3756747], [-48.3724165, -1.3757471], [-48.3728457, -1.37627], [-48.3731031, -1.3766186], [-48.3731943, -1.3767017], [-48.3739561, -1.3771093], [-48.3751926, -1.3777904]]}}, {"type": "Feature", "properties": {"highway": "secondary"}, "geometry": {"type": "LineString", "coordinates": [[-48.4424859, -1.4120895], [-48.4425137, -1.4119699], [-48.4426126, -1.4118108], [-48.442753, -1.4116311], [-48.4429592, -1.4113953], [-48.4430987, -1.4112776]]}}, {"type": "Feature", "properties": {"highway": "secondary"}, "geometry": {"type": "LineString", "coordinates": [[-48.4430987, -1.4112776], [-48.4444186, -1.4097178], [-48.4449642, -1.4090731], [-48.4453591, -1.4086266], [-48.4455481, -1.4084128]]}}, {"type": "Feature", "properties": {"highway": "secondary"}, "geometry": {"type": "LineString", "coordinates": [[-48.4746673, -1.4263102], [-48.4747822, -1.4262415]]}}, {"type": "Feature", "properties": {"highway": "secondary"}, "geometry": {"type": "LineString", "coordinates": [[-48.4580785, -1.4374505], [-48.4584279, -1.4372177]]}}, {"type": "Feature", "properties": {"highway": "secondary"}, "geometry": {"type": "LineString", "coordinates": [[-48.4584279, -1.4372177], [-48.458788, -1.4369779], [-48.4588236, -1.4369541]]}}, {"type": "Feature", "properties": {"highway": "tertiary"}, "geometry": {"type": "LineString", "coordinates": [[-48.4856231, -1.4584717], [-48.4850871, -1.4584433], [-48.4850469, -1.4584387], [-48.4849714, -1.4584369]]}}, {"type": "Feature", "properties": {"highway": "tertiary"}, "geometry": {"type": "LineString", "coordinates": [[-48.4805795, -1.454978], [-48.480588, -1.4528931], [-48.4805881, -1.4528696], [-48.4805886, -1.4527197], [-48.4805891, -1.452595], [-48.4805934, -1.4523171], [-48.4805932, -1.4522728], [-48.4805925, -1.4521486]]}}, {"type": "Feature", "properties": {"highway": "tertiary"}, "geometry": {"type": "LineString", "coordinates": [[-48.4827374, -1.4566639], [-48.4827173, -1.4574462], [-48.482713, -1.4582803], [-48.4827129, -1.4582988], [-48.4827114, -1.4583671]]}}, {"type": "Feature", "properties": {"highway": "secondary"}, "geometry": {"type": "LineString", "coordinates": [[-48.4528363, -1.4285282], [-48.4529313, -1.4282327]]}}, {"type": "Feature", "properties": {"highway": "tertiary"}, "geometry": {"type": "LineString", "coordinates": [[-48.3487353, -1.3885617], [-48.3489713, -1.3878377], [-48.349379, -1.38656], [-48.3494863, -1.3862128], [-48.3496097, -1.3857274], [-48.3497304, -1.3854405], [-48.3498886, -1.3851536], [-48.350767, -1.3837619], [-48.3510316, -1.3833278], [-48.3513129, -1.3828663], [-48.3515707, -1.3823617], [-48.3518842, -1.3817482], [-48.352029, -1.3813733]]}}, {"type": "Feature", "properties": {"highway": "secondary"}, "geometry": {"type": "LineString", "coordinates": [[-48.374004, -1.3650057], [-48.3739144, -1.365477], [-48.3739039, -1.3655416], [-48.3738294, -1.3659912], [-48.373721, -1.3666762], [-48.3736602, -1.3670641]]}}, {"type": "Feature", "properties": {"highway": "trunk"}, "geometry": {"type": "LineString", "coordinates": [[-48.4226731, -1.3959253], [-48.4231534, -1.3964863], [-48.4235796, -1.396984], [-48.4236322, -1.3970442], [-48.4239082, -1.3973581]]}}, {"type": "Feature", "properties": {"highway": "trunk"}, "geometry": {"type": "LineString", "coordinates": [[-48.4196073, -1.3933316], [-48.4201958, -1.3937013], [-48.4206005, -1.3939632], [-48.4207296, -1.3940556], [-48.42091, -1.3941786], [-48.4210318, -1.3942664], [-48.421207, -1.3944022], [-48.4215586, -1.3946968], [-48.4217246, -1.3948823], [-48.421925, -1.395093], [-48.4225331, -1.3957618], [-48.4226731, -1.3959253]]}}, {"type": "Feature", "properties": {"highway": "secondary"}, "geometry": {"type": "LineString", "coordinates": [[-48.3753204, -1.3501765], [-48.3753562, -1.3507198], [-48.3753582, -1.3507651], [-48.3753661, -1.3509401], [-48.3754206, -1.3521835], [-48.3754462, -1.3527038]]}}, {"type": "Feature", "properties": {"highway": "secondary"}, "geometry": {"type": "LineString", "coordinates": [[-48.3752387, -1.3483996], [-48.3752382, -1.348751], [-48.3752442, -1.3488543], [-48.375246, -1.3488854], [-48.3752492, -1.3489409], [-48.3752576, -1.3490861], [-48.3752635, -1.349109], [-48.3753011, -1.3498573], [-48.3753021, -1.3498735], [-48.3753204, -1.3501765]]}}, {"type": "Feature", "properties": {"highway": "trunk"}, "geometry": {"type": "LineString", "coordinates": [[-48.427059, -1.4010042], [-48.4275589, -1.4015833], [-48.4278888, -1.4019544], [-48.428387, -1.4025303]]}}, {"type": "Feature", "properties": {"highway": "trunk"}, "geometry": {"type": "LineString", "coordinates": [[-48.4239082, -1.3973581], [-48.4243146, -1.3978254], [-48.4243864, -1.3979109], [-48.4244742, -1.3980103], [-48.4245349, -1.3980806], [-48.4247244, -1.3983001], [-48.4248085, -1.3983975], [-48.4259169, -1.3996814], [-48.427059, -1.4010042]]}}, {"type": "Feature", "properties": {"highway": "primary"}, "geometry": {"type": "LineString", "coordinates": [[-48.4418965, -1.3745985], [-48.4420213, -1.3743344]]}}, {"type": "Feature", "properties": {"highway": "primary"}, "geometry": {"type": "LineString", "coordinates": [[-48.4369778, -1.4080327], [-48.4374237, -1.4083466]]}}, {"type": "Feature", "properties": {"highway": "tertiary"}, "geometry": {"type": "LineString", "coordinates": [[-48.3785006, -1.33586], [-48.3786676, -1.3357661]]}}, {"type": "Feature", "properties": {"highway": "secondary"}, "geometry": {"type": "LineString", "coordinates": [[-48.4088749, -1.3854692], [-48.4088769, -1.385928], [-48.4088758, -1.3861625]]}}, {"type": "Feature", "properties": {"highway": "trunk"}, "geometry": {"type": "LineString", "coordinates": [[-48.4388603, -1.4091592], [-48.4385383, -1.4090222]]}}, {"type": "Feature", "properties": {"highway": "trunk"}, "geometry": {"type": "LineString", "coordinates": [[-48.44007, -1.4097085], [-48.4400211, -1.4096829], [-48.4396175, -1.4094715], [-48.4388603, -1.4091592]]}}, {"type": "Feature", "properties": {"highway": "trunk"}, "geometry": {"type": "LineString", "coordinates": [[-48.4376889, -1.408678], [-48.4372824, -1.4085035], [-48.437074, -1.4083954]]}}, {"type": "Feature", "properties": {"highway": "primary"}, "geometry": {"type": "LineString", "coordinates": [[-48.4307499, -1.4123204], [-48.4314418, -1.4121886]]}}, {"type": "Feature", "properties": {"highway": "tertiary"}, "geometry": {"type": "LineString", "coordinates": [[-48.470977, -1.444306], [-48.4709698, -1.4451526], [-48.4709627, -1.4452217]]}}, {"type": "Feature", "properties": {"highway": "tertiary"}, "geometry": {"type": "LineString", "coordinates": [[-48.4709803, -1.4439213], [-48.470977, -1.444306]]}}, {"type": "Feature", "properties": {"highway": "tertiary"}, "geometry": {"type": "LineString", "coordinates": [[-48.4022111, -1.329519], [-48.4022886, -1.3294797]]}}, {"type": "Feature", "properties": {"highway": "primary"}, "geometry": {"type": "LineString", "coordinates": [[-48.4250033, -1.3645002], [-48.4249445, -1.3645945]]}}, {"type": "Feature", "properties": {"highway": "primary"}, "geometry": {"type": "LineString", "coordinates": [[-48.4248845, -1.3645616], [-48.4249479, -1.3644591]]}}, {"type": "Feature", "properties": {"highway": "primary"}, "geometry": {"type": "LineString", "coordinates": [[-48.4249479, -1.3644591], [-48.4250629, -1.3642732], [-48.4252128, -1.364023], [-48.4253177, -1.3638416], [-48.4253811, -1.3637233], [-48.4254572, -1.3635815], [-48.4256348, -1.3632616], [-48.4258249, -1.3628808], [-48.4260286, -1.3625163], [-48.4262426, -1.362131], [-48.4262794, -1.3620432], [-48.4263829, -1.3618276], [-48.42641, -1.3617712], [-48.4267417, -1.3611359]]}}, {"type": "Feature", "properties": {"highway": "primary"}, "geometry": {"type": "LineString", "coordinates": [[-48.4268248, -1.3611822], [-48.4267045, -1.3614144], [-48.4262815, -1.362218], [-48.4261567, -1.3624522], [-48.4260448, -1.3626622], [-48.4257476, -1.3632171], [-48.4257068, -1.3632799], [-48.4255428, -1.3635998], [-48.4253978, -1.3638585], [-48.425339, -1.3639531], [-48.4252645, -1.3640677], [-48.4251376, -1.3642847], [-48.4251223, -1.3643093], [-48.4250033, -1.3645002]]}}, {"type": "Feature", "properties": {"highway": "tertiary"}, "geometry": {"type": "LineString", "coordinates": [[-48.4841191, -1.4421611], [-48.4846214, -1.4410842]]}}, {"type": "Feature", "properties": {"highway": "tertiary"}, "geometry": {"type": "LineString", "coordinates": [[-48.4846214, -1.4410842], [-48.4847775, -1.4407236], [-48.4847905, -1.4406936], [-48.4848413, -1.440637], [-48.4849057, -1.4405994], [-48.4851027, -1.4404849], [-48.4862399, -1.4399099], [-48.4865107, -1.439773], [-48.4866231, -1.4397084]]}}, {"type": "Feature", "properties": {"highway": "tertiary"}, "geometry": {"type": "LineString", "coordinates": [[-48.4836722, -1.4432064], [-48.4840774, -1.4422585], [-48.4841191, -1.4421611]]}}, {"type": "Feature", "properties": {"highway": "tertiary"}, "geometry": {"type": "LineString", "coordinates": [[-48.4837, -1.4476092], [-48.4836774, -1.4462988], [-48.4836759, -1.4462142]]}}, {"type": "Feature", "properties": {"highway": "tertiary"}, "geometry": {"type": "LineString", "coordinates": [[-48.4836759, -1.4462142], [-48.4836701, -1.4460762], [-48.4836168, -1.4448011], [-48.4836236, -1.4434041], [-48.4836722, -1.4432064]]}}, {"type": "Feature", "properties": {"highway": "tertiary"}, "geometry": {"type": "LineString", "coordinates": [[-48.4837509, -1.4502355], [-48.4837274, -1.4488318], [-48.4837013, -1.4477298], [-48.4837, -1.4476092]]}}, {"type": "Feature", "properties": {"highway": "tertiary"}, "geometry": {"type": "LineString", "coordinates": [[-48.465701, -1.3881612], [-48.466138, -1.3881662], [-48.4662698, -1.3881595]]}}, {"type": "Feature", "properties": {"highway": "tertiary"}, "geometry": {"type": "LineString", "coordinates": [[-48.4640944, -1.3881249], [-48.4642023, -1.3881252], [-48.464334, -1.3881257], [-48.4647842, -1.3881415], [-48.4649396, -1.3881449], [-48.465701, -1.3881612]]}}, {"type": "Feature", "properties": {"highway": "tertiary"}, "geometry": {"type": "LineString", "coordinates": [[-48.4904075, -1.4389139], [-48.4899385, -1.4380074]]}}, {"type": "Feature", "properties": {"highway": "tertiary"}, "geometry": {"type": "LineString", "coordinates": [[-48.4892982, -1.4367908], [-48.4891241, -1.4364727], [-48.4890037, -1.4362528], [-48.4888016, -1.4358621], [-48.488673, -1.4356136], [-48.4885208, -1.4353215]]}}, {"type": "Feature", "properties": {"highway": "tertiary"}, "geometry": {"type": "LineString", "coordinates": [[-48.4899385, -1.4380074], [-48.4892982, -1.4367908]]}}, {"type": "Feature", "properties": {"highway": "primary"}, "geometry": {"type": "LineString", "coordinates": [[-48.4915263, -1.4362033], [-48.4914316, -1.4358379], [-48.4914096, -1.4357572]]}}, {"type": "Feature", "properties": {"highway": "primary"}, "geometry": {"type": "LineString", "coordinates": [[-48.4914096, -1.4357572], [-48.4913831, -1.4356654]]}}, {"type": "Feature", "properties": {"highway": "primary"}, "geometry": {"type": "LineString", "coordinates": [[-48.3840016, -1.3363002], [-48.3823999, -1.3370864]]}}, {"type": "Feature", "properties": {"highway": "primary"}, "geometry": {"type": "LineString", "coordinates": [[-48.4758551, -1.4483724], [-48.4765694, -1.4483941], [-48.4770912, -1.4484193], [-48.4775051, -1.4484327], [-48.4778952, -1.4484833], [-48.4789081, -1.4487667], [-48.4796893, -1.448992], [-48.4806081, -1.4493013], [-48.4815047, -1.4495685], [-48.4819029, -1.4496812], [-48.4825686, -1.4498965], [-48.4826937, -1.4499369], [-48.4828136, -1.4499761]]}}, {"type": "Feature", "properties": {"highway": "primary"}, "geometry": {"type": "LineString", "coordinates": [[-48.4361704, -1.4064613], [-48.4361632, -1.4064758]]}}, {"type": "Feature", "properties": {"highway": "primary"}, "geometry": {"type": "LineString", "coordinates": [[-48.4348305, -1.4058054], [-48.4348615, -1.4057767]]}}, {"type": "Feature", "properties": {"highway": "secondary"}, "geometry": {"type": "LineString", "coordinates": [[-48.4073301, -1.348109], [-48.4074107, -1.3481919], [-48.4075065, -1.3482888]]}}, {"type": "Feature", "properties": {"highway": "secondary"}, "geometry": {"type": "LineString", "coordinates": [[-48.4196549, -1.3568818], [-48.4196401, -1.3568489], [-48.4195307, -1.3566366], [-48.4195238, -1.3566232], [-48.4194048, -1.3563925], [-48.4191797, -1.3559397], [-48.4191586, -1.3558978], [-48.4189611, -1.355502], [-48.418943, -1.3554604], [-48.4187171, -1.354994], [-48.4186732, -1.3548875], [-48.4186215, -1.3547462], [-48.418543, -1.3544814], [-48.4184814, -1.3541959], [-48.4184408, -1.3539662], [-48.4184155, -1.3537458], [-48.4184011, -1.353527], [-48.4184011, -1.3533251], [-48.418418, -1.3531452], [-48.4184501, -1.3529358], [-48.4185319, -1.3525588]]}}, {"type": "Feature", "properties": {"highway": "secondary"}, "geometry": {"type": "LineString", "coordinates": [[-48.425474, -1.3893519], [-48.4254792, -1.3893713], [-48.4254782, -1.3893944], [-48.4254699, -1.389416], [-48.425455, -1.3894338], [-48.4254352, -1.3894458], [-48.4254126, -1.3894509], [-48.4253946, -1.3894496], [-48.4253775, -1.3894438], [-48.4253624, -1.3894339], [-48.4253487, -1.3894181], [-48.4253401, -1.3893991], [-48.4253375, -1.3893784], [-48.425341, -1.3893578], [-48.4253503, -1.3893391], [-48.4253657, -1.3893232], [-48.4253852, -1.3893127], [-48.425407, -1.3893088], [-48.425429, -1.3893117], [-48.4254489, -1.3893213], [-48.4254637, -1.3893348], [-48.425474, -1.3893519]]}}, {"type": "Feature", "properties": {"highway": "secondary"}, "geometry": {"type": "LineString", "coordinates": [[-48.4689656, -1.4512587], [-48.4689784, -1.4511739], [-48.4689798, -1.451119]]}}, {"type": "Feature", "properties": {"highway": "primary"}, "geometry": {"type": "LineString", "coordinates": [[-48.4691356, -1.4514048], [-48.4690887, -1.4513731], [-48.4689656, -1.4512587]]}}, {"type": "Feature", "properties": {"highway": "primary"}, "geometry": {"type": "LineString", "coordinates": [[-48.4664465, -1.4484182], [-48.4663642, -1.448296]]}}, {"type": "Feature", "properties": {"highway": "trunk"}, "geometry": {"type": "LineString", "coordinates": [[-48.4646766, -1.4457693], [-48.4645477, -1.4455765]]}}, {"type": "Feature", "properties": {"highway": "trunk"}, "geometry": {"type": "LineString", "coordinates": [[-48.4621949, -1.4420423], [-48.4621041, -1.4419059]]}}, {"type": "Feature", "properties": {"highway": "trunk"}, "geometry": {"type": "LineString", "coordinates": [[-48.4613367, -1.4403151], [-48.4614791, -1.4405278]]}}, {"type": "Feature", "properties": {"highway": "secondary"}, "geometry": {"type": "LineString", "coordinates": [[-48.4208205, -1.36148], [-48.4206947, -1.3618439], [-48.4206057, -1.3620683], [-48.4205093, -1.3623275], [-48.4203124, -1.3628378], [-48.4202746, -1.3629489], [-48.4202374, -1.3630693], [-48.4202109, -1.3631687], [-48.4201938, -1.3632318], [-48.4201815, -1.3632844]]}}, {"type": "Feature", "properties": {"highway": "tertiary"}, "geometry": {"type": "LineString", "coordinates": [[-48.4687977, -1.3116667], [-48.4687561, -1.3125502], [-48.4687725, -1.3133171]]}}, {"type": "Feature", "properties": {"highway": "tertiary"}, "geometry": {"type": "LineString", "coordinates": [[-48.4771662, -1.3121065], [-48.4772386, -1.3113945], [-48.4772801, -1.3108796], [-48.4773319, -1.3102405]]}}, {"type": "Feature", "properties": {"highway": "secondary"}, "geometry": {"type": "LineString", "coordinates": [[-48.4189126, -1.3512575], [-48.4189361, -1.351175]]}}, {"type": "Feature", "properties": {"highway": "tertiary"}, "geometry": {"type": "LineString", "coordinates": [[-48.4811573, -1.4394035], [-48.4806887, -1.4391686], [-48.4805804, -1.4391143]]}}, {"type": "Feature", "properties": {"highway": "tertiary"}, "geometry": {"type": "LineString", "coordinates": [[-48.4805804, -1.4391143], [-48.4805828, -1.4389953]]}}, {"type": "Feature", "properties": {"highway": "tertiary"}, "geometry": {"type": "LineString", "coordinates": [[-48.4805804, -1.4391143], [-48.4790239, -1.4382763], [-48.4788765, -1.4381819]]}}, {"type": "Feature", "properties": {"highway": "trunk"}, "geometry": {"type": "LineString", "coordinates": [[-48.3480841, -1.3652201], [-48.3482431, -1.3652231], [-48.3506066, -1.3652695], [-48.3513678, -1.3652815], [-48.3514524, -1.3652815], [-48.3516031, -1.3652834]]}}, {"type": "Feature", "properties": {"highway": "trunk"}, "geometry": {"type": "LineString", "coordinates": [[-48.3521524, -1.3655215], [-48.3515802, -1.3655165], [-48.3513699, -1.3655153], [-48.3508274, -1.365498], [-48.3507738, -1.365497], [-48.3503353, -1.3654889], [-48.3499449, -1.3654816], [-48.3483718, -1.3654598], [-48.348231, -1.3654581], [-48.3474947, -1.3654493], [-48.3469917, -1.3654433], [-48.3467641, -1.3654455], [-48.3465707, -1.3654441], [-48.3460058, -1.3654401], [-48.3459565, -1.3654396]]}}, {"type": "Feature", "properties": {"highway": "secondary"}, "geometry": {"type": "LineString", "coordinates": [[-48.4378834, -1.355034], [-48.4377371, -1.3546482]]}}, {"type": "Feature", "properties": {"highway": "secondary"}, "geometry": {"type": "LineString", "coordinates": [[-48.437938, -1.3551618], [-48.4378834, -1.355034]]}}, {"type": "Feature", "properties": {"highway": "secondary"}, "geometry": {"type": "LineString", "coordinates": [[-48.4380387, -1.3554497], [-48.437938, -1.3551618]]}}, {"type": "Feature", "properties": {"highway": "secondary"}, "geometry": {"type": "LineString", "coordinates": [[-48.438093, -1.3555929], [-48.4380387, -1.3554497]]}}, {"type": "Feature", "properties": {"highway": "secondary"}, "geometry": {"type": "LineString", "coordinates": [[-48.4381959, -1.35586], [-48.438093, -1.3555929]]}}, {"type": "Feature", "properties": {"highway": "secondary"}, "geometry": {"type": "LineString", "coordinates": [[-48.4382795, -1.3560848], [-48.4381959, -1.35586]]}}, {"type": "Feature", "properties": {"highway": "secondary"}, "geometry": {"type": "LineString", "coordinates": [[-48.4388763, -1.357476], [-48.4387043, -1.3571342], [-48.4386727, -1.3570696], [-48.4386257, -1.3569621], [-48.4385032, -1.3566742], [-48.4384839, -1.3566183], [-48.4384506, -1.3565302], [-48.4384062, -1.3564193], [-48.4383473, -1.3562667], [-48.4382795, -1.3560848]]}}, {"type": "Feature", "properties": {"highway": "secondary"}, "geometry": {"type": "LineString", "coordinates": [[-48.4366241, -1.351844], [-48.436586, -1.3517559], [-48.4364384, -1.3513808]]}}, {"type": "Feature", "properties": {"highway": "secondary"}, "geometry": {"type": "LineString", "coordinates": [[-48.436671, -1.3519538], [-48.4366241, -1.351844]]}}, {"type": "Feature", "properties": {"highway": "secondary"}, "geometry": {"type": "LineString", "coordinates": [[-48.4368224, -1.3523334], [-48.4367839, -1.3522369], [-48.4367146, -1.352063], [-48.436671, -1.3519538]]}}, {"type": "Feature", "properties": {"highway": "secondary"}, "geometry": {"type": "LineString", "coordinates": [[-48.4369797, -1.3526957], [-48.4368224, -1.3523334]]}}, {"type": "Feature", "properties": {"highway": "secondary"}, "geometry": {"type": "LineString", "coordinates": [[-48.4377371, -1.3546482], [-48.4376325, -1.3543824], [-48.4375484, -1.3541741]]}}, {"type": "Feature", "properties": {"highway": "secondary"}, "geometry": {"type": "LineString", "coordinates": [[-48.4758551, -1.4483724], [-48.4758934, -1.4471373]]}}, {"type": "Feature", "properties": {"highway": "secondary"}, "geometry": {"type": "LineString", "coordinates": [[-48.4618875, -1.4182273], [-48.4618216, -1.4182892], [-48.4617728, -1.4183349]]}}, {"type": "Feature", "properties": {"highway": "primary"}, "geometry": {"type": "LineString", "coordinates": [[-48.4347677, -1.3963249], [-48.4347867, -1.396065]]}}, {"type": "Feature", "properties": {"highway": "secondary"}, "geometry": {"type": "LineString", "coordinates": [[-48.4348078, -1.3957166], [-48.4348529, -1.3957188], [-48.434878, -1.3957209]]}}, {"type": "Feature", "properties": {"highway": "tertiary"}, "geometry": {"type": "LineString", "coordinates": [[-48.4546011, -1.4415202], [-48.4545403, -1.4415642], [-48.4544979, -1.4415952]]}}, {"type": "Feature", "properties": {"highway": "tertiary"}, "geometry": {"type": "LineString", "coordinates": [[-48.4529834, -1.4390901], [-48.4529015, -1.4391464]]}}, {"type": "Feature", "properties": {"highway": "secondary"}, "geometry": {"type": "LineString", "coordinates": [[-48.4537064, -1.4403609], [-48.4537648, -1.4403217]]}}, {"type": "Feature", "properties": {"highway": "secondary"}, "geometry": {"type": "LineString", "coordinates": [[-48.4537648, -1.4403217], [-48.4537893, -1.4403053]]}}, {"type": "Feature", "properties": {"highway": "tertiary"}, "geometry": {"type": "LineString", "coordinates": [[-48.452174, -1.4378254], [-48.4520957, -1.4378739]]}}, {"type": "Feature", "properties": {"highway": "primary"}, "geometry": {"type": "LineString", "coordinates": [[-48.4645158, -1.4086182], [-48.4649491, -1.4081731], [-48.4656829, -1.4074078]]}}, {"type": "Feature", "properties": {"highway": "secondary"}, "geometry": {"type": "LineString", "coordinates": [[-48.4102111, -1.368186], [-48.4102107, -1.3683464]]}}, {"type": "Feature", "properties": {"highway": "tertiary"}, "geometry": {"type": "LineString", "coordinates": [[-48.4802019, -1.3918437], [-48.4802131, -1.3917713], [-48.4802131, -1.3916265], [-48.4801903, -1.3914093], [-48.4801651, -1.391097]]}}, {"type": "Feature", "properties": {"highway": "tertiary"}, "geometry": {"type": "LineString", "coordinates": [[-48.4800044, -1.3894162], [-48.4799769, -1.3891236], [-48.4799692, -1.389042], [-48.4799342, -1.3886593], [-48.4799285, -1.3885964]]}}, {"type": "Feature", "properties": {"highway": "tertiary"}, "geometry": {"type": "LineString", "coordinates": [[-48.4801651, -1.391097], [-48.4801397, -1.3908832], [-48.4800691, -1.3901317], [-48.4800519, -1.3899481], [-48.4800044, -1.3894162]]}}, {"type": "Feature", "properties": {"highway": "tertiary"}, "geometry": {"type": "LineString", "coordinates": [[-48.446488, -1.4245683], [-48.4464726, -1.424564], [-48.4464503, -1.4245586], [-48.4463754, -1.4245376]]}}, {"type": "Feature", "properties": {"highway": "primary"}, "geometry": {"type": "LineString", "coordinates": [[-48.4901108, -1.4307111], [-48.4900974, -1.4306544], [-48.4900756, -1.4305624]]}}, {"type": "Feature", "properties": {"highway": "trunk"}, "geometry": {"type": "LineString", "coordinates": [[-48.4410419, -1.4105696], [-48.4408274, -1.4103265], [-48.4404215, -1.4099553], [-48.4401853, -1.4097689], [-48.44007, -1.4097085]]}}, {"type": "Feature", "properties": {"highway": "tertiary"}, "geometry": {"type": "LineString", "coordinates": [[-48.4815012, -1.4087595], [-48.4814681, -1.4086755]]}}, {"type": "Feature", "properties": {"highway": "tertiary"}, "geometry": {"type": "LineString", "coordinates": [[-48.4815413, -1.4086736], [-48.4815012, -1.4087595]]}}, {"type": "Feature", "properties": {"highway": "trunk"}, "geometry": {"type": "LineString", "coordinates": [[-48.4385383, -1.4090222], [-48.4377723, -1.4087118], [-48.4376889, -1.408678]]}}, {"type": "Feature", "properties": {"highway": "tertiary"}, "geometry": {"type": "LineString", "coordinates": [[-48.4950746, -1.443988], [-48.4952871, -1.4443577], [-48.4953319, -1.4444437]]}}, {"type": "Feature", "properties": {"highway": "secondary"}, "geometry": {"type": "LineString", "coordinates": [[-48.4927758, -1.4414076], [-48.4932356, -1.4410766], [-48.4933312, -1.4410078]]}}, {"type": "Feature", "properties": {"highway": "primary"}, "geometry": {"type": "LineString", "coordinates": [[-48.4982262, -1.4486989], [-48.4979355, -1.4491608], [-48.4979121, -1.4491989]]}}, {"type": "Feature", "properties": {"highway": "primary"}, "geometry": {"type": "LineString", "coordinates": [[-48.4904427, -1.4320924], [-48.490419, -1.4320061]]}}, {"type": "Feature", "properties": {"highway": "primary"}, "geometry": {"type": "LineString", "coordinates": [[-48.4904135, -1.4319882], [-48.4902861, -1.4314549], [-48.4902781, -1.4314171], [-48.4901108, -1.4307111]]}}, {"type": "Feature", "properties": {"highway": "trunk"}, "geometry": {"type": "LineString", "coordinates": [[-48.4090279, -1.3867139], [-48.40964, -1.3871052]]}}, {"type": "Feature", "properties": {"highway": "secondary"}, "geometry": {"type": "LineString", "coordinates": [[-48.4970636, -1.4573519], [-48.4960082, -1.4567188]]}}, {"type": "Feature", "properties": {"highway": "primary"}, "geometry": {"type": "LineString", "coordinates": [[-48.4913818, -1.4459562], [-48.4902637, -1.4450958], [-48.4897112, -1.4446707], [-48.4896756, -1.4446411]]}}, {"type": "Feature", "properties": {"highway": "primary"}, "geometry": {"type": "LineString", "coordinates": [[-48.3985892, -1.3366259], [-48.3986288, -1.3366574]]}}, {"type": "Feature", "properties": {"highway": "primary"}, "geometry": {"type": "LineString", "coordinates": [[-48.3909506, -1.3333854], [-48.3914334, -1.3334364], [-48.392524, -1.3335379], [-48.392643, -1.333549], [-48.3938245, -1.3336496], [-48.3942604, -1.3336703], [-48.394538, -1.3336985], [-48.3946064, -1.3337099], [-48.3946735, -1.3337327], [-48.3948176, -1.3338265], [-48.3949699, -1.3339418], [-48.3950825, -1.3340223], [-48.3952339, -1.3341249], [-48.3956113, -1.3344107], [-48.3960368, -1.334731], [-48.3964527, -1.3350411], [-48.3964956, -1.335074], [-48.3967268, -1.3352578], [-48.3968272, -1.3353281], [-48.3970516, -1.3354789], [-48.3971961, -1.3355876], [-48.3973604, -1.3357136], [-48.3975394, -1.3358444], [-48.3977426, -1.3359898], [-48.3982299, -1.3363544], [-48.3985892, -1.3366259]]}}, {"type": "Feature", "properties": {"highway": "primary"}, "geometry": {"type": "LineString", "coordinates": [[-48.3985407, -1.3367881], [-48.3984768, -1.3367473]]}}, {"type": "Feature", "properties": {"highway": "primary"}, "geometry": {"type": "LineString", "coordinates": [[-48.4071577, -1.3431087], [-48.4071105, -1.3430706], [-48.406123, -1.3423338], [-48.4059791, -1.3422385], [-48.4054026, -1.3418117], [-48.4043564, -1.3410371], [-48.4042347, -1.3409472], [-48.40418, -1.3409071], [-48.404077, -1.3408316], [-48.403806, -1.3406328], [-48.4037208, -1.3405703], [-48.403346, -1.3402925], [-48.4025991, -1.3397554], [-48.4022811, -1.3394756], [-48.4019291, -1.3392675], [-48.4014493, -1.3389139], [-48.4008409, -1.3384656], [-48.4005695, -1.3382693], [-48.4002915, -1.3380655], [-48.4000545, -1.3378929], [-48.3998994, -1.3377805], [-48.3995875, -1.3375518], [-48.3994344, -1.3374396], [-48.3989942, -1.3371168], [-48.3985407, -1.3367881]]}}, {"type": "Feature", "properties": {"highway": "trunk"}, "geometry": {"type": "LineString", "coordinates": [[-48.4328983, -1.4052715], [-48.4324094, -1.4051383], [-48.4316652, -1.4049371]]}}, {"type": "Feature", "properties": {"highway": "trunk"}, "geometry": {"type": "LineString", "coordinates": [[-48.4305334, -1.404586], [-48.4304267, -1.4045331], [-48.4301402, -1.4043912], [-48.4300588, -1.4043509], [-48.4296726, -1.4041016]]}}, {"type": "Feature", "properties": {"highway": "tertiary"}, "geometry": {"type": "LineString", "coordinates": [[-48.3897451, -1.3755491], [-48.3896952, -1.3755616], [-48.3896465, -1.3755782], [-48.3895994, -1.375599], [-48.3895345, -1.3756362], [-48.3894747, -1.3756812]]}}, {"type": "Feature", "properties": {"highway": "tertiary"}, "geometry": {"type": "LineString", "coordinates": [[-48.3894747, -1.3756812], [-48.3893151, -1.3768756]]}}, {"type": "Feature", "properties": {"highway": "secondary"}, "geometry": {"type": "LineString", "coordinates": [[-48.4885213, -1.4459093], [-48.4882465, -1.4463249], [-48.4882267, -1.446355], [-48.4881671, -1.4464389]]}}, {"type": "Feature", "properties": {"highway": "primary"}, "geometry": {"type": "LineString", "coordinates": [[-48.4456282, -1.408303], [-48.4468606, -1.4085893], [-48.4471641, -1.4086571], [-48.4489565, -1.4091072], [-48.4506642, -1.4095361], [-48.45137, -1.4097153], [-48.4515497, -1.4097529], [-48.4517336, -1.4097876], [-48.4519494, -1.4098038], [-48.4522138, -1.4098045], [-48.452357, -1.4097841], [-48.4525124, -1.4097619], [-48.4527192, -1.4097234], [-48.4529078, -1.4096597], [-48.4531507, -1.4095784]]}}, {"type": "Feature", "properties": {"highway": "primary"}, "geometry": {"type": "LineString", "coordinates": [[-48.4532146, -1.4096921], [-48.452975, -1.4097812], [-48.45259, -1.4098748], [-48.4522033, -1.409926], [-48.4519901, -1.4099226], [-48.4517133, -1.4099003], [-48.4514126, -1.409857], [-48.4510744, -1.4097706], [-48.4506242, -1.4096555], [-48.4490497, -1.4093385], [-48.4489275, -1.4093062], [-48.4470681, -1.4087916], [-48.4468733, -1.4087431], [-48.4461187, -1.408555], [-48.4455481, -1.4084128]]}}, {"type": "Feature", "properties": {"highway": "primary"}, "geometry": {"type": "LineString", "coordinates": [[-48.4587474, -1.407906], [-48.4582625, -1.4078934]]}}, {"type": "Feature", "properties": {"highway": "primary"}, "geometry": {"type": "LineString", "coordinates": [[-48.4634786, -1.4080439], [-48.4633997, -1.4080247], [-48.4633246, -1.4080073], [-48.4631622, -1.4079988], [-48.4628673, -1.4079952], [-48.4608951, -1.4079603], [-48.4600743, -1.4079402], [-48.4594167, -1.4079232], [-48.459062, -1.4079141], [-48.4587474, -1.407906]]}}, {"type": "Feature", "properties": {"highway": "primary"}, "geometry": {"type": "LineString", "coordinates": [[-48.470661, -1.4024962], [-48.4702695, -1.4029253]]}}, {"type": "Feature", "properties": {"highway": "primary"}, "geometry": {"type": "LineString", "coordinates": [[-48.4372656, -1.4063823], [-48.4369746, -1.4063007]]}}, {"type": "Feature", "properties": {"highway": "tertiary"}, "geometry": {"type": "LineString", "coordinates": [[-48.4577977, -1.3813505], [-48.4578851, -1.3813098], [-48.4579434, -1.3812561]]}}, {"type": "Feature", "properties": {"highway": "tertiary"}, "geometry": {"type": "LineString", "coordinates": [[-48.4579434, -1.3812561], [-48.4579419, -1.381336], [-48.4579415, -1.3813605], [-48.4579365, -1.3814669]]}}, {"type": "Feature", "properties": {"highway": "primary"}, "geometry": {"type": "LineString", "coordinates": [[-48.4138288, -1.3508236], [-48.4142839, -1.3508789]]}}, {"type": "Feature", "properties": {"highway": "primary"}, "geometry": {"type": "LineString", "coordinates": [[-48.4106604, -1.3503196], [-48.4108177, -1.3503672], [-48.4109008, -1.350388], [-48.4110954, -1.3504196], [-48.4113739, -1.350463], [-48.4128454, -1.3506754], [-48.4138288, -1.3508236]]}}, {"type": "Feature", "properties": {"highway": "primary"}, "geometry": {"type": "LineString", "coordinates": [[-48.4146854, -1.3511273], [-48.4142401, -1.3510545]]}}, {"type": "Feature", "properties": {"highway": "primary"}, "geometry": {"type": "LineString", "coordinates": [[-48.4142401, -1.3510545], [-48.4140471, -1.3510255], [-48.4131415, -1.3508892], [-48.412808, -1.3508366], [-48.4122851, -1.3507551], [-48.4117734, -1.3506754], [-48.4108552, -1.3505625], [-48.4106937, -1.3505414]]}}, {"type": "Feature", "properties": {"highway": "secondary"}, "geometry": {"type": "LineString", "coordinates": [[-48.4880196, -1.4463129], [-48.4881116, -1.4463926]]}}, {"type": "Feature", "properties": {"highway": "secondary"}, "geometry": {"type": "LineString", "coordinates": [[-48.4881116, -1.4463926], [-48.4881374, -1.4464096], [-48.4881671, -1.4464389]]}}, {"type": "Feature", "properties": {"highway": "secondary"}, "geometry": {"type": "LineString", "coordinates": [[-48.4705538, -1.4026961], [-48.470352, -1.4028532], [-48.4702695, -1.4029253]]}}, {"type": "Feature", "properties": {"highway": "tertiary"}, "geometry": {"type": "LineString", "coordinates": [[-48.4786832, -1.4402911], [-48.4805635, -1.4409878]]}}, {"type": "Feature", "properties": {"highway": "tertiary"}, "geometry": {"type": "LineString", "coordinates": [[-48.4640376, -1.4034966], [-48.4645843, -1.4031851], [-48.4649438, -1.4029802], [-48.4660572, -1.4023456]]}}, {"type": "Feature", "properties": {"highway": "tertiary"}, "geometry": {"type": "LineString", "coordinates": [[-48.4595413, -1.3845404], [-48.4594944, -1.3845717], [-48.4594613, -1.3846013], [-48.4594314, -1.3846481], [-48.459403, -1.3846994]]}}, {"type": "Feature", "properties": {"highway": "primary"}, "geometry": {"type": "LineString", "coordinates": [[-48.4369679, -1.4062054], [-48.4371029, -1.406239], [-48.4381402, -1.4064975]]}}, {"type": "Feature", "properties": {"highway": "tertiary"}, "geometry": {"type": "LineString", "coordinates": [[-48.315181, -1.3880503], [-48.314502, -1.3891131], [-48.313184, -1.3908245]]}}, {"type": "Feature", "properties": {"highway": "tertiary"}, "geometry": {"type": "LineString", "coordinates": [[-48.3459364, -1.3651843], [-48.3459405, -1.3649993], [-48.345954, -1.364552], [-48.3459632, -1.3644006], [-48.3459773, -1.3642981], [-48.3460222, -1.364174], [-48.3460839, -1.3640373], [-48.3468979, -1.3623748], [-48.3469811, -1.362226], [-48.347429, -1.3614269], [-48.3478094, -1.360731]]}}, {"type": "Feature", "properties": {"highway": "tertiary"}, "geometry": {"type": "LineString", "coordinates": [[-48.4755257, -1.4087947], [-48.4768949, -1.4101138]]}}, {"type": "Feature", "properties": {"highway": "tertiary"}, "geometry": {"type": "LineString", "coordinates": [[-48.4768949, -1.4101138], [-48.4769684, -1.410185], [-48.4777012, -1.4108952], [-48.4777733, -1.4109651], [-48.4782016, -1.4113998]]}}, {"type": "Feature", "properties": {"highway": "trunk"}, "geometry": {"type": "LineString", "coordinates": [[-48.3619038, -1.3697924], [-48.3617426, -1.3718765], [-48.3616697, -1.3727273], [-48.3615173, -1.374507], [-48.3614745, -1.3748876], [-48.3614059, -1.3752325], [-48.361301, -1.3756059], [-48.3611656, -1.3759791], [-48.3606172, -1.3772565], [-48.3604152, -1.377727], [-48.3602567, -1.3780934], [-48.3601239, -1.3783715], [-48.3599308, -1.378858], [-48.3598913, -1.3789508], [-48.359798, -1.3791861], [-48.3597033, -1.3793896], [-48.359672, -1.3794569], [-48.3595298, -1.3798591]]}}, {"type": "Feature", "properties": {"highway": "trunk"}, "geometry": {"type": "LineString", "coordinates": [[-48.3619038, -1.3697924], [-48.3618949, -1.3696609], [-48.3619301, -1.3688456], [-48.3621553, -1.3664977]]}}, {"type": "Feature", "properties": {"highway": "trunk"}, "geometry": {"type": "LineString", "coordinates": [[-48.3622365, -1.3664855], [-48.3622138, -1.3667088], [-48.3620396, -1.3688513], [-48.3619646, -1.3694149], [-48.3619595, -1.3695033], [-48.361949, -1.3695913], [-48.3619331, -1.3696784], [-48.3619196, -1.3697357], [-48.3619038, -1.3697924]]}}, {"type": "Feature", "properties": {"highway": "trunk"}, "geometry": {"type": "LineString", "coordinates": [[-48.2994363, -1.4584331], [-48.2994349, -1.458531], [-48.2994358, -1.4589642], [-48.2994297, -1.4591734], [-48.2994026, -1.4616674], [-48.2994071, -1.4619537], [-48.2994018, -1.4626096]]}}, {"type": "Feature", "properties": {"highway": "secondary"}, "geometry": {"type": "LineString", "coordinates": [[-48.4931786, -1.4410093], [-48.4932274, -1.4409734]]}}, {"type": "Feature", "properties": {"highway": "tertiary"}, "geometry": {"type": "LineString", "coordinates": [[-48.4693991, -1.4028461], [-48.469251, -1.40269], [-48.46909, -1.4025185], [-48.4686179, -1.4020505], [-48.4685449, -1.4019989], [-48.4685039, -1.4019701]]}}, {"type": "Feature", "properties": {"highway": "tertiary"}, "geometry": {"type": "LineString", "coordinates": [[-48.4697156, -1.4033115], [-48.4696876, -1.403264], [-48.4696172, -1.4031443], [-48.4695024, -1.4029863], [-48.4693991, -1.4028461]]}}, {"type": "Feature", "properties": {"highway": "trunk"}, "geometry": {"type": "LineString", "coordinates": [[-48.2627393, -1.3609996], [-48.2628761, -1.361212], [-48.2629403, -1.3612986], [-48.2631678, -1.3616052], [-48.2635508, -1.362141], [-48.2636301, -1.3622378], [-48.2636573, -1.3622711], [-48.2639271, -1.3625622], [-48.2641679, -1.3627636], [-48.2644174, -1.362966], [-48.2645637, -1.3630762], [-48.2646775, -1.3631618], [-48.2648953, -1.3633052], [-48.2650711, -1.3634008], [-48.2652381, -1.3634916], [-48.2656378, -1.363682], [-48.2658604, -1.3637664], [-48.2661487, -1.3638683], [-48.2663048, -1.3639111], [-48.2665269, -1.3639702], [-48.2666931, -1.3640084], [-48.2669422, -1.364045]]}}, {"type": "Feature", "properties": {"highway": "trunk"}, "geometry": {"type": "LineString", "coordinates": [[-48.2669422, -1.364045], [-48.2670687, -1.3640641], [-48.2676054, -1.3641123], [-48.2680039, -1.3641194], [-48.2696879, -1.3641497]]}}, {"type": "Feature", "properties": {"highway": "trunk"}, "geometry": {"type": "LineString", "coordinates": [[-48.2701255, -1.3643779], [-48.2700689, -1.364377], [-48.2697042, -1.3643697], [-48.2691355, -1.3643583], [-48.268422, -1.3643439], [-48.2683079, -1.3643416]]}}, {"type": "Feature", "properties": {"highway": "trunk"}, "geometry": {"type": "LineString", "coordinates": [[-48.2725337, -1.3641955], [-48.2736796, -1.3642204], [-48.273884, -1.3642248], [-48.2743761, -1.3642357], [-48.2750913, -1.3642038], [-48.2752604, -1.3641903], [-48.2762259, -1.3641999], [-48.2763098, -1.364194], [-48.2763782, -1.3641971], [-48.2768122, -1.3642137], [-48.2773316, -1.3642188], [-48.2783796, -1.3642335], [-48.2804737, -1.3643162], [-48.282072, -1.3643488], [-48.2837581, -1.364384], [-48.2845868, -1.364396], [-48.2858615, -1.3643867], [-48.2864011, -1.3644241], [-48.2865439, -1.36443], [-48.2869073, -1.364428], [-48.287205, -1.3644293], [-48.287367, -1.3644342], [-48.2875618, -1.3644291], [-48.2876095, -1.3644335], [-48.2877498, -1.3644452], [-48.2879888, -1.3644532], [-48.2883399, -1.3644619], [-48.2887734, -1.364472], [-48.2922962, -1.3645352], [-48.2948631, -1.3645043], [-48.2951446, -1.3645134]]}}, {"type": "Feature", "properties": {"highway": "trunk"}, "geometry": {"type": "LineString", "coordinates": [[-48.2759249, -1.3644148], [-48.2756833, -1.3644081], [-48.2753117, -1.3644097], [-48.2750833, -1.364409], [-48.2744072, -1.3644596], [-48.2740237, -1.3644516], [-48.2737098, -1.3644436], [-48.2729416, -1.3644312], [-48.2728502, -1.3644288], [-48.2723433, -1.3644207], [-48.2721555, -1.364418]]}}, {"type": "Feature", "properties": {"highway": "trunk"}, "geometry": {"type": "LineString", "coordinates": [[-48.3043533, -1.3649315], [-48.3040108, -1.3649092], [-48.3030968, -1.364904], [-48.3030356, -1.3649036], [-48.3029768, -1.3648999]]}}, {"type": "Feature", "properties": {"highway": "trunk"}, "geometry": {"type": "LineString", "coordinates": [[-48.2951446, -1.3645134], [-48.2962979, -1.3645241]]}}, {"type": "Feature", "properties": {"highway": "trunk"}, "geometry": {"type": "LineString", "coordinates": [[-48.2700031, -1.3641559], [-48.2704624, -1.364164], [-48.2708707, -1.3641721], [-48.271356, -1.3641817], [-48.2719557, -1.3641935], [-48.2720844, -1.3641939], [-48.2725337, -1.3641955]]}}, {"type": "Feature", "properties": {"highway": "trunk"}, "geometry": {"type": "LineString", "coordinates": [[-48.2644871, -1.3633294], [-48.2644074, -1.363276], [-48.264243, -1.3631631], [-48.2640921, -1.3630471], [-48.2640633, -1.363025], [-48.2639238, -1.3628976], [-48.2636717, -1.3626309], [-48.2634665, -1.3623962], [-48.2634519, -1.3623779], [-48.2632385, -1.3621093], [-48.2629864, -1.3617714], [-48.2628694, -1.3615982], [-48.2628365, -1.3615496]]}}, {"type": "Feature", "properties": {"highway": "trunk"}, "geometry": {"type": "LineString", "coordinates": [[-48.2669359, -1.3642853], [-48.2663794, -1.3641901], [-48.2659513, -1.3640731], [-48.2658832, -1.3640493], [-48.2655399, -1.363926], [-48.2651778, -1.3637611], [-48.2649489, -1.3636289], [-48.2648063, -1.3635466], [-48.2645944, -1.3634044], [-48.2644871, -1.3633294]]}}, {"type": "Feature", "properties": {"highway": "trunk"}, "geometry": {"type": "LineString", "coordinates": [[-48.2721555, -1.364418], [-48.2719517, -1.364406], [-48.271689, -1.3644026], [-48.2712624, -1.3643971], [-48.2708843, -1.3643922], [-48.2708694, -1.364392], [-48.2707083, -1.3643899], [-48.2705678, -1.3643871], [-48.2701255, -1.3643779]]}}, {"type": "Feature", "properties": {"highway": "trunk"}, "geometry": {"type": "LineString", "coordinates": [[-48.2628365, -1.3615496], [-48.262751, -1.3614264], [-48.2627249, -1.3613867]]}}, {"type": "Feature", "properties": {"highway": "trunk"}, "geometry": {"type": "LineString", "coordinates": [[-48.2613576, -1.3590034], [-48.2614547, -1.3591435], [-48.2615811, -1.3593364], [-48.2617271, -1.3595592], [-48.2620908, -1.3600929], [-48.2621746, -1.3602097], [-48.262263, -1.3603361], [-48.2624486, -1.3605916], [-48.2627182, -1.360967], [-48.2627393, -1.3609996]]}}, {"type": "Feature", "properties": {"highway": "trunk"}, "geometry": {"type": "LineString", "coordinates": [[-48.2696879, -1.3641497], [-48.2698458, -1.3641528], [-48.2700031, -1.3641559]]}}, {"type": "Feature", "properties": {"highway": "secondary"}, "geometry": {"type": "LineString", "coordinates": [[-48.4012256, -1.3665762], [-48.4007545, -1.3663207]]}}, {"type": "Feature", "properties": {"highway": "secondary"}, "geometry": {"type": "LineString", "coordinates": [[-48.3872651, -1.3734894], [-48.3873658, -1.3742938]]}}, {"type": "Feature", "properties": {"highway": "secondary"}, "geometry": {"type": "LineString", "coordinates": [[-48.3872871, -1.3742929], [-48.3871818, -1.3734847]]}}, {"type": "Feature", "properties": {"highway": "secondary"}, "geometry": {"type": "LineString", "coordinates": [[-48.3871818, -1.3734847], [-48.3871053, -1.3729195]]}}, {"type": "Feature", "properties": {"highway": "secondary"}, "geometry": {"type": "LineString", "coordinates": [[-48.3871505, -1.3726221], [-48.3871794, -1.3728847], [-48.3872222, -1.3731622], [-48.3872539, -1.3734064], [-48.3872651, -1.3734894]]}}, {"type": "Feature", "properties": {"highway": "secondary"}, "geometry": {"type": "LineString", "coordinates": [[-48.3873658, -1.3742938], [-48.387403, -1.3745889], [-48.3874185, -1.3746923]]}}, {"type": "Feature", "properties": {"highway": "secondary"}, "geometry": {"type": "LineString", "coordinates": [[-48.4610355, -1.3772244], [-48.4611109, -1.3776689], [-48.4611393, -1.3778482], [-48.4611562, -1.3779659], [-48.461213, -1.3783335]]}}, {"type": "Feature", "properties": {"highway": "secondary"}, "geometry": {"type": "LineString", "coordinates": [[-48.4609215, -1.3771722], [-48.4610355, -1.3772244]]}}, {"type": "Feature", "properties": {"highway": "secondary"}, "geometry": {"type": "LineString", "coordinates": [[-48.4611121, -1.3783332], [-48.4610601, -1.3779798], [-48.4610395, -1.3778576], [-48.4610039, -1.3776552], [-48.4609215, -1.3771722]]}}, {"type": "Feature", "properties": {"highway": "secondary"}, "geometry": {"type": "LineString", "coordinates": [[-48.4678545, -1.3019815], [-48.467961, -1.3020046], [-48.4680253, -1.3020423]]}}, {"type": "Feature", "properties": {"highway": "primary"}, "geometry": {"type": "LineString", "coordinates": [[-48.4499786, -1.3318401], [-48.4499543, -1.3316649], [-48.4499032, -1.3312975]]}}, {"type": "Feature", "properties": {"highway": "primary"}, "geometry": {"type": "LineString", "coordinates": [[-48.4500673, -1.3312785], [-48.450184, -1.3322517]]}}, {"type": "Feature", "properties": {"highway": "secondary"}, "geometry": {"type": "LineString", "coordinates": [[-48.4329577, -1.3622646], [-48.4328311, -1.362464]]}}, {"type": "Feature", "properties": {"highway": "primary"}, "geometry": {"type": "LineString", "coordinates": [[-48.4330572, -1.3624457], [-48.4330679, -1.3624646], [-48.4332571, -1.3628059], [-48.4335218, -1.3632802], [-48.4337389, -1.36367], [-48.4338047, -1.3637881], [-48.4342916, -1.3646619], [-48.4347659, -1.3655109], [-48.4351103, -1.366132], [-48.435174, -1.3662468], [-48.4352777, -1.3664134], [-48.4353666, -1.3665071], [-48.4354267, -1.3665582]]}}, {"type": "Feature", "properties": {"highway": "primary"}, "geometry": {"type": "LineString", "coordinates": [[-48.432879, -1.3625518], [-48.4328311, -1.362464]]}}, {"type": "Feature", "properties": {"highway": "primary"}, "geometry": {"type": "LineString", "coordinates": [[-48.4327264, -1.362277], [-48.432557, -1.3619793], [-48.4324913, -1.3618707], [-48.4324108, -1.3617661], [-48.4323344, -1.3616883], [-48.4322271, -1.3616146], [-48.4320742, -1.3615127], [-48.4319159, -1.3614229], [-48.431173, -1.3609885], [-48.4289393, -1.3596893], [-48.4287127, -1.3595559], [-48.4286415, -1.3595177], [-48.4284197, -1.3593796], [-48.4283377, -1.35933], [-48.4280784, -1.3591731], [-48.4280136, -1.3591362]]}}, {"type": "Feature", "properties": {"highway": "primary"}, "geometry": {"type": "LineString", "coordinates": [[-48.4338019, -1.3482358], [-48.4339278, -1.34806], [-48.4340434, -1.3478487], [-48.4341597, -1.3476711], [-48.434497, -1.3471329], [-48.4346658, -1.3468942], [-48.4348201, -1.3466739], [-48.4351569, -1.3462404], [-48.435299, -1.346069], [-48.4355084, -1.3458229], [-48.4357407, -1.3455421]]}}, {"type": "Feature", "properties": {"highway": "primary"}, "geometry": {"type": "LineString", "coordinates": [[-48.4358122, -1.3456011], [-48.4355387, -1.3459241], [-48.4353053, -1.3461976], [-48.4349989, -1.3465676], [-48.434867, -1.3467479], [-48.434721, -1.3469557], [-48.4346347, -1.3470812], [-48.4345404, -1.3472218], [-48.4344997, -1.3472916], [-48.4344946, -1.3473003], [-48.4342988, -1.3476129], [-48.4338724, -1.348279]]}}, {"type": "Feature", "properties": {"highway": "secondary"}, "geometry": {"type": "LineString", "coordinates": [[-48.4252645, -1.3640677], [-48.4252297, -1.3640368], [-48.4252128, -1.364023]]}}, {"type": "Feature", "properties": {"highway": "tertiary"}, "geometry": {"type": "LineString", "coordinates": [[-48.461213, -1.3783335], [-48.4611121, -1.3783332], [-48.4604831, -1.378325], [-48.4600713, -1.3783148], [-48.4596207, -1.3783037], [-48.4586991, -1.3782809], [-48.4583124, -1.3782713], [-48.4580293, -1.3782643], [-48.4566351, -1.3782298]]}}, {"type": "Feature", "properties": {"highway": "tertiary"}, "geometry": {"type": "LineString", "coordinates": [[-48.4565057, -1.3789611], [-48.4571864, -1.378975], [-48.4579875, -1.3789914]]}}, {"type": "Feature", "properties": {"highway": "trunk"}, "geometry": {"type": "LineString", "coordinates": [[-48.2993625, -1.4804508], [-48.2993571, -1.4817311], [-48.2993504, -1.483293], [-48.2993652, -1.4837448], [-48.299396, -1.4840478], [-48.2994269, -1.4841966], [-48.2994872, -1.4844822], [-48.2997032, -1.4852356], [-48.3003804, -1.4877373], [-48.3007479, -1.4890484], [-48.3011904, -1.4907068], [-48.3013125, -1.4910916], [-48.3014332, -1.4914978], [-48.3014976, -1.4917928], [-48.3015338, -1.4919898], [-48.3015512, -1.4921293], [-48.3015727, -1.492388], [-48.3016062, -1.4930047], [-48.3017376, -1.4964783], [-48.3017905, -1.497764], [-48.3018275, -1.4986622], [-48.3018368, -1.4992695], [-48.3018248, -1.4997522], [-48.3017845, -1.5000605], [-48.3017524, -1.5002831], [-48.3016343, -1.5009319], [-48.3012213, -1.5030046], [-48.3008981, -1.5045302], [-48.3006111, -1.5059714], [-48.3004086, -1.5069327], [-48.3000666, -1.5086044], [-48.2998829, -1.5095375], [-48.2995704, -1.5110149], [-48.2993108, -1.5122518], [-48.2992941, -1.5123314], [-48.2991748, -1.5129186], [-48.299038, -1.513542], [-48.2989562, -1.513971], [-48.2988958, -1.5142807], [-48.2987309, -1.5150623], [-48.2985619, -1.515872], [-48.2984506, -1.5164431], [-48.2984103, -1.516655], [-48.2983232, -1.5170424], [-48.2982641, -1.5173172], [-48.2982145, -1.5175358], [-48.2980791, -1.5181712], [-48.2980059, -1.5185229], [-48.2979329, -1.5188737], [-48.2978567, -1.5193152], [-48.2978202, -1.5195266], [-48.2977183, -1.5200669], [-48.2976526, -1.5204074], [-48.297607, -1.5207265], [-48.2975775, -1.521122], [-48.2975627, -1.5213968], [-48.2975547, -1.5217708], [-48.2976405, -1.5230994], [-48.2977559, -1.5272821], [-48.2978323, -1.5291457], [-48.297847, -1.5295782], [-48.2978671, -1.530042], [-48.2979101, -1.5304577], [-48.2979932, -1.5308276], [-48.29813, -1.5312862], [-48.2983366, -1.5318465], [-48.2987496, -1.5329633], [-48.2992298, -1.534241], [-48.2999712, -1.5362952], [-48.3003879, -1.5374238], [-48.3007313, -1.538354], [-48.3009812, -1.53909], [-48.3011224, -1.5394904], [-48.3012038, -1.5398032], [-48.3013406, -1.5403313], [-48.3014264, -1.5407952], [-48.3015069, -1.5414709], [-48.3015594, -1.54288]]}}, {"type": "Feature", "properties": {"highway": "secondary"}, "geometry": {"type": "LineString", "coordinates": [[-48.4641168, -1.3612158], [-48.4637956, -1.3612159], [-48.4635733, -1.3612101], [-48.4633189, -1.3612009]]}}, {"type": "Feature", "properties": {"highway": "secondary"}, "geometry": {"type": "LineString", "coordinates": [[-48.464198, -1.3612158], [-48.4641168, -1.3612158]]}}, {"type": "Feature", "properties": {"highway": "primary"}, "geometry": {"type": "LineString", "coordinates": [[-48.4463011, -1.4246826], [-48.4462567, -1.4247576], [-48.4461801, -1.424867], [-48.4460844, -1.4249826], [-48.4459619, -1.4251066], [-48.4457828, -1.4252276], [-48.4456189, -1.4253202], [-48.4454589, -1.4254074], [-48.4453348, -1.4254847], [-48.4452223, -1.4255758], [-48.4451336, -1.4256511], [-48.4450592, -1.4257549], [-48.4450018, -1.4258476], [-48.4449398, -1.4259876], [-48.4448969, -1.4261224], [-48.4448923, -1.4261417], [-48.4448624, -1.4262663], [-48.4448441, -1.4264614], [-48.4448617, -1.4266268], [-48.4448855, -1.4267248], [-48.4448992, -1.4267814], [-48.4449895, -1.4270003], [-48.4451381, -1.4272154], [-48.4452835, -1.4273524], [-48.4458501, -1.427866], [-48.44598, -1.4279774], [-48.4460368, -1.428024], [-48.4460992, -1.4280774], [-48.4464213, -1.4283684], [-48.4469336, -1.4288309], [-48.4471697, -1.4290267], [-48.4474409, -1.4292008], [-48.4477099, -1.4293497], [-48.4484539, -1.4296738], [-48.4487578, -1.4298019], [-48.4491705, -1.4299718], [-48.449745, -1.4302241], [-48.4500076, -1.430339], [-48.4503462, -1.4304959], [-48.4507829, -1.4307155], [-48.4508974, -1.4307739], [-48.4509924, -1.4308322], [-48.4511176, -1.43092], [-48.4512294, -1.4310095], [-48.4514366, -1.4312174]]}}, {"type": "Feature", "properties": {"highway": "primary"}, "geometry": {"type": "LineString", "coordinates": [[-48.4515196, -1.431664], [-48.4514473, -1.4315701]]}}, {"type": "Feature", "properties": {"highway": "secondary"}, "geometry": {"type": "LineString", "coordinates": [[-48.4530322, -1.4280451], [-48.4530735, -1.4279878]]}}, {"type": "Feature", "properties": {"highway": "trunk"}, "geometry": {"type": "LineString", "coordinates": [[-48.4528968, -1.428044], [-48.4527191, -1.427793], [-48.4524891, -1.4274451], [-48.4523053, -1.4271651], [-48.4519859, -1.4266566], [-48.4519276, -1.4265616]]}}, {"type": "Feature", "properties": {"highway": "secondary"}, "geometry": {"type": "LineString", "coordinates": [[-48.4530903, -1.4279632], [-48.453142, -1.4278959]]}}, {"type": "Feature", "properties": {"highway": "trunk"}, "geometry": {"type": "LineString", "coordinates": [[-48.3029768, -1.3648999], [-48.3029068, -1.3648946], [-48.3011034, -1.3648798]]}}, {"type": "Feature", "properties": {"highway": "secondary"}, "geometry": {"type": "LineString", "coordinates": [[-48.4493187, -1.326507], [-48.4492278, -1.3265074]]}}, {"type": "Feature", "properties": {"highway": "primary"}, "geometry": {"type": "LineString", "coordinates": [[-48.4000958, -1.3569247], [-48.4003454, -1.3567329], [-48.4007344, -1.3564341], [-48.4009427, -1.3562741], [-48.4012647, -1.3560546], [-48.4014165, -1.3559607], [-48.4021116, -1.3555266], [-48.4027525, -1.3551388], [-48.4028303, -1.3550836], [-48.4028766, -1.3550561], [-48.4029198, -1.3550218]]}}, {"type": "Feature", "properties": {"highway": "primary"}, "geometry": {"type": "LineString", "coordinates": [[-48.4028357, -1.3552795], [-48.4027323, -1.3553369], [-48.4014538, -1.3560964], [-48.4013264, -1.3561762], [-48.4012387, -1.356236], [-48.4002316, -1.3570309], [-48.4001335, -1.3571035], [-48.4000705, -1.3571455], [-48.3994445, -1.3575034]]}}, {"type": "Feature", "properties": {"highway": "tertiary"}, "geometry": {"type": "LineString", "coordinates": [[-48.4483425, -1.3707639], [-48.4483273, -1.3707829], [-48.4480804, -1.3711075], [-48.4448547, -1.3752875]]}}, {"type": "Feature", "properties": {"highway": "secondary"}, "geometry": {"type": "LineString", "coordinates": [[-48.3871287, -1.3707046], [-48.3871566, -1.370643], [-48.3872029, -1.3705941], [-48.387425, -1.370426], [-48.3875527, -1.3703468], [-48.3876034, -1.3703116], [-48.3877684, -1.3701668], [-48.387913, -1.3700249], [-48.3880316, -1.3698828], [-48.3880833, -1.369798], [-48.3881138, -1.3697323]]}}, {"type": "Feature", "properties": {"highway": "secondary"}, "geometry": {"type": "LineString", "coordinates": [[-48.3908887, -1.3565536], [-48.3908054, -1.3566032], [-48.3907754, -1.3566129], [-48.3907424, -1.3566237], [-48.3906934, -1.3566368], [-48.3904315, -1.3566485], [-48.3901452, -1.3566566], [-48.3900326, -1.3566787], [-48.3898951, -1.3567632], [-48.3896775, -1.3569593], [-48.3895545, -1.3570781], [-48.3894981, -1.3571339], [-48.3894418, -1.357221], [-48.389411, -1.357335], [-48.3893975, -1.3574275], [-48.3893855, -1.3576152], [-48.3893447, -1.3576874]]}}, {"type": "Feature", "properties": {"highway": "secondary"}, "geometry": {"type": "LineString", "coordinates": [[-48.3889241, -1.357385], [-48.3891799, -1.3572417], [-48.389356, -1.3571352], [-48.3894177, -1.3570856], [-48.3896233, -1.3569137], [-48.3897597, -1.3567906], [-48.3898596, -1.3566948], [-48.3899498, -1.3566318], [-48.3900473, -1.3565956]]}}, {"type": "Feature", "properties": {"highway": "secondary"}, "geometry": {"type": "LineString", "coordinates": [[-48.38819, -1.3698028], [-48.3881168, -1.369925], [-48.3880444, -1.3700182], [-48.3879503, -1.3701309], [-48.3877772, -1.3702946], [-48.3875982, -1.3704328], [-48.3874534, -1.3705274]]}}, {"type": "Feature", "properties": {"highway": "tertiary"}, "geometry": {"type": "LineString", "coordinates": [[-48.3751577, -1.3779231], [-48.3751751, -1.3778571], [-48.3751926, -1.3777904]]}}, {"type": "Feature", "properties": {"highway": "tertiary"}, "geometry": {"type": "LineString", "coordinates": [[-48.3751323, -1.3779969], [-48.3751577, -1.3779231]]}}, {"type": "Feature", "properties": {"highway": "secondary"}, "geometry": {"type": "LineString", "coordinates": [[-48.4102197, -1.34534], [-48.4101096, -1.3454279], [-48.4100063, -1.3455305], [-48.4098112, -1.3457603], [-48.4094257, -1.3462536], [-48.4086193, -1.3469475], [-48.4082774, -1.3472536], [-48.4076091, -1.3479522], [-48.4074107, -1.3481919]]}}, {"type": "Feature", "properties": {"highway": "secondary"}, "geometry": {"type": "LineString", "coordinates": [[-48.4072807, -1.3480622], [-48.4076692, -1.3476604], [-48.4079799, -1.347313], [-48.4082979, -1.3469783], [-48.4086026, -1.3467251], [-48.4094459, -1.3459614], [-48.4097423, -1.3455898], [-48.4098159, -1.3454856], [-48.4098984, -1.3453649], [-48.4099865, -1.3452172], [-48.4100012, -1.3451925]]}}, {"type": "Feature", "properties": {"highway": "secondary"}, "geometry": {"type": "LineString", "coordinates": [[-48.464436, -1.3612158], [-48.464198, -1.3612158]]}}, {"type": "Feature", "properties": {"highway": "secondary"}, "geometry": {"type": "LineString", "coordinates": [[-48.4599696, -1.3610803], [-48.4595932, -1.3610774], [-48.4592709, -1.361067], [-48.4589655, -1.3610602], [-48.4586206, -1.3610397]]}}, {"type": "Feature", "properties": {"highway": "secondary"}, "geometry": {"type": "LineString", "coordinates": [[-48.4188473, -1.3411333], [-48.4189576, -1.3412223], [-48.4193649, -1.3416024], [-48.4198004, -1.3420052]]}}, {"type": "Feature", "properties": {"highway": "secondary"}, "geometry": {"type": "LineString", "coordinates": [[-48.4164959, -1.3409359], [-48.4171854, -1.3410075], [-48.4175854, -1.3410406], [-48.4177504, -1.3410546], [-48.4179284, -1.3410661], [-48.4182764, -1.3410884], [-48.4187217, -1.3411222], [-48.4188473, -1.3411333]]}}, {"type": "Feature", "properties": {"highway": "secondary"}, "geometry": {"type": "LineString", "coordinates": [[-48.4217487, -1.3432185], [-48.4218301, -1.3430975], [-48.421999, -1.3428463], [-48.4223303, -1.342268], [-48.4223622, -1.3421992], [-48.4225428, -1.3418119], [-48.4225536, -1.3417889], [-48.422617, -1.3416382], [-48.4227138, -1.3413977], [-48.4227209, -1.3413801], [-48.4227619, -1.3412669], [-48.4227919, -1.3411897], [-48.4228182, -1.3411219], [-48.4230843, -1.3403995]]}}, {"type": "Feature", "properties": {"highway": "secondary"}, "geometry": {"type": "LineString", "coordinates": [[-48.4230843, -1.3403995], [-48.4234738, -1.3393154], [-48.4235056, -1.339227]]}}, {"type": "Feature", "properties": {"highway": "tertiary"}, "geometry": {"type": "LineString", "coordinates": [[-48.5006721, -1.4740785], [-48.5005349, -1.4741222], [-48.5003666, -1.4741356], [-48.5002157, -1.4741015], [-48.5001286, -1.4740669]]}}, {"type": "Feature", "properties": {"highway": "tertiary"}, "geometry": {"type": "LineString", "coordinates": [[-48.4536256, -1.4484409], [-48.4538836, -1.4484491]]}}, {"type": "Feature", "properties": {"highway": "tertiary"}, "geometry": {"type": "LineString", "coordinates": [[-48.4536256, -1.4484409], [-48.4538836, -1.4484491]]}}, {"type": "Feature", "properties": {"highway": "tertiary"}, "geometry": {"type": "LineString", "coordinates": [[-48.444762, -1.3752976], [-48.4448104, -1.3752319], [-48.4482768, -1.3707426], [-48.4482943, -1.3707184]]}}, {"type": "Feature", "properties": {"highway": "secondary"}, "geometry": {"type": "LineString", "coordinates": [[-48.358099, -1.3453922], [-48.3579362, -1.3452896], [-48.3577327, -1.3451578], [-48.3575394, -1.3450315], [-48.3572585, -1.3448552], [-48.357176, -1.3447869]]}}, {"type": "Feature", "properties": {"highway": "secondary"}, "geometry": {"type": "LineString", "coordinates": [[-48.4498713, -1.4358453], [-48.4497549, -1.4361408], [-48.4497318, -1.4362162], [-48.4496684, -1.4363708], [-48.4493538, -1.4371198], [-48.4490924, -1.4377216], [-48.4489582, -1.4380195], [-48.4487663, -1.4384959], [-48.4487505, -1.4385308], [-48.4486656, -1.438719], [-48.448541, -1.4389907], [-48.4484656, -1.4391433], [-48.4481994, -1.4397637], [-48.4479641, -1.4403123], [-48.4476538, -1.4410106], [-48.4475957, -1.4411413], [-48.4475715, -1.4411889], [-48.4475322, -1.4412662], [-48.447457, -1.4414743], [-48.4474112, -1.4416368], [-48.4473691, -1.4417862], [-48.4473347, -1.4419556], [-48.4472834, -1.4423165], [-48.4472801, -1.442412], [-48.4472685, -1.4428503], [-48.447267, -1.4429698], [-48.447257, -1.4433525], [-48.4472469, -1.4436435]]}}, {"type": "Feature", "properties": {"highway": "secondary"}, "geometry": {"type": "LineString", "coordinates": [[-48.4392012, -1.3307299], [-48.4390798, -1.3307102]]}}, {"type": "Feature", "properties": {"highway": "secondary"}, "geometry": {"type": "LineString", "coordinates": [[-48.4297875, -1.3894524], [-48.429906, -1.3894557]]}}, {"type": "Feature", "properties": {"highway": "tertiary"}, "geometry": {"type": "LineString", "coordinates": [[-48.4862784, -1.4656236], [-48.4858493, -1.4659629], [-48.4855712, -1.4661811], [-48.4851831, -1.4664782]]}}, {"type": "Feature", "properties": {"highway": "secondary"}, "geometry": {"type": "LineString", "coordinates": [[-48.3887739, -1.3576155], [-48.3888743, -1.3574282]]}}, {"type": "Feature", "properties": {"highway": "secondary"}, "geometry": {"type": "LineString", "coordinates": [[-48.3891697, -1.3579382], [-48.3890625, -1.3579423], [-48.3889796, -1.3579319], [-48.3889033, -1.357898], [-48.3888401, -1.3578433], [-48.3888017, -1.357786], [-48.3887782, -1.3577211], [-48.388771, -1.3576524], [-48.3887739, -1.3576155]]}}, {"type": "Feature", "properties": {"highway": "secondary"}, "geometry": {"type": "LineString", "coordinates": [[-48.3893124, -1.3577446], [-48.3891956, -1.3579024]]}}, {"type": "Feature", "properties": {"highway": "tertiary"}, "geometry": {"type": "LineString", "coordinates": [[-48.4491036, -1.3711286], [-48.4491277, -1.3711468], [-48.4491443, -1.371172], [-48.4491515, -1.3712013], [-48.4491484, -1.3712314], [-48.4491364, -1.3712573], [-48.4491168, -1.371278], [-48.4491076, -1.3712829], [-48.4490916, -1.3712915], [-48.4490635, -1.3712963], [-48.4490352, -1.3712919], [-48.4490099, -1.3712788], [-48.44899, -1.3712583], [-48.4489776, -1.3712326], [-48.4489741, -1.3712042], [-48.4489797, -1.3711762], [-48.4489939, -1.3711515], [-48.4490166, -1.3711316], [-48.4490447, -1.3711205], [-48.4490749, -1.3711195]]}}, {"type": "Feature", "properties": {"highway": "tertiary"}, "geometry": {"type": "LineString", "coordinates": [[-48.4492764, -1.3710814], [-48.4491515, -1.3712013]]}}, {"type": "Feature", "properties": {"highway": "tertiary"}, "geometry": {"type": "LineString", "coordinates": [[-48.4490749, -1.3711195], [-48.4491036, -1.3711286]]}}, {"type": "Feature", "properties": {"highway": "primary"}, "geometry": {"type": "LineString", "coordinates": [[-48.4187448, -1.3516156], [-48.4186611, -1.3516595], [-48.4185619, -1.3516878], [-48.4184405, -1.3517128], [-48.4183741, -1.3517227], [-48.4183014, -1.3517288]]}}, {"type": "Feature", "properties": {"highway": "primary"}, "geometry": {"type": "LineString", "coordinates": [[-48.4142839, -1.3508789], [-48.4144274, -1.3508988]]}}, {"type": "Feature", "properties": {"highway": "primary"}, "geometry": {"type": "LineString", "coordinates": [[-48.3927296, -1.3590551], [-48.3927342, -1.3590884], [-48.392723, -1.3591248], [-48.3926968, -1.3591524], [-48.3926678, -1.3591644], [-48.3926364, -1.3591649], [-48.392607, -1.3591536]]}}, {"type": "Feature", "properties": {"highway": "tertiary"}, "geometry": {"type": "LineString", "coordinates": [[-48.4531598, -1.4544481], [-48.4531113, -1.4544947], [-48.4526931, -1.454944], [-48.4521436, -1.4554684], [-48.4513756, -1.4562306]]}}, {"type": "Feature", "properties": {"highway": "tertiary"}, "geometry": {"type": "LineString", "coordinates": [[-48.4526198, -1.4571084], [-48.4534438, -1.4568257], [-48.4541587, -1.456535], [-48.4543577, -1.4564691], [-48.4544167, -1.4564504]]}}, {"type": "Feature", "properties": {"highway": "tertiary"}, "geometry": {"type": "LineString", "coordinates": [[-48.4526198, -1.4571084], [-48.4534438, -1.4568257], [-48.4541587, -1.456535], [-48.4543577, -1.4564691], [-48.4544167, -1.4564504]]}}, {"type": "Feature", "properties": {"highway": "tertiary"}, "geometry": {"type": "LineString", "coordinates": [[-48.3961555, -1.3305367], [-48.3962498, -1.3306983], [-48.3964259, -1.3309592], [-48.3965379, -1.3310859], [-48.3966606, -1.3311874], [-48.3968081, -1.331288], [-48.3970059, -1.3314112], [-48.3971515, -1.3314997], [-48.3972825, -1.3315805], [-48.3973834, -1.3316518], [-48.3974291, -1.3316856], [-48.397549, -1.3318063], [-48.3976324, -1.331927], [-48.3977243, -1.332056], [-48.3978563, -1.332214], [-48.3979644, -1.3323217], [-48.398073, -1.3323918], [-48.3985246, -1.3327126], [-48.3986954, -1.3328306], [-48.3988179, -1.332953], [-48.3989096, -1.333112], [-48.3990107, -1.3333656], [-48.3991525, -1.33386], [-48.399206, -1.3340135], [-48.39931, -1.3342785], [-48.3994285, -1.334527], [-48.3995487, -1.33475], [-48.3996467, -1.3349613], [-48.3997162, -1.3351521], [-48.3997569, -1.3352729], [-48.3997864, -1.3353481]]}}, {"type": "Feature", "properties": {"highway": "tertiary"}, "geometry": {"type": "LineString", "coordinates": [[-48.4607861, -1.4337095], [-48.4608066, -1.4337373]]}}, {"type": "Feature", "properties": {"highway": "tertiary"}, "geometry": {"type": "LineString", "coordinates": [[-48.4608734, -1.433822], [-48.4608972, -1.4338563]]}}, {"type": "Feature", "properties": {"highway": "secondary"}, "geometry": {"type": "LineString", "coordinates": [[-48.4595747, -1.4760414], [-48.4596588, -1.4760283]]}}, {"type": "Feature", "properties": {"highway": "tertiary"}, "geometry": {"type": "LineString", "coordinates": [[-48.3961555, -1.3305367], [-48.3960711, -1.330393], [-48.3959605, -1.3300863], [-48.3957943, -1.329661], [-48.3956357, -1.329265], [-48.3955407, -1.3290183], [-48.3953925, -1.3286481], [-48.3953063, -1.3284487], [-48.3952808, -1.3283575], [-48.3952638, -1.3282557], [-48.3952601, -1.3281582], [-48.3952628, -1.3280453], [-48.3952723, -1.3279749], [-48.3952787, -1.3279272], [-48.3953207, -1.3278231], [-48.3953746, -1.3277165], [-48.3954279, -1.3276174], [-48.395999, -1.3266879], [-48.3960598, -1.3266014], [-48.3961684, -1.3264725], [-48.3963721, -1.3262495], [-48.3965464, -1.3260432], [-48.3966904, -1.3258792], [-48.3968375, -1.325722], [-48.3970298, -1.3255536], [-48.3972454, -1.32541], [-48.3982761, -1.3248606], [-48.3987359, -1.3246113], [-48.3991438, -1.3243925], [-48.3992748, -1.3243289], [-48.3994004, -1.3242788], [-48.3996946, -1.3241642], [-48.3999371, -1.3240856]]}}, {"type": "Feature", "properties": {"highway": "tertiary"}, "geometry": {"type": "LineString", "coordinates": [[-48.3999504, -1.3240582], [-48.3999717, -1.3240363], [-48.3999987, -1.3240221], [-48.4000288, -1.324017], [-48.400059, -1.3240216], [-48.4000886, -1.324037], [-48.4001111, -1.3240615], [-48.400124, -1.3240922], [-48.4001257, -1.3241255], [-48.400116, -1.3241574], [-48.4000961, -1.3241841], [-48.4000683, -1.3242024], [-48.4000359, -1.3242103], [-48.4000028, -1.3242066], [-48.3999751, -1.3241936], [-48.3999529, -1.3241727], [-48.3999384, -1.3241459], [-48.3999329, -1.3241158], [-48.3999371, -1.3240856], [-48.3999504, -1.3240582]]}}, {"type": "Feature", "properties": {"highway": "tertiary"}, "geometry": {"type": "LineString", "coordinates": [[-48.400059, -1.3240216], [-48.4000537, -1.3237665], [-48.4000443, -1.3231339], [-48.4000467, -1.3226927], [-48.4000397, -1.3224038], [-48.400042, -1.3221301], [-48.4000443, -1.3219994], [-48.4000514, -1.3219364], [-48.4000724, -1.3218733], [-48.4001097, -1.3217963], [-48.4003666, -1.3213691], [-48.4006374, -1.3209264], [-48.4007822, -1.3206991], [-48.400899, -1.3205217], [-48.4010577, -1.3202183], [-48.4011184, -1.3200712], [-48.4011815, -1.3198774], [-48.4012515, -1.319637], [-48.4012982, -1.3194152], [-48.4013286, -1.3191841], [-48.4013473, -1.3189554], [-48.4013543, -1.3187593], [-48.4013543, -1.3185865], [-48.4013449, -1.3184114], [-48.4013146, -1.31822], [-48.4012656, -1.318073], [-48.4011786, -1.3179225], [-48.4011092, -1.3177331], [-48.4010624, -1.3176574], [-48.401004, -1.3175594], [-48.400955, -1.317473], [-48.4009457, -1.3174053], [-48.4009507, -1.3173692], [-48.4009676, -1.3173384], [-48.4009938, -1.3173199], [-48.4010262, -1.3173153], [-48.401057, -1.3173199], [-48.4010832, -1.3173415], [-48.4011063, -1.3173738], [-48.4011063, -1.3174431], [-48.4011001, -1.3174986], [-48.4010955, -1.3175771], [-48.4011092, -1.3177331]]}}, {"type": "Feature", "properties": {"highway": "tertiary"}, "geometry": {"type": "LineString", "coordinates": [[-48.4455112, -1.3818295], [-48.4454079, -1.3820313], [-48.4452789, -1.3822177], [-48.445258, -1.3822407], [-48.4451264, -1.3823854], [-48.444953, -1.3825315], [-48.4447619, -1.3826534], [-48.4445563, -1.3827489], [-48.4443398, -1.3828165], [-48.4441164, -1.3828548], [-48.4438898, -1.3828633], [-48.4436641, -1.3828417], [-48.4434432, -1.3827905], [-48.4432311, -1.3827105], [-48.4430313, -1.3826033], [-48.4428476, -1.3824705], [-48.4426829, -1.3823147], [-48.4425404, -1.3821384], [-48.4424224, -1.3819449], [-48.4423493, -1.3817788], [-48.442331, -1.3817374], [-48.4423124, -1.3816731], [-48.4422679, -1.3815197], [-48.4422341, -1.3812956], [-48.4422318, -1.3811591], [-48.4422303, -1.3810689], [-48.4422326, -1.3810485], [-48.4422564, -1.3808438], [-48.4422618, -1.3808226], [-48.4423121, -1.3806241], [-48.4423964, -1.3804136], [-48.4424752, -1.380274], [-48.4425078, -1.3802162], [-48.4426443, -1.3800352], [-48.4427737, -1.3799009], [-48.442799, -1.3798798], [-48.442917, -1.3797815], [-48.4430724, -1.3796784], [-48.4432381, -1.3795929], [-48.4434122, -1.3795258], [-48.4435145, -1.3794988], [-48.4435925, -1.3794781], [-48.443777, -1.3794503], [-48.4439634, -1.3794428], [-48.4441495, -1.3794556], [-48.4443331, -1.3794885], [-48.444512, -1.3795413], [-48.4446841, -1.3796131], [-48.4447855, -1.3796692], [-48.4448474, -1.3797033], [-48.4449998, -1.3798108], [-48.4451397, -1.3799341], [-48.4452653, -1.380072], [-48.4453752, -1.3802227], [-48.445468, -1.3803845], [-48.4455426, -1.3805554], [-48.4455982, -1.3807334], [-48.445634, -1.3809164], [-48.4456498, -1.3811022], [-48.4456494, -1.3811404], [-48.4456464, -1.3812383], [-48.4456452, -1.3812886], [-48.4456293, -1.3814066], [-48.4456203, -1.3814734], [-48.4455754, -1.3816544], [-48.4455653, -1.3816819], [-48.4455112, -1.3818295]]}}, {"type": "Feature", "properties": {"highway": "primary"}, "geometry": {"type": "LineString", "coordinates": [[-48.4512921, -1.3472948], [-48.4511353, -1.3472037]]}}, {"type": "Feature", "properties": {"highway": "tertiary"}, "geometry": {"type": "LineString", "coordinates": [[-48.4782218, -1.30626], [-48.4782169, -1.3062596], [-48.4773868, -1.3062002]]}}, {"type": "Feature", "properties": {"highway": "tertiary"}, "geometry": {"type": "LineString", "coordinates": [[-48.4784096, -1.3062733], [-48.4782218, -1.30626]]}}, {"type": "Feature", "properties": {"highway": "primary"}, "geometry": {"type": "LineString", "coordinates": [[-48.4791268, -1.3102319], [-48.479058, -1.3102406], [-48.4788204, -1.3102479], [-48.4784134, -1.310281], [-48.4780907, -1.3102831], [-48.4777095, -1.310262], [-48.4773319, -1.3102405]]}}, {"type": "Feature", "properties": {"highway": "primary"}, "geometry": {"type": "LineString", "coordinates": [[-48.4795443, -1.3102218], [-48.4791268, -1.3102319]]}}, {"type": "Feature", "properties": {"highway": "secondary"}, "geometry": {"type": "LineString", "coordinates": [[-48.4971892, -1.4504029], [-48.4966242, -1.4499681], [-48.4963265, -1.4497375], [-48.4960922, -1.4495543], [-48.4952892, -1.4489787]]}}, {"type": "Feature", "properties": {"highway": "tertiary"}, "geometry": {"type": "LineString", "coordinates": [[-48.4790405, -1.2871756], [-48.4785421, -1.2902246]]}}, {"type": "Feature", "properties": {"highway": "secondary"}, "geometry": {"type": "LineString", "coordinates": [[-48.3815307, -1.3524093], [-48.3816887, -1.3526181], [-48.3818512, -1.352873], [-48.3820009, -1.3530859], [-48.3824199, -1.3535293], [-48.3825461, -1.353672], [-48.3829308, -1.3540837], [-48.3831041, -1.3543686], [-48.3834043, -1.3548916], [-48.3835064, -1.3549987], [-48.3836966, -1.355192], [-48.3840935, -1.3555759], [-48.3842297, -1.3556274], [-48.3843085, -1.3556716], [-48.3843731, -1.355692], [-48.3845355, -1.3557272], [-48.3848593, -1.3558133], [-48.3853488, -1.355895], [-48.3855835, -1.3559379], [-48.3857905, -1.3559874], [-48.3859214, -1.3560237], [-48.3860483, -1.3560749], [-48.3863019, -1.3562207], [-48.3865013, -1.3563305]]}}, {"type": "Feature", "properties": {"highway": "secondary"}, "geometry": {"type": "LineString", "coordinates": [[-48.38121, -1.3524528], [-48.3811993, -1.3523585], [-48.3811534, -1.3522276], [-48.3810452, -1.3520632], [-48.3809436, -1.3519516], [-48.3807769, -1.3517817], [-48.3805802, -1.3516123], [-48.3802844, -1.3513564], [-48.3798214, -1.350949], [-48.3795222, -1.3506787], [-48.37945, -1.3505712], [-48.3792534, -1.3502707], [-48.3790425, -1.349973], [-48.3787287, -1.3494795], [-48.3784158, -1.3490021], [-48.3781484, -1.3485757], [-48.3778922, -1.3480491], [-48.3776169, -1.3475066], [-48.3775274, -1.3473345], [-48.3774734, -1.3471837], [-48.377463, -1.3471545]]}}, {"type": "Feature", "properties": {"highway": "secondary"}, "geometry": {"type": "LineString", "coordinates": [[-48.3865013, -1.3563305], [-48.386718, -1.3564702], [-48.3869286, -1.3566003], [-48.3871794, -1.3567483], [-48.3874275, -1.3568845], [-48.3875522, -1.3569502], [-48.3877044, -1.357012], [-48.3881916, -1.3572012], [-48.388516, -1.3573018], [-48.3889241, -1.357385]]}}, {"type": "Feature", "properties": {"highway": "tertiary"}, "geometry": {"type": "LineString", "coordinates": [[-48.452861, -1.4390755], [-48.4529516, -1.4390117]]}}, {"type": "Feature", "properties": {"highway": "tertiary"}, "geometry": {"type": "LineString", "coordinates": [[-48.3650659, -1.3559701], [-48.3647272, -1.3562921]]}}, {"type": "Feature", "properties": {"highway": "tertiary"}, "geometry": {"type": "LineString", "coordinates": [[-48.3668523, -1.3543117], [-48.3664543, -1.3546782]]}}, {"type": "Feature", "properties": {"highway": "tertiary"}, "geometry": {"type": "LineString", "coordinates": [[-48.4243146, -1.3919714], [-48.4243396, -1.391898]]}}, {"type": "Feature", "properties": {"highway": "tertiary"}, "geometry": {"type": "LineString", "coordinates": [[-48.4245155, -1.3919476], [-48.4243396, -1.391898]]}}, {"type": "Feature", "properties": {"highway": "secondary"}, "geometry": {"type": "LineString", "coordinates": [[-48.3897793, -1.3551751], [-48.3900932, -1.3556383], [-48.3904232, -1.3560697], [-48.3907288, -1.3564891], [-48.3907649, -1.3565436], [-48.3908054, -1.3566032], [-48.3910911, -1.357044], [-48.3914179, -1.3575254], [-48.3915809, -1.3577479], [-48.3916118, -1.3577898], [-48.3917425, -1.3579665], [-48.3918171, -1.3580767], [-48.3920928, -1.3584111], [-48.3923947, -1.3588439], [-48.3923997, -1.3588504], [-48.3925149, -1.3589989], [-48.3925797, -1.3590397]]}}, {"type": "Feature", "properties": {"highway": "secondary"}, "geometry": {"type": "LineString", "coordinates": [[-48.3856086, -1.3495691], [-48.3855251, -1.3495044], [-48.3854185, -1.349426], [-48.3853112, -1.3493375], [-48.3852411, -1.3492698], [-48.3851999, -1.3492222], [-48.385173, -1.3491854], [-48.3851517, -1.3490982]]}}, {"type": "Feature", "properties": {"highway": "secondary"}, "geometry": {"type": "LineString", "coordinates": [[-48.4103529, -1.359959], [-48.4103648, -1.3594068]]}}, {"type": "Feature", "properties": {"highway": "tertiary"}, "geometry": {"type": "LineString", "coordinates": [[-48.3747427, -1.3814321], [-48.3747502, -1.3813681]]}}, {"type": "Feature", "properties": {"highway": "tertiary"}, "geometry": {"type": "LineString", "coordinates": [[-48.4022886, -1.3294797], [-48.4032393, -1.3290644]]}}, {"type": "Feature", "properties": {"highway": "tertiary"}, "geometry": {"type": "LineString", "coordinates": [[-48.4171769, -1.3822376], [-48.4168022, -1.3819958], [-48.4162634, -1.3816479], [-48.4150103, -1.380813]]}}, {"type": "Feature", "properties": {"highway": "tertiary"}, "geometry": {"type": "LineString", "coordinates": [[-48.3618104, -1.3530534], [-48.362107, -1.3533736], [-48.3621225, -1.3533922], [-48.3623736, -1.3536899]]}}, {"type": "Feature", "properties": {"highway": "tertiary"}, "geometry": {"type": "LineString", "coordinates": [[-48.3635752, -1.3550344], [-48.3637936, -1.3552654], [-48.3640966, -1.355592], [-48.3644259, -1.355946], [-48.3647272, -1.3562921]]}}, {"type": "Feature", "properties": {"highway": "primary"}, "geometry": {"type": "LineString", "coordinates": [[-48.490419, -1.4320061], [-48.4904161, -1.4319968]]}}, {"type": "Feature", "properties": {"highway": "primary"}, "geometry": {"type": "LineString", "coordinates": [[-48.4904161, -1.4319968], [-48.4904135, -1.4319882]]}}, {"type": "Feature", "properties": {"highway": "secondary"}, "geometry": {"type": "LineString", "coordinates": [[-48.3893447, -1.3576874], [-48.3893124, -1.3577446]]}}, {"type": "Feature", "properties": {"highway": "secondary"}, "geometry": {"type": "LineString", "coordinates": [[-48.3891956, -1.3579024], [-48.3891697, -1.3579382]]}}, {"type": "Feature", "properties": {"highway": "secondary"}, "geometry": {"type": "LineString", "coordinates": [[-48.3888743, -1.3574282], [-48.3889241, -1.357385]]}}, {"type": "Feature", "properties": {"highway": "secondary"}, "geometry": {"type": "LineString", "coordinates": [[-48.3900473, -1.3565956], [-48.3901915, -1.3565795], [-48.3906455, -1.3565641], [-48.3906906, -1.3565558], [-48.3907331, -1.3565488], [-48.3907649, -1.3565436], [-48.3908887, -1.3565536]]}}, {"type": "Feature", "properties": {"highway": "primary"}, "geometry": {"type": "LineString", "coordinates": [[-48.3639071, -1.4088742], [-48.36394, -1.408906], [-48.3639733, -1.4089371], [-48.3642476, -1.4092334], [-48.3646014, -1.4096413], [-48.3650726, -1.4103875], [-48.3654979, -1.4111911], [-48.3660875, -1.4122707], [-48.366176, -1.4124271], [-48.3662543, -1.4125739], [-48.3663525, -1.4127362], [-48.3669808, -1.4139025], [-48.3673545, -1.4145774], [-48.368734, -1.4170945], [-48.3700975, -1.4196], [-48.3701805, -1.4197547], [-48.3702854, -1.4198936], [-48.3704345, -1.4201043], [-48.3705523, -1.4202662], [-48.371016, -1.4207261], [-48.3713031, -1.4209248], [-48.3716853, -1.4211724], [-48.3720871, -1.4213516], [-48.3743212, -1.42222], [-48.3775798, -1.4231427], [-48.3781521, -1.4233343], [-48.3809978, -1.4249943], [-48.3842312, -1.4265473], [-48.3846103, -1.4267236], [-48.3852053, -1.4270003], [-48.385777, -1.427259], [-48.3883903, -1.4284861], [-48.3910042, -1.4297187]]}}, {"type": "Feature", "properties": {"highway": "primary"}, "geometry": {"type": "LineString", "coordinates": [[-48.3519436, -1.3973474], [-48.3519271, -1.3975298], [-48.3519536, -1.3976423], [-48.3520856, -1.397925], [-48.3521841, -1.3980555], [-48.3523385, -1.3982345], [-48.3527515, -1.3987133], [-48.3530931, -1.3991317], [-48.3534159, -1.3995755], [-48.3540488, -1.4005139], [-48.3547645, -1.4016158], [-48.3553528, -1.4023186], [-48.355665, -1.4026137], [-48.3578887, -1.4040596], [-48.3600592, -1.4054864], [-48.3613505, -1.4063314], [-48.361836, -1.4067164], [-48.3622878, -1.4071344], [-48.3637364, -1.4086965]]}}, {"type": "Feature", "properties": {"highway": "primary"}, "geometry": {"type": "LineString", "coordinates": [[-48.3637364, -1.4086965], [-48.3639071, -1.4088742]]}}, {"type": "Feature", "properties": {"highway": "primary"}, "geometry": {"type": "LineString", "coordinates": [[-48.4370728, -1.4604267], [-48.4376688, -1.4601406], [-48.4382409, -1.4598419], [-48.4397756, -1.4590536], [-48.4413056, -1.4582473], [-48.4419047, -1.4579389], [-48.4422286, -1.4577663], [-48.4425348, -1.457618], [-48.4427383, -1.4575546], [-48.4429422, -1.4575115], [-48.4432675, -1.4574865], [-48.4434148, -1.4574761], [-48.4435656, -1.4574994], [-48.4437057, -1.457527], [-48.443864, -1.4575727], [-48.4440231, -1.4576193], [-48.4441164, -1.4576478], [-48.4442749, -1.4576895], [-48.4444324, -1.4577148]]}}, {"type": "Feature", "properties": {"highway": "primary"}, "geometry": {"type": "LineString", "coordinates": [[-48.4369594, -1.4604673], [-48.4370728, -1.4604267]]}}, {"type": "Feature", "properties": {"highway": "secondary"}, "geometry": {"type": "LineString", "coordinates": [[-48.4111731, -1.3839255], [-48.4110718, -1.3838983]]}}, {"type": "Feature", "properties": {"highway": "primary"}, "geometry": {"type": "LineString", "coordinates": [[-48.3909731, -1.4297892], [-48.3880737, -1.4284346], [-48.385179, -1.4270859], [-48.3833097, -1.4261949], [-48.3809334, -1.4250789], [-48.3794538, -1.4243798], [-48.3786536, -1.424], [-48.3779942, -1.4237206], [-48.3774341, -1.4235005], [-48.3739384, -1.4221537], [-48.3720392, -1.4214436], [-48.3716321, -1.4212411], [-48.3712332, -1.4210057], [-48.3709829, -1.4208034], [-48.3705044, -1.4203655], [-48.3702946, -1.4200932], [-48.3702081, -1.4199479], [-48.3701455, -1.4198633], [-48.3700738, -1.4197602], [-48.370029, -1.4196712], [-48.3686531, -1.4171533], [-48.3672843, -1.4146699], [-48.3668019, -1.4137473], [-48.3662607, -1.4127657], [-48.3661957, -1.4126405], [-48.3661198, -1.4125031], [-48.3660394, -1.4123663], [-48.3659828, -1.4122383], [-48.3653612, -1.4111335], [-48.3649792, -1.4104134], [-48.3645354, -1.4097079], [-48.3642242, -1.4093216], [-48.3640267, -1.4091054], [-48.3639383, -1.409017], [-48.3639032, -1.4089814], [-48.3638643, -1.4089427]]}}, {"type": "Feature", "properties": {"highway": "primary"}, "geometry": {"type": "LineString", "coordinates": [[-48.429888, -1.4580434], [-48.4343652, -1.4603699], [-48.4346094, -1.4604612], [-48.4348749, -1.4605419], [-48.4353354, -1.460628], [-48.4355973, -1.4606518], [-48.4357796, -1.4606491], [-48.4359923, -1.4606478], [-48.4362257, -1.4606374], [-48.4364741, -1.460595], [-48.4369594, -1.4604673]]}}, {"type": "Feature", "properties": {"highway": "primary"}, "geometry": {"type": "LineString", "coordinates": [[-48.4298033, -1.4580004], [-48.429888, -1.4580434]]}}, {"type": "Feature", "properties": {"highway": "primary"}, "geometry": {"type": "LineString", "coordinates": [[-48.444319, -1.457905], [-48.4442123, -1.4578083], [-48.4440942, -1.4577419], [-48.4439297, -1.4576865], [-48.4438148, -1.4576521], [-48.4436346, -1.4576088], [-48.4434611, -1.4575853], [-48.4433139, -1.457578], [-48.4431679, -1.4575739], [-48.4428414, -1.4576268], [-48.4425207, -1.4577266], [-48.4420715, -1.4579543], [-48.4413199, -1.4583421], [-48.439611, -1.4592404], [-48.4383813, -1.4598773], [-48.4377739, -1.4601926], [-48.4374139, -1.4603678], [-48.4372021, -1.4604668], [-48.437093, -1.4605053]]}}, {"type": "Feature", "properties": {"highway": "primary"}, "geometry": {"type": "LineString", "coordinates": [[-48.4298517, -1.4581212], [-48.4297699, -1.458079]]}}, {"type": "Feature", "properties": {"highway": "primary"}, "geometry": {"type": "LineString", "coordinates": [[-48.4068491, -1.4380688], [-48.407261, -1.4382256], [-48.4077115, -1.4384893], [-48.4078801, -1.4386194], [-48.4082168, -1.4389602], [-48.4093742, -1.4405525], [-48.4103675, -1.4418991], [-48.412441, -1.4447351], [-48.4126619, -1.4450494], [-48.4129486, -1.4454018], [-48.4132226, -1.4457118], [-48.4135348, -1.4459878], [-48.4152182, -1.4473091]]}}, {"type": "Feature", "properties": {"highway": "primary"}, "geometry": {"type": "LineString", "coordinates": [[-48.4151764, -1.4473937], [-48.4134329, -1.446026], [-48.4131737, -1.4457861], [-48.4128849, -1.4454867], [-48.4126152, -1.4451364], [-48.4123901, -1.4448073], [-48.4102133, -1.4418673], [-48.4085814, -1.4396075], [-48.408153, -1.439043], [-48.4079194, -1.4387935], [-48.4076709, -1.4385759], [-48.4072207, -1.4383147], [-48.4068373, -1.4381539]]}}, {"type": "Feature", "properties": {"highway": "primary"}, "geometry": {"type": "LineString", "coordinates": [[-48.4068373, -1.4381539], [-48.4064755, -1.4380545]]}}, {"type": "Feature", "properties": {"highway": "primary"}, "geometry": {"type": "LineString", "coordinates": [[-48.4065013, -1.4379739], [-48.4068491, -1.4380688]]}}, {"type": "Feature", "properties": {"highway": "primary"}, "geometry": {"type": "LineString", "coordinates": [[-48.4064755, -1.4380545], [-48.4045829, -1.4376672], [-48.4040817, -1.4375462], [-48.4035953, -1.4373837], [-48.4031472, -1.437147], [-48.4029051, -1.4369941], [-48.4026613, -1.4368031], [-48.4000392, -1.4341865], [-48.3998861, -1.4340577], [-48.3997622, -1.4339685], [-48.3988008, -1.4334478], [-48.3977224, -1.4329401], [-48.3957911, -1.4320364]]}}, {"type": "Feature", "properties": {"highway": "primary"}, "geometry": {"type": "LineString", "coordinates": [[-48.3958249, -1.4319651], [-48.3961177, -1.4321067], [-48.3979672, -1.4329658], [-48.3988487, -1.4333816], [-48.3997108, -1.4338461], [-48.3998554, -1.4339359], [-48.3999449, -1.4340134], [-48.4000968, -1.4341361], [-48.4027512, -1.4367634], [-48.4029704, -1.4369285], [-48.4031897, -1.4370663], [-48.4036187, -1.4372956], [-48.4040987, -1.437457], [-48.4045999, -1.4375801], [-48.4065013, -1.4379739]]}}, {"type": "Feature", "properties": {"highway": "primary"}, "geometry": {"type": "LineString", "coordinates": [[-48.3910042, -1.4297187], [-48.3914792, -1.4299422]]}}, {"type": "Feature", "properties": {"highway": "primary"}, "geometry": {"type": "LineString", "coordinates": [[-48.3914502, -1.4300176], [-48.3909731, -1.4297892]]}}, {"type": "Feature", "properties": {"highway": "primary"}, "geometry": {"type": "LineString", "coordinates": [[-48.3636859, -1.4087553], [-48.3620018, -1.4069601], [-48.3616556, -1.4066733], [-48.3613075, -1.4063973], [-48.3606073, -1.405953], [-48.3603672, -1.4057902], [-48.3577842, -1.4041247], [-48.3556183, -1.4026831], [-48.3552891, -1.4023802], [-48.3547114, -1.4016413], [-48.3541535, -1.4008394], [-48.3531875, -1.3993924], [-48.3529862, -1.3991212], [-48.3525303, -1.3985939], [-48.3523362, -1.3983762], [-48.352199, -1.3982721], [-48.3520506, -1.3982013], [-48.3519376, -1.3981966], [-48.3518252, -1.3982145], [-48.3514476, -1.3984332]]}}, {"type": "Feature", "properties": {"highway": "primary"}, "geometry": {"type": "LineString", "coordinates": [[-48.3638643, -1.4089427], [-48.3636859, -1.4087553]]}}, {"type": "Feature", "properties": {"highway": "tertiary"}, "geometry": {"type": "LineString", "coordinates": [[-48.4927111, -1.4624915], [-48.4922182, -1.4618528], [-48.491905, -1.4614829], [-48.4918925, -1.4614681], [-48.4918383, -1.4614027]]}}, {"type": "Feature", "properties": {"highway": "trunk"}, "geometry": {"type": "LineString", "coordinates": [[-48.3622403, -1.3662313], [-48.3622365, -1.3664855]]}}, {"type": "Feature", "properties": {"highway": "trunk"}, "geometry": {"type": "LineString", "coordinates": [[-48.3622953, -1.365173], [-48.362282, -1.3654086]]}}, {"type": "Feature", "properties": {"highway": "trunk"}, "geometry": {"type": "LineString", "coordinates": [[-48.362282, -1.3654086], [-48.3622403, -1.3662313]]}}, {"type": "Feature", "properties": {"highway": "trunk"}, "geometry": {"type": "LineString", "coordinates": [[-48.3622151, -1.3654043], [-48.3622348, -1.3651635], [-48.3622442, -1.3650924], [-48.3622612, -1.3650061], [-48.3622993, -1.3648428], [-48.3624388, -1.3645595], [-48.3624668, -1.3644743], [-48.3624831, -1.3643872], [-48.3624803, -1.3642813], [-48.362444, -1.36417], [-48.3623521, -1.3640419], [-48.3622501, -1.3639859], [-48.3621312, -1.3639647], [-48.3620189, -1.3639649], [-48.3619358, -1.363997], [-48.3618473, -1.3640493], [-48.3617695, -1.3641405], [-48.3617158, -1.3642572], [-48.3616882, -1.3643715], [-48.361697, -1.364473], [-48.3617386, -1.3645856], [-48.3619022, -1.3648363], [-48.3619509, -1.364963], [-48.3619742, -1.3651064], [-48.3620127, -1.3652603], [-48.3620804, -1.3653927], [-48.3621809, -1.3654716], [-48.3624445, -1.3655864]]}}, {"type": "Feature", "properties": {"highway": "trunk"}, "geometry": {"type": "LineString", "coordinates": [[-48.3621731, -1.3662251], [-48.3622151, -1.3654043]]}}, {"type": "Feature", "properties": {"highway": "trunk"}, "geometry": {"type": "LineString", "coordinates": [[-48.3614472, -1.365532], [-48.3616072, -1.3654759], [-48.3617405, -1.3653994], [-48.3617873, -1.36536], [-48.3618499, -1.365264], [-48.3618848, -1.3651876], [-48.3619009, -1.3651085], [-48.3618942, -1.3649825], [-48.3618379, -1.3648645], [-48.3617543, -1.364729], [-48.3616629, -1.3645568], [-48.3616243, -1.3644371], [-48.3616203, -1.3643476], [-48.3616461, -1.3642357], [-48.361685, -1.3641418], [-48.3617628, -1.3640332], [-48.3618804, -1.3639401], [-48.361976, -1.3639126], [-48.3620699, -1.3639005], [-48.3622133, -1.3639134], [-48.3623037, -1.3639506], [-48.3623877, -1.3640038], [-48.3624695, -1.3641016], [-48.3625297, -1.3642014], [-48.3625567, -1.3643121], [-48.3625594, -1.3644167], [-48.362529, -1.364582], [-48.3624306, -1.3647348], [-48.3623645, -1.3648741], [-48.3623268, -1.3650186], [-48.3622953, -1.365173]]}}, {"type": "Feature", "properties": {"highway": "trunk"}, "geometry": {"type": "LineString", "coordinates": [[-48.3621553, -1.3664977], [-48.3621731, -1.3662251]]}}, {"type": "Feature", "properties": {"highway": "tertiary"}, "geometry": {"type": "LineString", "coordinates": [[-48.3937091, -1.3495456], [-48.3927934, -1.3495406]]}}, {"type": "Feature", "properties": {"highway": "tertiary"}, "geometry": {"type": "LineString", "coordinates": [[-48.3946945, -1.3495509], [-48.3937091, -1.3495456]]}}, {"type": "Feature", "properties": {"highway": "secondary"}, "geometry": {"type": "LineString", "coordinates": [[-48.4707767, -1.4515202], [-48.4707415, -1.4528064], [-48.4707091, -1.4540366], [-48.4707093, -1.4541341], [-48.4706974, -1.454621]]}}, {"type": "Feature", "properties": {"highway": "primary"}, "geometry": {"type": "LineString", "coordinates": [[-48.4707767, -1.4515202], [-48.4704678, -1.4515043], [-48.4701544, -1.4514966], [-48.4700799, -1.451493], [-48.4698378, -1.4514906], [-48.4694472, -1.4514829], [-48.469206, -1.4514374], [-48.4691356, -1.4514048]]}}, {"type": "Feature", "properties": {"highway": "secondary"}, "geometry": {"type": "LineString", "coordinates": [[-48.4867164, -1.4484313], [-48.4866016, -1.4483961], [-48.4864828, -1.4483716]]}}, {"type": "Feature", "properties": {"highway": "primary"}, "geometry": {"type": "LineString", "coordinates": [[-48.4674131, -1.4498194], [-48.4666545, -1.4498143], [-48.4665534, -1.4498114], [-48.4664907, -1.4498072], [-48.4663674, -1.4497929], [-48.4662766, -1.4497734], [-48.4662625, -1.4497712], [-48.4662528, -1.4497703], [-48.4653219, -1.4496352], [-48.4644598, -1.4495361]]}}, {"type": "Feature", "properties": {"highway": "primary"}, "geometry": {"type": "LineString", "coordinates": [[-48.4949318, -1.4496147], [-48.4952892, -1.4489787]]}}, {"type": "Feature", "properties": {"highway": "primary"}, "geometry": {"type": "LineString", "coordinates": [[-48.4930889, -1.4472701], [-48.4928566, -1.4470935], [-48.492245, -1.4466275], [-48.4916617, -1.4461739], [-48.4915379, -1.4460776], [-48.4913818, -1.4459562]]}}, {"type": "Feature", "properties": {"highway": "primary"}, "geometry": {"type": "LineString", "coordinates": [[-48.4893917, -1.4279018], [-48.4893639, -1.4277713], [-48.4893528, -1.4277195], [-48.4892873, -1.4274648], [-48.4892247, -1.4272643], [-48.4891643, -1.4270658], [-48.4890816, -1.4268326]]}}, {"type": "Feature", "properties": {"highway": "primary"}, "geometry": {"type": "LineString", "coordinates": [[-48.3666869, -1.3644066], [-48.3666542, -1.3645151], [-48.3665943, -1.3646813]]}}, {"type": "Feature", "properties": {"highway": "tertiary"}, "geometry": {"type": "LineString", "coordinates": [[-48.4940422, -1.4753613], [-48.4951163, -1.474425], [-48.4952016, -1.474348], [-48.4962112, -1.4734705], [-48.496352, -1.4733478], [-48.4967776, -1.4729748], [-48.4971543, -1.4726484], [-48.4977509, -1.4721283], [-48.4979993, -1.4719118], [-48.4982331, -1.471708]]}}, {"type": "Feature", "properties": {"highway": "secondary"}, "geometry": {"type": "LineString", "coordinates": [[-48.4760014, -1.4724452], [-48.4760478, -1.4719037], [-48.4760672, -1.4716779], [-48.4760793, -1.4715374], [-48.476083, -1.4714937], [-48.4761019, -1.4712734]]}}, {"type": "Feature", "properties": {"highway": "tertiary"}, "geometry": {"type": "LineString", "coordinates": [[-48.4751032, -1.4723909], [-48.4758718, -1.4718224], [-48.4760672, -1.4716779]]}}, {"type": "Feature", "properties": {"highway": "secondary"}, "geometry": {"type": "LineString", "coordinates": [[-48.4760672, -1.4716779], [-48.4762719, -1.4715244]]}}, {"type": "Feature", "properties": {"highway": "tertiary"}, "geometry": {"type": "LineString", "coordinates": [[-48.4665351, -1.4371283], [-48.4664608, -1.4371787], [-48.4660789, -1.4374362], [-48.4660409, -1.437461], [-48.4659987, -1.437488], [-48.4655918, -1.4377629], [-48.4655598, -1.4377844], [-48.4650205, -1.438147], [-48.4649456, -1.4381973], [-48.4641672, -1.4387207], [-48.4641169, -1.4387545], [-48.4638884, -1.4389106], [-48.463846, -1.4389389], [-48.4634071, -1.4392316], [-48.4632945, -1.4393097], [-48.4629333, -1.4395518], [-48.4621154, -1.4400999], [-48.4615327, -1.4404918], [-48.4614791, -1.4405278]]}}, {"type": "Feature", "properties": {"highway": "secondary"}, "geometry": {"type": "LineString", "coordinates": [[-48.5024019, -1.4606296], [-48.5024675, -1.4606704], [-48.5024763, -1.4606758], [-48.5036657, -1.4614054]]}}, {"type": "Feature", "properties": {"highway": "secondary"}, "geometry": {"type": "LineString", "coordinates": [[-48.4981602, -1.4580198], [-48.4973521, -1.4575328]]}}, {"type": "Feature", "properties": {"highway": "primary"}, "geometry": {"type": "LineString", "coordinates": [[-48.4188499, -1.3515272], [-48.4187967, -1.3515708], [-48.4187448, -1.3516156]]}}, {"type": "Feature", "properties": {"highway": "primary"}, "geometry": {"type": "LineString", "coordinates": [[-48.4187603, -1.3513734], [-48.418815, -1.3514113], [-48.4188689, -1.3514528]]}}, {"type": "Feature", "properties": {"highway": "primary"}, "geometry": {"type": "LineString", "coordinates": [[-48.4187448, -1.3516156], [-48.4186548, -1.3515403], [-48.418566, -1.3514714]]}}, {"type": "Feature", "properties": {"highway": "primary"}, "geometry": {"type": "LineString", "coordinates": [[-48.418566, -1.3514714], [-48.4186645, -1.3514261], [-48.4187603, -1.3513734]]}}, {"type": "Feature", "properties": {"highway": "primary"}, "geometry": {"type": "LineString", "coordinates": [[-48.4188176, -1.3516731], [-48.4187813, -1.3516453], [-48.4187448, -1.3516156]]}}, {"type": "Feature", "properties": {"highway": "primary"}, "geometry": {"type": "LineString", "coordinates": [[-48.3670921, -1.3666239], [-48.3670685, -1.3666836], [-48.3670419, -1.3667395], [-48.3670073, -1.3667908], [-48.3669654, -1.3668364], [-48.3669172, -1.3668752], [-48.3668637, -1.3669064], [-48.3668062, -1.3669293], [-48.3667459, -1.3669434], [-48.3666841, -1.3669483], [-48.3666224, -1.3669439], [-48.3665619, -1.3669305], [-48.3665042, -1.3669081], [-48.3664016, -1.3668354]]}}, {"type": "Feature", "properties": {"highway": "primary"}, "geometry": {"type": "LineString", "coordinates": [[-48.3665943, -1.3646813], [-48.3665519, -1.3649745]]}}, {"type": "Feature", "properties": {"highway": "primary"}, "geometry": {"type": "LineString", "coordinates": [[-48.4188689, -1.3514528], [-48.4188596, -1.3514897], [-48.4188499, -1.3515272]]}}, {"type": "Feature", "properties": {"highway": "primary"}, "geometry": {"type": "LineString", "coordinates": [[-48.3668013, -1.3637205], [-48.3667462, -1.364083], [-48.3667288, -1.3641876], [-48.3667127, -1.3642785], [-48.3666869, -1.3644066]]}}, {"type": "Feature", "properties": {"highway": "primary"}, "geometry": {"type": "LineString", "coordinates": [[-48.3664151, -1.363782], [-48.3666399, -1.3625457], [-48.3666762, -1.3623423], [-48.3666804, -1.362268], [-48.3667478, -1.3619256], [-48.3668653, -1.3612378], [-48.3669808, -1.3607418], [-48.3670044, -1.3606141], [-48.3670329, -1.360474], [-48.3670938, -1.3600083]]}}, {"type": "Feature", "properties": {"highway": "primary"}, "geometry": {"type": "LineString", "coordinates": [[-48.3668013, -1.3637205], [-48.3667584, -1.3641995], [-48.3667356, -1.3643899], [-48.3667384, -1.3644475], [-48.3667607, -1.364531], [-48.3667996, -1.3645966], [-48.3676079, -1.3658394], [-48.3676609, -1.3659086], [-48.3677186, -1.3659755]]}}, {"type": "Feature", "properties": {"highway": "secondary"}, "geometry": {"type": "LineString", "coordinates": [[-48.4703642, -1.4255983], [-48.4702157, -1.4253672]]}}, {"type": "Feature", "properties": {"highway": "secondary"}, "geometry": {"type": "LineString", "coordinates": [[-48.4704547, -1.4255362], [-48.4697722, -1.4245032]]}}, {"type": "Feature", "properties": {"highway": "secondary"}, "geometry": {"type": "LineString", "coordinates": [[-48.4702157, -1.4253672], [-48.4698719, -1.4248437], [-48.4696044, -1.4244508], [-48.4695455, -1.4243644], [-48.4694393, -1.4241993], [-48.4693138, -1.4240008], [-48.4688188, -1.423221], [-48.4687303, -1.4230916], [-48.4686294, -1.422948], [-48.4684082, -1.4226458], [-48.4679577, -1.4220071], [-48.4678894, -1.4219068], [-48.4678414, -1.4218318]]}}, {"type": "Feature", "properties": {"highway": "secondary"}, "geometry": {"type": "LineString", "coordinates": [[-48.4665544, -1.4317539], [-48.4666279, -1.4317033]]}}, {"type": "Feature", "properties": {"highway": "secondary"}, "geometry": {"type": "LineString", "coordinates": [[-48.466525, -1.4317741], [-48.4665544, -1.4317539]]}}, {"type": "Feature", "properties": {"highway": "secondary"}, "geometry": {"type": "LineString", "coordinates": [[-48.4904263, -1.4429211], [-48.4904725, -1.4430134]]}}, {"type": "Feature", "properties": {"highway": "secondary"}, "geometry": {"type": "LineString", "coordinates": [[-48.4879518, -1.4283516], [-48.4883166, -1.4282416]]}}, {"type": "Feature", "properties": {"highway": "secondary"}, "geometry": {"type": "LineString", "coordinates": [[-48.4779482, -1.3951244], [-48.477455, -1.3956508]]}}, {"type": "Feature", "properties": {"highway": "secondary"}, "geometry": {"type": "LineString", "coordinates": [[-48.4772948, -1.3954022], [-48.4773941, -1.3953913], [-48.4774926, -1.3953582]]}}, {"type": "Feature", "properties": {"highway": "secondary"}, "geometry": {"type": "LineString", "coordinates": [[-48.477455, -1.3956508], [-48.477428, -1.3956929], [-48.4773902, -1.3957257], [-48.4773447, -1.3957465], [-48.4772952, -1.3957537], [-48.4772457, -1.3957467], [-48.4772001, -1.3957259], [-48.4771623, -1.3956932], [-48.4771352, -1.3956512], [-48.477121, -1.3956032], [-48.4771209, -1.3955532], [-48.477135, -1.3955052], [-48.477162, -1.395463], [-48.4771997, -1.3954302], [-48.4772452, -1.3954094], [-48.4772948, -1.3954022]]}}, {"type": "Feature", "properties": {"highway": "secondary"}, "geometry": {"type": "LineString", "coordinates": [[-48.4804255, -1.3924671], [-48.4799299, -1.3930432], [-48.4792263, -1.3937805]]}}, {"type": "Feature", "properties": {"highway": "secondary"}, "geometry": {"type": "LineString", "coordinates": [[-48.4774926, -1.3953582], [-48.478233, -1.3946405], [-48.4784, -1.3944628], [-48.4788546, -1.3939848], [-48.4793399, -1.393498]]}}, {"type": "Feature", "properties": {"highway": "secondary"}, "geometry": {"type": "LineString", "coordinates": [[-48.4792263, -1.3937805], [-48.4788586, -1.3941658], [-48.4784801, -1.3945516], [-48.4779482, -1.3951244]]}}, {"type": "Feature", "properties": {"highway": "primary"}, "geometry": {"type": "LineString", "coordinates": [[-48.4641681, -1.4091578], [-48.4638516, -1.4094822]]}}, {"type": "Feature", "properties": {"highway": "secondary"}, "geometry": {"type": "LineString", "coordinates": [[-48.4772948, -1.3954022], [-48.4773443, -1.3954093], [-48.4773898, -1.39543], [-48.4774277, -1.3954627], [-48.4774548, -1.3955048], [-48.477469, -1.3955527], [-48.477469, -1.3956028], [-48.477455, -1.3956508]]}}, {"type": "Feature", "properties": {"highway": "tertiary"}, "geometry": {"type": "LineString", "coordinates": [[-48.4655843, -1.4620263], [-48.4656673, -1.4621201], [-48.4657779, -1.4621617]]}}, {"type": "Feature", "properties": {"highway": "tertiary"}, "geometry": {"type": "LineString", "coordinates": [[-48.4657779, -1.4621617], [-48.465706, -1.4621633], [-48.4656533, -1.4621886], [-48.4656239, -1.4622093], [-48.4656091, -1.462235]]}}, {"type": "Feature", "properties": {"highway": "tertiary"}, "geometry": {"type": "LineString", "coordinates": [[-48.4913831, -1.4356654], [-48.4913205, -1.4357177], [-48.491296, -1.4357512], [-48.4907374, -1.4360451], [-48.4900086, -1.4364326], [-48.4897157, -1.4365803], [-48.4893917, -1.4367477], [-48.4892982, -1.4367908]]}}, {"type": "Feature", "properties": {"highway": "primary"}, "geometry": {"type": "LineString", "coordinates": [[-48.4913831, -1.4356654], [-48.4913388, -1.4354994], [-48.4912228, -1.4350674], [-48.490955, -1.4340704], [-48.4909, -1.4338456], [-48.4907489, -1.4332364], [-48.4906692, -1.4329002], [-48.4906268, -1.4327483], [-48.4905519, -1.4324873], [-48.4905126, -1.4323503], [-48.4904806, -1.4322386], [-48.4904427, -1.4320924]]}}, {"type": "Feature", "properties": {"highway": "secondary"}, "geometry": {"type": "LineString", "coordinates": [[-48.4591475, -1.4259608], [-48.4588567, -1.4255144], [-48.4587574, -1.4253702], [-48.458296, -1.4246897], [-48.4578312, -1.4239864], [-48.4576142, -1.4236202], [-48.4574931, -1.4234158]]}}, {"type": "Feature", "properties": {"highway": "secondary"}, "geometry": {"type": "LineString", "coordinates": [[-48.4592302, -1.4260818], [-48.4591475, -1.4259608]]}}, {"type": "Feature", "properties": {"highway": "tertiary"}, "geometry": {"type": "LineString", "coordinates": [[-48.477684, -1.301559], [-48.4778179, -1.2999094]]}}, {"type": "Feature", "properties": {"highway": "primary"}, "geometry": {"type": "LineString", "coordinates": [[-48.4775523, -1.3017408], [-48.4775902, -1.3017185], [-48.4776342, -1.3017171], [-48.4776734, -1.301737], [-48.4776994, -1.3017766], [-48.4777013, -1.301824], [-48.4776819, -1.3018621], [-48.4776621, -1.301879], [-48.4776515, -1.3018856], [-48.4776422, -1.3018882], [-48.4776155, -1.3018927], [-48.4775722, -1.3018817], [-48.4775434, -1.3018565], [-48.4775278, -1.3018215]]}}, {"type": "Feature", "properties": {"highway": "primary"}, "geometry": {"type": "LineString", "coordinates": [[-48.4776422, -1.3018882], [-48.4776599, -1.3019158], [-48.4776723, -1.3019602]]}}, {"type": "Feature", "properties": {"highway": "primary"}, "geometry": {"type": "LineString", "coordinates": [[-48.4775278, -1.3018215], [-48.4775299, -1.3017781], [-48.4775523, -1.3017408]]}}, {"type": "Feature", "properties": {"highway": "tertiary"}, "geometry": {"type": "LineString", "coordinates": [[-48.4657309, -1.4545016], [-48.4657275, -1.4544453]]}}, {"type": "Feature", "properties": {"highway": "tertiary"}, "geometry": {"type": "LineString", "coordinates": [[-48.4657275, -1.4544453], [-48.4657269, -1.4544268]]}}, {"type": "Feature", "properties": {"highway": "tertiary"}, "geometry": {"type": "LineString", "coordinates": [[-48.4657324, -1.4545282], [-48.4657309, -1.4545016]]}}, {"type": "Feature", "properties": {"highway": "primary"}, "geometry": {"type": "LineString", "coordinates": [[-48.4272771, -1.360093], [-48.4279583, -1.3588071], [-48.4281462, -1.3584562], [-48.4286265, -1.3576082]]}}, {"type": "Feature", "properties": {"highway": "primary"}, "geometry": {"type": "LineString", "coordinates": [[-48.4273604, -1.360133], [-48.4272998, -1.3602556], [-48.4272202, -1.3604168], [-48.4268248, -1.3611822]]}}, {"type": "Feature", "properties": {"highway": "primary"}, "geometry": {"type": "LineString", "coordinates": [[-48.4286919, -1.3576635], [-48.4282789, -1.3584062], [-48.4279805, -1.3589539], [-48.4276208, -1.3596369], [-48.4273604, -1.360133]]}}, {"type": "Feature", "properties": {"highway": "secondary"}, "geometry": {"type": "LineString", "coordinates": [[-48.4539866, -1.3945898], [-48.4541125, -1.3945875], [-48.4542909, -1.394618]]}}, {"type": "Feature", "properties": {"highway": "secondary"}, "geometry": {"type": "LineString", "coordinates": [[-48.4537473, -1.3948338], [-48.4537127, -1.3948126], [-48.4536838, -1.3947842], [-48.4536619, -1.3947501], [-48.4536481, -1.394712], [-48.4536432, -1.3946717], [-48.4536473, -1.3946314], [-48.4536603, -1.394593], [-48.4536816, -1.3945585], [-48.4537099, -1.3945295], [-48.4537441, -1.3945076], [-48.4537822, -1.3944939], [-48.4538224, -1.3944889], [-48.4538628, -1.3944931], [-48.4539012, -1.3945061], [-48.4539357, -1.3945273], [-48.4539647, -1.3945557], [-48.4539866, -1.3945898], [-48.4540003, -1.3946279], [-48.4540053, -1.3946682], [-48.4540011, -1.3947085], [-48.4539881, -1.3947469], [-48.4539669, -1.3947814], [-48.4539385, -1.3948104], [-48.4539044, -1.3948323], [-48.4538696, -1.3948423], [-48.453826, -1.394851], [-48.4537857, -1.3948468], [-48.4537473, -1.3948338]]}}, {"type": "Feature", "properties": {"highway": "secondary"}, "geometry": {"type": "LineString", "coordinates": [[-48.4537473, -1.3948338], [-48.4537127, -1.3948126], [-48.4536838, -1.3947842], [-48.4536619, -1.3947501], [-48.4536481, -1.394712], [-48.4536432, -1.3946717], [-48.4536473, -1.3946314], [-48.4536603, -1.394593], [-48.4536816, -1.3945585], [-48.4537099, -1.3945295], [-48.4537441, -1.3945076], [-48.4537822, -1.3944939], [-48.4538224, -1.3944889], [-48.4538628, -1.3944931], [-48.4539012, -1.3945061], [-48.4539357, -1.3945273], [-48.4539647, -1.3945557], [-48.4539866, -1.3945898], [-48.4540003, -1.3946279], [-48.4540053, -1.3946682], [-48.4540011, -1.3947085], [-48.4539881, -1.3947469], [-48.4539669, -1.3947814], [-48.4539385, -1.3948104], [-48.4539044, -1.3948323], [-48.4538696, -1.3948423], [-48.453826, -1.394851], [-48.4537857, -1.3948468], [-48.4537473, -1.3948338]]}}, {"type": "Feature", "properties": {"highway": "secondary"}, "geometry": {"type": "LineString", "coordinates": [[-48.4351095, -1.3947848], [-48.4351225, -1.3952371], [-48.4351467, -1.395288], [-48.4351896, -1.3953242], [-48.4352446, -1.3953457], [-48.4353317, -1.3953564], [-48.4379174, -1.3952786], [-48.4381933, -1.3952719], [-48.4383559, -1.3952679], [-48.4397855, -1.3951928], [-48.4408906, -1.3951311], [-48.4415102, -1.3950963], [-48.4428057, -1.3950534], [-48.4437713, -1.3950132], [-48.4441222, -1.394993], [-48.4458178, -1.3949166], [-48.4479904, -1.3948362], [-48.4508979, -1.394745], [-48.4533763, -1.394619], [-48.4534608, -1.3946083], [-48.4535493, -1.3945828], [-48.4536271, -1.394556], [-48.4537099, -1.3945295]]}}, {"type": "Feature", "properties": {"highway": "secondary"}, "geometry": {"type": "LineString", "coordinates": [[-48.4874585, -1.4370869], [-48.4875543, -1.4372611], [-48.4876248, -1.4374003], [-48.4877331, -1.4376222]]}}, {"type": "Feature", "properties": {"highway": "secondary"}, "geometry": {"type": "LineString", "coordinates": [[-48.4683916, -1.414008], [-48.4680524, -1.4142756]]}}, {"type": "Feature", "properties": {"highway": "secondary"}, "geometry": {"type": "LineString", "coordinates": [[-48.4639496, -1.4159333], [-48.4640341, -1.4159491], [-48.464127, -1.4160219], [-48.4644035, -1.4164332], [-48.4646088, -1.4167038], [-48.4655052, -1.4179794], [-48.4659585, -1.4186122], [-48.4662877, -1.4191103], [-48.4663961, -1.4192865]]}}, {"type": "Feature", "properties": {"highway": "tertiary"}, "geometry": {"type": "LineString", "coordinates": [[-48.4638192, -1.4210188], [-48.465527, -1.4198246], [-48.4656316, -1.4197672], [-48.465657, -1.4197567], [-48.4662433, -1.4193925], [-48.4663961, -1.4192865]]}}, {"type": "Feature", "properties": {"highway": "secondary"}, "geometry": {"type": "LineString", "coordinates": [[-48.4686895, -1.4648471], [-48.4686747, -1.4655064], [-48.4686636, -1.4659895], [-48.4686615, -1.4660802], [-48.4686169, -1.4674242]]}}, {"type": "Feature", "properties": {"highway": "secondary"}, "geometry": {"type": "LineString", "coordinates": [[-48.4447281, -1.4577466], [-48.4447757, -1.4578119], [-48.4447992, -1.4578892], [-48.4447957, -1.4579699], [-48.4447659, -1.4580449], [-48.4447129, -1.4581059], [-48.4446428, -1.458146], [-48.4445633, -1.4581606], [-48.4444834, -1.4581482], [-48.4444123, -1.4581102], [-48.4443575, -1.4580506], [-48.4443266, -1.457981], [-48.444319, -1.457905], [-48.4443357, -1.4578304], [-48.4443749, -1.4577649], [-48.4444324, -1.4577148], [-48.4445029, -1.4576852], [-48.4445834, -1.4576796], [-48.4446615, -1.4577008]]}}, {"type": "Feature", "properties": {"highway": "secondary"}, "geometry": {"type": "LineString", "coordinates": [[-48.4466496, -1.4514404], [-48.4466255, -1.4516277], [-48.4466051, -1.4518673], [-48.4465398, -1.4526708], [-48.4465298, -1.4528028], [-48.4464932, -1.453213], [-48.4464522, -1.4535416], [-48.4464282, -1.4537394], [-48.4463437, -1.4543849], [-48.4462987, -1.4547025], [-48.4462717, -1.4548649], [-48.4462582, -1.4549754], [-48.4462307, -1.4551584], [-48.4462091, -1.4552769], [-48.4461949, -1.4553198], [-48.4460833, -1.4556116], [-48.4460365, -1.4557156], [-48.4458456, -1.4561445], [-48.4457428, -1.4563901], [-48.4455609, -1.4567647], [-48.4453557, -1.457153]]}}, {"type": "Feature", "properties": {"highway": "secondary"}, "geometry": {"type": "LineString", "coordinates": [[-48.4448804, -1.4578585], [-48.4447957, -1.4579699]]}}, {"type": "Feature", "properties": {"highway": "secondary"}, "geometry": {"type": "LineString", "coordinates": [[-48.4447659, -1.4580449], [-48.444736, -1.4581811]]}}, {"type": "Feature", "properties": {"highway": "secondary"}, "geometry": {"type": "LineString", "coordinates": [[-48.4445404, -1.4583355], [-48.4445149, -1.4582691], [-48.4444825, -1.4582086], [-48.4444123, -1.4581102]]}}, {"type": "Feature", "properties": {"highway": "secondary"}, "geometry": {"type": "LineString", "coordinates": [[-48.4446615, -1.4577008], [-48.4447549, -1.4576619], [-48.444835, -1.4576156]]}}, {"type": "Feature", "properties": {"highway": "secondary"}, "geometry": {"type": "LineString", "coordinates": [[-48.444835, -1.4576156], [-48.444947, -1.4574655]]}}, {"type": "Feature", "properties": {"highway": "secondary"}, "geometry": {"type": "LineString", "coordinates": [[-48.4453557, -1.457153], [-48.4452572, -1.4573093], [-48.445162, -1.4574605], [-48.4449743, -1.4577157], [-48.4448804, -1.4578585]]}}, {"type": "Feature", "properties": {"highway": "primary"}, "geometry": {"type": "LineString", "coordinates": [[-48.4369989, -1.4605345], [-48.4365676, -1.460665], [-48.4362065, -1.4607266], [-48.4358387, -1.460752], [-48.4355781, -1.4607478], [-48.4353258, -1.4607219], [-48.4348558, -1.460631], [-48.4345712, -1.4605504], [-48.4343079, -1.46044], [-48.4298517, -1.4581212]]}}, {"type": "Feature", "properties": {"highway": "primary"}, "geometry": {"type": "LineString", "coordinates": [[-48.437093, -1.4605053], [-48.4369989, -1.4605345]]}}, {"type": "Feature", "properties": {"highway": "trunk"}, "geometry": {"type": "LineString", "coordinates": [[-48.3491241, -1.4009867], [-48.3493554, -1.4008131], [-48.3496082, -1.4006365], [-48.3498641, -1.4004185]]}}, {"type": "Feature", "properties": {"highway": "trunk"}, "geometry": {"type": "LineString", "coordinates": [[-48.3525033, -1.3953531], [-48.3524942, -1.3957877], [-48.3524283, -1.396189], [-48.3523734, -1.3963395], [-48.3519436, -1.3973474], [-48.3514476, -1.3984332], [-48.3513059, -1.3987362], [-48.3511017, -1.3991432], [-48.351016, -1.3993116], [-48.3509878, -1.3993777], [-48.3508568, -1.3996139], [-48.350775, -1.3997622], [-48.3507136, -1.3998595], [-48.3505497, -1.4000573], [-48.3503037, -1.4003155], [-48.3500135, -1.400567], [-48.3497077, -1.4007581], [-48.3494183, -1.40089], [-48.3491241, -1.4009867]]}}, {"type": "Feature", "properties": {"highway": "trunk"}, "geometry": {"type": "LineString", "coordinates": [[-48.3498641, -1.4004185], [-48.3501241, -1.400136], [-48.3503367, -1.3998923], [-48.350472, -1.3996933], [-48.3505276, -1.3996116], [-48.3505808, -1.3995061], [-48.3507186, -1.399233], [-48.3507833, -1.39912], [-48.3508352, -1.3990292], [-48.3510279, -1.3986095], [-48.3520952, -1.3962511], [-48.3523055, -1.3957864], [-48.3525033, -1.3953531]]}}, {"type": "Feature", "properties": {"highway": "primary"}, "geometry": {"type": "LineString", "coordinates": [[-48.4255988, -1.4553518], [-48.4269202, -1.4563973], [-48.427029, -1.4564856], [-48.4271273, -1.4565561], [-48.4274203, -1.4567518], [-48.4276105, -1.4568662], [-48.4281332, -1.457146], [-48.4298033, -1.4580004]]}}, {"type": "Feature", "properties": {"highway": "primary"}, "geometry": {"type": "LineString", "coordinates": [[-48.425413, -1.4552091], [-48.4255988, -1.4553518]]}}, {"type": "Feature", "properties": {"highway": "primary"}, "geometry": {"type": "LineString", "coordinates": [[-48.4255541, -1.4554284], [-48.4253597, -1.4552762]]}}, {"type": "Feature", "properties": {"highway": "primary"}, "geometry": {"type": "LineString", "coordinates": [[-48.4297699, -1.458079], [-48.428427, -1.4573794], [-48.4277481, -1.457027], [-48.4274048, -1.4568446], [-48.4272409, -1.4567394], [-48.4270903, -1.4566275], [-48.4269637, -1.4565418], [-48.4268731, -1.4564595], [-48.4255541, -1.4554284]]}}, {"type": "Feature", "properties": {"highway": "secondary"}, "geometry": {"type": "LineString", "coordinates": [[-48.4446615, -1.4577008], [-48.4447281, -1.4577466]]}}, {"type": "Feature", "properties": {"highway": "primary"}, "geometry": {"type": "LineString", "coordinates": [[-48.3955753, -1.4319373], [-48.3914502, -1.4300176]]}}, {"type": "Feature", "properties": {"highway": "primary"}, "geometry": {"type": "LineString", "coordinates": [[-48.3957911, -1.4320364], [-48.3955753, -1.4319373]]}}, {"type": "Feature", "properties": {"highway": "primary"}, "geometry": {"type": "LineString", "coordinates": [[-48.395619, -1.431864], [-48.3958249, -1.4319651]]}}, {"type": "Feature", "properties": {"highway": "primary"}, "geometry": {"type": "LineString", "coordinates": [[-48.3914792, -1.4299422], [-48.3951564, -1.4316648], [-48.395619, -1.431864]]}}, {"type": "Feature", "properties": {"highway": "primary"}, "geometry": {"type": "LineString", "coordinates": [[-48.415314, -1.4473831], [-48.4156404, -1.4476341], [-48.4181472, -1.4495893], [-48.4212775, -1.4519905], [-48.4228605, -1.4532256], [-48.4244321, -1.4544501], [-48.4250667, -1.4549457], [-48.425413, -1.4552091]]}}, {"type": "Feature", "properties": {"highway": "primary"}, "geometry": {"type": "LineString", "coordinates": [[-48.4152182, -1.4473091], [-48.415314, -1.4473831]]}}, {"type": "Feature", "properties": {"highway": "primary"}, "geometry": {"type": "LineString", "coordinates": [[-48.4152722, -1.4474648], [-48.4151764, -1.4473937]]}}, {"type": "Feature", "properties": {"highway": "primary"}, "geometry": {"type": "LineString", "coordinates": [[-48.4253597, -1.4552762], [-48.4250591, -1.4550517], [-48.4243964, -1.4545278], [-48.4228265, -1.4533084], [-48.4220216, -1.4526736], [-48.4212439, -1.4520969], [-48.41813, -1.4496732], [-48.4166972, -1.4485589], [-48.4152722, -1.4474648]]}}, {"type": "Feature", "properties": {"highway": "secondary"}, "geometry": {"type": "LineString", "coordinates": [[-48.4608368, -1.3939872], [-48.4608991, -1.3938859]]}}, {"type": "Feature", "properties": {"highway": "secondary"}, "geometry": {"type": "LineString", "coordinates": [[-48.4615533, -1.39469], [-48.4614418, -1.3947301], [-48.4613236, -1.3947448], [-48.4612048, -1.3947325], [-48.4610923, -1.3946944], [-48.4609909, -1.3946321], [-48.4609058, -1.3945487], [-48.4608412, -1.3944482], [-48.4608011, -1.3943365], [-48.4607864, -1.3942183], [-48.4607988, -1.3940997], [-48.4608368, -1.3939872]]}}, {"type": "Feature", "properties": {"highway": "secondary"}, "geometry": {"type": "LineString", "coordinates": [[-48.4616542, -1.3946254], [-48.4615533, -1.39469]]}}, {"type": "Feature", "properties": {"highway": "secondary"}, "geometry": {"type": "LineString", "coordinates": [[-48.461838, -1.394326], [-48.4619567, -1.3942945], [-48.4620658, -1.3942839], [-48.462834, -1.3944164], [-48.4640234, -1.3944319], [-48.4650936, -1.3944078], [-48.465413, -1.3943941], [-48.4656358, -1.3944022]]}}, {"type": "Feature", "properties": {"highway": "secondary"}, "geometry": {"type": "LineString", "coordinates": [[-48.461795, -1.3939775], [-48.4620747, -1.3941712], [-48.4628452, -1.3942954], [-48.4640434, -1.394324], [-48.465052, -1.3943214], [-48.4652263, -1.3942945], [-48.465347, -1.3941927], [-48.4654087, -1.39408], [-48.4654643, -1.3939656]]}}, {"type": "Feature", "properties": {"highway": "secondary"}, "geometry": {"type": "LineString", "coordinates": [[-48.4608991, -1.3938859], [-48.4609825, -1.3938008], [-48.461094, -1.3937291], [-48.4611912, -1.3937012], [-48.4612983, -1.3936798], [-48.4614317, -1.3936937], [-48.461544, -1.3937317], [-48.4616458, -1.3937941], [-48.4617309, -1.3938777], [-48.461795, -1.3939775], [-48.4618356, -1.3940897], [-48.46185, -1.3942079], [-48.461838, -1.394326], [-48.4617996, -1.3944393], [-48.4617373, -1.3945403], [-48.4616542, -1.3946254]]}}, {"type": "Feature", "properties": {"highway": "tertiary"}, "geometry": {"type": "LineString", "coordinates": [[-48.4580814, -1.3951193], [-48.4579329, -1.3951247], [-48.4576169, -1.3951285], [-48.4572639, -1.3951115], [-48.4562493, -1.3950347], [-48.4562191, -1.3949666]]}}, {"type": "Feature", "properties": {"highway": "secondary"}, "geometry": {"type": "LineString", "coordinates": [[-48.4609909, -1.3946321], [-48.4607551, -1.3946364], [-48.4595025, -1.3946713], [-48.4581319, -1.3946874], [-48.4566137, -1.3948992], [-48.4562191, -1.3949666], [-48.455604, -1.3949204], [-48.4554402, -1.3949081], [-48.4543892, -1.3948263], [-48.4540881, -1.3948065], [-48.4539669, -1.3947814]]}}, {"type": "Feature", "properties": {"highway": "secondary"}, "geometry": {"type": "LineString", "coordinates": [[-48.4542909, -1.394618], [-48.4554417, -1.394734], [-48.4562711, -1.3947667], [-48.4580032, -1.3945388], [-48.4604273, -1.394466], [-48.460629, -1.3943723], [-48.4607864, -1.3942183]]}}]}