{"type": "FeatureCollection", "features": [{"type": "Feature", "properties": {"temp": 27.74}, "geometry": {"type": "Point", "coordinates": [3.7454551, 51.0521641]}}, {"type": "Feature", "properties": {"temp": 27.84}, "geometry": {"type": "Point", "coordinates": [3.7455312000000003, 51.052266499999995]}}, {"type": "Feature", "properties": {"temp": 27.94}, "geometry": {"type": "Point", "coordinates": [3.745615499999999, 51.052360099999994]}}, {"type": "Feature", "properties": {"temp": 28.04}, "geometry": {"type": "Point", "coordinates": [3.7457008000000003, 51.05245910000001]}}, {"type": "Feature", "properties": {"temp": 28.04}, "geometry": {"type": "Point", "coordinates": [3.7457664000000004, 51.05255609999999]}}, {"type": "Feature", "properties": {"temp": 28.14}, "geometry": {"type": "Point", "coordinates": [3.7458401, 51.052635800000004]}}, {"type": "Feature", "properties": {"temp": 28.14}, "geometry": {"type": "Point", "coordinates": [3.7458916, 51.0526915]}}, {"type": "Feature", "properties": {"temp": 28.14}, "geometry": {"type": "Point", "coordinates": [3.7459409, 51.0527592]}}, {"type": "Feature", "properties": {"temp": 28.25}, "geometry": {"type": "Point", "coordinates": [3.7460649, 51.0529161]}}, {"type": "Feature", "properties": {"temp": 28.25}, "geometry": {"type": "Point", "coordinates": [3.7460892, 51.052940899999996]}}, {"type": "Feature", "properties": {"temp": 28.25}, "geometry": {"type": "Point", "coordinates": [3.7460978999999996, 51.05295749999999]}}, {"type": "Feature", "properties": {"temp": 28.25}, "geometry": {"type": "Point", "coordinates": [3.7461649, 51.0530103]}}, {"type": "Feature", "properties": {"temp": 28.35}, "geometry": {"type": "Point", "coordinates": [3.7463052, 51.05309799999999]}}, {"type": "Feature", "properties": {"temp": 28.35}, "geometry": {"type": "Point", "coordinates": [3.7464704, 51.0531573]}}, {"type": "Feature", "properties": {"temp": 28.45}, "geometry": {"type": "Point", "coordinates": [3.7466605000000004, 51.053217]}}, {"type": "Feature", "properties": {"temp": 28.55}, "geometry": {"type": "Point", "coordinates": [3.7468549, 51.05327629999999]}}, {"type": "Feature", "properties": {"temp": 28.55}, "geometry": {"type": "Point", "coordinates": [3.7470494000000003, 51.0533364]}}, {"type": "Feature", "properties": {"temp": 28.56}, "geometry": {"type": "Point", "coordinates": [3.7472518, 51.05339639999999]}}, {"type": "Feature", "properties": {"temp": 28.66}, "geometry": {"type": "Point", "coordinates": [3.7474543999999996, 51.053457599999994]}}, {"type": "Feature", "properties": {"temp": 28.66}, "geometry": {"type": "Point", "coordinates": [3.7476277999999996, 51.053501100000005]}}, {"type": "Feature", "properties": {"temp": 28.66}, "geometry": {"type": "Point", "coordinates": [3.7477437000000005, 51.0535667]}}, {"type": "Feature", "properties": {"temp": 28.66}, "geometry": {"type": "Point", "coordinates": [3.7477059, 51.0536793]}}, {"type": "Feature", "properties": {"temp": 28.66}, "geometry": {"type": "Point", "coordinates": [3.7475919, 51.053792099999995]}}, {"type": "Feature", "properties": {"temp": 28.66}, "geometry": {"type": "Point", "coordinates": [3.7474765, 51.0539052]}}, {"type": "Feature", "properties": {"temp": 28.66}, "geometry": {"type": "Point", "coordinates": [3.7473494999999994, 51.0540133]}}, {"type": "Feature", "properties": {"temp": 28.76}, "geometry": {"type": "Point", "coordinates": [3.7472197000000005, 51.0541291]}}, {"type": "Feature", "properties": {"temp": 28.77}, "geometry": {"type": "Point", "coordinates": [3.7470786999999994, 51.0542415]}}, {"type": "Feature", "properties": {"temp": 28.77}, "geometry": {"type": "Point", "coordinates": [3.7469491, 51.0543544]}}, {"type": "Feature", "properties": {"temp": 28.77}, "geometry": {"type": "Point", "coordinates": [3.7468159999999986, 51.0544653]}}, {"type": "Feature", "properties": {"temp": 28.77}, "geometry": {"type": "Point", "coordinates": [3.7467079999999995, 51.054579100000005]}}, {"type": "Feature", "properties": {"temp": 28.67}, "geometry": {"type": "Point", "coordinates": [3.7465775999999997, 51.0546987]}}, {"type": "Feature", "properties": {"temp": 28.77}, "geometry": {"type": "Point", "coordinates": [3.7464225, 51.0548108]}}, {"type": "Feature", "properties": {"temp": 28.77}, "geometry": {"type": "Point", "coordinates": [3.7461307, 51.05502109999999]}}, {"type": "Feature", "properties": {"temp": 28.77}, "geometry": {"type": "Point", "coordinates": [3.7459838999999997, 51.05513189999999]}}, {"type": "Feature", "properties": {"temp": 28.67}, "geometry": {"type": "Point", "coordinates": [3.7458473, 51.0552335]}}, {"type": "Feature", "properties": {"temp": 28.68}, "geometry": {"type": "Point", "coordinates": [3.7456645, 51.0552424]}}, {"type": "Feature", "properties": {"temp": 28.68}, "geometry": {"type": "Point", "coordinates": [3.745460399999999, 51.05521679999999]}}, {"type": "Feature", "properties": {"temp": 28.68}, "geometry": {"type": "Point", "coordinates": [3.7452362000000003, 51.055183099999994]}}, {"type": "Feature", "properties": {"temp": 28.68}, "geometry": {"type": "Point", "coordinates": [3.7450976000000002, 51.0551071]}}, {"type": "Feature", "properties": {"temp": 28.68}, "geometry": {"type": "Point", "coordinates": [3.7450949000000002, 51.05498630000001]}}, {"type": "Feature", "properties": {"temp": 28.68}, "geometry": {"type": "Point", "coordinates": [3.7451019, 51.05485009999999]}}, {"type": "Feature", "properties": {"temp": 28.68}, "geometry": {"type": "Point", "coordinates": [3.7451141000000003, 51.054710099999994]}}, {"type": "Feature", "properties": {"temp": 28.68}, "geometry": {"type": "Point", "coordinates": [3.7451215999999996, 51.054575299999996]}}, {"type": "Feature", "properties": {"temp": 28.68}, "geometry": {"type": "Point", "coordinates": [3.745122999999999, 51.0544689]}}, {"type": "Feature", "properties": {"temp": 28.69}, "geometry": {"type": "Point", "coordinates": [3.7451402, 51.054343300000006]}}, {"type": "Feature", "properties": {"temp": 28.69}, "geometry": {"type": "Point", "coordinates": [3.7451208, 51.0542187]}}, {"type": "Feature", "properties": {"temp": 28.69}, "geometry": {"type": "Point", "coordinates": [3.7451334, 51.0540826]}}, {"type": "Feature", "properties": {"temp": 28.69}, "geometry": {"type": "Point", "coordinates": [3.7451684, 51.0539475]}}, {"type": "Feature", "properties": {"temp": 28.69}, "geometry": {"type": "Point", "coordinates": [3.7451814000000003, 51.05379239999999]}}, {"type": "Feature", "properties": {"temp": 28.79}, "geometry": {"type": "Point", "coordinates": [3.7451916000000005, 51.0536449]}}, {"type": "Feature", "properties": {"temp": 28.79}, "geometry": {"type": "Point", "coordinates": [3.745192, 51.0535192]}}, {"type": "Feature", "properties": {"temp": 28.79}, "geometry": {"type": "Point", "coordinates": [3.7451931000000003, 51.05339789999999]}}, {"type": "Feature", "properties": {"temp": 28.69}, "geometry": {"type": "Point", "coordinates": [3.7451827, 51.0533318]}}, {"type": "Feature", "properties": {"temp": 28.69}, "geometry": {"type": "Point", "coordinates": [3.7451796, 51.0533128]}}, {"type": "Feature", "properties": {"temp": 28.7}, "geometry": {"type": "Point", "coordinates": [3.7451832000000005, 51.053295799999994]}}, {"type": "Feature", "properties": {"temp": 28.7}, "geometry": {"type": "Point", "coordinates": [3.7451985999999997, 51.0532551]}}, {"type": "Feature", "properties": {"temp": 28.7}, "geometry": {"type": "Point", "coordinates": [3.7453372999999996, 51.0531929]}}, {"type": "Feature", "properties": {"temp": 28.7}, "geometry": {"type": "Point", "coordinates": [3.7455322, 51.053125800000004]}}, {"type": "Feature", "properties": {"temp": 28.8}, "geometry": {"type": "Point", "coordinates": [3.745728199999999, 51.05307369999999]}}, {"type": "Feature", "properties": {"temp": 28.8}, "geometry": {"type": "Point", "coordinates": [3.7459406, 51.0530288]}}, {"type": "Feature", "properties": {"temp": 28.7}, "geometry": {"type": "Point", "coordinates": [3.7460870999999996, 51.0529664]}}, {"type": "Feature", "properties": {"temp": 28.7}, "geometry": {"type": "Point", "coordinates": [3.7462069, 51.05293910000001]}}, {"type": "Feature", "properties": {"temp": 28.7}, "geometry": {"type": "Point", "coordinates": [3.74636, 51.0528999]}}, {"type": "Feature", "properties": {"temp": 28.7}, "geometry": {"type": "Point", "coordinates": [3.7465458000000003, 51.05286329999999]}}, {"type": "Feature", "properties": {"temp": 28.81}, "geometry": {"type": "Point", "coordinates": [3.7467601000000004, 51.05282859999999]}}, {"type": "Feature", "properties": {"temp": 28.81}, "geometry": {"type": "Point", "coordinates": [3.7469681000000006, 51.05280969999999]}}, {"type": "Feature", "properties": {"temp": 28.81}, "geometry": {"type": "Point", "coordinates": [3.7471772000000003, 51.052784800000005]}}, {"type": "Feature", "properties": {"temp": 28.81}, "geometry": {"type": "Point", "coordinates": [3.7474257, 51.052762799999996]}}, {"type": "Feature", "properties": {"temp": 28.91}, "geometry": {"type": "Point", "coordinates": [3.7476546999999996, 51.0527258]}}, {"type": "Feature", "properties": {"temp": 28.91}, "geometry": {"type": "Point", "coordinates": [3.747879099999999, 51.05269450000001]}}, {"type": "Feature", "properties": {"temp": 28.91}, "geometry": {"type": "Point", "coordinates": [3.7480651, 51.0526461]}}, {"type": "Feature", "properties": {"temp": 29.01}, "geometry": {"type": "Point", "coordinates": [3.7482668, 51.052629499999995]}}, {"type": "Feature", "properties": {"temp": 29.01}, "geometry": {"type": "Point", "coordinates": [3.7483954000000006, 51.05261639999999]}}, {"type": "Feature", "properties": {"temp": 28.92}, "geometry": {"type": "Point", "coordinates": [3.7484086, 51.052612599999996]}}, {"type": "Feature", "properties": {"temp": 28.92}, "geometry": {"type": "Point", "coordinates": [3.7483989, 51.0526105]}}, {"type": "Feature", "properties": {"temp": 28.92}, "geometry": {"type": "Point", "coordinates": [3.7483924000000006, 51.052612]}}, {"type": "Feature", "properties": {"temp": 28.92}, "geometry": {"type": "Point", "coordinates": [3.7483907, 51.0526083]}}, {"type": "Feature", "properties": {"temp": 28.92}, "geometry": {"type": "Point", "coordinates": [3.7483906000000005, 51.0526079]}}, {"type": "Feature", "properties": {"temp": 28.92}, "geometry": {"type": "Point", "coordinates": [3.748390399999999, 51.052607800000004]}}, {"type": "Feature", "properties": {"temp": 28.92}, "geometry": {"type": "Point", "coordinates": [3.748391, 51.0526081]}}, {"type": "Feature", "properties": {"temp": 28.82}, "geometry": {"type": "Point", "coordinates": [3.7483919, 51.0526083]}}, {"type": "Feature", "properties": {"temp": 28.82}, "geometry": {"type": "Point", "coordinates": [3.7483930000000005, 51.0526085]}}, {"type": "Feature", "properties": {"temp": 28.82}, "geometry": {"type": "Point", "coordinates": [3.7484614, 51.05259929999999]}}, {"type": "Feature", "properties": {"temp": 28.93}, "geometry": {"type": "Point", "coordinates": [3.7486158, 51.0525884]}}, {"type": "Feature", "properties": {"temp": 28.93}, "geometry": {"type": "Point", "coordinates": [3.7488346000000003, 51.052567499999995]}}, {"type": "Feature", "properties": {"temp": 28.93}, "geometry": {"type": "Point", "coordinates": [3.7490729, 51.05253410000001]}}, {"type": "Feature", "properties": {"temp": 28.93}, "geometry": {"type": "Point", "coordinates": [3.7493006, 51.0525027]}}, {"type": "Feature", "properties": {"temp": 28.93}, "geometry": {"type": "Point", "coordinates": [3.7495689, 51.05248279999999]}}, {"type": "Feature", "properties": {"temp": 28.93}, "geometry": {"type": "Point", "coordinates": [3.7498431, 51.0524765]}}, {"type": "Feature", "properties": {"temp": 29.03}, "geometry": {"type": "Point", "coordinates": [3.7501159, 51.05246339999999]}}, {"type": "Feature", "properties": {"temp": 29.03}, "geometry": {"type": "Point", "coordinates": [3.7503804000000005, 51.052443499999995]}}, {"type": "Feature", "properties": {"temp": 29.03}, "geometry": {"type": "Point", "coordinates": [3.7506385, 51.05242789999999]}}, {"type": "Feature", "properties": {"temp": 28.94}, "geometry": {"type": "Point", "coordinates": [3.7509121, 51.0523958]}}, {"type": "Feature", "properties": {"temp": 29.04}, "geometry": {"type": "Point", "coordinates": [3.7511754000000006, 51.05237089999998]}}, {"type": "Feature", "properties": {"temp": 29.04}, "geometry": {"type": "Point", "coordinates": [3.751464, 51.0523821]}}, {"type": "Feature", "properties": {"temp": 29.04}, "geometry": {"type": "Point", "coordinates": [3.7517153999999993, 51.052359599999996]}}, {"type": "Feature", "properties": {"temp": 29.04}, "geometry": {"type": "Point", "coordinates": [3.751975399999999, 51.05236450000001]}}, {"type": "Feature", "properties": {"temp": 29.04}, "geometry": {"type": "Point", "coordinates": [3.7521929999999997, 51.0523185]}}, {"type": "Feature", "properties": {"temp": 29.04}, "geometry": {"type": "Point", "coordinates": [3.7522184000000003, 51.0521406]}}, {"type": "Feature", "properties": {"temp": 29.04}, "geometry": {"type": "Point", "coordinates": [3.7522544000000004, 51.051968299999984]}}, {"type": "Feature", "properties": {"temp": 29.04}, "geometry": {"type": "Point", "coordinates": [3.7522694, 51.05178359999999]}}, {"type": "Feature", "properties": {"temp": 29.14}, "geometry": {"type": "Point", "coordinates": [3.752283199999999, 51.05162930000001]}}, {"type": "Feature", "properties": {"temp": 29.15}, "geometry": {"type": "Point", "coordinates": [3.7523212, 51.0514755]}}, {"type": "Feature", "properties": {"temp": 29.15}, "geometry": {"type": "Point", "coordinates": [3.7523797999999995, 51.05132259999999]}}, {"type": "Feature", "properties": {"temp": 29.15}, "geometry": {"type": "Point", "coordinates": [3.752425999999999, 51.0511588]}}, {"type": "Feature", "properties": {"temp": 29.05}, "geometry": {"type": "Point", "coordinates": [3.752482, 51.0509929]}}, {"type": "Feature", "properties": {"temp": 29.05}, "geometry": {"type": "Point", "coordinates": [3.7525047999999996, 51.050837]}}, {"type": "Feature", "properties": {"temp": 29.05}, "geometry": {"type": "Point", "coordinates": [3.7525544, 51.05068509999999]}}, {"type": "Feature", "properties": {"temp": 29.05}, "geometry": {"type": "Point", "coordinates": [3.7526120000000005, 51.0505238]}}, {"type": "Feature", "properties": {"temp": 29.05}, "geometry": {"type": "Point", "coordinates": [3.7526588999999997, 51.050374600000005]}}, {"type": "Feature", "properties": {"temp": 29.05}, "geometry": {"type": "Point", "coordinates": [3.7526862999999993, 51.0502108]}}, {"type": "Feature", "properties": {"temp": 29.06}, "geometry": {"type": "Point", "coordinates": [3.7527319999999995, 51.05006319999999]}}, {"type": "Feature", "properties": {"temp": 29.06}, "geometry": {"type": "Point", "coordinates": [3.7528183, 51.0499189]}}, {"type": "Feature", "properties": {"temp": 29.06}, "geometry": {"type": "Point", "coordinates": [3.7529479999999995, 51.0497856]}}, {"type": "Feature", "properties": {"temp": 29.06}, "geometry": {"type": "Point", "coordinates": [3.7530775000000003, 51.0496283]}}, {"type": "Feature", "properties": {"temp": 29.06}, "geometry": {"type": "Point", "coordinates": [3.7531947999999997, 51.0494802]}}, {"type": "Feature", "properties": {"temp": 29.06}, "geometry": {"type": "Point", "coordinates": [3.753290699999999, 51.049337200000004]}}, {"type": "Feature", "properties": {"temp": 29.06}, "geometry": {"type": "Point", "coordinates": [3.7533882, 51.04919259999999]}}, {"type": "Feature", "properties": {"temp": 29.16}, "geometry": {"type": "Point", "coordinates": [3.7534844999999994, 51.0490446]}}, {"type": "Feature", "properties": {"temp": 29.06}, "geometry": {"type": "Point", "coordinates": [3.7535873999999994, 51.0489225]}}, {"type": "Feature", "properties": {"temp": 29.07}, "geometry": {"type": "Point", "coordinates": [3.753794299999999, 51.0486329]}}, {"type": "Feature", "properties": {"temp": 29.07}, "geometry": {"type": "Point", "coordinates": [3.7538973999999996, 51.048479]}}, {"type": "Feature", "properties": {"temp": 29.07}, "geometry": {"type": "Point", "coordinates": [3.754025599999999, 51.048322199999994]}}, {"type": "Feature", "properties": {"temp": 29.07}, "geometry": {"type": "Point", "coordinates": [3.7541431, 51.0481865]}}, {"type": "Feature", "properties": {"temp": 28.97}, "geometry": {"type": "Point", "coordinates": [3.7542585, 51.04802229999999]}}, {"type": "Feature", "properties": {"temp": 28.97}, "geometry": {"type": "Point", "coordinates": [3.7544035, 51.04787019999999]}}, {"type": "Feature", "properties": {"temp": 28.97}, "geometry": {"type": "Point", "coordinates": [3.7545345000000006, 51.0477137]}}, {"type": "Feature", "properties": {"temp": 28.97}, "geometry": {"type": "Point", "coordinates": [3.7546872999999996, 51.0475889]}}, {"type": "Feature", "properties": {"temp": 28.97}, "geometry": {"type": "Point", "coordinates": [3.7548465999999996, 51.047470800000006]}}, {"type": "Feature", "properties": {"temp": 28.97}, "geometry": {"type": "Point", "coordinates": [3.7549687, 51.04734200000001]}}, {"type": "Feature", "properties": {"temp": 28.88}, "geometry": {"type": "Point", "coordinates": [3.7550505999999997, 51.04718899999999]}}, {"type": "Feature", "properties": {"temp": 28.88}, "geometry": {"type": "Point", "coordinates": [3.7550966999999997, 51.04704280000001]}}, {"type": "Feature", "properties": {"temp": 28.88}, "geometry": {"type": "Point", "coordinates": [3.7551409000000002, 51.04689629999999]}}, {"type": "Feature", "properties": {"temp": 28.78}, "geometry": {"type": "Point", "coordinates": [3.7551843999999996, 51.046747599999996]}}, {"type": "Feature", "properties": {"temp": 28.78}, "geometry": {"type": "Point", "coordinates": [3.7552937999999996, 51.04643029999998]}}, {"type": "Feature", "properties": {"temp": 28.78}, "geometry": {"type": "Point", "coordinates": [3.7553514999999993, 51.0462565]}}, {"type": "Feature", "properties": {"temp": 28.78}, "geometry": {"type": "Point", "coordinates": [3.755378299999999, 51.04606619999999]}}, {"type": "Feature", "properties": {"temp": 28.68}, "geometry": {"type": "Point", "coordinates": [3.7553906, 51.04586569999999]}}, {"type": "Feature", "properties": {"temp": 28.69}, "geometry": {"type": "Point", "coordinates": [3.7554483, 51.045652800000006]}}, {"type": "Feature", "properties": {"temp": 28.69}, "geometry": {"type": "Point", "coordinates": [3.7556394, 51.045266699999985]}}, {"type": "Feature", "properties": {"temp": 28.69}, "geometry": {"type": "Point", "coordinates": [3.7556898, 51.04510990000001]}}, {"type": "Feature", "properties": {"temp": 28.69}, "geometry": {"type": "Point", "coordinates": [3.7557384000000003, 51.0450034]}}, {"type": "Feature", "properties": {"temp": 28.69}, "geometry": {"type": "Point", "coordinates": [3.755893, 51.04501859999999]}}, {"type": "Feature", "properties": {"temp": 28.79}, "geometry": {"type": "Point", "coordinates": [3.7561161000000003, 51.04507629999999]}}, {"type": "Feature", "properties": {"temp": 28.79}, "geometry": {"type": "Point", "coordinates": [3.756354499999999, 51.0451173]}}, {"type": "Feature", "properties": {"temp": 28.69}, "geometry": {"type": "Point", "coordinates": [3.7565864, 51.04518029999999]}}, {"type": "Feature", "properties": {"temp": 28.8}, "geometry": {"type": "Point", "coordinates": [3.7568177, 51.0452556]}}, {"type": "Feature", "properties": {"temp": 28.8}, "geometry": {"type": "Point", "coordinates": [3.7570563, 51.0453075]}}, {"type": "Feature", "properties": {"temp": 28.9}, "geometry": {"type": "Point", "coordinates": [3.7573098, 51.0453508]}}, {"type": "Feature", "properties": {"temp": 28.9}, "geometry": {"type": "Point", "coordinates": [3.757538999999999, 51.0454227]}}, {"type": "Feature", "properties": {"temp": 28.9}, "geometry": {"type": "Point", "coordinates": [3.7577638999999996, 51.0454863]}}, {"type": "Feature", "properties": {"temp": 28.9}, "geometry": {"type": "Point", "coordinates": [3.7580279, 51.045533799999994]}}, {"type": "Feature", "properties": {"temp": 28.9}, "geometry": {"type": "Point", "coordinates": [3.7582859999999996, 51.0455062]}}, {"type": "Feature", "properties": {"temp": 28.8}, "geometry": {"type": "Point", "coordinates": [3.7584262, 51.045410200000006]}}, {"type": "Feature", "properties": {"temp": 28.8}, "geometry": {"type": "Point", "coordinates": [3.7584798, 51.0452797]}}, {"type": "Feature", "properties": {"temp": 28.81}, "geometry": {"type": "Point", "coordinates": [3.7586002000000005, 51.0449644]}}, {"type": "Feature", "properties": {"temp": 28.81}, "geometry": {"type": "Point", "coordinates": [3.7586393, 51.04481909999999]}}, {"type": "Feature", "properties": {"temp": 28.81}, "geometry": {"type": "Point", "coordinates": [3.7587224, 51.0446853]}}, {"type": "Feature", "properties": {"temp": 28.81}, "geometry": {"type": "Point", "coordinates": [3.7588581999999997, 51.0445703]}}, {"type": "Feature", "properties": {"temp": 28.81}, "geometry": {"type": "Point", "coordinates": [3.7590833999999993, 51.04456069999999]}}, {"type": "Feature", "properties": {"temp": 28.91}, "geometry": {"type": "Point", "coordinates": [3.7593084, 51.044621199999995]}}, {"type": "Feature", "properties": {"temp": 28.91}, "geometry": {"type": "Point", "coordinates": [3.7594875, 51.0445589]}}, {"type": "Feature", "properties": {"temp": 28.91}, "geometry": {"type": "Point", "coordinates": [3.759661899999999, 51.0444604]}}, {"type": "Feature", "properties": {"temp": 28.71}, "geometry": {"type": "Point", "coordinates": [3.7598487, 51.04435349999999]}}, {"type": "Feature", "properties": {"temp": 28.71}, "geometry": {"type": "Point", "coordinates": [3.7600477999999993, 51.04424050000001]}}, {"type": "Feature", "properties": {"temp": 28.72}, "geometry": {"type": "Point", "coordinates": [3.7602539999999998, 51.044132]}}, {"type": "Feature", "properties": {"temp": 28.72}, "geometry": {"type": "Point", "coordinates": [3.7604354999999994, 51.04401819999999]}}, {"type": "Feature", "properties": {"temp": 28.62}, "geometry": {"type": "Point", "coordinates": [3.7606142999999994, 51.04391329999999]}}, {"type": "Feature", "properties": {"temp": 28.62}, "geometry": {"type": "Point", "coordinates": [3.7608089999999996, 51.0438058]}}, {"type": "Feature", "properties": {"temp": 28.62}, "geometry": {"type": "Point", "coordinates": [3.7610045, 51.04369140000001]}}, {"type": "Feature", "properties": {"temp": 28.62}, "geometry": {"type": "Point", "coordinates": [3.7611963, 51.043560600000006]}}, {"type": "Feature", "properties": {"temp": 28.62}, "geometry": {"type": "Point", "coordinates": [3.761387, 51.0434686]}}, {"type": "Feature", "properties": {"temp": 28.62}, "geometry": {"type": "Point", "coordinates": [3.7615629, 51.043355799999986]}}, {"type": "Feature", "properties": {"temp": 28.62}, "geometry": {"type": "Point", "coordinates": [3.7617441000000005, 51.0432356]}}, {"type": "Feature", "properties": {"temp": 28.63}, "geometry": {"type": "Point", "coordinates": [3.7619503000000005, 51.0431294]}}, {"type": "Feature", "properties": {"temp": 28.63}, "geometry": {"type": "Point", "coordinates": [3.7621436000000004, 51.04302179999999]}}, {"type": "Feature", "properties": {"temp": 28.63}, "geometry": {"type": "Point", "coordinates": [3.7623326999999995, 51.042904899999996]}}, {"type": "Feature", "properties": {"temp": 28.63}, "geometry": {"type": "Point", "coordinates": [3.7625656, 51.0428653]}}, {"type": "Feature", "properties": {"temp": 28.53}, "geometry": {"type": "Point", "coordinates": [3.7627954999999993, 51.042914]}}, {"type": "Feature", "properties": {"temp": 28.53}, "geometry": {"type": "Point", "coordinates": [3.7630438, 51.0429701]}}, {"type": "Feature", "properties": {"temp": 28.63}, "geometry": {"type": "Point", "coordinates": [3.7632977999999992, 51.04302339999999]}}, {"type": "Feature", "properties": {"temp": 28.63}, "geometry": {"type": "Point", "coordinates": [3.7635468999999993, 51.0430797]}}, {"type": "Feature", "properties": {"temp": 28.63}, "geometry": {"type": "Point", "coordinates": [3.7637843000000006, 51.0431446]}}, {"type": "Feature", "properties": {"temp": 28.64}, "geometry": {"type": "Point", "coordinates": [3.7640404, 51.04318039999998]}}, {"type": "Feature", "properties": {"temp": 28.74}, "geometry": {"type": "Point", "coordinates": [3.7642989000000004, 51.043218]}}, {"type": "Feature", "properties": {"temp": 28.64}, "geometry": {"type": "Point", "coordinates": [3.7645584999999993, 51.043239899999996]}}, {"type": "Feature", "properties": {"temp": 28.64}, "geometry": {"type": "Point", "coordinates": [3.7648253999999994, 51.0432389]}}, {"type": "Feature", "properties": {"temp": 28.64}, "geometry": {"type": "Point", "coordinates": [3.7650769, 51.0432133]}}, {"type": "Feature", "properties": {"temp": 28.64}, "geometry": {"type": "Point", "coordinates": [3.7653313999999996, 51.0431737]}}, {"type": "Feature", "properties": {"temp": 28.64}, "geometry": {"type": "Point", "coordinates": [3.765573399999999, 51.0431154]}}, {"type": "Feature", "properties": {"temp": 28.64}, "geometry": {"type": "Point", "coordinates": [3.7657958999999996, 51.0430401]}}, {"type": "Feature", "properties": {"temp": 28.54}, "geometry": {"type": "Point", "coordinates": [3.7660252, 51.04297089999999]}}, {"type": "Feature", "properties": {"temp": 28.54}, "geometry": {"type": "Point", "coordinates": [3.7662458, 51.0428898]}}, {"type": "Feature", "properties": {"temp": 28.55}, "geometry": {"type": "Point", "coordinates": [3.7664686999999994, 51.04281799999999]}}, {"type": "Feature", "properties": {"temp": 28.45}, "geometry": {"type": "Point", "coordinates": [3.7666890000000004, 51.04271849999999]}}, {"type": "Feature", "properties": {"temp": 28.45}, "geometry": {"type": "Point", "coordinates": [3.766899799999999, 51.04263499999999]}}, {"type": "Feature", "properties": {"temp": 28.45}, "geometry": {"type": "Point", "coordinates": [3.767086199999999, 51.04254529999999]}}, {"type": "Feature", "properties": {"temp": 28.45}, "geometry": {"type": "Point", "coordinates": [3.7672925000000004, 51.04244919999999]}}, {"type": "Feature", "properties": {"temp": 28.45}, "geometry": {"type": "Point", "coordinates": [3.7674709000000006, 51.0423326]}}, {"type": "Feature", "properties": {"temp": 28.45}, "geometry": {"type": "Point", "coordinates": [3.7676672000000004, 51.0422209]}}, {"type": "Feature", "properties": {"temp": 28.45}, "geometry": {"type": "Point", "coordinates": [3.7678618, 51.042131999999995]}}, {"type": "Feature", "properties": {"temp": 28.45}, "geometry": {"type": "Point", "coordinates": [3.7680718, 51.042076]}}, {"type": "Feature", "properties": {"temp": 28.45}, "geometry": {"type": "Point", "coordinates": [3.7682536000000004, 51.0420394]}}, {"type": "Feature", "properties": {"temp": 28.46}, "geometry": {"type": "Point", "coordinates": [3.768391099999999, 51.04195839999999]}}, {"type": "Feature", "properties": {"temp": 28.46}, "geometry": {"type": "Point", "coordinates": [3.7685692999999993, 51.04190330000001]}}, {"type": "Feature", "properties": {"temp": 28.36}, "geometry": {"type": "Point", "coordinates": [3.7687962000000006, 51.04194770000001]}}, {"type": "Feature", "properties": {"temp": 28.36}, "geometry": {"type": "Point", "coordinates": [3.769046, 51.041978799999995]}}, {"type": "Feature", "properties": {"temp": 28.36}, "geometry": {"type": "Point", "coordinates": [3.7693124, 51.041999]}}, {"type": "Feature", "properties": {"temp": 28.36}, "geometry": {"type": "Point", "coordinates": [3.7695651000000003, 51.042013299999994]}}, {"type": "Feature", "properties": {"temp": 28.46}, "geometry": {"type": "Point", "coordinates": [3.7698223, 51.0420284]}}, {"type": "Feature", "properties": {"temp": 28.46}, "geometry": {"type": "Point", "coordinates": [3.7700900000000006, 51.0420404]}}, {"type": "Feature", "properties": {"temp": 28.36}, "geometry": {"type": "Point", "coordinates": [3.7703398999999997, 51.0420272]}}, {"type": "Feature", "properties": {"temp": 28.47}, "geometry": {"type": "Point", "coordinates": [3.7705876, 51.0419949]}}, {"type": "Feature", "properties": {"temp": 28.47}, "geometry": {"type": "Point", "coordinates": [3.7708229, 51.041932499999994]}}, {"type": "Feature", "properties": {"temp": 28.37}, "geometry": {"type": "Point", "coordinates": [3.7710395, 51.041845]}}, {"type": "Feature", "properties": {"temp": 28.37}, "geometry": {"type": "Point", "coordinates": [3.7712399, 51.0417486]}}, {"type": "Feature", "properties": {"temp": 28.37}, "geometry": {"type": "Point", "coordinates": [3.771368, 51.0416793]}}, {"type": "Feature", "properties": {"temp": 28.37}, "geometry": {"type": "Point", "coordinates": [3.7714115, 51.04165509999999]}}, {"type": "Feature", "properties": {"temp": 28.37}, "geometry": {"type": "Point", "coordinates": [3.7714190000000003, 51.0416534]}}, {"type": "Feature", "properties": {"temp": 28.27}, "geometry": {"type": "Point", "coordinates": [3.7714194000000005, 51.0416527]}}, {"type": "Feature", "properties": {"temp": 28.27}, "geometry": {"type": "Point", "coordinates": [3.7714205, 51.04164810000001]}}, {"type": "Feature", "properties": {"temp": 28.28}, "geometry": {"type": "Point", "coordinates": [3.7714204, 51.04164699999998]}}, {"type": "Feature", "properties": {"temp": 28.28}, "geometry": {"type": "Point", "coordinates": [3.7714206, 51.0416469]}}, {"type": "Feature", "properties": {"temp": 28.28}, "geometry": {"type": "Point", "coordinates": [3.7714204, 51.0416469]}}, {"type": "Feature", "properties": {"temp": 28.28}, "geometry": {"type": "Point", "coordinates": [3.7714259, 51.04164539999999]}}, {"type": "Feature", "properties": {"temp": 28.28}, "geometry": {"type": "Point", "coordinates": [3.7714796000000006, 51.041624000000006]}}, {"type": "Feature", "properties": {"temp": 28.18}, "geometry": {"type": "Point", "coordinates": [3.7715913999999997, 51.0415804]}}, {"type": "Feature", "properties": {"temp": 28.28}, "geometry": {"type": "Point", "coordinates": [3.7717578000000005, 51.041525699999994]}}, {"type": "Feature", "properties": {"temp": 28.28}, "geometry": {"type": "Point", "coordinates": [3.771942, 51.041448800000005]}}, {"type": "Feature", "properties": {"temp": 28.18}, "geometry": {"type": "Point", "coordinates": [3.7721397, 51.0413695]}}, {"type": "Feature", "properties": {"temp": 28.19}, "geometry": {"type": "Point", "coordinates": [3.7723414, 51.0412865]}}, {"type": "Feature", "properties": {"temp": 28.19}, "geometry": {"type": "Point", "coordinates": [3.7725372000000004, 51.04118640000001]}}, {"type": "Feature", "properties": {"temp": 28.29}, "geometry": {"type": "Point", "coordinates": [3.7727574, 51.04110409999999]}}, {"type": "Feature", "properties": {"temp": 28.29}, "geometry": {"type": "Point", "coordinates": [3.7729828000000003, 51.04102819999999]}}, {"type": "Feature", "properties": {"temp": 28.19}, "geometry": {"type": "Point", "coordinates": [3.7732197999999997, 51.0409829]}}, {"type": "Feature", "properties": {"temp": 28.19}, "geometry": {"type": "Point", "coordinates": [3.7734563, 51.0409705]}}, {"type": "Feature", "properties": {"temp": 28.29}, "geometry": {"type": "Point", "coordinates": [3.7736859000000003, 51.04102979999999]}}, {"type": "Feature", "properties": {"temp": 28.29}, "geometry": {"type": "Point", "coordinates": [3.7739215000000006, 51.041094]}}, {"type": "Feature", "properties": {"temp": 28.19}, "geometry": {"type": "Point", "coordinates": [3.7741432000000006, 51.0411665]}}, {"type": "Feature", "properties": {"temp": 28.09}, "geometry": {"type": "Point", "coordinates": [3.7743610999999997, 51.0412409]}}, {"type": "Feature", "properties": {"temp": 28.1}, "geometry": {"type": "Point", "coordinates": [3.7745551, 51.04132400000001]}}, {"type": "Feature", "properties": {"temp": 27.9}, "geometry": {"type": "Point", "coordinates": [3.7746908000000006, 51.04143450000001]}}, {"type": "Feature", "properties": {"temp": 27.7}, "geometry": {"type": "Point", "coordinates": [3.7747937000000005, 51.041547200000004]}}, {"type": "Feature", "properties": {"temp": 27.7}, "geometry": {"type": "Point", "coordinates": [3.7749009999999994, 51.04168039999999]}}, {"type": "Feature", "properties": {"temp": 27.4}, "geometry": {"type": "Point", "coordinates": [3.7750219, 51.0418073]}}, {"type": "Feature", "properties": {"temp": 27.3}, "geometry": {"type": "Point", "coordinates": [3.7751263, 51.041962299999994]}}, {"type": "Feature", "properties": {"temp": 27.2}, "geometry": {"type": "Point", "coordinates": [3.7752385999999998, 51.0420933]}}, {"type": "Feature", "properties": {"temp": 27.0}, "geometry": {"type": "Point", "coordinates": [3.7753400000000004, 51.0422422]}}, {"type": "Feature", "properties": {"temp": 26.7}, "geometry": {"type": "Point", "coordinates": [3.7754577, 51.042364299999996]}}, {"type": "Feature", "properties": {"temp": 26.7}, "geometry": {"type": "Point", "coordinates": [3.775566199999999, 51.0424878]}}, {"type": "Feature", "properties": {"temp": 26.81}, "geometry": {"type": "Point", "coordinates": [3.7756602999999997, 51.04262700000001]}}, {"type": "Feature", "properties": {"temp": 26.51}, "geometry": {"type": "Point", "coordinates": [3.7757714, 51.04276159999999]}}, {"type": "Feature", "properties": {"temp": 26.41}, "geometry": {"type": "Point", "coordinates": [3.7758859, 51.0429017]}}, {"type": "Feature", "properties": {"temp": 26.11}, "geometry": {"type": "Point", "coordinates": [3.7760137, 51.0430509]}}, {"type": "Feature", "properties": {"temp": 26.11}, "geometry": {"type": "Point", "coordinates": [3.7761227, 51.0431981]}}, {"type": "Feature", "properties": {"temp": 26.01}, "geometry": {"type": "Point", "coordinates": [3.7761918, 51.04336500000001]}}, {"type": "Feature", "properties": {"temp": 25.91}, "geometry": {"type": "Point", "coordinates": [3.7762572, 51.0435374]}}, {"type": "Feature", "properties": {"temp": 25.91}, "geometry": {"type": "Point", "coordinates": [3.7763369, 51.0436898]}}, {"type": "Feature", "properties": {"temp": 25.81}, "geometry": {"type": "Point", "coordinates": [3.7764524, 51.0438371]}}, {"type": "Feature", "properties": {"temp": 25.82}, "geometry": {"type": "Point", "coordinates": [3.7765819999999994, 51.04397809999998]}}, {"type": "Feature", "properties": {"temp": 25.72}, "geometry": {"type": "Point", "coordinates": [3.7767621, 51.044093999999994]}}, {"type": "Feature", "properties": {"temp": 25.62}, "geometry": {"type": "Point", "coordinates": [3.7769768, 51.0441831]}}, {"type": "Feature", "properties": {"temp": 25.72}, "geometry": {"type": "Point", "coordinates": [3.7771956000000007, 51.044238]}}, {"type": "Feature", "properties": {"temp": 25.62}, "geometry": {"type": "Point", "coordinates": [3.7774412000000006, 51.044277099999995]}}, {"type": "Feature", "properties": {"temp": 25.52}, "geometry": {"type": "Point", "coordinates": [3.7777013999999993, 51.0442926]}}, {"type": "Feature", "properties": {"temp": 25.42}, "geometry": {"type": "Point", "coordinates": [3.7779543999999996, 51.044301499999996]}}, {"type": "Feature", "properties": {"temp": 25.42}, "geometry": {"type": "Point", "coordinates": [3.778205499999999, 51.0442865]}}, {"type": "Feature", "properties": {"temp": 25.52}, "geometry": {"type": "Point", "coordinates": [3.7784455, 51.044252699999994]}}, {"type": "Feature", "properties": {"temp": 25.63}, "geometry": {"type": "Point", "coordinates": [3.7786897, 51.04420869999999]}}, {"type": "Feature", "properties": {"temp": 25.73}, "geometry": {"type": "Point", "coordinates": [3.7789431999999996, 51.04416260000001]}}, {"type": "Feature", "properties": {"temp": 25.73}, "geometry": {"type": "Point", "coordinates": [3.7791989, 51.04411230000001]}}, {"type": "Feature", "properties": {"temp": 25.83}, "geometry": {"type": "Point", "coordinates": [3.7794423999999998, 51.0440565]}}, {"type": "Feature", "properties": {"temp": 25.93}, "geometry": {"type": "Point", "coordinates": [3.7796567, 51.0439674]}}, {"type": "Feature", "properties": {"temp": 25.93}, "geometry": {"type": "Point", "coordinates": [3.7798608999999996, 51.043886699999995]}}, {"type": "Feature", "properties": {"temp": 25.83}, "geometry": {"type": "Point", "coordinates": [3.7800729, 51.043790099999995]}}, {"type": "Feature", "properties": {"temp": 25.73}, "geometry": {"type": "Point", "coordinates": [3.7802862, 51.04370050000001]}}, {"type": "Feature", "properties": {"temp": 25.53}, "geometry": {"type": "Point", "coordinates": [3.7804972, 51.0436011]}}, {"type": "Feature", "properties": {"temp": 25.43}, "geometry": {"type": "Point", "coordinates": [3.7807161000000002, 51.04351429999999]}}, {"type": "Feature", "properties": {"temp": 25.24}, "geometry": {"type": "Point", "coordinates": [3.7809499999999994, 51.043432599999996]}}, {"type": "Feature", "properties": {"temp": 24.94}, "geometry": {"type": "Point", "coordinates": [3.7812067999999996, 51.04339190000001]}}, {"type": "Feature", "properties": {"temp": 24.84}, "geometry": {"type": "Point", "coordinates": [3.7814551, 51.043372399999996]}}, {"type": "Feature", "properties": {"temp": 24.84}, "geometry": {"type": "Point", "coordinates": [3.781704599999999, 51.0433771]}}, {"type": "Feature", "properties": {"temp": 24.84}, "geometry": {"type": "Point", "coordinates": [3.7819485999999998, 51.04344240000001]}}, {"type": "Feature", "properties": {"temp": 24.74}, "geometry": {"type": "Point", "coordinates": [3.7821600999999996, 51.0435389]}}, {"type": "Feature", "properties": {"temp": 24.74}, "geometry": {"type": "Point", "coordinates": [3.7823608, 51.0436424]}}, {"type": "Feature", "properties": {"temp": 24.64}, "geometry": {"type": "Point", "coordinates": [3.7825534, 51.04373139999999]}}, {"type": "Feature", "properties": {"temp": 24.84}, "geometry": {"type": "Point", "coordinates": [3.782769299999999, 51.04382029999999]}}, {"type": "Feature", "properties": {"temp": 25.14}, "geometry": {"type": "Point", "coordinates": [3.782977499999999, 51.0439128]}}, {"type": "Feature", "properties": {"temp": 25.35}, "geometry": {"type": "Point", "coordinates": [3.7831899999999994, 51.0439845]}}, {"type": "Feature", "properties": {"temp": 25.45}, "geometry": {"type": "Point", "coordinates": [3.7833779, 51.044055]}}, {"type": "Feature", "properties": {"temp": 25.65}, "geometry": {"type": "Point", "coordinates": [3.7835479000000003, 51.0441261]}}, {"type": "Feature", "properties": {"temp": 25.65}, "geometry": {"type": "Point", "coordinates": [3.783598, 51.044256399999995]}}, {"type": "Feature", "properties": {"temp": 25.75}, "geometry": {"type": "Point", "coordinates": [3.7834939, 51.0443923]}}, {"type": "Feature", "properties": {"temp": 25.75}, "geometry": {"type": "Point", "coordinates": [3.783390399999999, 51.0445272]}}, {"type": "Feature", "properties": {"temp": 25.65}, "geometry": {"type": "Point", "coordinates": [3.7832897000000005, 51.04467169999999]}}, {"type": "Feature", "properties": {"temp": 25.75}, "geometry": {"type": "Point", "coordinates": [3.7832064999999995, 51.044817699999996]}}, {"type": "Feature", "properties": {"temp": 25.65}, "geometry": {"type": "Point", "coordinates": [3.7831548000000006, 51.044971699999984]}}, {"type": "Feature", "properties": {"temp": 25.66}, "geometry": {"type": "Point", "coordinates": [3.7831321, 51.04512509999999]}}, {"type": "Feature", "properties": {"temp": 25.56}, "geometry": {"type": "Point", "coordinates": [3.783156, 51.045278100000004]}}, {"type": "Feature", "properties": {"temp": 25.46}, "geometry": {"type": "Point", "coordinates": [3.7832321999999996, 51.04542839999999]}}, {"type": "Feature", "properties": {"temp": 25.36}, "geometry": {"type": "Point", "coordinates": [3.7833121999999997, 51.04557599999999]}}, {"type": "Feature", "properties": {"temp": 25.16}, "geometry": {"type": "Point", "coordinates": [3.7834074000000006, 51.045719500000004]}}, {"type": "Feature", "properties": {"temp": 25.16}, "geometry": {"type": "Point", "coordinates": [3.783561599999999, 51.045831799999995]}}, {"type": "Feature", "properties": {"temp": 25.26}, "geometry": {"type": "Point", "coordinates": [3.7837416, 51.0459369]}}, {"type": "Feature", "properties": {"temp": 25.26}, "geometry": {"type": "Point", "coordinates": [3.7839019000000005, 51.04605389999999]}}, {"type": "Feature", "properties": {"temp": 25.36}, "geometry": {"type": "Point", "coordinates": [3.7840777, 51.0461518]}}, {"type": "Feature", "properties": {"temp": 25.37}, "geometry": {"type": "Point", "coordinates": [3.7842973, 51.04620709999999]}}, {"type": "Feature", "properties": {"temp": 25.47}, "geometry": {"type": "Point", "coordinates": [3.7847817, 51.0462486]}}, {"type": "Feature", "properties": {"temp": 25.57}, "geometry": {"type": "Point", "coordinates": [3.7850148, 51.0462597]}}, {"type": "Feature", "properties": {"temp": 25.57}, "geometry": {"type": "Point", "coordinates": [3.7852493, 51.046275599999994]}}, {"type": "Feature", "properties": {"temp": 25.57}, "geometry": {"type": "Point", "coordinates": [3.7857078, 51.0463431]}}, {"type": "Feature", "properties": {"temp": 25.77}, "geometry": {"type": "Point", "coordinates": [3.7859465000000005, 51.0463736]}}, {"type": "Feature", "properties": {"temp": 25.77}, "geometry": {"type": "Point", "coordinates": [3.78618, 51.046411]}}, {"type": "Feature", "properties": {"temp": 25.77}, "geometry": {"type": "Point", "coordinates": [3.7863426999999996, 51.0464314]}}, {"type": "Feature", "properties": {"temp": 25.68}, "geometry": {"type": "Point", "coordinates": [3.7864527000000003, 51.046437499999996]}}, {"type": "Feature", "properties": {"temp": 25.68}, "geometry": {"type": "Point", "coordinates": [3.7865333, 51.046450199999995]}}, {"type": "Feature", "properties": {"temp": 25.68}, "geometry": {"type": "Point", "coordinates": [3.786648899999999, 51.0464631]}}, {"type": "Feature", "properties": {"temp": 25.78}, "geometry": {"type": "Point", "coordinates": [3.786963699999999, 51.046488]}}, {"type": "Feature", "properties": {"temp": 25.78}, "geometry": {"type": "Point", "coordinates": [3.7871749, 51.0465088]}}, {"type": "Feature", "properties": {"temp": 25.68}, "geometry": {"type": "Point", "coordinates": [3.7873888, 51.0465199]}}, {"type": "Feature", "properties": {"temp": 25.78}, "geometry": {"type": "Point", "coordinates": [3.787577399999999, 51.04652229999999]}}, {"type": "Feature", "properties": {"temp": 25.78}, "geometry": {"type": "Point", "coordinates": [3.78777, 51.046517]}}, {"type": "Feature", "properties": {"temp": 25.68}, "geometry": {"type": "Point", "coordinates": [3.787990499999999, 51.046495699999994]}}, {"type": "Feature", "properties": {"temp": 25.69}, "geometry": {"type": "Point", "coordinates": [3.7882070999999997, 51.0464803]}}, {"type": "Feature", "properties": {"temp": 25.59}, "geometry": {"type": "Point", "coordinates": [3.788431899999999, 51.046459]}}, {"type": "Feature", "properties": {"temp": 25.59}, "geometry": {"type": "Point", "coordinates": [3.788633599999999, 51.04643180000001]}}, {"type": "Feature", "properties": {"temp": 25.59}, "geometry": {"type": "Point", "coordinates": [3.7887962, 51.046452]}}, {"type": "Feature", "properties": {"temp": 25.59}, "geometry": {"type": "Point", "coordinates": [3.7889281, 51.04641609999999]}}, {"type": "Feature", "properties": {"temp": 25.59}, "geometry": {"type": "Point", "coordinates": [3.7890591, 51.0463309]}}, {"type": "Feature", "properties": {"temp": 25.59}, "geometry": {"type": "Point", "coordinates": [3.7892291, 51.0462293]}}, {"type": "Feature", "properties": {"temp": 25.69}, "geometry": {"type": "Point", "coordinates": [3.7894023, 51.046116899999994]}}, {"type": "Feature", "properties": {"temp": 25.69}, "geometry": {"type": "Point", "coordinates": [3.789584, 51.046]}}, {"type": "Feature", "properties": {"temp": 25.7}, "geometry": {"type": "Point", "coordinates": [3.7897538000000006, 51.0458759]}}, {"type": "Feature", "properties": {"temp": 25.8}, "geometry": {"type": "Point", "coordinates": [3.789920799999999, 51.0457351]}}, {"type": "Feature", "properties": {"temp": 25.7}, "geometry": {"type": "Point", "coordinates": [3.7900930999999995, 51.045600099999994]}}, {"type": "Feature", "properties": {"temp": 25.6}, "geometry": {"type": "Point", "coordinates": [3.7902757, 51.0454637]}}, {"type": "Feature", "properties": {"temp": 25.6}, "geometry": {"type": "Point", "coordinates": [3.7904422, 51.04533119999999]}}, {"type": "Feature", "properties": {"temp": 25.6}, "geometry": {"type": "Point", "coordinates": [3.7906048000000006, 51.04520879999999]}}, {"type": "Feature", "properties": {"temp": 25.5}, "geometry": {"type": "Point", "coordinates": [3.7907682, 51.045059699999996]}}, {"type": "Feature", "properties": {"temp": 25.5}, "geometry": {"type": "Point", "coordinates": [3.7909286, 51.044909100000005]}}, {"type": "Feature", "properties": {"temp": 25.5}, "geometry": {"type": "Point", "coordinates": [3.7910731000000006, 51.04476209999999]}}, {"type": "Feature", "properties": {"temp": 25.6}, "geometry": {"type": "Point", "coordinates": [3.7912167000000006, 51.04461369999999]}}, {"type": "Feature", "properties": {"temp": 25.71}, "geometry": {"type": "Point", "coordinates": [3.7913417, 51.04445259999999]}}, {"type": "Feature", "properties": {"temp": 25.81}, "geometry": {"type": "Point", "coordinates": [3.7914761000000006, 51.0443117]}}, {"type": "Feature", "properties": {"temp": 25.81}, "geometry": {"type": "Point", "coordinates": [3.7915934, 51.044187799999996]}}, {"type": "Feature", "properties": {"temp": 26.01}, "geometry": {"type": "Point", "coordinates": [3.7916900000000004, 51.0440372]}}, {"type": "Feature", "properties": {"temp": 26.01}, "geometry": {"type": "Point", "coordinates": [3.7917771000000005, 51.0438791]}}, {"type": "Feature", "properties": {"temp": 26.01}, "geometry": {"type": "Point", "coordinates": [3.7918838999999998, 51.04371489999998]}}, {"type": "Feature", "properties": {"temp": 26.01}, "geometry": {"type": "Point", "coordinates": [3.7919933, 51.0435569]}}, {"type": "Feature", "properties": {"temp": 26.01}, "geometry": {"type": "Point", "coordinates": [3.7921023000000003, 51.043403299999994]}}, {"type": "Feature", "properties": {"temp": 26.01}, "geometry": {"type": "Point", "coordinates": [3.7921937999999993, 51.04325739999999]}}, {"type": "Feature", "properties": {"temp": 26.02}, "geometry": {"type": "Point", "coordinates": [3.7922656999999997, 51.04311429999999]}}, {"type": "Feature", "properties": {"temp": 25.92}, "geometry": {"type": "Point", "coordinates": [3.7923458, 51.04295290000001]}}, {"type": "Feature", "properties": {"temp": 26.02}, "geometry": {"type": "Point", "coordinates": [3.7924211, 51.0427935]}}, {"type": "Feature", "properties": {"temp": 26.02}, "geometry": {"type": "Point", "coordinates": [3.7924846999999993, 51.04263499999999]}}, {"type": "Feature", "properties": {"temp": 26.12}, "geometry": {"type": "Point", "coordinates": [3.7925573, 51.04247490000001]}}, {"type": "Feature", "properties": {"temp": 26.12}, "geometry": {"type": "Point", "coordinates": [3.7926124999999997, 51.04231229999999]}}, {"type": "Feature", "properties": {"temp": 26.32}, "geometry": {"type": "Point", "coordinates": [3.7926617, 51.0421445]}}, {"type": "Feature", "properties": {"temp": 26.32}, "geometry": {"type": "Point", "coordinates": [3.7926617, 51.0421445]}}, {"type": "Feature", "properties": {"temp": 26.52}, "geometry": {"type": "Point", "coordinates": [3.7927398, 51.041809799999996]}}, {"type": "Feature", "properties": {"temp": 26.62}, "geometry": {"type": "Point", "coordinates": [3.7927793, 51.04165039999999]}}, {"type": "Feature", "properties": {"temp": 26.63}, "geometry": {"type": "Point", "coordinates": [3.7928008, 51.0414853]}}, {"type": "Feature", "properties": {"temp": 26.63}, "geometry": {"type": "Point", "coordinates": [3.7928191, 51.0413106]}}, {"type": "Feature", "properties": {"temp": 26.73}, "geometry": {"type": "Point", "coordinates": [3.7928252999999996, 51.0411384]}}, {"type": "Feature", "properties": {"temp": 26.73}, "geometry": {"type": "Point", "coordinates": [3.7928417, 51.040958399999994]}}, {"type": "Feature", "properties": {"temp": 26.63}, "geometry": {"type": "Point", "coordinates": [3.792863699999999, 51.040788499999984]}}, {"type": "Feature", "properties": {"temp": 26.73}, "geometry": {"type": "Point", "coordinates": [3.7928737999999997, 51.040618499999994]}}, {"type": "Feature", "properties": {"temp": 26.73}, "geometry": {"type": "Point", "coordinates": [3.792862799999999, 51.0404444]}}, {"type": "Feature", "properties": {"temp": 26.83}, "geometry": {"type": "Point", "coordinates": [3.792845099999999, 51.04027810000001]}}, {"type": "Feature", "properties": {"temp": 26.83}, "geometry": {"type": "Point", "coordinates": [3.7928176999999996, 51.0401053]}}, {"type": "Feature", "properties": {"temp": 26.84}, "geometry": {"type": "Point", "coordinates": [3.7927992000000006, 51.0399384]}}, {"type": "Feature", "properties": {"temp": 26.84}, "geometry": {"type": "Point", "coordinates": [3.7927844, 51.03976960000001]}}, {"type": "Feature", "properties": {"temp": 26.84}, "geometry": {"type": "Point", "coordinates": [3.7927679, 51.0396031]}}, {"type": "Feature", "properties": {"temp": 26.84}, "geometry": {"type": "Point", "coordinates": [3.7927304000000004, 51.039438600000004]}}, {"type": "Feature", "properties": {"temp": 26.74}, "geometry": {"type": "Point", "coordinates": [3.792696999999999, 51.03929430000001]}}, {"type": "Feature", "properties": {"temp": 26.74}, "geometry": {"type": "Point", "coordinates": [3.792637799999999, 51.0391787]}}, {"type": "Feature", "properties": {"temp": 26.64}, "geometry": {"type": "Point", "coordinates": [3.7924523999999997, 51.039161699999994]}}, {"type": "Feature", "properties": {"temp": 26.54}, "geometry": {"type": "Point", "coordinates": [3.7922299999999995, 51.0391438]}}, {"type": "Feature", "properties": {"temp": 26.64}, "geometry": {"type": "Point", "coordinates": [3.7920007, 51.039116099999994]}}, {"type": "Feature", "properties": {"temp": 26.64}, "geometry": {"type": "Point", "coordinates": [3.7918114000000003, 51.0391]}}, {"type": "Feature", "properties": {"temp": 26.65}, "geometry": {"type": "Point", "coordinates": [3.7915964999999994, 51.039077899999995]}}, {"type": "Feature", "properties": {"temp": 26.55}, "geometry": {"type": "Point", "coordinates": [3.7913878, 51.039010899999994]}}, {"type": "Feature", "properties": {"temp": 26.55}, "geometry": {"type": "Point", "coordinates": [3.7911523, 51.038939500000005]}}, {"type": "Feature", "properties": {"temp": 26.55}, "geometry": {"type": "Point", "coordinates": [3.7909288000000005, 51.0388625]}}, {"type": "Feature", "properties": {"temp": 26.35}, "geometry": {"type": "Point", "coordinates": [3.790707499999999, 51.038777399999994]}}, {"type": "Feature", "properties": {"temp": 26.35}, "geometry": {"type": "Point", "coordinates": [3.7904846, 51.038708199999995]}}, {"type": "Feature", "properties": {"temp": 26.25}, "geometry": {"type": "Point", "coordinates": [3.7902570000000004, 51.03863220000001]}}, {"type": "Feature", "properties": {"temp": 26.25}, "geometry": {"type": "Point", "coordinates": [3.7900279000000006, 51.038553500000006]}}, {"type": "Feature", "properties": {"temp": 26.25}, "geometry": {"type": "Point", "coordinates": [3.7898021999999996, 51.03847830000001]}}, {"type": "Feature", "properties": {"temp": 26.15}, "geometry": {"type": "Point", "coordinates": [3.789562999999999, 51.0383892]}}, {"type": "Feature", "properties": {"temp": 25.96}, "geometry": {"type": "Point", "coordinates": [3.7893327999999995, 51.0383102]}}, {"type": "Feature", "properties": {"temp": 25.96}, "geometry": {"type": "Point", "coordinates": [3.7890992, 51.038237]}}, {"type": "Feature", "properties": {"temp": 25.76}, "geometry": {"type": "Point", "coordinates": [3.7888817, 51.0381565]}}, {"type": "Feature", "properties": {"temp": 25.56}, "geometry": {"type": "Point", "coordinates": [3.7886602, 51.0381024]}}, {"type": "Feature", "properties": {"temp": 25.46}, "geometry": {"type": "Point", "coordinates": [3.7883711, 51.038100500000006]}}, {"type": "Feature", "properties": {"temp": 25.06}, "geometry": {"type": "Point", "coordinates": [3.7880821999999994, 51.038136300000005]}}, {"type": "Feature", "properties": {"temp": 25.06}, "geometry": {"type": "Point", "coordinates": [3.7878261, 51.0381618]}}, {"type": "Feature", "properties": {"temp": 24.86}, "geometry": {"type": "Point", "coordinates": [3.7875616, 51.03818129999999]}}, {"type": "Feature", "properties": {"temp": 24.86}, "geometry": {"type": "Point", "coordinates": [3.7872970999999995, 51.038206]}}, {"type": "Feature", "properties": {"temp": 24.77}, "geometry": {"type": "Point", "coordinates": [3.7870366999999994, 51.038227899999995]}}, {"type": "Feature", "properties": {"temp": 24.77}, "geometry": {"type": "Point", "coordinates": [3.7867720000000005, 51.0382464]}}, {"type": "Feature", "properties": {"temp": 24.77}, "geometry": {"type": "Point", "coordinates": [3.7865056999999993, 51.0382715]}}, {"type": "Feature", "properties": {"temp": 24.77}, "geometry": {"type": "Point", "coordinates": [3.7862475000000004, 51.038288900000005]}}, {"type": "Feature", "properties": {"temp": 24.77}, "geometry": {"type": "Point", "coordinates": [3.7859893, 51.038307]}}, {"type": "Feature", "properties": {"temp": 24.67}, "geometry": {"type": "Point", "coordinates": [3.7857253, 51.038329000000004]}}, {"type": "Feature", "properties": {"temp": 24.67}, "geometry": {"type": "Point", "coordinates": [3.7854568, 51.03835209999999]}}, {"type": "Feature", "properties": {"temp": 24.57}, "geometry": {"type": "Point", "coordinates": [3.7852058, 51.0383998]}}, {"type": "Feature", "properties": {"temp": 24.57}, "geometry": {"type": "Point", "coordinates": [3.7849676, 51.0384656]}}, {"type": "Feature", "properties": {"temp": 24.68}, "geometry": {"type": "Point", "coordinates": [3.7847309, 51.0385305]}}, {"type": "Feature", "properties": {"temp": 24.68}, "geometry": {"type": "Point", "coordinates": [3.7844793, 51.03856089999999]}}, {"type": "Feature", "properties": {"temp": 24.68}, "geometry": {"type": "Point", "coordinates": [3.7842457000000005, 51.0385267]}}, {"type": "Feature", "properties": {"temp": 24.78}, "geometry": {"type": "Point", "coordinates": [3.784003499999999, 51.03847149999999]}}, {"type": "Feature", "properties": {"temp": 24.78}, "geometry": {"type": "Point", "coordinates": [3.7835008, 51.0383716]}}, {"type": "Feature", "properties": {"temp": 24.68}, "geometry": {"type": "Point", "coordinates": [3.7832458, 51.0383246]}}, {"type": "Feature", "properties": {"temp": 24.68}, "geometry": {"type": "Point", "coordinates": [3.7829817, 51.0382741]}}, {"type": "Feature", "properties": {"temp": 24.68}, "geometry": {"type": "Point", "coordinates": [3.7827236000000006, 51.0382122]}}, {"type": "Feature", "properties": {"temp": 24.58}, "geometry": {"type": "Point", "coordinates": [3.7824879999999994, 51.03814139999999]}}, {"type": "Feature", "properties": {"temp": 24.49}, "geometry": {"type": "Point", "coordinates": [3.7823005, 51.03807249999999]}}, {"type": "Feature", "properties": {"temp": 24.59}, "geometry": {"type": "Point", "coordinates": [3.7821857999999993, 51.037957000000006]}}, {"type": "Feature", "properties": {"temp": 24.59}, "geometry": {"type": "Point", "coordinates": [3.7821647000000005, 51.03780150000001]}}, {"type": "Feature", "properties": {"temp": 24.59}, "geometry": {"type": "Point", "coordinates": [3.7821263000000003, 51.03762899999998]}}, {"type": "Feature", "properties": {"temp": 24.69}, "geometry": {"type": "Point", "coordinates": [3.7820608000000004, 51.0374797]}}, {"type": "Feature", "properties": {"temp": 24.69}, "geometry": {"type": "Point", "coordinates": [3.7819926000000006, 51.0373156]}}, {"type": "Feature", "properties": {"temp": 24.79}, "geometry": {"type": "Point", "coordinates": [3.7818844, 51.03716850000001]}}, {"type": "Feature", "properties": {"temp": 24.79}, "geometry": {"type": "Point", "coordinates": [3.7817553000000004, 51.03701919999999]}}, {"type": "Feature", "properties": {"temp": 24.89}, "geometry": {"type": "Point", "coordinates": [3.7816255000000005, 51.0368829]}}, {"type": "Feature", "properties": {"temp": 24.89}, "geometry": {"type": "Point", "coordinates": [3.781469199999999, 51.03674409999999]}}, {"type": "Feature", "properties": {"temp": 25.0}, "geometry": {"type": "Point", "coordinates": [3.7813081, 51.0366188]}}, {"type": "Feature", "properties": {"temp": 25.1}, "geometry": {"type": "Point", "coordinates": [3.7811245, 51.036483000000004]}}, {"type": "Feature", "properties": {"temp": 25.1}, "geometry": {"type": "Point", "coordinates": [3.7809366000000004, 51.03636040000001]}}, {"type": "Feature", "properties": {"temp": 25.1}, "geometry": {"type": "Point", "coordinates": [3.7807313999999996, 51.036267300000006]}}, {"type": "Feature", "properties": {"temp": 25.1}, "geometry": {"type": "Point", "coordinates": [3.7805259000000007, 51.0362086]}}, {"type": "Feature", "properties": {"temp": 25.1}, "geometry": {"type": "Point", "coordinates": [3.7803389, 51.0361713]}}, {"type": "Feature", "properties": {"temp": 25.2}, "geometry": {"type": "Point", "coordinates": [3.780162, 51.0361359]}}, {"type": "Feature", "properties": {"temp": 25.3}, "geometry": {"type": "Point", "coordinates": [3.7799656, 51.0361022]}}, {"type": "Feature", "properties": {"temp": 25.5}, "geometry": {"type": "Point", "coordinates": [3.779725999999999, 51.0360639]}}, {"type": "Feature", "properties": {"temp": 25.51}, "geometry": {"type": "Point", "coordinates": [3.779472999999999, 51.0360334]}}, {"type": "Feature", "properties": {"temp": 25.61}, "geometry": {"type": "Point", "coordinates": [3.779209699999999, 51.03601580000001]}}, {"type": "Feature", "properties": {"temp": 25.81}, "geometry": {"type": "Point", "coordinates": [3.7789509999999997, 51.0360155]}}, {"type": "Feature", "properties": {"temp": 25.91}, "geometry": {"type": "Point", "coordinates": [3.778699, 51.03602209999999]}}, {"type": "Feature", "properties": {"temp": 25.91}, "geometry": {"type": "Point", "coordinates": [3.7784306, 51.0360447]}}, {"type": "Feature", "properties": {"temp": 25.91}, "geometry": {"type": "Point", "coordinates": [3.7781776, 51.03607319999999]}}, {"type": "Feature", "properties": {"temp": 25.71}, "geometry": {"type": "Point", "coordinates": [3.7779225999999997, 51.0361134]}}, {"type": "Feature", "properties": {"temp": 25.61}, "geometry": {"type": "Point", "coordinates": [3.7776809, 51.03616259999999]}}, {"type": "Feature", "properties": {"temp": 25.51}, "geometry": {"type": "Point", "coordinates": [3.7774317, 51.03622429999999]}}, {"type": "Feature", "properties": {"temp": 25.31}, "geometry": {"type": "Point", "coordinates": [3.777193899999999, 51.036296]}}, {"type": "Feature", "properties": {"temp": 25.12}, "geometry": {"type": "Point", "coordinates": [3.7769747, 51.036386199999995]}}, {"type": "Feature", "properties": {"temp": 25.12}, "geometry": {"type": "Point", "coordinates": [3.7767589000000004, 51.0364781]}}, {"type": "Feature", "properties": {"temp": 25.02}, "geometry": {"type": "Point", "coordinates": [3.7765499999999985, 51.0365756]}}, {"type": "Feature", "properties": {"temp": 24.72}, "geometry": {"type": "Point", "coordinates": [3.776355699999999, 51.0366798]}}, {"type": "Feature", "properties": {"temp": 24.72}, "geometry": {"type": "Point", "coordinates": [3.7761761, 51.0367944]}}, {"type": "Feature", "properties": {"temp": 24.62}, "geometry": {"type": "Point", "coordinates": [3.7760074, 51.03691930000001]}}, {"type": "Feature", "properties": {"temp": 24.52}, "geometry": {"type": "Point", "coordinates": [3.7758519, 51.03703939999999]}}, {"type": "Feature", "properties": {"temp": 24.52}, "geometry": {"type": "Point", "coordinates": [3.7757047999999998, 51.0371783]}}, {"type": "Feature", "properties": {"temp": 24.62}, "geometry": {"type": "Point", "coordinates": [3.775578999999999, 51.0373269]}}, {"type": "Feature", "properties": {"temp": 24.53}, "geometry": {"type": "Point", "coordinates": [3.775467, 51.0374679]}}, {"type": "Feature", "properties": {"temp": 24.63}, "geometry": {"type": "Point", "coordinates": [3.7753698999999994, 51.0376171]}}, {"type": "Feature", "properties": {"temp": 24.63}, "geometry": {"type": "Point", "coordinates": [3.7752910000000006, 51.03777170000001]}}, {"type": "Feature", "properties": {"temp": 25.13}, "geometry": {"type": "Point", "coordinates": [3.7752269000000003, 51.0379315]}}, {"type": "Feature", "properties": {"temp": 25.13}, "geometry": {"type": "Point", "coordinates": [3.775176999999999, 51.038082299999985]}}, {"type": "Feature", "properties": {"temp": 25.63}, "geometry": {"type": "Point", "coordinates": [3.775132199999999, 51.0382313]}}, {"type": "Feature", "properties": {"temp": 25.73}, "geometry": {"type": "Point", "coordinates": [3.7751118999999993, 51.03838279999999]}}, {"type": "Feature", "properties": {"temp": 25.83}, "geometry": {"type": "Point", "coordinates": [3.7751150000000004, 51.038530200000004]}}, {"type": "Feature", "properties": {"temp": 25.83}, "geometry": {"type": "Point", "coordinates": [3.7750213999999995, 51.03868309999999]}}, {"type": "Feature", "properties": {"temp": 25.83}, "geometry": {"type": "Point", "coordinates": [3.7748294, 51.03879980000001]}}, {"type": "Feature", "properties": {"temp": 25.94}, "geometry": {"type": "Point", "coordinates": [3.7746687, 51.03891960000001]}}, {"type": "Feature", "properties": {"temp": 25.94}, "geometry": {"type": "Point", "coordinates": [3.7744958, 51.039043199999995]}}, {"type": "Feature", "properties": {"temp": 25.94}, "geometry": {"type": "Point", "coordinates": [3.7743079999999996, 51.0391609]}}, {"type": "Feature", "properties": {"temp": 25.94}, "geometry": {"type": "Point", "coordinates": [3.7741265999999993, 51.03927620000001]}}, {"type": "Feature", "properties": {"temp": 25.94}, "geometry": {"type": "Point", "coordinates": [3.7739688, 51.03937869999999]}}, {"type": "Feature", "properties": {"temp": 25.94}, "geometry": {"type": "Point", "coordinates": [3.7738359, 51.0394775]}}, {"type": "Feature", "properties": {"temp": 25.94}, "geometry": {"type": "Point", "coordinates": [3.7736932, 51.039580699999995]}}, {"type": "Feature", "properties": {"temp": 26.14}, "geometry": {"type": "Point", "coordinates": [3.7735404, 51.03967149999998]}}, {"type": "Feature", "properties": {"temp": 26.24}, "geometry": {"type": "Point", "coordinates": [3.7733749999999993, 51.0397942]}}, {"type": "Feature", "properties": {"temp": 26.34}, "geometry": {"type": "Point", "coordinates": [3.773264, 51.0399319]}}, {"type": "Feature", "properties": {"temp": 26.55}, "geometry": {"type": "Point", "coordinates": [3.7731769, 51.040072300000006]}}, {"type": "Feature", "properties": {"temp": 26.55}, "geometry": {"type": "Point", "coordinates": [3.7730753, 51.0402216]}}, {"type": "Feature", "properties": {"temp": 26.55}, "geometry": {"type": "Point", "coordinates": [3.7730013000000002, 51.0403778]}}, {"type": "Feature", "properties": {"temp": 26.55}, "geometry": {"type": "Point", "coordinates": [3.7729737999999995, 51.04052639999999]}}, {"type": "Feature", "properties": {"temp": 26.75}, "geometry": {"type": "Point", "coordinates": [3.7729206, 51.040673700000006]}}, {"type": "Feature", "properties": {"temp": 26.75}, "geometry": {"type": "Point", "coordinates": [3.7729143000000005, 51.040806200000006]}}, {"type": "Feature", "properties": {"temp": 26.85}, "geometry": {"type": "Point", "coordinates": [3.7729722999999993, 51.04091629999999]}}, {"type": "Feature", "properties": {"temp": 26.95}, "geometry": {"type": "Point", "coordinates": [3.7730264, 51.04099370000001]}}, {"type": "Feature", "properties": {"temp": 26.95}, "geometry": {"type": "Point", "coordinates": [3.7728456, 51.04109840000001]}}, {"type": "Feature", "properties": {"temp": 27.06}, "geometry": {"type": "Point", "coordinates": [3.7726522000000005, 51.041163399999995]}}, {"type": "Feature", "properties": {"temp": 27.06}, "geometry": {"type": "Point", "coordinates": [3.7725583999999994, 51.04110810000001]}}, {"type": "Feature", "properties": {"temp": 26.96}, "geometry": {"type": "Point", "coordinates": [3.7726360000000003, 51.041124100000005]}}, {"type": "Feature", "properties": {"temp": 26.96}, "geometry": {"type": "Point", "coordinates": [3.7725949, 51.041188399999996]}}, {"type": "Feature", "properties": {"temp": 27.06}, "geometry": {"type": "Point", "coordinates": [3.7724402, 51.041265800000005]}}, {"type": "Feature", "properties": {"temp": 27.06}, "geometry": {"type": "Point", "coordinates": [3.7722595999999995, 51.04135190000001]}}, {"type": "Feature", "properties": {"temp": 27.16}, "geometry": {"type": "Point", "coordinates": [3.7720625, 51.04144169999999]}}, {"type": "Feature", "properties": {"temp": 27.16}, "geometry": {"type": "Point", "coordinates": [3.7718612, 51.041527499999994]}}, {"type": "Feature", "properties": {"temp": 27.16}, "geometry": {"type": "Point", "coordinates": [3.7716507, 51.041621299999996]}}, {"type": "Feature", "properties": {"temp": 27.27}, "geometry": {"type": "Point", "coordinates": [3.7714277000000003, 51.04170289999998]}}, {"type": "Feature", "properties": {"temp": 27.27}, "geometry": {"type": "Point", "coordinates": [3.7712039999999996, 51.04178830000001]}}, {"type": "Feature", "properties": {"temp": 27.27}, "geometry": {"type": "Point", "coordinates": [3.7709808, 51.0418857]}}, {"type": "Feature", "properties": {"temp": 27.27}, "geometry": {"type": "Point", "coordinates": [3.7707636999999994, 51.04198309999999]}}, {"type": "Feature", "properties": {"temp": 27.27}, "geometry": {"type": "Point", "coordinates": [3.7705245999999994, 51.0420548]}}, {"type": "Feature", "properties": {"temp": 27.37}, "geometry": {"type": "Point", "coordinates": [3.7702464000000004, 51.04208849999999]}}, {"type": "Feature", "properties": {"temp": 27.37}, "geometry": {"type": "Point", "coordinates": [3.7699805, 51.0420906]}}, {"type": "Feature", "properties": {"temp": 27.37}, "geometry": {"type": "Point", "coordinates": [3.7697228999999997, 51.042075000000004]}}, {"type": "Feature", "properties": {"temp": 27.37}, "geometry": {"type": "Point", "coordinates": [3.7694511000000004, 51.042058699999984]}}, {"type": "Feature", "properties": {"temp": 27.47}, "geometry": {"type": "Point", "coordinates": [3.7691844999999997, 51.0420415]}}, {"type": "Feature", "properties": {"temp": 27.48}, "geometry": {"type": "Point", "coordinates": [3.768917399999999, 51.04202219999999]}}, {"type": "Feature", "properties": {"temp": 27.48}, "geometry": {"type": "Point", "coordinates": [3.7686579000000004, 51.041965499999996]}}, {"type": "Feature", "properties": {"temp": 27.48}, "geometry": {"type": "Point", "coordinates": [3.768414199999999, 51.041889299999994]}}, {"type": "Feature", "properties": {"temp": 27.48}, "geometry": {"type": "Point", "coordinates": [3.7681742, 51.04180590000001]}}, {"type": "Feature", "properties": {"temp": 27.48}, "geometry": {"type": "Point", "coordinates": [3.7679471999999996, 51.0417106]}}, {"type": "Feature", "properties": {"temp": 27.58}, "geometry": {"type": "Point", "coordinates": [3.7677121, 51.041616]}}, {"type": "Feature", "properties": {"temp": 27.58}, "geometry": {"type": "Point", "coordinates": [3.7674712000000006, 51.04153339999999]}}, {"type": "Feature", "properties": {"temp": 27.58}, "geometry": {"type": "Point", "coordinates": [3.7672175000000006, 51.0414711]}}, {"type": "Feature", "properties": {"temp": 27.48}, "geometry": {"type": "Point", "coordinates": [3.766961, 51.0413949]}}, {"type": "Feature", "properties": {"temp": 27.48}, "geometry": {"type": "Point", "coordinates": [3.7667274000000006, 51.0413268]}}, {"type": "Feature", "properties": {"temp": 27.49}, "geometry": {"type": "Point", "coordinates": [3.7664996000000004, 51.0412434]}}, {"type": "Feature", "properties": {"temp": 27.49}, "geometry": {"type": "Point", "coordinates": [3.7662848000000007, 51.04116659999999]}}, {"type": "Feature", "properties": {"temp": 27.39}, "geometry": {"type": "Point", "coordinates": [3.7660449, 51.041095399999996]}}, {"type": "Feature", "properties": {"temp": 27.39}, "geometry": {"type": "Point", "coordinates": [3.7657958000000002, 51.041028299999994]}}, {"type": "Feature", "properties": {"temp": 27.29}, "geometry": {"type": "Point", "coordinates": [3.7655530999999995, 51.0409561]}}, {"type": "Feature", "properties": {"temp": 27.29}, "geometry": {"type": "Point", "coordinates": [3.765292999999999, 51.04089759999999]}}, {"type": "Feature", "properties": {"temp": 27.19}, "geometry": {"type": "Point", "coordinates": [3.7650471999999997, 51.040848399999994]}}, {"type": "Feature", "properties": {"temp": 27.19}, "geometry": {"type": "Point", "coordinates": [3.7648119, 51.0407958]}}, {"type": "Feature", "properties": {"temp": 27.29}, "geometry": {"type": "Point", "coordinates": [3.7645899999999997, 51.0407278]}}, {"type": "Feature", "properties": {"temp": 27.3}, "geometry": {"type": "Point", "coordinates": [3.764136, 51.04060319999999]}}, {"type": "Feature", "properties": {"temp": 27.4}, "geometry": {"type": "Point", "coordinates": [3.7639079, 51.04053880000001]}}, {"type": "Feature", "properties": {"temp": 27.4}, "geometry": {"type": "Point", "coordinates": [3.7636712, 51.0404772]}}, {"type": "Feature", "properties": {"temp": 27.4}, "geometry": {"type": "Point", "coordinates": [3.76341, 51.0404185]}}, {"type": "Feature", "properties": {"temp": 27.4}, "geometry": {"type": "Point", "coordinates": [3.7631778, 51.04034970000001]}}, {"type": "Feature", "properties": {"temp": 27.5}, "geometry": {"type": "Point", "coordinates": [3.7629434000000006, 51.040295500000006]}}, {"type": "Feature", "properties": {"temp": 27.5}, "geometry": {"type": "Point", "coordinates": [3.7626596999999995, 51.040240899999986]}}, {"type": "Feature", "properties": {"temp": 27.6}, "geometry": {"type": "Point", "coordinates": [3.7624843, 51.0402559]}}, {"type": "Feature", "properties": {"temp": 27.51}, "geometry": {"type": "Point", "coordinates": [3.7624271, 51.04035329999999]}}, {"type": "Feature", "properties": {"temp": 27.61}, "geometry": {"type": "Point", "coordinates": [3.7623433999999993, 51.0404581]}}, {"type": "Feature", "properties": {"temp": 27.61}, "geometry": {"type": "Point", "coordinates": [3.7622448, 51.040583600000005]}}, {"type": "Feature", "properties": {"temp": 27.61}, "geometry": {"type": "Point", "coordinates": [3.7621272000000006, 51.0407053]}}, {"type": "Feature", "properties": {"temp": 27.61}, "geometry": {"type": "Point", "coordinates": [3.7619641000000006, 51.04079689999999]}}, {"type": "Feature", "properties": {"temp": 27.71}, "geometry": {"type": "Point", "coordinates": [3.7617890000000003, 51.0408306]}}, {"type": "Feature", "properties": {"temp": 27.71}, "geometry": {"type": "Point", "coordinates": [3.7614101, 51.0406943]}}, {"type": "Feature", "properties": {"temp": 27.81}, "geometry": {"type": "Point", "coordinates": [3.7611925, 51.0406142]}}, {"type": "Feature", "properties": {"temp": 27.81}, "geometry": {"type": "Point", "coordinates": [3.7609665, 51.04053229999999]}}, {"type": "Feature", "properties": {"temp": 27.92}, "geometry": {"type": "Point", "coordinates": [3.760722899999999, 51.0404927]}}, {"type": "Feature", "properties": {"temp": 27.92}, "geometry": {"type": "Point", "coordinates": [3.7604638000000006, 51.04047490000001]}}, {"type": "Feature", "properties": {"temp": 28.02}, "geometry": {"type": "Point", "coordinates": [3.7602070000000003, 51.04047460000001]}}, {"type": "Feature", "properties": {"temp": 28.02}, "geometry": {"type": "Point", "coordinates": [3.7599506, 51.040460100000004]}}, {"type": "Feature", "properties": {"temp": 28.02}, "geometry": {"type": "Point", "coordinates": [3.7597007000000002, 51.0404541]}}, {"type": "Feature", "properties": {"temp": 27.92}, "geometry": {"type": "Point", "coordinates": [3.7594651, 51.0404354]}}, {"type": "Feature", "properties": {"temp": 27.82}, "geometry": {"type": "Point", "coordinates": [3.7590561999999994, 51.040433300000004]}}, {"type": "Feature", "properties": {"temp": 27.82}, "geometry": {"type": "Point", "coordinates": [3.7587988, 51.04042829999999]}}, {"type": "Feature", "properties": {"temp": 27.82}, "geometry": {"type": "Point", "coordinates": [3.7585383000000006, 51.04043339999999]}}, {"type": "Feature", "properties": {"temp": 27.93}, "geometry": {"type": "Point", "coordinates": [3.7582651000000005, 51.0404352]}}, {"type": "Feature", "properties": {"temp": 28.03}, "geometry": {"type": "Point", "coordinates": [3.7580073, 51.04044330000001]}}, {"type": "Feature", "properties": {"temp": 28.03}, "geometry": {"type": "Point", "coordinates": [3.7577535000000006, 51.040436899999996]}}, {"type": "Feature", "properties": {"temp": 28.03}, "geometry": {"type": "Point", "coordinates": [3.7575169, 51.0404365]}}, {"type": "Feature", "properties": {"temp": 28.13}, "geometry": {"type": "Point", "coordinates": [3.7572838999999996, 51.04045330000001]}}, {"type": "Feature", "properties": {"temp": 28.03}, "geometry": {"type": "Point", "coordinates": [3.7570232, 51.040470699999986]}}, {"type": "Feature", "properties": {"temp": 28.13}, "geometry": {"type": "Point", "coordinates": [3.7567633999999996, 51.04050399999999]}}, {"type": "Feature", "properties": {"temp": 28.23}, "geometry": {"type": "Point", "coordinates": [3.7565169, 51.0405556]}}, {"type": "Feature", "properties": {"temp": 28.23}, "geometry": {"type": "Point", "coordinates": [3.7562754, 51.040607400000006]}}, {"type": "Feature", "properties": {"temp": 28.24}, "geometry": {"type": "Point", "coordinates": [3.7560399000000007, 51.040661]}}, {"type": "Feature", "properties": {"temp": 28.34}, "geometry": {"type": "Point", "coordinates": [3.7555361999999994, 51.0406421]}}, {"type": "Feature", "properties": {"temp": 28.34}, "geometry": {"type": "Point", "coordinates": [3.7552537999999998, 51.0406154]}}, {"type": "Feature", "properties": {"temp": 28.34}, "geometry": {"type": "Point", "coordinates": [3.7549979, 51.0405886]}}, {"type": "Feature", "properties": {"temp": 28.44}, "geometry": {"type": "Point", "coordinates": [3.754803, 51.0405745]}}, {"type": "Feature", "properties": {"temp": 28.44}, "geometry": {"type": "Point", "coordinates": [3.754695199999999, 51.0405691]}}, {"type": "Feature", "properties": {"temp": 28.34}, "geometry": {"type": "Point", "coordinates": [3.7546911, 51.0405723]}}, {"type": "Feature", "properties": {"temp": 28.25}, "geometry": {"type": "Point", "coordinates": [3.7546893, 51.0405708]}}, {"type": "Feature", "properties": {"temp": 28.25}, "geometry": {"type": "Point", "coordinates": [3.7546877999999992, 51.0405702]}}, {"type": "Feature", "properties": {"temp": 28.25}, "geometry": {"type": "Point", "coordinates": [3.754688, 51.0405702]}}, {"type": "Feature", "properties": {"temp": 28.15}, "geometry": {"type": "Point", "coordinates": [3.7546879000000004, 51.04057029999999]}}, {"type": "Feature", "properties": {"temp": 28.15}, "geometry": {"type": "Point", "coordinates": [3.754687199999999, 51.0405707]}}, {"type": "Feature", "properties": {"temp": 28.15}, "geometry": {"type": "Point", "coordinates": [3.7546871, 51.0405708]}}, {"type": "Feature", "properties": {"temp": 28.15}, "geometry": {"type": "Point", "coordinates": [3.7546875, 51.0405712]}}, {"type": "Feature", "properties": {"temp": 28.15}, "geometry": {"type": "Point", "coordinates": [3.754688, 51.0405712]}}, {"type": "Feature", "properties": {"temp": 28.15}, "geometry": {"type": "Point", "coordinates": [3.7546881999999995, 51.04057129999999]}}, {"type": "Feature", "properties": {"temp": 28.16}, "geometry": {"type": "Point", "coordinates": [3.7546883000000006, 51.0405712]}}, {"type": "Feature", "properties": {"temp": 28.16}, "geometry": {"type": "Point", "coordinates": [3.7546885999999997, 51.0405707]}}, {"type": "Feature", "properties": {"temp": 28.16}, "geometry": {"type": "Point", "coordinates": [3.7546885999999997, 51.0405709]}}, {"type": "Feature", "properties": {"temp": 28.16}, "geometry": {"type": "Point", "coordinates": [3.7546885999999997, 51.0405711]}}, {"type": "Feature", "properties": {"temp": 28.16}, "geometry": {"type": "Point", "coordinates": [3.7546699, 51.0405681]}}, {"type": "Feature", "properties": {"temp": 28.16}, "geometry": {"type": "Point", "coordinates": [3.7545732999999997, 51.0405566]}}, {"type": "Feature", "properties": {"temp": 28.16}, "geometry": {"type": "Point", "coordinates": [3.7544040000000005, 51.040547200000006]}}, {"type": "Feature", "properties": {"temp": 28.16}, "geometry": {"type": "Point", "coordinates": [3.7541932999999994, 51.0405256]}}, {"type": "Feature", "properties": {"temp": 28.16}, "geometry": {"type": "Point", "coordinates": [3.7539687000000006, 51.0405009]}}, {"type": "Feature", "properties": {"temp": 28.27}, "geometry": {"type": "Point", "coordinates": [3.753721899999999, 51.040470099999986]}}, {"type": "Feature", "properties": {"temp": 28.27}, "geometry": {"type": "Point", "coordinates": [3.7534661999999996, 51.0404409]}}, {"type": "Feature", "properties": {"temp": 28.27}, "geometry": {"type": "Point", "coordinates": [3.7532123, 51.0403977]}}, {"type": "Feature", "properties": {"temp": 28.37}, "geometry": {"type": "Point", "coordinates": [3.7529765, 51.0403507]}}, {"type": "Feature", "properties": {"temp": 28.37}, "geometry": {"type": "Point", "coordinates": [3.7527467999999993, 51.0402952]}}, {"type": "Feature", "properties": {"temp": 28.47}, "geometry": {"type": "Point", "coordinates": [3.7525089, 51.04024019999999]}}, {"type": "Feature", "properties": {"temp": 28.57}, "geometry": {"type": "Point", "coordinates": [3.7522705000000003, 51.0401808]}}, {"type": "Feature", "properties": {"temp": 28.57}, "geometry": {"type": "Point", "coordinates": [3.7520168999999997, 51.0401246]}}, {"type": "Feature", "properties": {"temp": 28.47}, "geometry": {"type": "Point", "coordinates": [3.7517687000000004, 51.04007119999999]}}, {"type": "Feature", "properties": {"temp": 28.27}, "geometry": {"type": "Point", "coordinates": [3.7515169, 51.04001389999999]}}, {"type": "Feature", "properties": {"temp": 28.27}, "geometry": {"type": "Point", "coordinates": [3.7512761, 51.0399599]}}, {"type": "Feature", "properties": {"temp": 28.18}, "geometry": {"type": "Point", "coordinates": [3.7510487999999995, 51.0399061]}}, {"type": "Feature", "properties": {"temp": 28.18}, "geometry": {"type": "Point", "coordinates": [3.750824, 51.0398749]}}, {"type": "Feature", "properties": {"temp": 28.08}, "geometry": {"type": "Point", "coordinates": [3.750593499999999, 51.0398116]}}, {"type": "Feature", "properties": {"temp": 28.18}, "geometry": {"type": "Point", "coordinates": [3.7503494999999996, 51.039746599999994]}}, {"type": "Feature", "properties": {"temp": 28.28}, "geometry": {"type": "Point", "coordinates": [3.7498583000000005, 51.039624700000005]}}, {"type": "Feature", "properties": {"temp": 28.28}, "geometry": {"type": "Point", "coordinates": [3.7496172, 51.0395519]}}, {"type": "Feature", "properties": {"temp": 28.38}, "geometry": {"type": "Point", "coordinates": [3.7493651000000003, 51.039492]}}, {"type": "Feature", "properties": {"temp": 28.38}, "geometry": {"type": "Point", "coordinates": [3.7491142999999996, 51.039445799999996]}}, {"type": "Feature", "properties": {"temp": 28.39}, "geometry": {"type": "Point", "coordinates": [3.7488568, 51.0393915]}}, {"type": "Feature", "properties": {"temp": 28.49}, "geometry": {"type": "Point", "coordinates": [3.7486186, 51.03932199999999]}}, {"type": "Feature", "properties": {"temp": 28.59}, "geometry": {"type": "Point", "coordinates": [3.7486186, 51.03932199999999]}}, {"type": "Feature", "properties": {"temp": 28.59}, "geometry": {"type": "Point", "coordinates": [3.7482142, 51.0392269]}}, {"type": "Feature", "properties": {"temp": 28.69}, "geometry": {"type": "Point", "coordinates": [3.7479840000000006, 51.039135]}}, {"type": "Feature", "properties": {"temp": 28.69}, "geometry": {"type": "Point", "coordinates": [3.747748599999999, 51.039054199999995]}}, {"type": "Feature", "properties": {"temp": 28.69}, "geometry": {"type": "Point", "coordinates": [3.7475604999999996, 51.0389724]}}, {"type": "Feature", "properties": {"temp": 28.69}, "geometry": {"type": "Point", "coordinates": [3.7473743, 51.038903299999994]}}, {"type": "Feature", "properties": {"temp": 28.69}, "geometry": {"type": "Point", "coordinates": [3.7472270999999995, 51.03883219999999]}}, {"type": "Feature", "properties": {"temp": 28.79}, "geometry": {"type": "Point", "coordinates": [3.7470786999999994, 51.03878720000001]}}, {"type": "Feature", "properties": {"temp": 28.8}, "geometry": {"type": "Point", "coordinates": [3.7469761000000004, 51.0387597]}}, {"type": "Feature", "properties": {"temp": 28.7}, "geometry": {"type": "Point", "coordinates": [3.7468664, 51.03877489999999]}}, {"type": "Feature", "properties": {"temp": 28.7}, "geometry": {"type": "Point", "coordinates": [3.746816799999999, 51.03881349999999]}}, {"type": "Feature", "properties": {"temp": 28.7}, "geometry": {"type": "Point", "coordinates": [3.7468099, 51.0388178]}}, {"type": "Feature", "properties": {"temp": 28.6}, "geometry": {"type": "Point", "coordinates": [3.7468065000000004, 51.0388144]}}, {"type": "Feature", "properties": {"temp": 28.6}, "geometry": {"type": "Point", "coordinates": [3.7468046999999998, 51.03881349999999]}}, {"type": "Feature", "properties": {"temp": 28.5}, "geometry": {"type": "Point", "coordinates": [3.7467483, 51.0388082]}}, {"type": "Feature", "properties": {"temp": 28.6}, "geometry": {"type": "Point", "coordinates": [3.7466117999999997, 51.03880620000001]}}, {"type": "Feature", "properties": {"temp": 28.6}, "geometry": {"type": "Point", "coordinates": [3.7464318999999997, 51.0387714]}}, {"type": "Feature", "properties": {"temp": 28.71}, "geometry": {"type": "Point", "coordinates": [3.7462236000000004, 51.038730199999996]}}, {"type": "Feature", "properties": {"temp": 28.71}, "geometry": {"type": "Point", "coordinates": [3.7459946999999993, 51.038679200000004]}}, {"type": "Feature", "properties": {"temp": 28.91}, "geometry": {"type": "Point", "coordinates": [3.7457716999999993, 51.0386286]}}, {"type": "Feature", "properties": {"temp": 28.91}, "geometry": {"type": "Point", "coordinates": [3.7455618, 51.0385684]}}, {"type": "Feature", "properties": {"temp": 28.91}, "geometry": {"type": "Point", "coordinates": [3.7453318, 51.03849979999999]}}, {"type": "Feature", "properties": {"temp": 29.01}, "geometry": {"type": "Point", "coordinates": [3.7451161, 51.03841680000001]}}, {"type": "Feature", "properties": {"temp": 29.11}, "geometry": {"type": "Point", "coordinates": [3.7448800999999996, 51.03839539999999]}}, {"type": "Feature", "properties": {"temp": 29.11}, "geometry": {"type": "Point", "coordinates": [3.7447350000000004, 51.0383252]}}, {"type": "Feature", "properties": {"temp": 29.12}, "geometry": {"type": "Point", "coordinates": [3.7445792999999994, 51.03821570000001]}}, {"type": "Feature", "properties": {"temp": 29.12}, "geometry": {"type": "Point", "coordinates": [3.7443415000000004, 51.0381731]}}, {"type": "Feature", "properties": {"temp": 29.02}, "geometry": {"type": "Point", "coordinates": [3.7439247000000004, 51.0382239]}}, {"type": "Feature", "properties": {"temp": 29.02}, "geometry": {"type": "Point", "coordinates": [3.7437248000000003, 51.0382578]}}, {"type": "Feature", "properties": {"temp": 29.02}, "geometry": {"type": "Point", "coordinates": [3.7434982, 51.03830550000001]}}, {"type": "Feature", "properties": {"temp": 29.02}, "geometry": {"type": "Point", "coordinates": [3.7432834999999995, 51.0383748]}}, {"type": "Feature", "properties": {"temp": 29.02}, "geometry": {"type": "Point", "coordinates": [3.7430924, 51.0384186]}}, {"type": "Feature", "properties": {"temp": 29.02}, "geometry": {"type": "Point", "coordinates": [3.7429867999999993, 51.03844470000001]}}, {"type": "Feature", "properties": {"temp": 29.02}, "geometry": {"type": "Point", "coordinates": [3.7428917, 51.03842860000001]}}, {"type": "Feature", "properties": {"temp": 29.03}, "geometry": {"type": "Point", "coordinates": [3.7428225, 51.03832349999999]}}, {"type": "Feature", "properties": {"temp": 28.93}, "geometry": {"type": "Point", "coordinates": [3.74276, 51.03817899999999]}}, {"type": "Feature", "properties": {"temp": 28.93}, "geometry": {"type": "Point", "coordinates": [3.7426863, 51.0380318]}}, {"type": "Feature", "properties": {"temp": 28.93}, "geometry": {"type": "Point", "coordinates": [3.7426164, 51.0378891]}}, {"type": "Feature", "properties": {"temp": 28.93}, "geometry": {"type": "Point", "coordinates": [3.7425489000000005, 51.0377569]}}, {"type": "Feature", "properties": {"temp": 28.93}, "geometry": {"type": "Point", "coordinates": [3.7424810000000006, 51.03762089999999]}}, {"type": "Feature", "properties": {"temp": 28.93}, "geometry": {"type": "Point", "coordinates": [3.7423752999999995, 51.037511]}}, {"type": "Feature", "properties": {"temp": 28.93}, "geometry": {"type": "Point", "coordinates": [3.7423257, 51.0374749]}}, {"type": "Feature", "properties": {"temp": 28.93}, "geometry": {"type": "Point", "coordinates": [3.7422768, 51.0374503]}}, {"type": "Feature", "properties": {"temp": 28.83}, "geometry": {"type": "Point", "coordinates": [3.7422916000000006, 51.0373802]}}, {"type": "Feature", "properties": {"temp": 28.84}, "geometry": {"type": "Point", "coordinates": [3.7422763000000003, 51.03728219999999]}}, {"type": "Feature", "properties": {"temp": 28.94}, "geometry": {"type": "Point", "coordinates": [3.7421435000000005, 51.037211899999996]}}, {"type": "Feature", "properties": {"temp": 28.94}, "geometry": {"type": "Point", "coordinates": [3.7419473, 51.03719160000001]}}, {"type": "Feature", "properties": {"temp": 28.94}, "geometry": {"type": "Point", "coordinates": [3.7417397999999995, 51.0371845]}}, {"type": "Feature", "properties": {"temp": 28.94}, "geometry": {"type": "Point", "coordinates": [3.7415400000000005, 51.037157]}}, {"type": "Feature", "properties": {"temp": 29.04}, "geometry": {"type": "Point", "coordinates": [3.7413640000000004, 51.037135799999994]}}, {"type": "Feature", "properties": {"temp": 28.94}, "geometry": {"type": "Point", "coordinates": [3.741268, 51.0371649]}}, {"type": "Feature", "properties": {"temp": 28.94}, "geometry": {"type": "Point", "coordinates": [3.7412493999999996, 51.0372022]}}, {"type": "Feature", "properties": {"temp": 28.95}, "geometry": {"type": "Point", "coordinates": [3.7411189000000005, 51.0372202]}}, {"type": "Feature", "properties": {"temp": 29.05}, "geometry": {"type": "Point", "coordinates": [3.7409528999999995, 51.037188199999996]}}, {"type": "Feature", "properties": {"temp": 29.05}, "geometry": {"type": "Point", "coordinates": [3.7407263000000004, 51.03716889999999]}}, {"type": "Feature", "properties": {"temp": 29.05}, "geometry": {"type": "Point", "coordinates": [3.7404705000000003, 51.0371658]}}, {"type": "Feature", "properties": {"temp": 29.15}, "geometry": {"type": "Point", "coordinates": [3.7402145999999994, 51.0371587]}}, {"type": "Feature", "properties": {"temp": 29.15}, "geometry": {"type": "Point", "coordinates": [3.7399583000000005, 51.03715059999998]}}, {"type": "Feature", "properties": {"temp": 29.15}, "geometry": {"type": "Point", "coordinates": [3.7397243, 51.037119699999984]}}, {"type": "Feature", "properties": {"temp": 29.15}, "geometry": {"type": "Point", "coordinates": [3.739531899999999, 51.037094]}}, {"type": "Feature", "properties": {"temp": 29.05}, "geometry": {"type": "Point", "coordinates": [3.7393268, 51.0371291]}}, {"type": "Feature", "properties": {"temp": 29.15}, "geometry": {"type": "Point", "coordinates": [3.739117699999999, 51.0371848]}}, {"type": "Feature", "properties": {"temp": 29.26}, "geometry": {"type": "Point", "coordinates": [3.7388942000000003, 51.03724119999999]}}, {"type": "Feature", "properties": {"temp": 29.26}, "geometry": {"type": "Point", "coordinates": [3.7386961000000003, 51.037325]}}, {"type": "Feature", "properties": {"temp": 29.26}, "geometry": {"type": "Point", "coordinates": [3.738481099999999, 51.037393800000004]}}, {"type": "Feature", "properties": {"temp": 29.26}, "geometry": {"type": "Point", "coordinates": [3.738205499999999, 51.03740669999999]}}, {"type": "Feature", "properties": {"temp": 29.26}, "geometry": {"type": "Point", "coordinates": [3.7379552999999994, 51.03740689999999]}}, {"type": "Feature", "properties": {"temp": 29.16}, "geometry": {"type": "Point", "coordinates": [3.7377205, 51.0374513]}}, {"type": "Feature", "properties": {"temp": 29.16}, "geometry": {"type": "Point", "coordinates": [3.7375194, 51.0375308]}}, {"type": "Feature", "properties": {"temp": 29.16}, "geometry": {"type": "Point", "coordinates": [3.7373875, 51.037645000000005]}}, {"type": "Feature", "properties": {"temp": 29.16}, "geometry": {"type": "Point", "coordinates": [3.737289399999999, 51.03778139999999]}}, {"type": "Feature", "properties": {"temp": 29.17}, "geometry": {"type": "Point", "coordinates": [3.737211499999999, 51.0379321]}}, {"type": "Feature", "properties": {"temp": 29.17}, "geometry": {"type": "Point", "coordinates": [3.737124, 51.0380712]}}, {"type": "Feature", "properties": {"temp": 29.17}, "geometry": {"type": "Point", "coordinates": [3.737043, 51.0382101]}}, {"type": "Feature", "properties": {"temp": 29.07}, "geometry": {"type": "Point", "coordinates": [3.736971, 51.038340500000004]}}, {"type": "Feature", "properties": {"temp": 29.07}, "geometry": {"type": "Point", "coordinates": [3.7369130999999998, 51.03843249999999]}}, {"type": "Feature", "properties": {"temp": 29.07}, "geometry": {"type": "Point", "coordinates": [3.7368612, 51.038493199999984]}}, {"type": "Feature", "properties": {"temp": 29.07}, "geometry": {"type": "Point", "coordinates": [3.7368364, 51.03852219999999]}}, {"type": "Feature", "properties": {"temp": 28.97}, "geometry": {"type": "Point", "coordinates": [3.7368367, 51.0385263]}}, {"type": "Feature", "properties": {"temp": 28.97}, "geometry": {"type": "Point", "coordinates": [3.7368373999999998, 51.0385281]}}, {"type": "Feature", "properties": {"temp": 28.97}, "geometry": {"type": "Point", "coordinates": [3.7368376999999997, 51.03852930000001]}}, {"type": "Feature", "properties": {"temp": 28.88}, "geometry": {"type": "Point", "coordinates": [3.7368378999999994, 51.03852930000001]}}, {"type": "Feature", "properties": {"temp": 28.88}, "geometry": {"type": "Point", "coordinates": [3.7368382, 51.03852930000001]}}, {"type": "Feature", "properties": {"temp": 28.88}, "geometry": {"type": "Point", "coordinates": [3.7368392000000004, 51.038529700000005]}}, {"type": "Feature", "properties": {"temp": 28.88}, "geometry": {"type": "Point", "coordinates": [3.736839699999999, 51.0385296]}}, {"type": "Feature", "properties": {"temp": 28.88}, "geometry": {"type": "Point", "coordinates": [3.7368403999999997, 51.0385296]}}, {"type": "Feature", "properties": {"temp": 28.88}, "geometry": {"type": "Point", "coordinates": [3.7368413000000005, 51.0385298]}}, {"type": "Feature", "properties": {"temp": 28.78}, "geometry": {"type": "Point", "coordinates": [3.7368422000000003, 51.038530200000004]}}, {"type": "Feature", "properties": {"temp": 28.78}, "geometry": {"type": "Point", "coordinates": [3.7368422000000003, 51.038530599999994]}}, {"type": "Feature", "properties": {"temp": 28.78}, "geometry": {"type": "Point", "coordinates": [3.7368418, 51.038530599999994]}}, {"type": "Feature", "properties": {"temp": 28.79}, "geometry": {"type": "Point", "coordinates": [3.7368420000000007, 51.038530800000004]}}, {"type": "Feature", "properties": {"temp": 28.79}, "geometry": {"type": "Point", "coordinates": [3.7368426, 51.038530599999994]}}, {"type": "Feature", "properties": {"temp": 28.79}, "geometry": {"type": "Point", "coordinates": [3.7368432, 51.0385305]}}, {"type": "Feature", "properties": {"temp": 28.79}, "geometry": {"type": "Point", "coordinates": [3.7367430999999995, 51.0386714]}}, {"type": "Feature", "properties": {"temp": 28.89}, "geometry": {"type": "Point", "coordinates": [3.736668499999999, 51.03880339999999]}}, {"type": "Feature", "properties": {"temp": 28.79}, "geometry": {"type": "Point", "coordinates": [3.7366018999999997, 51.038938800000004]}}, {"type": "Feature", "properties": {"temp": 28.79}, "geometry": {"type": "Point", "coordinates": [3.7365283, 51.039066000000005]}}, {"type": "Feature", "properties": {"temp": 28.79}, "geometry": {"type": "Point", "coordinates": [3.7364551, 51.0392117]}}, {"type": "Feature", "properties": {"temp": 28.8}, "geometry": {"type": "Point", "coordinates": [3.7364132999999993, 51.0393715]}}, {"type": "Feature", "properties": {"temp": 28.8}, "geometry": {"type": "Point", "coordinates": [3.736372199999999, 51.039539700000006]}}, {"type": "Feature", "properties": {"temp": 28.8}, "geometry": {"type": "Point", "coordinates": [3.7363181, 51.03969320000001]}}, {"type": "Feature", "properties": {"temp": 28.8}, "geometry": {"type": "Point", "coordinates": [3.736263599999999, 51.039833099999996]}}, {"type": "Feature", "properties": {"temp": 28.8}, "geometry": {"type": "Point", "coordinates": [3.7363310999999992, 51.039881]}}, {"type": "Feature", "properties": {"temp": 28.8}, "geometry": {"type": "Point", "coordinates": [3.7363531, 51.040008399999984]}}, {"type": "Feature", "properties": {"temp": 28.8}, "geometry": {"type": "Point", "coordinates": [3.7362650000000004, 51.0401545]}}, {"type": "Feature", "properties": {"temp": 28.8}, "geometry": {"type": "Point", "coordinates": [3.736162499999999, 51.0403204]}}, {"type": "Feature", "properties": {"temp": 28.8}, "geometry": {"type": "Point", "coordinates": [3.7359826, 51.04063630000001]}}, {"type": "Feature", "properties": {"temp": 28.81}, "geometry": {"type": "Point", "coordinates": [3.7358856000000005, 51.0407856]}}, {"type": "Feature", "properties": {"temp": 28.71}, "geometry": {"type": "Point", "coordinates": [3.7357964999999997, 51.0409411]}}, {"type": "Feature", "properties": {"temp": 28.71}, "geometry": {"type": "Point", "coordinates": [3.7356949999999998, 51.04110140000001]}}, {"type": "Feature", "properties": {"temp": 28.71}, "geometry": {"type": "Point", "coordinates": [3.7356043999999997, 51.0412644]}}, {"type": "Feature", "properties": {"temp": 28.71}, "geometry": {"type": "Point", "coordinates": [3.735504199999999, 51.0414152]}}, {"type": "Feature", "properties": {"temp": 28.71}, "geometry": {"type": "Point", "coordinates": [3.7354181999999994, 51.0415677]}}, {"type": "Feature", "properties": {"temp": 28.61}, "geometry": {"type": "Point", "coordinates": [3.7353187, 51.0417187]}}, {"type": "Feature", "properties": {"temp": 28.61}, "geometry": {"type": "Point", "coordinates": [3.7352390000000004, 51.04187679999999]}}, {"type": "Feature", "properties": {"temp": 28.61}, "geometry": {"type": "Point", "coordinates": [3.7351344, 51.042037799999996]}}, {"type": "Feature", "properties": {"temp": 28.61}, "geometry": {"type": "Point", "coordinates": [3.735068, 51.042205900000006]}}, {"type": "Feature", "properties": {"temp": 28.72}, "geometry": {"type": "Point", "coordinates": [3.7349670000000006, 51.0423485]}}, {"type": "Feature", "properties": {"temp": 28.62}, "geometry": {"type": "Point", "coordinates": [3.7348746, 51.042508799999986]}}, {"type": "Feature", "properties": {"temp": 28.72}, "geometry": {"type": "Point", "coordinates": [3.7347813, 51.04264729999999]}}, {"type": "Feature", "properties": {"temp": 28.72}, "geometry": {"type": "Point", "coordinates": [3.7347095999999995, 51.04280789999999]}}, {"type": "Feature", "properties": {"temp": 28.72}, "geometry": {"type": "Point", "coordinates": [3.7346206, 51.042955400000004]}}, {"type": "Feature", "properties": {"temp": 28.72}, "geometry": {"type": "Point", "coordinates": [3.7345614, 51.043073099999994]}}, {"type": "Feature", "properties": {"temp": 28.72}, "geometry": {"type": "Point", "coordinates": [3.7344664000000005, 51.0431759]}}, {"type": "Feature", "properties": {"temp": 28.62}, "geometry": {"type": "Point", "coordinates": [3.734525399999999, 51.0432331]}}, {"type": "Feature", "properties": {"temp": 28.72}, "geometry": {"type": "Point", "coordinates": [3.7346771999999993, 51.043253799999995]}}, {"type": "Feature", "properties": {"temp": 28.73}, "geometry": {"type": "Point", "coordinates": [3.7348716999999994, 51.04326540000001]}}, {"type": "Feature", "properties": {"temp": 28.73}, "geometry": {"type": "Point", "coordinates": [3.7350637999999994, 51.0432755]}}, {"type": "Feature", "properties": {"temp": 28.73}, "geometry": {"type": "Point", "coordinates": [3.7352778999999994, 51.0432792]}}, {"type": "Feature", "properties": {"temp": 28.83}, "geometry": {"type": "Point", "coordinates": [3.735514, 51.043255]}}, {"type": "Feature", "properties": {"temp": 28.83}, "geometry": {"type": "Point", "coordinates": [3.7357282000000005, 51.0432313]}}, {"type": "Feature", "properties": {"temp": 28.73}, "geometry": {"type": "Point", "coordinates": [3.7359125000000004, 51.043231399999996]}}, {"type": "Feature", "properties": {"temp": 28.73}, "geometry": {"type": "Point", "coordinates": [3.7360734, 51.043221499999994]}}, {"type": "Feature", "properties": {"temp": 28.73}, "geometry": {"type": "Point", "coordinates": [3.7362014999999995, 51.04328089999999]}}, {"type": "Feature", "properties": {"temp": 28.73}, "geometry": {"type": "Point", "coordinates": [3.7362470999999995, 51.04343329999999]}}, {"type": "Feature", "properties": {"temp": 28.83}, "geometry": {"type": "Point", "coordinates": [3.7362956, 51.043592200000006]}}, {"type": "Feature", "properties": {"temp": 28.84}, "geometry": {"type": "Point", "coordinates": [3.7363157, 51.043741299999986]}}, {"type": "Feature", "properties": {"temp": 28.84}, "geometry": {"type": "Point", "coordinates": [3.7363540999999993, 51.043876999999995]}}, {"type": "Feature", "properties": {"temp": 28.84}, "geometry": {"type": "Point", "coordinates": [3.7363527, 51.04395849999999]}}, {"type": "Feature", "properties": {"temp": 28.74}, "geometry": {"type": "Point", "coordinates": [3.7363244999999994, 51.04402890000001]}}, {"type": "Feature", "properties": {"temp": 28.74}, "geometry": {"type": "Point", "coordinates": [3.7362942, 51.044258]}}, {"type": "Feature", "properties": {"temp": 28.74}, "geometry": {"type": "Point", "coordinates": [3.7361558000000006, 51.0444214]}}, {"type": "Feature", "properties": {"temp": 28.74}, "geometry": {"type": "Point", "coordinates": [3.7360211999999997, 51.0445668]}}, {"type": "Feature", "properties": {"temp": 28.84}, "geometry": {"type": "Point", "coordinates": [3.735885999999999, 51.04470559999999]}}, {"type": "Feature", "properties": {"temp": 28.85}, "geometry": {"type": "Point", "coordinates": [3.7357512, 51.044841899999994]}}, {"type": "Feature", "properties": {"temp": 28.75}, "geometry": {"type": "Point", "coordinates": [3.7356409, 51.044992699999995]}}, {"type": "Feature", "properties": {"temp": 28.75}, "geometry": {"type": "Point", "coordinates": [3.7354011999999996, 51.045168399999994]}}, {"type": "Feature", "properties": {"temp": 28.75}, "geometry": {"type": "Point", "coordinates": [3.7351979999999996, 51.04528559999999]}}, {"type": "Feature", "properties": {"temp": 28.75}, "geometry": {"type": "Point", "coordinates": [3.7350376000000005, 51.045424499999996]}}, {"type": "Feature", "properties": {"temp": 28.75}, "geometry": {"type": "Point", "coordinates": [3.7349217, 51.0455723]}}, {"type": "Feature", "properties": {"temp": 28.75}, "geometry": {"type": "Point", "coordinates": [3.7348156000000006, 51.0457283]}}, {"type": "Feature", "properties": {"temp": 28.75}, "geometry": {"type": "Point", "coordinates": [3.7346913, 51.0458794]}}, {"type": "Feature", "properties": {"temp": 28.75}, "geometry": {"type": "Point", "coordinates": [3.7346004, 51.04604260000001]}}, {"type": "Feature", "properties": {"temp": 28.75}, "geometry": {"type": "Point", "coordinates": [3.7345087, 51.04619499999998]}}, {"type": "Feature", "properties": {"temp": 28.86}, "geometry": {"type": "Point", "coordinates": [3.734405, 51.0463397]}}, {"type": "Feature", "properties": {"temp": 28.86}, "geometry": {"type": "Point", "coordinates": [3.7343252, 51.046492400000005]}}, {"type": "Feature", "properties": {"temp": 28.76}, "geometry": {"type": "Point", "coordinates": [3.7342891999999996, 51.0466421]}}, {"type": "Feature", "properties": {"temp": 28.86}, "geometry": {"type": "Point", "coordinates": [3.7342390000000005, 51.0468078]}}, {"type": "Feature", "properties": {"temp": 28.76}, "geometry": {"type": "Point", "coordinates": [3.734202099999999, 51.04697929999999]}}, {"type": "Feature", "properties": {"temp": 28.76}, "geometry": {"type": "Point", "coordinates": [3.734185599999999, 51.0471328]}}, {"type": "Feature", "properties": {"temp": 28.76}, "geometry": {"type": "Point", "coordinates": [3.7341460999999994, 51.04726159999999]}}, {"type": "Feature", "properties": {"temp": 28.76}, "geometry": {"type": "Point", "coordinates": [3.7341151000000004, 51.04740369999999]}}, {"type": "Feature", "properties": {"temp": 28.76}, "geometry": {"type": "Point", "coordinates": [3.7340819000000005, 51.04746870000001]}}, {"type": "Feature", "properties": {"temp": 28.77}, "geometry": {"type": "Point", "coordinates": [3.7337139000000006, 51.0474128]}}, {"type": "Feature", "properties": {"temp": 28.87}, "geometry": {"type": "Point", "coordinates": [3.733472199999999, 51.0473254]}}, {"type": "Feature", "properties": {"temp": 28.77}, "geometry": {"type": "Point", "coordinates": [3.7332528, 51.047241799999995]}}, {"type": "Feature", "properties": {"temp": 28.67}, "geometry": {"type": "Point", "coordinates": [3.733067399999999, 51.0471472]}}, {"type": "Feature", "properties": {"temp": 28.67}, "geometry": {"type": "Point", "coordinates": [3.732871099999999, 51.04707359999999]}}, {"type": "Feature", "properties": {"temp": 28.67}, "geometry": {"type": "Point", "coordinates": [3.7327042, 51.04703189999999]}}, {"type": "Feature", "properties": {"temp": 28.67}, "geometry": {"type": "Point", "coordinates": [3.732507, 51.0471268]}}, {"type": "Feature", "properties": {"temp": 28.68}, "geometry": {"type": "Point", "coordinates": [3.7324795, 51.0472664]}}, {"type": "Feature", "properties": {"temp": 28.68}, "geometry": {"type": "Point", "coordinates": [3.732378, 51.0474113]}}, {"type": "Feature", "properties": {"temp": 28.78}, "geometry": {"type": "Point", "coordinates": [3.7322858, 51.0475602]}}, {"type": "Feature", "properties": {"temp": 28.68}, "geometry": {"type": "Point", "coordinates": [3.7321959, 51.04770810000001]}}, {"type": "Feature", "properties": {"temp": 28.68}, "geometry": {"type": "Point", "coordinates": [3.7321266, 51.047870399999994]}}, {"type": "Feature", "properties": {"temp": 28.68}, "geometry": {"type": "Point", "coordinates": [3.7320282999999996, 51.048022799999984]}}, {"type": "Feature", "properties": {"temp": 28.68}, "geometry": {"type": "Point", "coordinates": [3.7319314000000006, 51.0481774]}}, {"type": "Feature", "properties": {"temp": 28.68}, "geometry": {"type": "Point", "coordinates": [3.7318530000000005, 51.048319399999976]}}, {"type": "Feature", "properties": {"temp": 28.78}, "geometry": {"type": "Point", "coordinates": [3.7318045000000004, 51.0484145]}}, {"type": "Feature", "properties": {"temp": 28.78}, "geometry": {"type": "Point", "coordinates": [3.7317888, 51.0484357]}}, {"type": "Feature", "properties": {"temp": 28.79}, "geometry": {"type": "Point", "coordinates": [3.7317503000000003, 51.0484466]}}, {"type": "Feature", "properties": {"temp": 28.69}, "geometry": {"type": "Point", "coordinates": [3.7317354000000003, 51.0484543]}}, {"type": "Feature", "properties": {"temp": 28.69}, "geometry": {"type": "Point", "coordinates": [3.7317330999999996, 51.048469700000005]}}, {"type": "Feature", "properties": {"temp": 28.79}, "geometry": {"type": "Point", "coordinates": [3.7316868999999997, 51.0484949]}}, {"type": "Feature", "properties": {"temp": 28.79}, "geometry": {"type": "Point", "coordinates": [3.7315892, 51.0485006]}}, {"type": "Feature", "properties": {"temp": 28.79}, "geometry": {"type": "Point", "coordinates": [3.7314804, 51.048531700000005]}}, {"type": "Feature", "properties": {"temp": 28.79}, "geometry": {"type": "Point", "coordinates": [3.731411799999999, 51.0485902]}}, {"type": "Feature", "properties": {"temp": 28.79}, "geometry": {"type": "Point", "coordinates": [3.7313799000000003, 51.048657099999986]}}, {"type": "Feature", "properties": {"temp": 28.79}, "geometry": {"type": "Point", "coordinates": [3.7313068, 51.0487614]}}, {"type": "Feature", "properties": {"temp": 28.8}, "geometry": {"type": "Point", "coordinates": [3.7312155, 51.04889740000001]}}, {"type": "Feature", "properties": {"temp": 28.8}, "geometry": {"type": "Point", "coordinates": [3.7311193000000005, 51.049034099999986]}}, {"type": "Feature", "properties": {"temp": 28.8}, "geometry": {"type": "Point", "coordinates": [3.7310172, 51.049170999999994]}}, {"type": "Feature", "properties": {"temp": 28.8}, "geometry": {"type": "Point", "coordinates": [3.7309211, 51.0493083]}}, {"type": "Feature", "properties": {"temp": 28.9}, "geometry": {"type": "Point", "coordinates": [3.7308303000000005, 51.049445199999994]}}, {"type": "Feature", "properties": {"temp": 28.9}, "geometry": {"type": "Point", "coordinates": [3.7307218, 51.04957650000001]}}, {"type": "Feature", "properties": {"temp": 28.8}, "geometry": {"type": "Point", "coordinates": [3.7306207999999987, 51.0497291]}}, {"type": "Feature", "properties": {"temp": 28.8}, "geometry": {"type": "Point", "coordinates": [3.7305139, 51.049863599999995]}}, {"type": "Feature", "properties": {"temp": 28.8}, "geometry": {"type": "Point", "coordinates": [3.7303976000000003, 51.04997689999999]}}, {"type": "Feature", "properties": {"temp": 28.8}, "geometry": {"type": "Point", "coordinates": [3.7302638000000004, 51.0500652]}}, {"type": "Feature", "properties": {"temp": 28.81}, "geometry": {"type": "Point", "coordinates": [3.7300317000000005, 51.0501174]}}, {"type": "Feature", "properties": {"temp": 28.81}, "geometry": {"type": "Point", "coordinates": [3.7297713000000003, 51.0501672]}}, {"type": "Feature", "properties": {"temp": 28.81}, "geometry": {"type": "Point", "coordinates": [3.729521099999999, 51.0502254]}}, {"type": "Feature", "properties": {"temp": 28.81}, "geometry": {"type": "Point", "coordinates": [3.7292764999999997, 51.0502721]}}, {"type": "Feature", "properties": {"temp": 28.81}, "geometry": {"type": "Point", "coordinates": [3.7290434000000006, 51.0503337]}}, {"type": "Feature", "properties": {"temp": 28.81}, "geometry": {"type": "Point", "coordinates": [3.728823, 51.05041099999999]}}, {"type": "Feature", "properties": {"temp": 28.81}, "geometry": {"type": "Point", "coordinates": [3.7285864, 51.05046769999999]}}, {"type": "Feature", "properties": {"temp": 28.81}, "geometry": {"type": "Point", "coordinates": [3.7283433, 51.0505218]}}, {"type": "Feature", "properties": {"temp": 28.81}, "geometry": {"type": "Point", "coordinates": [3.728142899999999, 51.05054669999999]}}, {"type": "Feature", "properties": {"temp": 28.71}, "geometry": {"type": "Point", "coordinates": [3.7279176999999994, 51.050524300000006]}}, {"type": "Feature", "properties": {"temp": 28.72}, "geometry": {"type": "Point", "coordinates": [3.7276854999999998, 51.05054620000001]}}, {"type": "Feature", "properties": {"temp": 28.72}, "geometry": {"type": "Point", "coordinates": [3.7273641000000004, 51.0505568]}}, {"type": "Feature", "properties": {"temp": 28.72}, "geometry": {"type": "Point", "coordinates": [3.7271234, 51.05057909999999]}}, {"type": "Feature", "properties": {"temp": 28.72}, "geometry": {"type": "Point", "coordinates": [3.7268856, 51.0505945]}}, {"type": "Feature", "properties": {"temp": 28.62}, "geometry": {"type": "Point", "coordinates": [3.7266671999999996, 51.0506032]}}, {"type": "Feature", "properties": {"temp": 28.62}, "geometry": {"type": "Point", "coordinates": [3.7264572000000005, 51.050613000000006]}}, {"type": "Feature", "properties": {"temp": 28.62}, "geometry": {"type": "Point", "coordinates": [3.7263086999999993, 51.0505962]}}, {"type": "Feature", "properties": {"temp": 28.62}, "geometry": {"type": "Point", "coordinates": [3.7262574000000006, 51.0504977]}}, {"type": "Feature", "properties": {"temp": 28.63}, "geometry": {"type": "Point", "coordinates": [3.7263031000000004, 51.05037219999999]}}, {"type": "Feature", "properties": {"temp": 28.63}, "geometry": {"type": "Point", "coordinates": [3.7263536000000004, 51.0502176]}}, {"type": "Feature", "properties": {"temp": 28.63}, "geometry": {"type": "Point", "coordinates": [3.7264222000000005, 51.050058899999996]}}, {"type": "Feature", "properties": {"temp": 28.63}, "geometry": {"type": "Point", "coordinates": [3.7265139, 51.0499017]}}, {"type": "Feature", "properties": {"temp": 28.63}, "geometry": {"type": "Point", "coordinates": [3.726563, 51.04975739999999]}}, {"type": "Feature", "properties": {"temp": 28.63}, "geometry": {"type": "Point", "coordinates": [3.7266304000000003, 51.04960059999999]}}, {"type": "Feature", "properties": {"temp": 28.63}, "geometry": {"type": "Point", "coordinates": [3.7266825000000003, 51.0494459]}}, {"type": "Feature", "properties": {"temp": 28.63}, "geometry": {"type": "Point", "coordinates": [3.7267661999999993, 51.049306099999995]}}, {"type": "Feature", "properties": {"temp": 28.63}, "geometry": {"type": "Point", "coordinates": [3.72684, 51.0491362]}}, {"type": "Feature", "properties": {"temp": 28.63}, "geometry": {"type": "Point", "coordinates": [3.7269641000000004, 51.048988]}}, {"type": "Feature", "properties": {"temp": 28.63}, "geometry": {"type": "Point", "coordinates": [3.7270321, 51.048823000000006]}}, {"type": "Feature", "properties": {"temp": 28.64}, "geometry": {"type": "Point", "coordinates": [3.727087099999999, 51.0486623]}}, {"type": "Feature", "properties": {"temp": 28.54}, "geometry": {"type": "Point", "coordinates": [3.7271083, 51.0485074]}}, {"type": "Feature", "properties": {"temp": 28.54}, "geometry": {"type": "Point", "coordinates": [3.7271428000000006, 51.0483588]}}, {"type": "Feature", "properties": {"temp": 28.54}, "geometry": {"type": "Point", "coordinates": [3.7272119, 51.04819560000001]}}, {"type": "Feature", "properties": {"temp": 28.54}, "geometry": {"type": "Point", "coordinates": [3.7272123, 51.048070700000004]}}, {"type": "Feature", "properties": {"temp": 28.54}, "geometry": {"type": "Point", "coordinates": [3.7271942000000005, 51.04794640000001]}}, {"type": "Feature", "properties": {"temp": 28.54}, "geometry": {"type": "Point", "coordinates": [3.7271787, 51.04781040000001]}}, {"type": "Feature", "properties": {"temp": 28.54}, "geometry": {"type": "Point", "coordinates": [3.7271874999999994, 51.0476613]}}, {"type": "Feature", "properties": {"temp": 28.54}, "geometry": {"type": "Point", "coordinates": [3.7271833, 51.04751019999999]}}, {"type": "Feature", "properties": {"temp": 28.55}, "geometry": {"type": "Point", "coordinates": [3.7271559000000005, 51.047361300000006]}}, {"type": "Feature", "properties": {"temp": 28.55}, "geometry": {"type": "Point", "coordinates": [3.7271308, 51.0472166]}}, {"type": "Feature", "properties": {"temp": 28.55}, "geometry": {"type": "Point", "coordinates": [3.7271054999999995, 51.0470625]}}, {"type": "Feature", "properties": {"temp": 28.55}, "geometry": {"type": "Point", "coordinates": [3.7270803, 51.0469024]}}, {"type": "Feature", "properties": {"temp": 28.55}, "geometry": {"type": "Point", "coordinates": [3.7270444, 51.04674869999999]}}, {"type": "Feature", "properties": {"temp": 28.55}, "geometry": {"type": "Point", "coordinates": [3.7270178, 51.04658969999999]}}, {"type": "Feature", "properties": {"temp": 28.55}, "geometry": {"type": "Point", "coordinates": [3.7270276, 51.0464196]}}, {"type": "Feature", "properties": {"temp": 28.55}, "geometry": {"type": "Point", "coordinates": [3.7270071999999996, 51.046247599999994]}}, {"type": "Feature", "properties": {"temp": 28.55}, "geometry": {"type": "Point", "coordinates": [3.726883499999999, 51.046136100000005]}}, {"type": "Feature", "properties": {"temp": 28.66}, "geometry": {"type": "Point", "coordinates": [3.7268409, 51.04599569999999]}}, {"type": "Feature", "properties": {"temp": 28.66}, "geometry": {"type": "Point", "coordinates": [3.7267997999999998, 51.04584129999999]}}, {"type": "Feature", "properties": {"temp": 28.66}, "geometry": {"type": "Point", "coordinates": [3.7267421000000005, 51.04568710000001]}}, {"type": "Feature", "properties": {"temp": 28.66}, "geometry": {"type": "Point", "coordinates": [3.7266982, 51.04553309999999]}}, {"type": "Feature", "properties": {"temp": 28.66}, "geometry": {"type": "Point", "coordinates": [3.7266582999999995, 51.0453723]}}, {"type": "Feature", "properties": {"temp": 28.66}, "geometry": {"type": "Point", "coordinates": [3.7266425999999995, 51.0452155]}}, {"type": "Feature", "properties": {"temp": 28.66}, "geometry": {"type": "Point", "coordinates": [3.7266044, 51.045054]}}, {"type": "Feature", "properties": {"temp": 28.66}, "geometry": {"type": "Point", "coordinates": [3.7265603999999994, 51.04489399999999]}}, {"type": "Feature", "properties": {"temp": 28.66}, "geometry": {"type": "Point", "coordinates": [3.7265346999999998, 51.04472189999999]}}, {"type": "Feature", "properties": {"temp": 28.66}, "geometry": {"type": "Point", "coordinates": [3.726507799999999, 51.0445489]}}, {"type": "Feature", "properties": {"temp": 28.67}, "geometry": {"type": "Point", "coordinates": [3.7264759, 51.04438040000001]}}, {"type": "Feature", "properties": {"temp": 28.67}, "geometry": {"type": "Point", "coordinates": [3.7264216000000006, 51.044222099999985]}}, {"type": "Feature", "properties": {"temp": 28.67}, "geometry": {"type": "Point", "coordinates": [3.7263637999999997, 51.0440708]}}, {"type": "Feature", "properties": {"temp": 28.67}, "geometry": {"type": "Point", "coordinates": [3.7262561000000005, 51.0439499]}}, {"type": "Feature", "properties": {"temp": 28.67}, "geometry": {"type": "Point", "coordinates": [3.726195199999999, 51.043837399999994]}}, {"type": "Feature", "properties": {"temp": 28.57}, "geometry": {"type": "Point", "coordinates": [3.7261419, 51.0436572]}}, {"type": "Feature", "properties": {"temp": 28.67}, "geometry": {"type": "Point", "coordinates": [3.7260979, 51.0434475]}}, {"type": "Feature", "properties": {"temp": 28.67}, "geometry": {"type": "Point", "coordinates": [3.7261834000000005, 51.04332279999999]}}, {"type": "Feature", "properties": {"temp": 28.67}, "geometry": {"type": "Point", "coordinates": [3.7262105, 51.0431805]}}, {"type": "Feature", "properties": {"temp": 28.68}, "geometry": {"type": "Point", "coordinates": [3.7262483000000004, 51.04303]}}, {"type": "Feature", "properties": {"temp": 28.68}, "geometry": {"type": "Point", "coordinates": [3.726263499999999, 51.0428919]}}, {"type": "Feature", "properties": {"temp": 28.68}, "geometry": {"type": "Point", "coordinates": [3.7262836000000004, 51.042743400000006]}}, {"type": "Feature", "properties": {"temp": 28.68}, "geometry": {"type": "Point", "coordinates": [3.7262947000000004, 51.0425795]}}, {"type": "Feature", "properties": {"temp": 28.68}, "geometry": {"type": "Point", "coordinates": [3.7262910999999987, 51.04242219999999]}}, {"type": "Feature", "properties": {"temp": 28.68}, "geometry": {"type": "Point", "coordinates": [3.7262735000000005, 51.0422664]}}, {"type": "Feature", "properties": {"temp": 28.68}, "geometry": {"type": "Point", "coordinates": [3.7261944000000002, 51.04211699999999]}}, {"type": "Feature", "properties": {"temp": 28.58}, "geometry": {"type": "Point", "coordinates": [3.7260473999999992, 51.041996]}}, {"type": "Feature", "properties": {"temp": 28.58}, "geometry": {"type": "Point", "coordinates": [3.7258765999999994, 51.0419049]}}, {"type": "Feature", "properties": {"temp": 28.59}, "geometry": {"type": "Point", "coordinates": [3.7257110999999994, 51.04182199999999]}}, {"type": "Feature", "properties": {"temp": 28.59}, "geometry": {"type": "Point", "coordinates": [3.72558, 51.04176739999999]}}, {"type": "Feature", "properties": {"temp": 28.59}, "geometry": {"type": "Point", "coordinates": [3.725470299999999, 51.04166989999999]}}, {"type": "Feature", "properties": {"temp": 28.59}, "geometry": {"type": "Point", "coordinates": [3.7253453, 51.041545600000006]}}, {"type": "Feature", "properties": {"temp": 28.59}, "geometry": {"type": "Point", "coordinates": [3.725190099999999, 51.0414603]}}, {"type": "Feature", "properties": {"temp": 28.59}, "geometry": {"type": "Point", "coordinates": [3.7251277999999997, 51.0413325]}}, {"type": "Feature", "properties": {"temp": 28.59}, "geometry": {"type": "Point", "coordinates": [3.7249977, 51.041240699999996]}}, {"type": "Feature", "properties": {"temp": 28.59}, "geometry": {"type": "Point", "coordinates": [3.7248549000000004, 51.0411255]}}, {"type": "Feature", "properties": {"temp": 28.59}, "geometry": {"type": "Point", "coordinates": [3.7247080000000006, 51.041000800000006]}}, {"type": "Feature", "properties": {"temp": 28.59}, "geometry": {"type": "Point", "coordinates": [3.7245360999999995, 51.0409052]}}, {"type": "Feature", "properties": {"temp": 28.6}, "geometry": {"type": "Point", "coordinates": [3.7244104, 51.040805399999996]}}, {"type": "Feature", "properties": {"temp": 28.6}, "geometry": {"type": "Point", "coordinates": [3.7242703, 51.0406758]}}, {"type": "Feature", "properties": {"temp": 28.5}, "geometry": {"type": "Point", "coordinates": [3.7241312, 51.04058020000001]}}, {"type": "Feature", "properties": {"temp": 28.5}, "geometry": {"type": "Point", "coordinates": [3.7239659000000005, 51.04049189999999]}}, {"type": "Feature", "properties": {"temp": 28.6}, "geometry": {"type": "Point", "coordinates": [3.7237937, 51.04036510000001]}}, {"type": "Feature", "properties": {"temp": 28.5}, "geometry": {"type": "Point", "coordinates": [3.7236549, 51.040242500000005]}}, {"type": "Feature", "properties": {"temp": 28.5}, "geometry": {"type": "Point", "coordinates": [3.7235093, 51.04012329999999]}}, {"type": "Feature", "properties": {"temp": 28.6}, "geometry": {"type": "Point", "coordinates": [3.7234013, 51.0400273]}}, {"type": "Feature", "properties": {"temp": 28.5}, "geometry": {"type": "Point", "coordinates": [3.7234175, 51.0400037]}}, {"type": "Feature", "properties": {"temp": 28.61}, "geometry": {"type": "Point", "coordinates": [3.7233237000000003, 51.0399697]}}, {"type": "Feature", "properties": {"temp": 28.61}, "geometry": {"type": "Point", "coordinates": [3.7233242, 51.03996099999998]}}, {"type": "Feature", "properties": {"temp": 28.51}, "geometry": {"type": "Point", "coordinates": [3.723308299999999, 51.0399641]}}, {"type": "Feature", "properties": {"temp": 28.61}, "geometry": {"type": "Point", "coordinates": [3.7233109000000004, 51.0399663]}}, {"type": "Feature", "properties": {"temp": 28.61}, "geometry": {"type": "Point", "coordinates": [3.7233088000000003, 51.0399648]}}, {"type": "Feature", "properties": {"temp": 28.61}, "geometry": {"type": "Point", "coordinates": [3.7233088000000003, 51.0399641]}}, {"type": "Feature", "properties": {"temp": 28.61}, "geometry": {"type": "Point", "coordinates": [3.7233085000000004, 51.0399634]}}, {"type": "Feature", "properties": {"temp": 28.61}, "geometry": {"type": "Point", "coordinates": [3.7233077999999993, 51.03996259999999]}}, {"type": "Feature", "properties": {"temp": 28.51}, "geometry": {"type": "Point", "coordinates": [3.723308299999999, 51.0399631]}}, {"type": "Feature", "properties": {"temp": 28.51}, "geometry": {"type": "Point", "coordinates": [3.7233085999999997, 51.0399627]}}, {"type": "Feature", "properties": {"temp": 28.62}, "geometry": {"type": "Point", "coordinates": [3.723309599999999, 51.03996240000001]}}, {"type": "Feature", "properties": {"temp": 28.52}, "geometry": {"type": "Point", "coordinates": [3.7233095, 51.039961899999994]}}, {"type": "Feature", "properties": {"temp": 28.62}, "geometry": {"type": "Point", "coordinates": [3.7233100000000006, 51.0399622]}}, {"type": "Feature", "properties": {"temp": 28.52}, "geometry": {"type": "Point", "coordinates": [3.7233105, 51.0399612]}}, {"type": "Feature", "properties": {"temp": 28.52}, "geometry": {"type": "Point", "coordinates": [3.7233048999999996, 51.03995270000001]}}, {"type": "Feature", "properties": {"temp": 28.52}, "geometry": {"type": "Point", "coordinates": [3.723227, 51.0398953]}}, {"type": "Feature", "properties": {"temp": 28.52}, "geometry": {"type": "Point", "coordinates": [3.723130099999999, 51.03982330000001]}}, {"type": "Feature", "properties": {"temp": 28.52}, "geometry": {"type": "Point", "coordinates": [3.7229907000000004, 51.0397324]}}, {"type": "Feature", "properties": {"temp": 28.52}, "geometry": {"type": "Point", "coordinates": [3.722810499999999, 51.0396516]}}, {"type": "Feature", "properties": {"temp": 28.52}, "geometry": {"type": "Point", "coordinates": [3.7225969, 51.039565599999996]}}, {"type": "Feature", "properties": {"temp": 28.43}, "geometry": {"type": "Point", "coordinates": [3.7223400999999994, 51.039502799999994]}}, {"type": "Feature", "properties": {"temp": 28.33}, "geometry": {"type": "Point", "coordinates": [3.7220854999999995, 51.039525999999995]}}, {"type": "Feature", "properties": {"temp": 28.43}, "geometry": {"type": "Point", "coordinates": [3.7218575999999994, 51.03958750000001]}}, {"type": "Feature", "properties": {"temp": 28.33}, "geometry": {"type": "Point", "coordinates": [3.7215986, 51.03963460000001]}}, {"type": "Feature", "properties": {"temp": 28.33}, "geometry": {"type": "Point", "coordinates": [3.7213518999999997, 51.039659]}}, {"type": "Feature", "properties": {"temp": 28.23}, "geometry": {"type": "Point", "coordinates": [3.7211090000000007, 51.0396921]}}, {"type": "Feature", "properties": {"temp": 28.23}, "geometry": {"type": "Point", "coordinates": [3.7208657000000005, 51.039677700000006]}}, {"type": "Feature", "properties": {"temp": 28.13}, "geometry": {"type": "Point", "coordinates": [3.7206298999999996, 51.0396097]}}, {"type": "Feature", "properties": {"temp": 28.13}, "geometry": {"type": "Point", "coordinates": [3.7204047, 51.03952629999999]}}, {"type": "Feature", "properties": {"temp": 28.14}, "geometry": {"type": "Point", "coordinates": [3.7202149000000007, 51.0394473]}}, {"type": "Feature", "properties": {"temp": 28.14}, "geometry": {"type": "Point", "coordinates": [3.7197369, 51.0393029]}}, {"type": "Feature", "properties": {"temp": 28.04}, "geometry": {"type": "Point", "coordinates": [3.7195142, 51.0392096]}}, {"type": "Feature", "properties": {"temp": 28.04}, "geometry": {"type": "Point", "coordinates": [3.7193324000000003, 51.0391166]}}, {"type": "Feature", "properties": {"temp": 28.04}, "geometry": {"type": "Point", "coordinates": [3.7192438, 51.039062200000004]}}, {"type": "Feature", "properties": {"temp": 27.84}, "geometry": {"type": "Point", "coordinates": [3.7189612, 51.0389049]}}, {"type": "Feature", "properties": {"temp": 28.04}, "geometry": {"type": "Point", "coordinates": [3.7188014, 51.03879479999999]}}, {"type": "Feature", "properties": {"temp": 28.04}, "geometry": {"type": "Point", "coordinates": [3.7187004, 51.03865570000001]}}, {"type": "Feature", "properties": {"temp": 28.05}, "geometry": {"type": "Point", "coordinates": [3.7186449000000006, 51.038501999999994]}}, {"type": "Feature", "properties": {"temp": 28.05}, "geometry": {"type": "Point", "coordinates": [3.7186179000000004, 51.0383645]}}, {"type": "Feature", "properties": {"temp": 28.05}, "geometry": {"type": "Point", "coordinates": [3.7186073999999993, 51.0382257]}}, {"type": "Feature", "properties": {"temp": 28.05}, "geometry": {"type": "Point", "coordinates": [3.718608299999999, 51.0380764]}}, {"type": "Feature", "properties": {"temp": 28.15}, "geometry": {"type": "Point", "coordinates": [3.7185765999999996, 51.0379228]}}, {"type": "Feature", "properties": {"temp": 28.15}, "geometry": {"type": "Point", "coordinates": [3.7185152, 51.03777329999999]}}, {"type": "Feature", "properties": {"temp": 28.15}, "geometry": {"type": "Point", "coordinates": [3.7184088000000006, 51.03764429999999]}}, {"type": "Feature", "properties": {"temp": 28.15}, "geometry": {"type": "Point", "coordinates": [3.7182453, 51.0375454]}}, {"type": "Feature", "properties": {"temp": 28.05}, "geometry": {"type": "Point", "coordinates": [3.7180510999999994, 51.03746280000001]}}, {"type": "Feature", "properties": {"temp": 28.05}, "geometry": {"type": "Point", "coordinates": [3.7178416, 51.0373906]}}, {"type": "Feature", "properties": {"temp": 28.06}, "geometry": {"type": "Point", "coordinates": [3.7178416, 51.0373906]}}, {"type": "Feature", "properties": {"temp": 28.06}, "geometry": {"type": "Point", "coordinates": [3.7174066999999997, 51.03726650000001]}}, {"type": "Feature", "properties": {"temp": 28.06}, "geometry": {"type": "Point", "coordinates": [3.7172145999999997, 51.0371613]}}, {"type": "Feature", "properties": {"temp": 28.06}, "geometry": {"type": "Point", "coordinates": [3.7170296, 51.03703589999999]}}, {"type": "Feature", "properties": {"temp": 28.06}, "geometry": {"type": "Point", "coordinates": [3.7169419, 51.036887099999994]}}, {"type": "Feature", "properties": {"temp": 28.06}, "geometry": {"type": "Point", "coordinates": [3.716856999999999, 51.0367313]}}, {"type": "Feature", "properties": {"temp": 28.06}, "geometry": {"type": "Point", "coordinates": [3.7167257000000005, 51.0366311]}}, {"type": "Feature", "properties": {"temp": 28.06}, "geometry": {"type": "Point", "coordinates": [3.71659, 51.0365716]}}, {"type": "Feature", "properties": {"temp": 28.16}, "geometry": {"type": "Point", "coordinates": [3.7164235, 51.03653839999998]}}, {"type": "Feature", "properties": {"temp": 28.16}, "geometry": {"type": "Point", "coordinates": [3.716273999999999, 51.036588]}}, {"type": "Feature", "properties": {"temp": 28.17}, "geometry": {"type": "Point", "coordinates": [3.7162331, 51.03672660000001]}}, {"type": "Feature", "properties": {"temp": 28.17}, "geometry": {"type": "Point", "coordinates": [3.7161542000000005, 51.0368611]}}, {"type": "Feature", "properties": {"temp": 28.27}, "geometry": {"type": "Point", "coordinates": [3.7160522, 51.036997400000004]}}, {"type": "Feature", "properties": {"temp": 28.37}, "geometry": {"type": "Point", "coordinates": [3.715932, 51.0371265]}}, {"type": "Feature", "properties": {"temp": 28.37}, "geometry": {"type": "Point", "coordinates": [3.7157829000000007, 51.0372439]}}, {"type": "Feature", "properties": {"temp": 28.37}, "geometry": {"type": "Point", "coordinates": [3.7156242, 51.0373426]}}, {"type": "Feature", "properties": {"temp": 28.37}, "geometry": {"type": "Point", "coordinates": [3.7154900999999994, 51.0374378]}}, {"type": "Feature", "properties": {"temp": 28.37}, "geometry": {"type": "Point", "coordinates": [3.7154156, 51.0375521]}}, {"type": "Feature", "properties": {"temp": 28.47}, "geometry": {"type": "Point", "coordinates": [3.7153739, 51.0377023]}}, {"type": "Feature", "properties": {"temp": 28.48}, "geometry": {"type": "Point", "coordinates": [3.7153767, 51.0378176]}}, {"type": "Feature", "properties": {"temp": 28.48}, "geometry": {"type": "Point", "coordinates": [3.7153129, 51.0379047]}}, {"type": "Feature", "properties": {"temp": 28.48}, "geometry": {"type": "Point", "coordinates": [3.7151555, 51.037955]}}, {"type": "Feature", "properties": {"temp": 28.48}, "geometry": {"type": "Point", "coordinates": [3.7149511999999993, 51.03800919999998]}}, {"type": "Feature", "properties": {"temp": 28.48}, "geometry": {"type": "Point", "coordinates": [3.7147728, 51.03809900000001]}}, {"type": "Feature", "properties": {"temp": 28.38}, "geometry": {"type": "Point", "coordinates": [3.7145208, 51.0381522]}}, {"type": "Feature", "properties": {"temp": 28.38}, "geometry": {"type": "Point", "coordinates": [3.7142989, 51.03824959999999]}}, {"type": "Feature", "properties": {"temp": 28.38}, "geometry": {"type": "Point", "coordinates": [3.714136299999999, 51.0383716]}}, {"type": "Feature", "properties": {"temp": 28.38}, "geometry": {"type": "Point", "coordinates": [3.7139967, 51.0384889]}}, {"type": "Feature", "properties": {"temp": 28.39}, "geometry": {"type": "Point", "coordinates": [3.7138310000000003, 51.0385796]}}, {"type": "Feature", "properties": {"temp": 28.39}, "geometry": {"type": "Point", "coordinates": [3.713658, 51.0386807]}}, {"type": "Feature", "properties": {"temp": 28.39}, "geometry": {"type": "Point", "coordinates": [3.7134989, 51.038770699999986]}}, {"type": "Feature", "properties": {"temp": 28.39}, "geometry": {"type": "Point", "coordinates": [3.7133860999999997, 51.038847600000004]}}, {"type": "Feature", "properties": {"temp": 28.39}, "geometry": {"type": "Point", "coordinates": [3.7132635, 51.0388655]}}, {"type": "Feature", "properties": {"temp": 28.39}, "geometry": {"type": "Point", "coordinates": [3.7132144, 51.0388037]}}, {"type": "Feature", "properties": {"temp": 28.39}, "geometry": {"type": "Point", "coordinates": [3.713228, 51.03869650000001]}}, {"type": "Feature", "properties": {"temp": 28.49}, "geometry": {"type": "Point", "coordinates": [3.7128106, 51.0384448]}}, {"type": "Feature", "properties": {"temp": 28.49}, "geometry": {"type": "Point", "coordinates": [3.7126320999999995, 51.0383167]}}, {"type": "Feature", "properties": {"temp": 28.5}, "geometry": {"type": "Point", "coordinates": [3.712491899999999, 51.038183999999994]}}, {"type": "Feature", "properties": {"temp": 28.5}, "geometry": {"type": "Point", "coordinates": [3.7123094999999995, 51.0380718]}}, {"type": "Feature", "properties": {"temp": 28.5}, "geometry": {"type": "Point", "coordinates": [3.7121370999999996, 51.037965199999995]}}, {"type": "Feature", "properties": {"temp": 28.5}, "geometry": {"type": "Point", "coordinates": [3.7119909, 51.03785990000001]}}, {"type": "Feature", "properties": {"temp": 28.5}, "geometry": {"type": "Point", "coordinates": [3.7118255, 51.03777699999999]}}, {"type": "Feature", "properties": {"temp": 28.5}, "geometry": {"type": "Point", "coordinates": [3.7116598999999995, 51.037701199999994]}}, {"type": "Feature", "properties": {"temp": 28.5}, "geometry": {"type": "Point", "coordinates": [3.7115009999999997, 51.0376136]}}, {"type": "Feature", "properties": {"temp": 28.5}, "geometry": {"type": "Point", "coordinates": [3.7114806000000002, 51.03757190000001]}}, {"type": "Feature", "properties": {"temp": 28.5}, "geometry": {"type": "Point", "coordinates": [3.7113678, 51.0375364]}}, {"type": "Feature", "properties": {"temp": 28.5}, "geometry": {"type": "Point", "coordinates": [3.711312, 51.03750829999999]}}, {"type": "Feature", "properties": {"temp": 28.51}, "geometry": {"type": "Point", "coordinates": [3.7111801999999994, 51.03741790000001]}}, {"type": "Feature", "properties": {"temp": 28.51}, "geometry": {"type": "Point", "coordinates": [3.7108814999999993, 51.0373175]}}, {"type": "Feature", "properties": {"temp": 28.61}, "geometry": {"type": "Point", "coordinates": [3.7106588, 51.0372909]}}, {"type": "Feature", "properties": {"temp": 28.61}, "geometry": {"type": "Point", "coordinates": [3.710421599999999, 51.0372364]}}, {"type": "Feature", "properties": {"temp": 28.71}, "geometry": {"type": "Point", "coordinates": [3.7102253999999992, 51.03716949999998]}}, {"type": "Feature", "properties": {"temp": 28.71}, "geometry": {"type": "Point", "coordinates": [3.7100116, 51.03708999999999]}}, {"type": "Feature", "properties": {"temp": 28.71}, "geometry": {"type": "Point", "coordinates": [3.7098274999999994, 51.03705910000001]}}, {"type": "Feature", "properties": {"temp": 28.71}, "geometry": {"type": "Point", "coordinates": [3.7096649999999993, 51.037051399999996]}}, {"type": "Feature", "properties": {"temp": 28.62}, "geometry": {"type": "Point", "coordinates": [3.709300099999999, 51.0371448]}}, {"type": "Feature", "properties": {"temp": 28.52}, "geometry": {"type": "Point", "coordinates": [3.7090253000000004, 51.0372433]}}, {"type": "Feature", "properties": {"temp": 28.52}, "geometry": {"type": "Point", "coordinates": [3.7088234999999994, 51.03730850000001]}}, {"type": "Feature", "properties": {"temp": 28.52}, "geometry": {"type": "Point", "coordinates": [3.7086078000000002, 51.0373376]}}, {"type": "Feature", "properties": {"temp": 28.42}, "geometry": {"type": "Point", "coordinates": [3.7083729, 51.0373622]}}, {"type": "Feature", "properties": {"temp": 28.42}, "geometry": {"type": "Point", "coordinates": [3.7082087000000006, 51.0374265]}}, {"type": "Feature", "properties": {"temp": 28.42}, "geometry": {"type": "Point", "coordinates": [3.7077295999999995, 51.0375274]}}, {"type": "Feature", "properties": {"temp": 28.32}, "geometry": {"type": "Point", "coordinates": [3.707494899999999, 51.0375725]}}, {"type": "Feature", "properties": {"temp": 28.33}, "geometry": {"type": "Point", "coordinates": [3.7072819999999997, 51.0376093]}}, {"type": "Feature", "properties": {"temp": 28.33}, "geometry": {"type": "Point", "coordinates": [3.7070663000000006, 51.0376376]}}, {"type": "Feature", "properties": {"temp": 28.33}, "geometry": {"type": "Point", "coordinates": [3.7069039, 51.03766999999999]}}, {"type": "Feature", "properties": {"temp": 28.33}, "geometry": {"type": "Point", "coordinates": [3.7068693999999995, 51.0377175]}}, {"type": "Feature", "properties": {"temp": 28.33}, "geometry": {"type": "Point", "coordinates": [3.7069335999999993, 51.0377549]}}, {"type": "Feature", "properties": {"temp": 28.33}, "geometry": {"type": "Point", "coordinates": [3.7069072999999992, 51.0378659]}}, {"type": "Feature", "properties": {"temp": 28.33}, "geometry": {"type": "Point", "coordinates": [3.706911399999999, 51.03800510000001]}}, {"type": "Feature", "properties": {"temp": 28.23}, "geometry": {"type": "Point", "coordinates": [3.7068314000000004, 51.0382492]}}, {"type": "Feature", "properties": {"temp": 28.24}, "geometry": {"type": "Point", "coordinates": [3.7068315999999992, 51.0383771]}}, {"type": "Feature", "properties": {"temp": 28.24}, "geometry": {"type": "Point", "coordinates": [3.7068562000000003, 51.0384943]}}, {"type": "Feature", "properties": {"temp": 28.34}, "geometry": {"type": "Point", "coordinates": [3.7067588, 51.038576400000004]}}, {"type": "Feature", "properties": {"temp": 28.24}, "geometry": {"type": "Point", "coordinates": [3.7065761000000004, 51.0386483]}}, {"type": "Feature", "properties": {"temp": 28.24}, "geometry": {"type": "Point", "coordinates": [3.7063792, 51.038735599999995]}}, {"type": "Feature", "properties": {"temp": 28.24}, "geometry": {"type": "Point", "coordinates": [3.7061784, 51.0387881]}}, {"type": "Feature", "properties": {"temp": 28.24}, "geometry": {"type": "Point", "coordinates": [3.7060821, 51.0388447]}}, {"type": "Feature", "properties": {"temp": 28.24}, "geometry": {"type": "Point", "coordinates": [3.706074299999999, 51.03897439999999]}}, {"type": "Feature", "properties": {"temp": 28.24}, "geometry": {"type": "Point", "coordinates": [3.7060517000000006, 51.039110400000006]}}, {"type": "Feature", "properties": {"temp": 28.24}, "geometry": {"type": "Point", "coordinates": [3.7060230999999995, 51.0392671]}}, {"type": "Feature", "properties": {"temp": 28.25}, "geometry": {"type": "Point", "coordinates": [3.7059904, 51.03942469999999]}}, {"type": "Feature", "properties": {"temp": 28.25}, "geometry": {"type": "Point", "coordinates": [3.7059234999999995, 51.039581299999995]}}, {"type": "Feature", "properties": {"temp": 28.25}, "geometry": {"type": "Point", "coordinates": [3.7058050000000002, 51.0397374]}}, {"type": "Feature", "properties": {"temp": 28.25}, "geometry": {"type": "Point", "coordinates": [3.7056917000000005, 51.0398812]}}, {"type": "Feature", "properties": {"temp": 28.25}, "geometry": {"type": "Point", "coordinates": [3.7055663000000005, 51.040026]}}, {"type": "Feature", "properties": {"temp": 28.25}, "geometry": {"type": "Point", "coordinates": [3.7054417, 51.0401746]}}, {"type": "Feature", "properties": {"temp": 28.35}, "geometry": {"type": "Point", "coordinates": [3.7053142, 51.0403178]}}, {"type": "Feature", "properties": {"temp": 28.25}, "geometry": {"type": "Point", "coordinates": [3.7051829, 51.0404553]}}, {"type": "Feature", "properties": {"temp": 28.25}, "geometry": {"type": "Point", "coordinates": [3.7050354000000003, 51.040587499999994]}}, {"type": "Feature", "properties": {"temp": 28.26}, "geometry": {"type": "Point", "coordinates": [3.704853, 51.0406936]}}, {"type": "Feature", "properties": {"temp": 28.26}, "geometry": {"type": "Point", "coordinates": [3.7045100000000004, 51.04088709999998]}}, {"type": "Feature", "properties": {"temp": 28.36}, "geometry": {"type": "Point", "coordinates": [3.7045100000000004, 51.04088709999998]}}, {"type": "Feature", "properties": {"temp": 28.36}, "geometry": {"type": "Point", "coordinates": [3.7041291000000003, 51.0410794]}}, {"type": "Feature", "properties": {"temp": 28.26}, "geometry": {"type": "Point", "coordinates": [3.7039252, 51.04118880000001]}}, {"type": "Feature", "properties": {"temp": 28.26}, "geometry": {"type": "Point", "coordinates": [3.7037274, 51.0412961]}}, {"type": "Feature", "properties": {"temp": 28.26}, "geometry": {"type": "Point", "coordinates": [3.7035336, 51.04140120000001]}}, {"type": "Feature", "properties": {"temp": 28.26}, "geometry": {"type": "Point", "coordinates": [3.7033315, 51.041507599999996]}}, {"type": "Feature", "properties": {"temp": 28.26}, "geometry": {"type": "Point", "coordinates": [3.7031331000000005, 51.041615099999994]}}, {"type": "Feature", "properties": {"temp": 28.27}, "geometry": {"type": "Point", "coordinates": [3.7029213, 51.0417233]}}, {"type": "Feature", "properties": {"temp": 28.37}, "geometry": {"type": "Point", "coordinates": [3.7027263, 51.041830299999994]}}, {"type": "Feature", "properties": {"temp": 28.27}, "geometry": {"type": "Point", "coordinates": [3.7025273999999997, 51.0419406]}}, {"type": "Feature", "properties": {"temp": 28.27}, "geometry": {"type": "Point", "coordinates": [3.702328299999999, 51.04205689999999]}}, {"type": "Feature", "properties": {"temp": 28.27}, "geometry": {"type": "Point", "coordinates": [3.7021598, 51.0421863]}}, {"type": "Feature", "properties": {"temp": 28.27}, "geometry": {"type": "Point", "coordinates": [3.7020384, 51.0423335]}}, {"type": "Feature", "properties": {"temp": 28.27}, "geometry": {"type": "Point", "coordinates": [3.7019536999999993, 51.0424931]}}, {"type": "Feature", "properties": {"temp": 28.17}, "geometry": {"type": "Point", "coordinates": [3.7019205999999993, 51.042659699999994]}}, {"type": "Feature", "properties": {"temp": 28.17}, "geometry": {"type": "Point", "coordinates": [3.7019499000000002, 51.042828599999986]}}, {"type": "Feature", "properties": {"temp": 28.17}, "geometry": {"type": "Point", "coordinates": [3.7020183999999996, 51.0429807]}}, {"type": "Feature", "properties": {"temp": 28.08}, "geometry": {"type": "Point", "coordinates": [3.7020951000000006, 51.0431129]}}, {"type": "Feature", "properties": {"temp": 28.08}, "geometry": {"type": "Point", "coordinates": [3.7021467, 51.0432235]}}, {"type": "Feature", "properties": {"temp": 28.08}, "geometry": {"type": "Point", "coordinates": [3.7021802, 51.043294199999984]}}, {"type": "Feature", "properties": {"temp": 28.08}, "geometry": {"type": "Point", "coordinates": [3.7022115000000007, 51.04335629999999]}}, {"type": "Feature", "properties": {"temp": 28.08}, "geometry": {"type": "Point", "coordinates": [3.7022409999999994, 51.0434053]}}, {"type": "Feature", "properties": {"temp": 28.08}, "geometry": {"type": "Point", "coordinates": [3.7022366000000004, 51.0435108]}}, {"type": "Feature", "properties": {"temp": 28.08}, "geometry": {"type": "Point", "coordinates": [3.7023401, 51.0436519]}}, {"type": "Feature", "properties": {"temp": 28.08}, "geometry": {"type": "Point", "coordinates": [3.7024777, 51.0438113]}}, {"type": "Feature", "properties": {"temp": 28.08}, "geometry": {"type": "Point", "coordinates": [3.7025351, 51.0439419]}}, {"type": "Feature", "properties": {"temp": 28.08}, "geometry": {"type": "Point", "coordinates": [3.7025782, 51.0440621]}}, {"type": "Feature", "properties": {"temp": 28.09}, "geometry": {"type": "Point", "coordinates": [3.7026227999999994, 51.0441732]}}, {"type": "Feature", "properties": {"temp": 28.09}, "geometry": {"type": "Point", "coordinates": [3.7026216, 51.0443104]}}, {"type": "Feature", "properties": {"temp": 28.09}, "geometry": {"type": "Point", "coordinates": [3.7025671, 51.04439659999999]}}, {"type": "Feature", "properties": {"temp": 28.09}, "geometry": {"type": "Point", "coordinates": [3.7023954000000003, 51.0444645]}}, {"type": "Feature", "properties": {"temp": 27.99}, "geometry": {"type": "Point", "coordinates": [3.7021597000000006, 51.044517000000006]}}, {"type": "Feature", "properties": {"temp": 27.99}, "geometry": {"type": "Point", "coordinates": [3.7019141000000007, 51.04455649999999]}}, {"type": "Feature", "properties": {"temp": 27.99}, "geometry": {"type": "Point", "coordinates": [3.7016485, 51.0445955]}}, {"type": "Feature", "properties": {"temp": 27.99}, "geometry": {"type": "Point", "coordinates": [3.7014153999999992, 51.0446302]}}, {"type": "Feature", "properties": {"temp": 28.0}, "geometry": {"type": "Point", "coordinates": [3.7011782, 51.0446287]}}, {"type": "Feature", "properties": {"temp": 27.9}, "geometry": {"type": "Point", "coordinates": [3.7009323, 51.044638]}}, {"type": "Feature", "properties": {"temp": 27.9}, "geometry": {"type": "Point", "coordinates": [3.7006996999999995, 51.04464870000001]}}, {"type": "Feature", "properties": {"temp": 27.9}, "geometry": {"type": "Point", "coordinates": [3.7004638, 51.044651300000005]}}, {"type": "Feature", "properties": {"temp": 27.9}, "geometry": {"type": "Point", "coordinates": [3.7002151, 51.044652000000006]}}, {"type": "Feature", "properties": {"temp": 27.9}, "geometry": {"type": "Point", "coordinates": [3.6999721000000005, 51.044629999999984]}}, {"type": "Feature", "properties": {"temp": 27.9}, "geometry": {"type": "Point", "coordinates": [3.6997268000000005, 51.044616500000004]}}, {"type": "Feature", "properties": {"temp": 27.9}, "geometry": {"type": "Point", "coordinates": [3.699490799999999, 51.04459729999999]}}, {"type": "Feature", "properties": {"temp": 27.8}, "geometry": {"type": "Point", "coordinates": [3.6992468000000005, 51.044579799999994]}}, {"type": "Feature", "properties": {"temp": 27.61}, "geometry": {"type": "Point", "coordinates": [3.6989924999999997, 51.0445483]}}, {"type": "Feature", "properties": {"temp": 27.61}, "geometry": {"type": "Point", "coordinates": [3.698741299999999, 51.04450159999999]}}, {"type": "Feature", "properties": {"temp": 27.61}, "geometry": {"type": "Point", "coordinates": [3.6985027000000006, 51.044459700000004]}}, {"type": "Feature", "properties": {"temp": 27.61}, "geometry": {"type": "Point", "coordinates": [3.6982702, 51.0444119]}}, {"type": "Feature", "properties": {"temp": 27.61}, "geometry": {"type": "Point", "coordinates": [3.6980757, 51.044361800000004]}}, {"type": "Feature", "properties": {"temp": 27.61}, "geometry": {"type": "Point", "coordinates": [3.6978869, 51.04429989999999]}}, {"type": "Feature", "properties": {"temp": 27.51}, "geometry": {"type": "Point", "coordinates": [3.6976565, 51.044236999999995]}}, {"type": "Feature", "properties": {"temp": 27.51}, "geometry": {"type": "Point", "coordinates": [3.6974387000000006, 51.04417250000001]}}, {"type": "Feature", "properties": {"temp": 27.51}, "geometry": {"type": "Point", "coordinates": [3.6972164999999992, 51.0440898]}}, {"type": "Feature", "properties": {"temp": 27.41}, "geometry": {"type": "Point", "coordinates": [3.6969949, 51.0440356]}}, {"type": "Feature", "properties": {"temp": 27.42}, "geometry": {"type": "Point", "coordinates": [3.6967432, 51.0440312]}}, {"type": "Feature", "properties": {"temp": 27.32}, "geometry": {"type": "Point", "coordinates": [3.6965375999999996, 51.0441052]}}, {"type": "Feature", "properties": {"temp": 27.32}, "geometry": {"type": "Point", "coordinates": [3.6963239999999997, 51.04418449999999]}}, {"type": "Feature", "properties": {"temp": 27.32}, "geometry": {"type": "Point", "coordinates": [3.6960953, 51.04423899999999]}}, {"type": "Feature", "properties": {"temp": 27.22}, "geometry": {"type": "Point", "coordinates": [3.6958636999999994, 51.04428179999999]}}, {"type": "Feature", "properties": {"temp": 27.22}, "geometry": {"type": "Point", "coordinates": [3.6956480999999997, 51.04428670000001]}}, {"type": "Feature", "properties": {"temp": 27.22}, "geometry": {"type": "Point", "coordinates": [3.6954403999999994, 51.0442909]}}, {"type": "Feature", "properties": {"temp": 27.22}, "geometry": {"type": "Point", "coordinates": [3.6952515999999993, 51.04430319999999]}}, {"type": "Feature", "properties": {"temp": 27.12}, "geometry": {"type": "Point", "coordinates": [3.695103, 51.0442639]}}, {"type": "Feature", "properties": {"temp": 27.13}, "geometry": {"type": "Point", "coordinates": [3.695079, 51.0441667]}}, {"type": "Feature", "properties": {"temp": 27.13}, "geometry": {"type": "Point", "coordinates": [3.6950042000000005, 51.04405740000001]}}, {"type": "Feature", "properties": {"temp": 27.13}, "geometry": {"type": "Point", "coordinates": [3.6947922, 51.04402590000001]}}, {"type": "Feature", "properties": {"temp": 27.13}, "geometry": {"type": "Point", "coordinates": [3.694557, 51.04404329999999]}}, {"type": "Feature", "properties": {"temp": 27.13}, "geometry": {"type": "Point", "coordinates": [3.6943121, 51.04405280000001]}}, {"type": "Feature", "properties": {"temp": 27.03}, "geometry": {"type": "Point", "coordinates": [3.6940796, 51.0440827]}}, {"type": "Feature", "properties": {"temp": 27.13}, "geometry": {"type": "Point", "coordinates": [3.6938427, 51.04411639999999]}}, {"type": "Feature", "properties": {"temp": 27.13}, "geometry": {"type": "Point", "coordinates": [3.6935896, 51.0441418]}}, {"type": "Feature", "properties": {"temp": 27.13}, "geometry": {"type": "Point", "coordinates": [3.6933601, 51.0441693]}}, {"type": "Feature", "properties": {"temp": 27.14}, "geometry": {"type": "Point", "coordinates": [3.6931450999999997, 51.044221400000005]}}, {"type": "Feature", "properties": {"temp": 27.14}, "geometry": {"type": "Point", "coordinates": [3.6929737000000005, 51.0442545]}}, {"type": "Feature", "properties": {"temp": 27.14}, "geometry": {"type": "Point", "coordinates": [3.6928344999999996, 51.044273200000006]}}, {"type": "Feature", "properties": {"temp": 27.14}, "geometry": {"type": "Point", "coordinates": [3.6927837000000006, 51.0442184]}}, {"type": "Feature", "properties": {"temp": 27.04}, "geometry": {"type": "Point", "coordinates": [3.6926944, 51.0441704]}}, {"type": "Feature", "properties": {"temp": 27.04}, "geometry": {"type": "Point", "coordinates": [3.692550699999999, 51.0441403]}}, {"type": "Feature", "properties": {"temp": 26.94}, "geometry": {"type": "Point", "coordinates": [3.6924130000000006, 51.04408]}}, {"type": "Feature", "properties": {"temp": 26.84}, "geometry": {"type": "Point", "coordinates": [3.6922025999999994, 51.04408869999999]}}, {"type": "Feature", "properties": {"temp": 26.84}, "geometry": {"type": "Point", "coordinates": [3.6920108, 51.04409939999999]}}, {"type": "Feature", "properties": {"temp": 26.94}, "geometry": {"type": "Point", "coordinates": [3.6918096999999994, 51.0441431]}}, {"type": "Feature", "properties": {"temp": 26.95}, "geometry": {"type": "Point", "coordinates": [3.6916105999999993, 51.04419659999999]}}, {"type": "Feature", "properties": {"temp": 26.95}, "geometry": {"type": "Point", "coordinates": [3.6914128, 51.0442166]}}, {"type": "Feature", "properties": {"temp": 27.05}, "geometry": {"type": "Point", "coordinates": [3.6912439999999997, 51.0441359]}}, {"type": "Feature", "properties": {"temp": 27.05}, "geometry": {"type": "Point", "coordinates": [3.6911085999999997, 51.044049199999996]}}, {"type": "Feature", "properties": {"temp": 27.05}, "geometry": {"type": "Point", "coordinates": [3.6908710000000005, 51.043926]}}, {"type": "Feature", "properties": {"temp": 27.05}, "geometry": {"type": "Point", "coordinates": [3.6907091000000003, 51.0438748]}}, {"type": "Feature", "properties": {"temp": 27.05}, "geometry": {"type": "Point", "coordinates": [3.6905353000000005, 51.043816299999996]}}, {"type": "Feature", "properties": {"temp": 27.05}, "geometry": {"type": "Point", "coordinates": [3.6903689, 51.0437455]}}, {"type": "Feature", "properties": {"temp": 27.05}, "geometry": {"type": "Point", "coordinates": [3.6902358000000004, 51.0436504]}}, {"type": "Feature", "properties": {"temp": 26.96}, "geometry": {"type": "Point", "coordinates": [3.6901353000000006, 51.0435737]}}, {"type": "Feature", "properties": {"temp": 26.86}, "geometry": {"type": "Point", "coordinates": [3.6900364999999997, 51.0436295]}}, {"type": "Feature", "properties": {"temp": 26.86}, "geometry": {"type": "Point", "coordinates": [3.6899889000000003, 51.043739299999984]}}, {"type": "Feature", "properties": {"temp": 26.86}, "geometry": {"type": "Point", "coordinates": [3.6898648000000005, 51.043827199999996]}}, {"type": "Feature", "properties": {"temp": 26.86}, "geometry": {"type": "Point", "coordinates": [3.6897287999999993, 51.04391389999999]}}, {"type": "Feature", "properties": {"temp": 26.86}, "geometry": {"type": "Point", "coordinates": [3.6895577000000004, 51.0439835]}}, {"type": "Feature", "properties": {"temp": 26.76}, "geometry": {"type": "Point", "coordinates": [3.6893814999999996, 51.044025399999995]}}, {"type": "Feature", "properties": {"temp": 26.76}, "geometry": {"type": "Point", "coordinates": [3.6891003000000007, 51.04412750000001]}}, {"type": "Feature", "properties": {"temp": 26.76}, "geometry": {"type": "Point", "coordinates": [3.6889787000000003, 51.0442229]}}, {"type": "Feature", "properties": {"temp": 26.67}, "geometry": {"type": "Point", "coordinates": [3.6888348000000004, 51.04434640000001]}}, {"type": "Feature", "properties": {"temp": 26.67}, "geometry": {"type": "Point", "coordinates": [3.688700699999999, 51.0444428]}}, {"type": "Feature", "properties": {"temp": 26.77}, "geometry": {"type": "Point", "coordinates": [3.6885753, 51.0445127]}}, {"type": "Feature", "properties": {"temp": 26.77}, "geometry": {"type": "Point", "coordinates": [3.688433799999999, 51.044576799999994]}}, {"type": "Feature", "properties": {"temp": 26.77}, "geometry": {"type": "Point", "coordinates": [3.6882402, 51.0446142]}}, {"type": "Feature", "properties": {"temp": 26.87}, "geometry": {"type": "Point", "coordinates": [3.6880777999999994, 51.044670499999995]}}, {"type": "Feature", "properties": {"temp": 26.87}, "geometry": {"type": "Point", "coordinates": [3.68799, 51.04475990000001]}}, {"type": "Feature", "properties": {"temp": 26.87}, "geometry": {"type": "Point", "coordinates": [3.687937899999999, 51.044866400000004]}}, {"type": "Feature", "properties": {"temp": 26.97}, "geometry": {"type": "Point", "coordinates": [3.6879215999999997, 51.044978900000004]}}, {"type": "Feature", "properties": {"temp": 26.98}, "geometry": {"type": "Point", "coordinates": [3.6880611000000005, 51.0450837]}}, {"type": "Feature", "properties": {"temp": 26.98}, "geometry": {"type": "Point", "coordinates": [3.6882443, 51.045182099999984]}}, {"type": "Feature", "properties": {"temp": 26.98}, "geometry": {"type": "Point", "coordinates": [3.6884421, 51.0452892]}}, {"type": "Feature", "properties": {"temp": 26.98}, "geometry": {"type": "Point", "coordinates": [3.6886031999999993, 51.0454147]}}, {"type": "Feature", "properties": {"temp": 26.98}, "geometry": {"type": "Point", "coordinates": [3.6887793000000006, 51.0455047]}}, {"type": "Feature", "properties": {"temp": 26.98}, "geometry": {"type": "Point", "coordinates": [3.688956299999999, 51.0455955]}}, {"type": "Feature", "properties": {"temp": 26.98}, "geometry": {"type": "Point", "coordinates": [3.6891402999999996, 51.045689]}}, {"type": "Feature", "properties": {"temp": 26.88}, "geometry": {"type": "Point", "coordinates": [3.6893132999999994, 51.04579460000001]}}, {"type": "Feature", "properties": {"temp": 26.78}, "geometry": {"type": "Point", "coordinates": [3.6894859999999996, 51.0458861]}}, {"type": "Feature", "properties": {"temp": 26.69}, "geometry": {"type": "Point", "coordinates": [3.6896425000000006, 51.04597809999999]}}, {"type": "Feature", "properties": {"temp": 26.69}, "geometry": {"type": "Point", "coordinates": [3.6898103000000004, 51.0460796]}}, {"type": "Feature", "properties": {"temp": 26.69}, "geometry": {"type": "Point", "coordinates": [3.6899746000000007, 51.046175999999996]}}, {"type": "Feature", "properties": {"temp": 26.69}, "geometry": {"type": "Point", "coordinates": [3.690158, 51.046274499999996]}}, {"type": "Feature", "properties": {"temp": 26.69}, "geometry": {"type": "Point", "coordinates": [3.6903353, 51.04635769999999]}}, {"type": "Feature", "properties": {"temp": 26.69}, "geometry": {"type": "Point", "coordinates": [3.690504399999999, 51.046449599999995]}}, {"type": "Feature", "properties": {"temp": 26.59}, "geometry": {"type": "Point", "coordinates": [3.6907056, 51.046550499999995]}}, {"type": "Feature", "properties": {"temp": 26.59}, "geometry": {"type": "Point", "coordinates": [3.6908904999999996, 51.0466621]}}, {"type": "Feature", "properties": {"temp": 26.59}, "geometry": {"type": "Point", "coordinates": [3.6912614, 51.0468748]}}, {"type": "Feature", "properties": {"temp": 26.6}, "geometry": {"type": "Point", "coordinates": [3.691431, 51.0470013]}}, {"type": "Feature", "properties": {"temp": 26.6}, "geometry": {"type": "Point", "coordinates": [3.691550199999999, 51.04713979999998]}}, {"type": "Feature", "properties": {"temp": 26.6}, "geometry": {"type": "Point", "coordinates": [3.6916336999999992, 51.0472889]}}, {"type": "Feature", "properties": {"temp": 26.6}, "geometry": {"type": "Point", "coordinates": [3.6916953, 51.04743049999998]}}, {"type": "Feature", "properties": {"temp": 26.7}, "geometry": {"type": "Point", "coordinates": [3.691842799999999, 51.047547]}}, {"type": "Feature", "properties": {"temp": 26.7}, "geometry": {"type": "Point", "coordinates": [3.6919750999999996, 51.04769819999999]}}, {"type": "Feature", "properties": {"temp": 26.7}, "geometry": {"type": "Point", "coordinates": [3.6920415, 51.04785089999999]}}, {"type": "Feature", "properties": {"temp": 26.7}, "geometry": {"type": "Point", "coordinates": [3.6921372, 51.0479842]}}, {"type": "Feature", "properties": {"temp": 26.8}, "geometry": {"type": "Point", "coordinates": [3.692206299999999, 51.04812340000001]}}, {"type": "Feature", "properties": {"temp": 26.9}, "geometry": {"type": "Point", "coordinates": [3.6922440999999995, 51.048268]}}, {"type": "Feature", "properties": {"temp": 26.91}, "geometry": {"type": "Point", "coordinates": [3.6922577, 51.04840279999999]}}, {"type": "Feature", "properties": {"temp": 26.91}, "geometry": {"type": "Point", "coordinates": [3.692289399999999, 51.04846769999999]}}, {"type": "Feature", "properties": {"temp": 26.91}, "geometry": {"type": "Point", "coordinates": [3.6923132, 51.0485133]}}, {"type": "Feature", "properties": {"temp": 26.91}, "geometry": {"type": "Point", "coordinates": [3.692387299999999, 51.0485902]}}, {"type": "Feature", "properties": {"temp": 26.91}, "geometry": {"type": "Point", "coordinates": [3.6924684999999986, 51.04869329999999]}}, {"type": "Feature", "properties": {"temp": 26.91}, "geometry": {"type": "Point", "coordinates": [3.6925484, 51.0487991]}}, {"type": "Feature", "properties": {"temp": 26.81}, "geometry": {"type": "Point", "coordinates": [3.6926236000000006, 51.048919699999985]}}, {"type": "Feature", "properties": {"temp": 26.81}, "geometry": {"type": "Point", "coordinates": [3.6927304, 51.049049799999985]}}, {"type": "Feature", "properties": {"temp": 26.91}, "geometry": {"type": "Point", "coordinates": [3.6928216999999997, 51.0491823]}}, {"type": "Feature", "properties": {"temp": 26.92}, "geometry": {"type": "Point", "coordinates": [3.6929056999999994, 51.04930280000001]}}, {"type": "Feature", "properties": {"temp": 26.92}, "geometry": {"type": "Point", "coordinates": [3.6929993999999997, 51.04943349999999]}}, {"type": "Feature", "properties": {"temp": 26.92}, "geometry": {"type": "Point", "coordinates": [3.6930935999999996, 51.04957580000001]}}, {"type": "Feature", "properties": {"temp": 26.92}, "geometry": {"type": "Point", "coordinates": [3.6932202000000003, 51.0497301]}}, {"type": "Feature", "properties": {"temp": 26.82}, "geometry": {"type": "Point", "coordinates": [3.6933445, 51.049868499999995]}}, {"type": "Feature", "properties": {"temp": 26.82}, "geometry": {"type": "Point", "coordinates": [3.6934387000000006, 51.04999620000001]}}, {"type": "Feature", "properties": {"temp": 26.72}, "geometry": {"type": "Point", "coordinates": [3.6935536, 51.0501106]}}, {"type": "Feature", "properties": {"temp": 26.52}, "geometry": {"type": "Point", "coordinates": [3.6936576000000003, 51.0502371]}}, {"type": "Feature", "properties": {"temp": 26.52}, "geometry": {"type": "Point", "coordinates": [3.6937424000000005, 51.05036689999999]}}, {"type": "Feature", "properties": {"temp": 26.43}, "geometry": {"type": "Point", "coordinates": [3.6937234, 51.05050380000001]}}, {"type": "Feature", "properties": {"temp": 26.43}, "geometry": {"type": "Point", "coordinates": [3.693586, 51.0506032]}}, {"type": "Feature", "properties": {"temp": 26.43}, "geometry": {"type": "Point", "coordinates": [3.6934626000000006, 51.0507116]}}, {"type": "Feature", "properties": {"temp": 26.43}, "geometry": {"type": "Point", "coordinates": [3.6933600000000006, 51.0508298]}}, {"type": "Feature", "properties": {"temp": 26.43}, "geometry": {"type": "Point", "coordinates": [3.6932564000000005, 51.050941]}}, {"type": "Feature", "properties": {"temp": 26.43}, "geometry": {"type": "Point", "coordinates": [3.693151799999999, 51.05104910000001]}}, {"type": "Feature", "properties": {"temp": 26.43}, "geometry": {"type": "Point", "coordinates": [3.6930554999999994, 51.0511554]}}, {"type": "Feature", "properties": {"temp": 26.33}, "geometry": {"type": "Point", "coordinates": [3.6929628, 51.0512721]}}, {"type": "Feature", "properties": {"temp": 26.33}, "geometry": {"type": "Point", "coordinates": [3.6929023, 51.05139930000001]}}, {"type": "Feature", "properties": {"temp": 26.33}, "geometry": {"type": "Point", "coordinates": [3.6928356, 51.051529599999995]}}, {"type": "Feature", "properties": {"temp": 26.34}, "geometry": {"type": "Point", "coordinates": [3.6927598, 51.0516548]}}, {"type": "Feature", "properties": {"temp": 26.34}, "geometry": {"type": "Point", "coordinates": [3.6926922, 51.0517745]}}, {"type": "Feature", "properties": {"temp": 26.24}, "geometry": {"type": "Point", "coordinates": [3.6926323000000005, 51.05189109999999]}}, {"type": "Feature", "properties": {"temp": 26.24}, "geometry": {"type": "Point", "coordinates": [3.6925664000000005, 51.05199979999999]}}, {"type": "Feature", "properties": {"temp": 26.24}, "geometry": {"type": "Point", "coordinates": [3.6924853000000004, 51.0521131]}}, {"type": "Feature", "properties": {"temp": 26.24}, "geometry": {"type": "Point", "coordinates": [3.6924126000000004, 51.052207]}}, {"type": "Feature", "properties": {"temp": 26.24}, "geometry": {"type": "Point", "coordinates": [3.6924107, 51.052284799999995]}}, {"type": "Feature", "properties": {"temp": 26.24}, "geometry": {"type": "Point", "coordinates": [3.692543299999999, 51.052310399999996]}}, {"type": "Feature", "properties": {"temp": 26.24}, "geometry": {"type": "Point", "coordinates": [3.6927295000000004, 51.05233689999999]}}, {"type": "Feature", "properties": {"temp": 26.14}, "geometry": {"type": "Point", "coordinates": [3.692932499999999, 51.0523594]}}, {"type": "Feature", "properties": {"temp": 26.35}, "geometry": {"type": "Point", "coordinates": [3.6931705999999997, 51.0523697]}}, {"type": "Feature", "properties": {"temp": 26.35}, "geometry": {"type": "Point", "coordinates": [3.6934068, 51.0523979]}}, {"type": "Feature", "properties": {"temp": 26.45}, "geometry": {"type": "Point", "coordinates": [3.6935981000000004, 51.0524342]}}, {"type": "Feature", "properties": {"temp": 26.55}, "geometry": {"type": "Point", "coordinates": [3.6938154000000005, 51.0524698]}}, {"type": "Feature", "properties": {"temp": 26.55}, "geometry": {"type": "Point", "coordinates": [3.6940426, 51.0524993]}}, {"type": "Feature", "properties": {"temp": 26.75}, "geometry": {"type": "Point", "coordinates": [3.6942911000000005, 51.0525274]}}, {"type": "Feature", "properties": {"temp": 26.75}, "geometry": {"type": "Point", "coordinates": [3.6945204999999994, 51.05255119999999]}}, {"type": "Feature", "properties": {"temp": 26.85}, "geometry": {"type": "Point", "coordinates": [3.6947428, 51.0525872]}}, {"type": "Feature", "properties": {"temp": 26.95}, "geometry": {"type": "Point", "coordinates": [3.6949843, 51.05261360000001]}}, {"type": "Feature", "properties": {"temp": 26.96}, "geometry": {"type": "Point", "coordinates": [3.6952007000000004, 51.052645799999986]}}, {"type": "Feature", "properties": {"temp": 27.06}, "geometry": {"type": "Point", "coordinates": [3.6954204000000006, 51.05267260000001]}}, {"type": "Feature", "properties": {"temp": 27.16}, "geometry": {"type": "Point", "coordinates": [3.6956581999999987, 51.0527097]}}, {"type": "Feature", "properties": {"temp": 27.16}, "geometry": {"type": "Point", "coordinates": [3.6961445000000004, 51.0527823]}}, {"type": "Feature", "properties": {"temp": 27.16}, "geometry": {"type": "Point", "coordinates": [3.6963779, 51.05282939999999]}}, {"type": "Feature", "properties": {"temp": 27.16}, "geometry": {"type": "Point", "coordinates": [3.6965893999999997, 51.052885]}}, {"type": "Feature", "properties": {"temp": 27.16}, "geometry": {"type": "Point", "coordinates": [3.6967965000000005, 51.0529787]}}, {"type": "Feature", "properties": {"temp": 27.26}, "geometry": {"type": "Point", "coordinates": [3.696961499999999, 51.0530661]}}, {"type": "Feature", "properties": {"temp": 27.27}, "geometry": {"type": "Point", "coordinates": [3.697148199999999, 51.053162199999996]}}, {"type": "Feature", "properties": {"temp": 27.37}, "geometry": {"type": "Point", "coordinates": [3.6972952, 51.05324809999999]}}, {"type": "Feature", "properties": {"temp": 27.37}, "geometry": {"type": "Point", "coordinates": [3.6974801999999998, 51.0532853]}}, {"type": "Feature", "properties": {"temp": 27.37}, "geometry": {"type": "Point", "coordinates": [3.6976844, 51.0533595]}}, {"type": "Feature", "properties": {"temp": 27.47}, "geometry": {"type": "Point", "coordinates": [3.6979190999999996, 51.0534582]}}, {"type": "Feature", "properties": {"temp": 27.47}, "geometry": {"type": "Point", "coordinates": [3.6981622, 51.05355670000001]}}, {"type": "Feature", "properties": {"temp": 27.47}, "geometry": {"type": "Point", "coordinates": [3.6984107999999996, 51.053631100000004]}}, {"type": "Feature", "properties": {"temp": 27.57}, "geometry": {"type": "Point", "coordinates": [3.6986678000000004, 51.053680400000005]}}, {"type": "Feature", "properties": {"temp": 27.57}, "geometry": {"type": "Point", "coordinates": [3.6989007, 51.0537561]}}, {"type": "Feature", "properties": {"temp": 27.57}, "geometry": {"type": "Point", "coordinates": [3.6991162, 51.0538229]}}, {"type": "Feature", "properties": {"temp": 27.58}, "geometry": {"type": "Point", "coordinates": [3.699311499999999, 51.05390030000001]}}, {"type": "Feature", "properties": {"temp": 27.58}, "geometry": {"type": "Point", "coordinates": [3.6994952999999993, 51.053983900000006]}}, {"type": "Feature", "properties": {"temp": 27.58}, "geometry": {"type": "Point", "coordinates": [3.6997128, 51.0540738]}}, {"type": "Feature", "properties": {"temp": 27.58}, "geometry": {"type": "Point", "coordinates": [3.699923699999999, 51.0541863]}}, {"type": "Feature", "properties": {"temp": 27.68}, "geometry": {"type": "Point", "coordinates": [3.7001015, 51.05431309999999]}}, {"type": "Feature", "properties": {"temp": 27.68}, "geometry": {"type": "Point", "coordinates": [3.700445, 51.0545856]}}, {"type": "Feature", "properties": {"temp": 27.68}, "geometry": {"type": "Point", "coordinates": [3.7006161999999985, 51.0547114]}}, {"type": "Feature", "properties": {"temp": 27.68}, "geometry": {"type": "Point", "coordinates": [3.7007971, 51.0548401]}}, {"type": "Feature", "properties": {"temp": 27.58}, "geometry": {"type": "Point", "coordinates": [3.7009637000000004, 51.05497559999999]}}, {"type": "Feature", "properties": {"temp": 27.59}, "geometry": {"type": "Point", "coordinates": [3.7011305999999995, 51.05510149999999]}}, {"type": "Feature", "properties": {"temp": 27.59}, "geometry": {"type": "Point", "coordinates": [3.7012498, 51.05521079999999]}}, {"type": "Feature", "properties": {"temp": 27.59}, "geometry": {"type": "Point", "coordinates": [3.701104799999999, 51.05530319999999]}}, {"type": "Feature", "properties": {"temp": 27.59}, "geometry": {"type": "Point", "coordinates": [3.7008909, 51.0553876]}}, {"type": "Feature", "properties": {"temp": 27.69}, "geometry": {"type": "Point", "coordinates": [3.7006393, 51.055453199999995]}}, {"type": "Feature", "properties": {"temp": 27.69}, "geometry": {"type": "Point", "coordinates": [3.7004463000000003, 51.055538]}}, {"type": "Feature", "properties": {"temp": 27.69}, "geometry": {"type": "Point", "coordinates": [3.7002338999999997, 51.055595700000005]}}, {"type": "Feature", "properties": {"temp": 27.79}, "geometry": {"type": "Point", "coordinates": [3.7000432, 51.05569190000001]}}, {"type": "Feature", "properties": {"temp": 27.79}, "geometry": {"type": "Point", "coordinates": [3.6998439999999997, 51.0557812]}}, {"type": "Feature", "properties": {"temp": 27.8}, "geometry": {"type": "Point", "coordinates": [3.6996551999999996, 51.0559008]}}, {"type": "Feature", "properties": {"temp": 27.8}, "geometry": {"type": "Point", "coordinates": [3.6994771, 51.056042099999985]}}, {"type": "Feature", "properties": {"temp": 27.8}, "geometry": {"type": "Point", "coordinates": [3.699289, 51.0561702]}}, {"type": "Feature", "properties": {"temp": 27.8}, "geometry": {"type": "Point", "coordinates": [3.699110699999999, 51.0562931]}}, {"type": "Feature", "properties": {"temp": 27.8}, "geometry": {"type": "Point", "coordinates": [3.698950999999999, 51.0564061]}}, {"type": "Feature", "properties": {"temp": 27.9}, "geometry": {"type": "Point", "coordinates": [3.6988101, 51.056497699999994]}}, {"type": "Feature", "properties": {"temp": 27.9}, "geometry": {"type": "Point", "coordinates": [3.6987542999999996, 51.056583499999995]}}, {"type": "Feature", "properties": {"temp": 27.9}, "geometry": {"type": "Point", "coordinates": [3.6989143, 51.05663189999999]}}, {"type": "Feature", "properties": {"temp": 27.9}, "geometry": {"type": "Point", "coordinates": [3.6992483, 51.0566729]}}, {"type": "Feature", "properties": {"temp": 27.91}, "geometry": {"type": "Point", "coordinates": [3.6996009, 51.0567413]}}, {"type": "Feature", "properties": {"temp": 27.91}, "geometry": {"type": "Point", "coordinates": [3.6998193, 51.0568084]}}, {"type": "Feature", "properties": {"temp": 27.91}, "geometry": {"type": "Point", "coordinates": [3.7000184000000003, 51.0568975]}}, {"type": "Feature", "properties": {"temp": 27.91}, "geometry": {"type": "Point", "coordinates": [3.7002319, 51.0569901]}}, {"type": "Feature", "properties": {"temp": 27.91}, "geometry": {"type": "Point", "coordinates": [3.7004338, 51.057085999999984]}}, {"type": "Feature", "properties": {"temp": 28.01}, "geometry": {"type": "Point", "coordinates": [3.7006506, 51.0571807]}}, {"type": "Feature", "properties": {"temp": 28.01}, "geometry": {"type": "Point", "coordinates": [3.7008605000000006, 51.0572606]}}, {"type": "Feature", "properties": {"temp": 28.01}, "geometry": {"type": "Point", "coordinates": [3.7010741000000005, 51.0573527]}}, {"type": "Feature", "properties": {"temp": 28.01}, "geometry": {"type": "Point", "coordinates": [3.7012741999999994, 51.05744409999999]}}, {"type": "Feature", "properties": {"temp": 28.02}, "geometry": {"type": "Point", "coordinates": [3.7014745, 51.057540599999996]}}, {"type": "Feature", "properties": {"temp": 28.02}, "geometry": {"type": "Point", "coordinates": [3.7016718, 51.057644999999994]}}, {"type": "Feature", "properties": {"temp": 28.02}, "geometry": {"type": "Point", "coordinates": [3.7018650000000006, 51.05771270000001]}}, {"type": "Feature", "properties": {"temp": 28.02}, "geometry": {"type": "Point", "coordinates": [3.7020413, 51.05779880000001]}}, {"type": "Feature", "properties": {"temp": 28.02}, "geometry": {"type": "Point", "coordinates": [3.7022028, 51.05789]}}, {"type": "Feature", "properties": {"temp": 28.02}, "geometry": {"type": "Point", "coordinates": [3.7023932999999993, 51.05798579999999]}}, {"type": "Feature", "properties": {"temp": 28.02}, "geometry": {"type": "Point", "coordinates": [3.7025982, 51.05808460000001]}}, {"type": "Feature", "properties": {"temp": 28.02}, "geometry": {"type": "Point", "coordinates": [3.702798, 51.0581769]}}, {"type": "Feature", "properties": {"temp": 28.12}, "geometry": {"type": "Point", "coordinates": [3.7030035, 51.05826489999999]}}, {"type": "Feature", "properties": {"temp": 28.12}, "geometry": {"type": "Point", "coordinates": [3.7031878, 51.058368300000005]}}, {"type": "Feature", "properties": {"temp": 28.13}, "geometry": {"type": "Point", "coordinates": [3.7033545000000005, 51.0584696]}}, {"type": "Feature", "properties": {"temp": 28.13}, "geometry": {"type": "Point", "coordinates": [3.7035551, 51.0585694]}}, {"type": "Feature", "properties": {"temp": 28.13}, "geometry": {"type": "Point", "coordinates": [3.7037668999999998, 51.05865420000001]}}, {"type": "Feature", "properties": {"temp": 28.13}, "geometry": {"type": "Point", "coordinates": [3.7039614, 51.05872359999999]}}, {"type": "Feature", "properties": {"temp": 28.03}, "geometry": {"type": "Point", "coordinates": [3.7041419, 51.058790399999985]}}, {"type": "Feature", "properties": {"temp": 28.03}, "geometry": {"type": "Point", "coordinates": [3.704294099999999, 51.058860900000006]}}, {"type": "Feature", "properties": {"temp": 28.03}, "geometry": {"type": "Point", "coordinates": [3.7044383000000005, 51.05880319999999]}}, {"type": "Feature", "properties": {"temp": 27.93}, "geometry": {"type": "Point", "coordinates": [3.7045779000000003, 51.0586772]}}, {"type": "Feature", "properties": {"temp": 28.03}, "geometry": {"type": "Point", "coordinates": [3.7047436, 51.05857029999999]}}, {"type": "Feature", "properties": {"temp": 28.03}, "geometry": {"type": "Point", "coordinates": [3.704951099999999, 51.0584625]}}, {"type": "Feature", "properties": {"temp": 28.04}, "geometry": {"type": "Point", "coordinates": [3.7051831, 51.0583732]}}, {"type": "Feature", "properties": {"temp": 28.04}, "geometry": {"type": "Point", "coordinates": [3.7054072, 51.058279299999995]}}, {"type": "Feature", "properties": {"temp": 28.04}, "geometry": {"type": "Point", "coordinates": [3.7056307999999993, 51.0581944]}}, {"type": "Feature", "properties": {"temp": 28.04}, "geometry": {"type": "Point", "coordinates": [3.7058522999999997, 51.058101099999995]}}, {"type": "Feature", "properties": {"temp": 28.04}, "geometry": {"type": "Point", "coordinates": [3.7060691, 51.0580314]}}, {"type": "Feature", "properties": {"temp": 28.04}, "geometry": {"type": "Point", "coordinates": [3.7062839, 51.057947099999986]}}, {"type": "Feature", "properties": {"temp": 28.04}, "geometry": {"type": "Point", "coordinates": [3.7065069999999993, 51.05786439999999]}}, {"type": "Feature", "properties": {"temp": 28.04}, "geometry": {"type": "Point", "coordinates": [3.706724, 51.0578032]}}, {"type": "Feature", "properties": {"temp": 28.04}, "geometry": {"type": "Point", "coordinates": [3.706930799999999, 51.05773059999999]}}, {"type": "Feature", "properties": {"temp": 28.05}, "geometry": {"type": "Point", "coordinates": [3.7071433, 51.0577032]}}, {"type": "Feature", "properties": {"temp": 28.05}, "geometry": {"type": "Point", "coordinates": [3.7073531, 51.0577044]}}, {"type": "Feature", "properties": {"temp": 28.05}, "geometry": {"type": "Point", "coordinates": [3.7075507000000005, 51.05769469999999]}}, {"type": "Feature", "properties": {"temp": 27.95}, "geometry": {"type": "Point", "coordinates": [3.707670899999999, 51.05764610000001]}}, {"type": "Feature", "properties": {"temp": 27.95}, "geometry": {"type": "Point", "coordinates": [3.7076841000000003, 51.0576268]}}, {"type": "Feature", "properties": {"temp": 27.95}, "geometry": {"type": "Point", "coordinates": [3.7076822, 51.05762560000001]}}, {"type": "Feature", "properties": {"temp": 27.95}, "geometry": {"type": "Point", "coordinates": [3.7076757000000002, 51.05762570000001]}}, {"type": "Feature", "properties": {"temp": 27.95}, "geometry": {"type": "Point", "coordinates": [3.7076731000000005, 51.0576295]}}, {"type": "Feature", "properties": {"temp": 27.95}, "geometry": {"type": "Point", "coordinates": [3.7076736999999995, 51.0576326]}}, {"type": "Feature", "properties": {"temp": 27.96}, "geometry": {"type": "Point", "coordinates": [3.7076740999999998, 51.057633100000004]}}, {"type": "Feature", "properties": {"temp": 27.86}, "geometry": {"type": "Point", "coordinates": [3.707674199999999, 51.0576335]}}, {"type": "Feature", "properties": {"temp": 27.86}, "geometry": {"type": "Point", "coordinates": [3.7076736999999995, 51.0576338]}}, {"type": "Feature", "properties": {"temp": 27.86}, "geometry": {"type": "Point", "coordinates": [3.7076732, 51.0576338]}}, {"type": "Feature", "properties": {"temp": 27.86}, "geometry": {"type": "Point", "coordinates": [3.7076729, 51.0576339]}}, {"type": "Feature", "properties": {"temp": 27.86}, "geometry": {"type": "Point", "coordinates": [3.7076723, 51.0576338]}}, {"type": "Feature", "properties": {"temp": 27.76}, "geometry": {"type": "Point", "coordinates": [3.7076726999999985, 51.0576337]}}, {"type": "Feature", "properties": {"temp": 27.76}, "geometry": {"type": "Point", "coordinates": [3.7076731000000005, 51.0576335]}}, {"type": "Feature", "properties": {"temp": 27.76}, "geometry": {"type": "Point", "coordinates": [3.7076734000000005, 51.0576339]}}, {"type": "Feature", "properties": {"temp": 27.76}, "geometry": {"type": "Point", "coordinates": [3.7076736, 51.057634]}}, {"type": "Feature", "properties": {"temp": 27.77}, "geometry": {"type": "Point", "coordinates": [3.7076739, 51.0576339]}}, {"type": "Feature", "properties": {"temp": 27.77}, "geometry": {"type": "Point", "coordinates": [3.7076735, 51.0576339]}}, {"type": "Feature", "properties": {"temp": 27.77}, "geometry": {"type": "Point", "coordinates": [3.7076729, 51.0576341]}}, {"type": "Feature", "properties": {"temp": 27.77}, "geometry": {"type": "Point", "coordinates": [3.7076723, 51.0576345]}}, {"type": "Feature", "properties": {"temp": 27.77}, "geometry": {"type": "Point", "coordinates": [3.707672, 51.0576345]}}, {"type": "Feature", "properties": {"temp": 27.77}, "geometry": {"type": "Point", "coordinates": [3.707671799999999, 51.057634799999995]}}, {"type": "Feature", "properties": {"temp": 27.77}, "geometry": {"type": "Point", "coordinates": [3.7076717, 51.057634799999995]}}, {"type": "Feature", "properties": {"temp": 27.77}, "geometry": {"type": "Point", "coordinates": [3.7076719, 51.0576351]}}, {"type": "Feature", "properties": {"temp": 27.77}, "geometry": {"type": "Point", "coordinates": [3.707671799999999, 51.0576352]}}, {"type": "Feature", "properties": {"temp": 27.67}, "geometry": {"type": "Point", "coordinates": [3.7076716000000003, 51.05763559999999]}}, {"type": "Feature", "properties": {"temp": 27.68}, "geometry": {"type": "Point", "coordinates": [3.7076712999999994, 51.0576355]}}, {"type": "Feature", "properties": {"temp": 27.68}, "geometry": {"type": "Point", "coordinates": [3.7076710000000004, 51.05763559999999]}}, {"type": "Feature", "properties": {"temp": 27.68}, "geometry": {"type": "Point", "coordinates": [3.707670899999999, 51.0576354]}}, {"type": "Feature", "properties": {"temp": 27.68}, "geometry": {"type": "Point", "coordinates": [3.707670899999999, 51.0576354]}}, {"type": "Feature", "properties": {"temp": 27.68}, "geometry": {"type": "Point", "coordinates": [3.7076707000000004, 51.05763530000001]}}, {"type": "Feature", "properties": {"temp": 27.68}, "geometry": {"type": "Point", "coordinates": [3.7076706, 51.05763530000001]}}, {"type": "Feature", "properties": {"temp": 27.68}, "geometry": {"type": "Point", "coordinates": [3.7076701000000005, 51.0576351]}}, {"type": "Feature", "properties": {"temp": 27.68}, "geometry": {"type": "Point", "coordinates": [3.7076699, 51.0576352]}}, {"type": "Feature", "properties": {"temp": 27.68}, "geometry": {"type": "Point", "coordinates": [3.7076699999999994, 51.0576352]}}, {"type": "Feature", "properties": {"temp": 27.69}, "geometry": {"type": "Point", "coordinates": [3.7076699, 51.0576351]}}, {"type": "Feature", "properties": {"temp": 27.69}, "geometry": {"type": "Point", "coordinates": [3.7076696999999994, 51.0576349]}}, {"type": "Feature", "properties": {"temp": 27.69}, "geometry": {"type": "Point", "coordinates": [3.7076651, 51.05763580000001]}}, {"type": "Feature", "properties": {"temp": 27.69}, "geometry": {"type": "Point", "coordinates": [3.7076642, 51.0576354]}}, {"type": "Feature", "properties": {"temp": 27.69}, "geometry": {"type": "Point", "coordinates": [3.7076658, 51.0576352]}}, {"type": "Feature", "properties": {"temp": 27.69}, "geometry": {"type": "Point", "coordinates": [3.7076678, 51.0576338]}}, {"type": "Feature", "properties": {"temp": 27.69}, "geometry": {"type": "Point", "coordinates": [3.7076680000000004, 51.057630100000004]}}, {"type": "Feature", "properties": {"temp": 27.69}, "geometry": {"type": "Point", "coordinates": [3.7076680000000004, 51.057628599999994]}}, {"type": "Feature", "properties": {"temp": 27.69}, "geometry": {"type": "Point", "coordinates": [3.7076680000000004, 51.057628599999994]}}, {"type": "Feature", "properties": {"temp": 27.69}, "geometry": {"type": "Point", "coordinates": [3.7076679, 51.057629]}}, {"type": "Feature", "properties": {"temp": 27.7}, "geometry": {"type": "Point", "coordinates": [3.7076678, 51.057629599999984]}}, {"type": "Feature", "properties": {"temp": 27.7}, "geometry": {"type": "Point", "coordinates": [3.7076675999999993, 51.057630200000006]}}, {"type": "Feature", "properties": {"temp": 27.7}, "geometry": {"type": "Point", "coordinates": [3.7076675999999993, 51.05763079999999]}}, {"type": "Feature", "properties": {"temp": 27.7}, "geometry": {"type": "Point", "coordinates": [3.7076674000000005, 51.057631300000004]}}, {"type": "Feature", "properties": {"temp": 27.7}, "geometry": {"type": "Point", "coordinates": [3.7076679, 51.05763150000001]}}, {"type": "Feature", "properties": {"temp": 27.7}, "geometry": {"type": "Point", "coordinates": [3.7076688, 51.05763150000001]}}, {"type": "Feature", "properties": {"temp": 27.7}, "geometry": {"type": "Point", "coordinates": [3.7076698000000006, 51.0576317]}}, {"type": "Feature", "properties": {"temp": 27.7}, "geometry": {"type": "Point", "coordinates": [3.7076701000000005, 51.05763119999998]}}, {"type": "Feature", "properties": {"temp": 27.7}, "geometry": {"type": "Point", "coordinates": [3.7076808000000003, 51.057627800000006]}}, {"type": "Feature", "properties": {"temp": 27.71}, "geometry": {"type": "Point", "coordinates": [3.7076836000000006, 51.057623799999995]}}, {"type": "Feature", "properties": {"temp": 27.71}, "geometry": {"type": "Point", "coordinates": [3.7076868000000003, 51.05762180000001]}}, {"type": "Feature", "properties": {"temp": 27.71}, "geometry": {"type": "Point", "coordinates": [3.7076873, 51.057621199999986]}}, {"type": "Feature", "properties": {"temp": 27.71}, "geometry": {"type": "Point", "coordinates": [3.7076867, 51.057621299999994]}}, {"type": "Feature", "properties": {"temp": 27.71}, "geometry": {"type": "Point", "coordinates": [3.7076866000000006, 51.05762180000001]}}, {"type": "Feature", "properties": {"temp": 27.71}, "geometry": {"type": "Point", "coordinates": [3.7076864, 51.05762229999999]}}, {"type": "Feature", "properties": {"temp": 27.71}, "geometry": {"type": "Point", "coordinates": [3.7076866000000006, 51.057622699999996]}}, {"type": "Feature", "properties": {"temp": 27.71}, "geometry": {"type": "Point", "coordinates": [3.707686, 51.057622900000005]}}, {"type": "Feature", "properties": {"temp": 27.71}, "geometry": {"type": "Point", "coordinates": [3.7076862000000004, 51.057622900000005]}}, {"type": "Feature", "properties": {"temp": 27.71}, "geometry": {"type": "Point", "coordinates": [3.7076785000000005, 51.05762610000001]}}, {"type": "Feature", "properties": {"temp": 27.72}, "geometry": {"type": "Point", "coordinates": [3.7076768, 51.05763119999998]}}, {"type": "Feature", "properties": {"temp": 27.72}, "geometry": {"type": "Point", "coordinates": [3.7076764000000004, 51.05763150000001]}}, {"type": "Feature", "properties": {"temp": 27.72}, "geometry": {"type": "Point", "coordinates": [3.7076773, 51.05763159999999]}}, {"type": "Feature", "properties": {"temp": 27.72}, "geometry": {"type": "Point", "coordinates": [3.7076771, 51.0576343]}}, {"type": "Feature", "properties": {"temp": 27.72}, "geometry": {"type": "Point", "coordinates": [3.7076769999999994, 51.05763439999998]}}, {"type": "Feature", "properties": {"temp": 27.72}, "geometry": {"type": "Point", "coordinates": [3.7076777999999995, 51.0576341]}}, {"type": "Feature", "properties": {"temp": 27.72}, "geometry": {"type": "Point", "coordinates": [3.7076785000000005, 51.0576333]}}, {"type": "Feature", "properties": {"temp": 27.72}, "geometry": {"type": "Point", "coordinates": [3.7076788000000005, 51.0576328]}}, {"type": "Feature", "properties": {"temp": 27.72}, "geometry": {"type": "Point", "coordinates": [3.7076786999999993, 51.05763240000001]}}, {"type": "Feature", "properties": {"temp": 27.73}, "geometry": {"type": "Point", "coordinates": [3.7076784000000003, 51.05763240000001]}}, {"type": "Feature", "properties": {"temp": 27.73}, "geometry": {"type": "Point", "coordinates": [3.7076777, 51.0576322]}}, {"type": "Feature", "properties": {"temp": 27.73}, "geometry": {"type": "Point", "coordinates": [3.7076772, 51.0576323]}}, {"type": "Feature", "properties": {"temp": 27.73}, "geometry": {"type": "Point", "coordinates": [3.7076769999999994, 51.057632500000004]}}, {"type": "Feature", "properties": {"temp": 27.73}, "geometry": {"type": "Point", "coordinates": [3.7076769999999994, 51.0576326]}}, {"type": "Feature", "properties": {"temp": 27.73}, "geometry": {"type": "Point", "coordinates": [3.7076769999999994, 51.05763240000001]}}, {"type": "Feature", "properties": {"temp": 27.73}, "geometry": {"type": "Point", "coordinates": [3.7076769999999994, 51.0576322]}}, {"type": "Feature", "properties": {"temp": 27.73}, "geometry": {"type": "Point", "coordinates": [3.7076766, 51.05763240000001]}}, {"type": "Feature", "properties": {"temp": 27.73}, "geometry": {"type": "Point", "coordinates": [3.7076762, 51.0576322]}}, {"type": "Feature", "properties": {"temp": 27.73}, "geometry": {"type": "Point", "coordinates": [3.7076761000000005, 51.0576317]}}, {"type": "Feature", "properties": {"temp": 27.74}, "geometry": {"type": "Point", "coordinates": [3.7076761000000005, 51.057631300000004]}}, {"type": "Feature", "properties": {"temp": 27.74}, "geometry": {"type": "Point", "coordinates": [3.7076758000000005, 51.0576309]}}, {"type": "Feature", "properties": {"temp": 27.74}, "geometry": {"type": "Point", "coordinates": [3.7076752000000006, 51.0576305]}}, {"type": "Feature", "properties": {"temp": 27.74}, "geometry": {"type": "Point", "coordinates": [3.7076753999999994, 51.057630599999996]}}, {"type": "Feature", "properties": {"temp": 27.74}, "geometry": {"type": "Point", "coordinates": [3.7076752000000006, 51.0576305]}}, {"type": "Feature", "properties": {"temp": 27.74}, "geometry": {"type": "Point", "coordinates": [3.7076753, 51.0576303]}}, {"type": "Feature", "properties": {"temp": 27.74}, "geometry": {"type": "Point", "coordinates": [3.7076752000000006, 51.05762990000001]}}, {"type": "Feature", "properties": {"temp": 27.74}, "geometry": {"type": "Point", "coordinates": [3.7076747999999995, 51.05762990000001]}}, {"type": "Feature", "properties": {"temp": 27.74}, "geometry": {"type": "Point", "coordinates": [3.7076745, 51.057629999999996]}}, {"type": "Feature", "properties": {"temp": 27.75}, "geometry": {"type": "Point", "coordinates": [3.7076747999999995, 51.057629999999996]}}, {"type": "Feature", "properties": {"temp": 27.75}, "geometry": {"type": "Point", "coordinates": [3.707674999999999, 51.057630200000006]}}, {"type": "Feature", "properties": {"temp": 27.75}, "geometry": {"type": "Point", "coordinates": [3.7076752000000006, 51.0576303]}}, {"type": "Feature", "properties": {"temp": 27.75}, "geometry": {"type": "Point", "coordinates": [3.7076757000000002, 51.057630599999996]}}, {"type": "Feature", "properties": {"temp": 27.75}, "geometry": {"type": "Point", "coordinates": [3.7076763, 51.05763079999999]}}, {"type": "Feature", "properties": {"temp": 27.75}, "geometry": {"type": "Point", "coordinates": [3.7076768, 51.057631]}}, {"type": "Feature", "properties": {"temp": 27.75}, "geometry": {"type": "Point", "coordinates": [3.7076777, 51.0576305]}}, {"type": "Feature", "properties": {"temp": 27.75}, "geometry": {"type": "Point", "coordinates": [3.7076781999999997, 51.057630100000004]}}, {"type": "Feature", "properties": {"temp": 27.75}, "geometry": {"type": "Point", "coordinates": [3.7076781999999997, 51.057630100000004]}}, {"type": "Feature", "properties": {"temp": 27.76}, "geometry": {"type": "Point", "coordinates": [3.707678, 51.057629999999996]}}, {"type": "Feature", "properties": {"temp": 27.76}, "geometry": {"type": "Point", "coordinates": [3.7076789, 51.057631300000004]}}, {"type": "Feature", "properties": {"temp": 27.76}, "geometry": {"type": "Point", "coordinates": [3.7076781999999997, 51.0576303]}}, {"type": "Feature", "properties": {"temp": 27.76}, "geometry": {"type": "Point", "coordinates": [3.7076817, 51.05762789999999]}}, {"type": "Feature", "properties": {"temp": 27.76}, "geometry": {"type": "Point", "coordinates": [3.7076838999999997, 51.0576259]}}, {"type": "Feature", "properties": {"temp": 27.76}, "geometry": {"type": "Point", "coordinates": [3.7076849, 51.05762489999999]}}, {"type": "Feature", "properties": {"temp": 27.76}, "geometry": {"type": "Point", "coordinates": [3.7076852, 51.0576248]}}, {"type": "Feature", "properties": {"temp": 27.76}, "geometry": {"type": "Point", "coordinates": [3.707685299999999, 51.0576247]}}, {"type": "Feature", "properties": {"temp": 27.76}, "geometry": {"type": "Point", "coordinates": [3.7076851, 51.0576245]}}, {"type": "Feature", "properties": {"temp": 27.77}, "geometry": {"type": "Point", "coordinates": [3.7076855, 51.0576243]}}, {"type": "Feature", "properties": {"temp": 27.77}, "geometry": {"type": "Point", "coordinates": [3.7076852, 51.057624399999995]}}, {"type": "Feature", "properties": {"temp": 27.77}, "geometry": {"type": "Point", "coordinates": [3.7077017, 51.05761879999999]}}, {"type": "Feature", "properties": {"temp": 27.77}, "geometry": {"type": "Point", "coordinates": [3.707793, 51.05761650000001]}}, {"type": "Feature", "properties": {"temp": 27.77}, "geometry": {"type": "Point", "coordinates": [3.7079205999999996, 51.057608200000004]}}, {"type": "Feature", "properties": {"temp": 27.77}, "geometry": {"type": "Point", "coordinates": [3.7080581, 51.05753250000001]}}, {"type": "Feature", "properties": {"temp": 27.77}, "geometry": {"type": "Point", "coordinates": [3.7082168000000006, 51.0574251]}}, {"type": "Feature", "properties": {"temp": 27.77}, "geometry": {"type": "Point", "coordinates": [3.7084141999999995, 51.0573159]}}, {"type": "Feature", "properties": {"temp": 27.77}, "geometry": {"type": "Point", "coordinates": [3.7085945, 51.05721160000001]}}, {"type": "Feature", "properties": {"temp": 27.77}, "geometry": {"type": "Point", "coordinates": [3.7089441999999995, 51.05702170000001]}}, {"type": "Feature", "properties": {"temp": 27.78}, "geometry": {"type": "Point", "coordinates": [3.7090954, 51.0569476]}}, {"type": "Feature", "properties": {"temp": 27.88}, "geometry": {"type": "Point", "coordinates": [3.7092319999999996, 51.0568746]}}, {"type": "Feature", "properties": {"temp": 27.88}, "geometry": {"type": "Point", "coordinates": [3.7093759000000004, 51.0568122]}}, {"type": "Feature", "properties": {"temp": 27.78}, "geometry": {"type": "Point", "coordinates": [3.7094463000000006, 51.056777]}}, {"type": "Feature", "properties": {"temp": 27.78}, "geometry": {"type": "Point", "coordinates": [3.7094496000000006, 51.05677930000001]}}, {"type": "Feature", "properties": {"temp": 27.78}, "geometry": {"type": "Point", "coordinates": [3.709454399999999, 51.0567826]}}, {"type": "Feature", "properties": {"temp": 27.78}, "geometry": {"type": "Point", "coordinates": [3.7094563999999997, 51.0567847]}}, {"type": "Feature", "properties": {"temp": 27.78}, "geometry": {"type": "Point", "coordinates": [3.7094534, 51.05678460000001]}}, {"type": "Feature", "properties": {"temp": 27.78}, "geometry": {"type": "Point", "coordinates": [3.7094562, 51.0567854]}}, {"type": "Feature", "properties": {"temp": 27.79}, "geometry": {"type": "Point", "coordinates": [3.7094565, 51.05678600000001]}}, {"type": "Feature", "properties": {"temp": 27.79}, "geometry": {"type": "Point", "coordinates": [3.7094574, 51.0567869]}}, {"type": "Feature", "properties": {"temp": 27.79}, "geometry": {"type": "Point", "coordinates": [3.7094569, 51.0567872]}}, {"type": "Feature", "properties": {"temp": 27.79}, "geometry": {"type": "Point", "coordinates": [3.7094571, 51.0567878]}}, {"type": "Feature", "properties": {"temp": 27.79}, "geometry": {"type": "Point", "coordinates": [3.7094578, 51.05678809999999]}}, {"type": "Feature", "properties": {"temp": 27.79}, "geometry": {"type": "Point", "coordinates": [3.7094653999999996, 51.05678460000001]}}, {"type": "Feature", "properties": {"temp": 27.79}, "geometry": {"type": "Point", "coordinates": [3.709525099999999, 51.0567473]}}, {"type": "Feature", "properties": {"temp": 27.79}, "geometry": {"type": "Point", "coordinates": [3.7096646, 51.0566852]}}, {"type": "Feature", "properties": {"temp": 27.79}, "geometry": {"type": "Point", "coordinates": [3.7098276999999995, 51.056636100000006]}}, {"type": "Feature", "properties": {"temp": 27.9}, "geometry": {"type": "Point", "coordinates": [3.7099944000000002, 51.056545799999995]}}, {"type": "Feature", "properties": {"temp": 27.8}, "geometry": {"type": "Point", "coordinates": [3.7102185999999997, 51.0564581]}}, {"type": "Feature", "properties": {"temp": 27.8}, "geometry": {"type": "Point", "coordinates": [3.7104304000000004, 51.056362899999996]}}, {"type": "Feature", "properties": {"temp": 27.9}, "geometry": {"type": "Point", "coordinates": [3.7106417000000005, 51.05626709999999]}}, {"type": "Feature", "properties": {"temp": 27.9}, "geometry": {"type": "Point", "coordinates": [3.7108551999999992, 51.056166499999996]}}, {"type": "Feature", "properties": {"temp": 27.9}, "geometry": {"type": "Point", "coordinates": [3.711043599999999, 51.05604360000001]}}, {"type": "Feature", "properties": {"temp": 27.9}, "geometry": {"type": "Point", "coordinates": [3.7112381, 51.0559402]}}, {"type": "Feature", "properties": {"temp": 28.0}, "geometry": {"type": "Point", "coordinates": [3.7114584, 51.0558493]}}, {"type": "Feature", "properties": {"temp": 28.0}, "geometry": {"type": "Point", "coordinates": [3.7116633, 51.05575309999999]}}, {"type": "Feature", "properties": {"temp": 28.0}, "geometry": {"type": "Point", "coordinates": [3.7118656999999993, 51.0556425]}}, {"type": "Feature", "properties": {"temp": 28.01}, "geometry": {"type": "Point", "coordinates": [3.7120605999999996, 51.0555415]}}, {"type": "Feature", "properties": {"temp": 28.01}, "geometry": {"type": "Point", "coordinates": [3.7122613, 51.0554307]}}, {"type": "Feature", "properties": {"temp": 28.01}, "geometry": {"type": "Point", "coordinates": [3.7124573000000005, 51.05533160000001]}}, {"type": "Feature", "properties": {"temp": 28.01}, "geometry": {"type": "Point", "coordinates": [3.7126560000000004, 51.05521709999999]}}, {"type": "Feature", "properties": {"temp": 28.11}, "geometry": {"type": "Point", "coordinates": [3.712852, 51.05511159999999]}}, {"type": "Feature", "properties": {"temp": 28.11}, "geometry": {"type": "Point", "coordinates": [3.713036, 51.05500820000001]}}, {"type": "Feature", "properties": {"temp": 28.11}, "geometry": {"type": "Point", "coordinates": [3.7132598000000003, 51.054903599999996]}}, {"type": "Feature", "properties": {"temp": 28.11}, "geometry": {"type": "Point", "coordinates": [3.7134815999999997, 51.05481939999999]}}, {"type": "Feature", "properties": {"temp": 28.11}, "geometry": {"type": "Point", "coordinates": [3.713717499999999, 51.054735099999995]}}, {"type": "Feature", "properties": {"temp": 28.11}, "geometry": {"type": "Point", "coordinates": [3.7139638, 51.0546482]}}, {"type": "Feature", "properties": {"temp": 28.12}, "geometry": {"type": "Point", "coordinates": [3.7141912999999995, 51.0545851]}}, {"type": "Feature", "properties": {"temp": 28.12}, "geometry": {"type": "Point", "coordinates": [3.7144331, 51.0545772]}}, {"type": "Feature", "properties": {"temp": 28.22}, "geometry": {"type": "Point", "coordinates": [3.7146777, 51.0545761]}}, {"type": "Feature", "properties": {"temp": 28.22}, "geometry": {"type": "Point", "coordinates": [3.7149401999999987, 51.05455659999999]}}, {"type": "Feature", "properties": {"temp": 28.12}, "geometry": {"type": "Point", "coordinates": [3.715173399999999, 51.0545263]}}, {"type": "Feature", "properties": {"temp": 28.22}, "geometry": {"type": "Point", "coordinates": [3.7154275999999995, 51.05451909999999]}}, {"type": "Feature", "properties": {"temp": 28.22}, "geometry": {"type": "Point", "coordinates": [3.7156778000000004, 51.054507]}}, {"type": "Feature", "properties": {"temp": 28.22}, "geometry": {"type": "Point", "coordinates": [3.7159299, 51.05448489999999]}}, {"type": "Feature", "properties": {"temp": 28.23}, "geometry": {"type": "Point", "coordinates": [3.7164377, 51.0544448]}}, {"type": "Feature", "properties": {"temp": 28.23}, "geometry": {"type": "Point", "coordinates": [3.716685799999999, 51.054423]}}, {"type": "Feature", "properties": {"temp": 28.23}, "geometry": {"type": "Point", "coordinates": [3.7169365999999995, 51.054416899999985]}}, {"type": "Feature", "properties": {"temp": 28.23}, "geometry": {"type": "Point", "coordinates": [3.7171834999999995, 51.054380300000005]}}, {"type": "Feature", "properties": {"temp": 28.23}, "geometry": {"type": "Point", "coordinates": [3.7173987999999993, 51.05433459999998]}}, {"type": "Feature", "properties": {"temp": 28.23}, "geometry": {"type": "Point", "coordinates": [3.7175573000000006, 51.0542067]}}, {"type": "Feature", "properties": {"temp": 28.33}, "geometry": {"type": "Point", "coordinates": [3.7177207, 51.054079300000005]}}, {"type": "Feature", "properties": {"temp": 28.33}, "geometry": {"type": "Point", "coordinates": [3.7179349, 51.0539829]}}, {"type": "Feature", "properties": {"temp": 28.33}, "geometry": {"type": "Point", "coordinates": [3.7181389000000005, 51.0538816]}}, {"type": "Feature", "properties": {"temp": 28.33}, "geometry": {"type": "Point", "coordinates": [3.7183218, 51.0538026]}}, {"type": "Feature", "properties": {"temp": 28.34}, "geometry": {"type": "Point", "coordinates": [3.7184924999999995, 51.0537444]}}, {"type": "Feature", "properties": {"temp": 28.34}, "geometry": {"type": "Point", "coordinates": [3.7186541, 51.05372599999999]}}, {"type": "Feature", "properties": {"temp": 28.24}, "geometry": {"type": "Point", "coordinates": [3.7188244000000004, 51.05376529999999]}}, {"type": "Feature", "properties": {"temp": 28.34}, "geometry": {"type": "Point", "coordinates": [3.7190328999999993, 51.0538171]}}, {"type": "Feature", "properties": {"temp": 28.24}, "geometry": {"type": "Point", "coordinates": [3.7192412000000004, 51.053859]}}, {"type": "Feature", "properties": {"temp": 28.24}, "geometry": {"type": "Point", "coordinates": [3.7194527, 51.0538633]}}, {"type": "Feature", "properties": {"temp": 28.24}, "geometry": {"type": "Point", "coordinates": [3.7196561999999993, 51.0538813]}}, {"type": "Feature", "properties": {"temp": 28.24}, "geometry": {"type": "Point", "coordinates": [3.7198464, 51.05386550000001]}}, {"type": "Feature", "properties": {"temp": 28.24}, "geometry": {"type": "Point", "coordinates": [3.7200094, 51.053884000000004]}}, {"type": "Feature", "properties": {"temp": 28.15}, "geometry": {"type": "Point", "coordinates": [3.7201900999999995, 51.05387710000001]}}, {"type": "Feature", "properties": {"temp": 28.15}, "geometry": {"type": "Point", "coordinates": [3.7203817, 51.0538657]}}, {"type": "Feature", "properties": {"temp": 28.15}, "geometry": {"type": "Point", "coordinates": [3.7205553, 51.05388029999998]}}, {"type": "Feature", "properties": {"temp": 28.15}, "geometry": {"type": "Point", "coordinates": [3.7207375999999996, 51.05389759999999]}}, {"type": "Feature", "properties": {"temp": 28.25}, "geometry": {"type": "Point", "coordinates": [3.7209459, 51.0539121]}}, {"type": "Feature", "properties": {"temp": 28.25}, "geometry": {"type": "Point", "coordinates": [3.7211672, 51.053904]}}, {"type": "Feature", "properties": {"temp": 28.25}, "geometry": {"type": "Point", "coordinates": [3.7214102999999996, 51.0538931]}}, {"type": "Feature", "properties": {"temp": 28.35}, "geometry": {"type": "Point", "coordinates": [3.721631799999999, 51.053882099999996]}}, {"type": "Feature", "properties": {"temp": 28.35}, "geometry": {"type": "Point", "coordinates": [3.7217998000000003, 51.05389230000001]}}, {"type": "Feature", "properties": {"temp": 28.36}, "geometry": {"type": "Point", "coordinates": [3.7218795, 51.05394080000001]}}, {"type": "Feature", "properties": {"temp": 28.36}, "geometry": {"type": "Point", "coordinates": [3.7218150999999997, 51.054084700000004]}}, {"type": "Feature", "properties": {"temp": 28.36}, "geometry": {"type": "Point", "coordinates": [3.7218192999999995, 51.05421259999999]}}, {"type": "Feature", "properties": {"temp": 28.36}, "geometry": {"type": "Point", "coordinates": [3.7218443, 51.05436600000001]}}, {"type": "Feature", "properties": {"temp": 28.36}, "geometry": {"type": "Point", "coordinates": [3.7218486000000004, 51.05452079999999]}}, {"type": "Feature", "properties": {"temp": 28.46}, "geometry": {"type": "Point", "coordinates": [3.7218816000000006, 51.0546668]}}, {"type": "Feature", "properties": {"temp": 28.46}, "geometry": {"type": "Point", "coordinates": [3.7218899999999997, 51.054801700000006]}}, {"type": "Feature", "properties": {"temp": 28.46}, "geometry": {"type": "Point", "coordinates": [3.7219051999999997, 51.054973099999984]}}, {"type": "Feature", "properties": {"temp": 28.46}, "geometry": {"type": "Point", "coordinates": [3.7219669999999994, 51.05508659999999]}}, {"type": "Feature", "properties": {"temp": 28.56}, "geometry": {"type": "Point", "coordinates": [3.7220401000000005, 51.05517459999999]}}, {"type": "Feature", "properties": {"temp": 28.57}, "geometry": {"type": "Point", "coordinates": [3.7220994999999992, 51.055302399999995]}}, {"type": "Feature", "properties": {"temp": 28.57}, "geometry": {"type": "Point", "coordinates": [3.7221648000000003, 51.05541530000001]}}, {"type": "Feature", "properties": {"temp": 28.57}, "geometry": {"type": "Point", "coordinates": [3.7222391000000004, 51.0555509]}}, {"type": "Feature", "properties": {"temp": 28.57}, "geometry": {"type": "Point", "coordinates": [3.7223117, 51.05566770000001]}}, {"type": "Feature", "properties": {"temp": 28.57}, "geometry": {"type": "Point", "coordinates": [3.7224206, 51.055768300000004]}}, {"type": "Feature", "properties": {"temp": 28.47}, "geometry": {"type": "Point", "coordinates": [3.7225775000000003, 51.05583930000001]}}, {"type": "Feature", "properties": {"temp": 28.57}, "geometry": {"type": "Point", "coordinates": [3.7226990000000004, 51.05591869999999]}}, {"type": "Feature", "properties": {"temp": 28.57}, "geometry": {"type": "Point", "coordinates": [3.7227964, 51.0559812]}}, {"type": "Feature", "properties": {"temp": 28.47}, "geometry": {"type": "Point", "coordinates": [3.7228056999999994, 51.056024900000004]}}, {"type": "Feature", "properties": {"temp": 28.48}, "geometry": {"type": "Point", "coordinates": [3.7228308999999995, 51.05605950000001]}}, {"type": "Feature", "properties": {"temp": 28.48}, "geometry": {"type": "Point", "coordinates": [3.7229176, 51.056111800000004]}}, {"type": "Feature", "properties": {"temp": 28.48}, "geometry": {"type": "Point", "coordinates": [3.7230188, 51.056200999999994]}}, {"type": "Feature", "properties": {"temp": 28.48}, "geometry": {"type": "Point", "coordinates": [3.7231517999999997, 51.05630020000001]}}, {"type": "Feature", "properties": {"temp": 28.48}, "geometry": {"type": "Point", "coordinates": [3.7232629, 51.0564216]}}, {"type": "Feature", "properties": {"temp": 28.48}, "geometry": {"type": "Point", "coordinates": [3.7233607, 51.05654289999999]}}, {"type": "Feature", "properties": {"temp": 28.48}, "geometry": {"type": "Point", "coordinates": [3.7234574, 51.05664689999999]}}, {"type": "Feature", "properties": {"temp": 28.48}, "geometry": {"type": "Point", "coordinates": [3.7235548000000005, 51.0567663]}}, {"type": "Feature", "properties": {"temp": 28.48}, "geometry": {"type": "Point", "coordinates": [3.7236925, 51.056824]}}, {"type": "Feature", "properties": {"temp": 28.48}, "geometry": {"type": "Point", "coordinates": [3.7237831, 51.0568959]}}, {"type": "Feature", "properties": {"temp": 28.49}, "geometry": {"type": "Point", "coordinates": [3.7238520999999993, 51.0569693]}}, {"type": "Feature", "properties": {"temp": 28.49}, "geometry": {"type": "Point", "coordinates": [3.7239849999999994, 51.057038299999995]}}, {"type": "Feature", "properties": {"temp": 28.49}, "geometry": {"type": "Point", "coordinates": [3.7241361000000004, 51.05712020000001]}}, {"type": "Feature", "properties": {"temp": 28.39}, "geometry": {"type": "Point", "coordinates": [3.7242316000000004, 51.0571889]}}, {"type": "Feature", "properties": {"temp": 28.39}, "geometry": {"type": "Point", "coordinates": [3.724333099999999, 51.057205100000004]}}, {"type": "Feature", "properties": {"temp": 28.39}, "geometry": {"type": "Point", "coordinates": [3.7244469999999996, 51.0571415]}}, {"type": "Feature", "properties": {"temp": 28.39}, "geometry": {"type": "Point", "coordinates": [3.7245862000000005, 51.05704399999999]}}, {"type": "Feature", "properties": {"temp": 28.39}, "geometry": {"type": "Point", "coordinates": [3.7247319000000005, 51.05697189999999]}}, {"type": "Feature", "properties": {"temp": 28.39}, "geometry": {"type": "Point", "coordinates": [3.7248686, 51.0569315]}}, {"type": "Feature", "properties": {"temp": 28.4}, "geometry": {"type": "Point", "coordinates": [3.7250015999999997, 51.0568967]}}, {"type": "Feature", "properties": {"temp": 28.4}, "geometry": {"type": "Point", "coordinates": [3.7251712000000006, 51.0568915]}}, {"type": "Feature", "properties": {"temp": 28.4}, "geometry": {"type": "Point", "coordinates": [3.7253371, 51.0569483]}}, {"type": "Feature", "properties": {"temp": 28.4}, "geometry": {"type": "Point", "coordinates": [3.7254909, 51.05700999999999]}}, {"type": "Feature", "properties": {"temp": 28.4}, "geometry": {"type": "Point", "coordinates": [3.7256432, 51.0570576]}}, {"type": "Feature", "properties": {"temp": 28.4}, "geometry": {"type": "Point", "coordinates": [3.725784, 51.057115]}}, {"type": "Feature", "properties": {"temp": 28.4}, "geometry": {"type": "Point", "coordinates": [3.7259085, 51.057183300000005]}}, {"type": "Feature", "properties": {"temp": 28.4}, "geometry": {"type": "Point", "coordinates": [3.7259851999999993, 51.0572546]}}, {"type": "Feature", "properties": {"temp": 28.4}, "geometry": {"type": "Point", "coordinates": [3.7260605, 51.0573218]}}, {"type": "Feature", "properties": {"temp": 28.5}, "geometry": {"type": "Point", "coordinates": [3.7261805, 51.0574066]}}, {"type": "Feature", "properties": {"temp": 28.51}, "geometry": {"type": "Point", "coordinates": [3.726311599999999, 51.05748549999999]}}, {"type": "Feature", "properties": {"temp": 28.51}, "geometry": {"type": "Point", "coordinates": [3.7264439, 51.05756449999999]}}, {"type": "Feature", "properties": {"temp": 28.51}, "geometry": {"type": "Point", "coordinates": [3.7265862999999992, 51.057655200000006]}}, {"type": "Feature", "properties": {"temp": 28.51}, "geometry": {"type": "Point", "coordinates": [3.7269601000000003, 51.0578304]}}, {"type": "Feature", "properties": {"temp": 28.51}, "geometry": {"type": "Point", "coordinates": [3.7271607000000007, 51.0578861]}}, {"type": "Feature", "properties": {"temp": 28.61}, "geometry": {"type": "Point", "coordinates": [3.7273528, 51.05794039999999]}}, {"type": "Feature", "properties": {"temp": 28.61}, "geometry": {"type": "Point", "coordinates": [3.7275251999999996, 51.05800599999999]}}, {"type": "Feature", "properties": {"temp": 28.61}, "geometry": {"type": "Point", "coordinates": [3.7276922999999993, 51.05805789999999]}}, {"type": "Feature", "properties": {"temp": 28.61}, "geometry": {"type": "Point", "coordinates": [3.7278073, 51.05811159999999]}}, {"type": "Feature", "properties": {"temp": 28.62}, "geometry": {"type": "Point", "coordinates": [3.7278105000000004, 51.058247]}}, {"type": "Feature", "properties": {"temp": 28.62}, "geometry": {"type": "Point", "coordinates": [3.727667999999999, 51.0583833]}}, {"type": "Feature", "properties": {"temp": 28.62}, "geometry": {"type": "Point", "coordinates": [3.7275467, 51.058509]}}, {"type": "Feature", "properties": {"temp": 28.62}, "geometry": {"type": "Point", "coordinates": [3.7274348000000006, 51.05862019999999]}}, {"type": "Feature", "properties": {"temp": 28.52}, "geometry": {"type": "Point", "coordinates": [3.7272675000000004, 51.058701600000006]}}, {"type": "Feature", "properties": {"temp": 28.52}, "geometry": {"type": "Point", "coordinates": [3.727110599999999, 51.0588015]}}, {"type": "Feature", "properties": {"temp": 28.52}, "geometry": {"type": "Point", "coordinates": [3.7269511, 51.05890469999999]}}, {"type": "Feature", "properties": {"temp": 28.62}, "geometry": {"type": "Point", "coordinates": [3.7266495, 51.05908789999999]}}, {"type": "Feature", "properties": {"temp": 28.63}, "geometry": {"type": "Point", "coordinates": [3.7265118999999993, 51.05918539999999]}}, {"type": "Feature", "properties": {"temp": 28.63}, "geometry": {"type": "Point", "coordinates": [3.7263941, 51.05926290000001]}}, {"type": "Feature", "properties": {"temp": 28.53}, "geometry": {"type": "Point", "coordinates": [3.7262953000000003, 51.059326999999996]}}, {"type": "Feature", "properties": {"temp": 28.63}, "geometry": {"type": "Point", "coordinates": [3.7261711999999996, 51.059391299999994]}}, {"type": "Feature", "properties": {"temp": 28.53}, "geometry": {"type": "Point", "coordinates": [3.7260164999999996, 51.05945010000001]}}, {"type": "Feature", "properties": {"temp": 28.43}, "geometry": {"type": "Point", "coordinates": [3.725828, 51.05949009999999]}}, {"type": "Feature", "properties": {"temp": 28.43}, "geometry": {"type": "Point", "coordinates": [3.7256354999999997, 51.05951079999999]}}, {"type": "Feature", "properties": {"temp": 28.43}, "geometry": {"type": "Point", "coordinates": [3.7254503000000003, 51.059530399999986]}}, {"type": "Feature", "properties": {"temp": 28.33}, "geometry": {"type": "Point", "coordinates": [3.7252643999999995, 51.0595531]}}, {"type": "Feature", "properties": {"temp": 28.33}, "geometry": {"type": "Point", "coordinates": [3.7250952000000006, 51.059589599999995]}}, {"type": "Feature", "properties": {"temp": 28.34}, "geometry": {"type": "Point", "coordinates": [3.7249737000000005, 51.0596553]}}, {"type": "Feature", "properties": {"temp": 28.34}, "geometry": {"type": "Point", "coordinates": [3.7249138000000004, 51.059733]}}, {"type": "Feature", "properties": {"temp": 28.34}, "geometry": {"type": "Point", "coordinates": [3.7249031000000006, 51.0597886]}}, {"type": "Feature", "properties": {"temp": 28.34}, "geometry": {"type": "Point", "coordinates": [3.7249421999999996, 51.05989149999999]}}, {"type": "Feature", "properties": {"temp": 28.34}, "geometry": {"type": "Point", "coordinates": [3.7249538, 51.0599958]}}, {"type": "Feature", "properties": {"temp": 28.34}, "geometry": {"type": "Point", "coordinates": [3.7248860000000006, 51.060072]}}, {"type": "Feature", "properties": {"temp": 28.34}, "geometry": {"type": "Point", "coordinates": [3.7247314, 51.0601096]}}, {"type": "Feature", "properties": {"temp": 28.34}, "geometry": {"type": "Point", "coordinates": [3.7244797, 51.0600151]}}, {"type": "Feature", "properties": {"temp": 28.34}, "geometry": {"type": "Point", "coordinates": [3.7242655999999994, 51.05993279999999]}}, {"type": "Feature", "properties": {"temp": 28.35}, "geometry": {"type": "Point", "coordinates": [3.7240726, 51.059852899999996]}}, {"type": "Feature", "properties": {"temp": 28.35}, "geometry": {"type": "Point", "coordinates": [3.7238676, 51.05979419999999]}}, {"type": "Feature", "properties": {"temp": 28.45}, "geometry": {"type": "Point", "coordinates": [3.7234702999999993, 51.059677799999996]}}, {"type": "Feature", "properties": {"temp": 28.35}, "geometry": {"type": "Point", "coordinates": [3.723295199999999, 51.0596155]}}, {"type": "Feature", "properties": {"temp": 28.35}, "geometry": {"type": "Point", "coordinates": [3.7230948, 51.05952129999999]}}, {"type": "Feature", "properties": {"temp": 28.35}, "geometry": {"type": "Point", "coordinates": [3.7228809000000003, 51.0594406]}}, {"type": "Feature", "properties": {"temp": 28.35}, "geometry": {"type": "Point", "coordinates": [3.7226869999999996, 51.0593605]}}, {"type": "Feature", "properties": {"temp": 28.35}, "geometry": {"type": "Point", "coordinates": [3.722486, 51.059252199999996]}}, {"type": "Feature", "properties": {"temp": 28.26}, "geometry": {"type": "Point", "coordinates": [3.7222651000000004, 51.05917779999999]}}, {"type": "Feature", "properties": {"temp": 28.36}, "geometry": {"type": "Point", "coordinates": [3.7220546999999993, 51.0590887]}}, {"type": "Feature", "properties": {"temp": 28.36}, "geometry": {"type": "Point", "coordinates": [3.7218585000000006, 51.0589963]}}, {"type": "Feature", "properties": {"temp": 28.36}, "geometry": {"type": "Point", "coordinates": [3.7216612999999996, 51.05890910000001]}}, {"type": "Feature", "properties": {"temp": 28.36}, "geometry": {"type": "Point", "coordinates": [3.7214514, 51.0588254]}}, {"type": "Feature", "properties": {"temp": 28.36}, "geometry": {"type": "Point", "coordinates": [3.7212375, 51.05875019999999]}}, {"type": "Feature", "properties": {"temp": 28.36}, "geometry": {"type": "Point", "coordinates": [3.721061199999999, 51.058674]}}, {"type": "Feature", "properties": {"temp": 28.36}, "geometry": {"type": "Point", "coordinates": [3.7208974000000006, 51.05859790000001]}}, {"type": "Feature", "properties": {"temp": 28.46}, "geometry": {"type": "Point", "coordinates": [3.7207512, 51.0584764]}}, {"type": "Feature", "properties": {"temp": 28.36}, "geometry": {"type": "Point", "coordinates": [3.7205698, 51.0583981]}}, {"type": "Feature", "properties": {"temp": 28.37}, "geometry": {"type": "Point", "coordinates": [3.7203847999999993, 51.0583076]}}, {"type": "Feature", "properties": {"temp": 28.37}, "geometry": {"type": "Point", "coordinates": [3.7201896, 51.058249800000006]}}, {"type": "Feature", "properties": {"temp": 28.37}, "geometry": {"type": "Point", "coordinates": [3.7200481, 51.0582035]}}, {"type": "Feature", "properties": {"temp": 28.37}, "geometry": {"type": "Point", "coordinates": [3.7198929000000005, 51.05822669999999]}}, {"type": "Feature", "properties": {"temp": 28.37}, "geometry": {"type": "Point", "coordinates": [3.7197856, 51.0583329]}}, {"type": "Feature", "properties": {"temp": 28.37}, "geometry": {"type": "Point", "coordinates": [3.7196774999999995, 51.058453]}}, {"type": "Feature", "properties": {"temp": 28.37}, "geometry": {"type": "Point", "coordinates": [3.7195696999999996, 51.0585794]}}, {"type": "Feature", "properties": {"temp": 28.27}, "geometry": {"type": "Point", "coordinates": [3.7194690000000006, 51.0586995]}}, {"type": "Feature", "properties": {"temp": 28.27}, "geometry": {"type": "Point", "coordinates": [3.7193737000000002, 51.0588119]}}, {"type": "Feature", "properties": {"temp": 28.27}, "geometry": {"type": "Point", "coordinates": [3.71928, 51.058922300000006]}}, {"type": "Feature", "properties": {"temp": 28.28}, "geometry": {"type": "Point", "coordinates": [3.7191954000000003, 51.05902660000001]}}, {"type": "Feature", "properties": {"temp": 28.28}, "geometry": {"type": "Point", "coordinates": [3.7190938, 51.059121099999984]}}, {"type": "Feature", "properties": {"temp": 28.28}, "geometry": {"type": "Point", "coordinates": [3.7189843, 51.059212]}}, {"type": "Feature", "properties": {"temp": 28.28}, "geometry": {"type": "Point", "coordinates": [3.7189014, 51.05929660000001]}}, {"type": "Feature", "properties": {"temp": 28.38}, "geometry": {"type": "Point", "coordinates": [3.7188083000000005, 51.0593809]}}, {"type": "Feature", "properties": {"temp": 28.28}, "geometry": {"type": "Point", "coordinates": [3.718744499999999, 51.05946479999999]}}, {"type": "Feature", "properties": {"temp": 28.38}, "geometry": {"type": "Point", "coordinates": [3.7187359, 51.0595802]}}, {"type": "Feature", "properties": {"temp": 28.38}, "geometry": {"type": "Point", "coordinates": [3.7187073, 51.05971039999999]}}, {"type": "Feature", "properties": {"temp": 28.38}, "geometry": {"type": "Point", "coordinates": [3.7186901, 51.0598559]}}, {"type": "Feature", "properties": {"temp": 28.39}, "geometry": {"type": "Point", "coordinates": [3.7186553000000004, 51.06001189999999]}}, {"type": "Feature", "properties": {"temp": 28.39}, "geometry": {"type": "Point", "coordinates": [3.7185914000000007, 51.0601587]}}, {"type": "Feature", "properties": {"temp": 28.39}, "geometry": {"type": "Point", "coordinates": [3.7185106000000006, 51.06032669999999]}}, {"type": "Feature", "properties": {"temp": 28.39}, "geometry": {"type": "Point", "coordinates": [3.7184500000000003, 51.060470800000004]}}, {"type": "Feature", "properties": {"temp": 28.39}, "geometry": {"type": "Point", "coordinates": [3.7183933, 51.060607499999996]}}, {"type": "Feature", "properties": {"temp": 28.39}, "geometry": {"type": "Point", "coordinates": [3.718355, 51.060746900000005]}}, {"type": "Feature", "properties": {"temp": 28.29}, "geometry": {"type": "Point", "coordinates": [3.7182235, 51.06101279999999]}}, {"type": "Feature", "properties": {"temp": 28.29}, "geometry": {"type": "Point", "coordinates": [3.7181666, 51.0611725]}}, {"type": "Feature", "properties": {"temp": 28.19}, "geometry": {"type": "Point", "coordinates": [3.7181274, 51.0613408]}}, {"type": "Feature", "properties": {"temp": 28.2}, "geometry": {"type": "Point", "coordinates": [3.7180712000000002, 51.06148590000001]}}, {"type": "Feature", "properties": {"temp": 28.2}, "geometry": {"type": "Point", "coordinates": [3.7180204000000003, 51.0616185]}}, {"type": "Feature", "properties": {"temp": 28.2}, "geometry": {"type": "Point", "coordinates": [3.7179844999999996, 51.0617947]}}, {"type": "Feature", "properties": {"temp": 28.2}, "geometry": {"type": "Point", "coordinates": [3.717950899999999, 51.06193129999999]}}, {"type": "Feature", "properties": {"temp": 28.2}, "geometry": {"type": "Point", "coordinates": [3.7179191, 51.062055599999994]}}, {"type": "Feature", "properties": {"temp": 28.1}, "geometry": {"type": "Point", "coordinates": [3.7178841, 51.062177199999994]}}, {"type": "Feature", "properties": {"temp": 28.1}, "geometry": {"type": "Point", "coordinates": [3.7178121, 51.0622594]}}, {"type": "Feature", "properties": {"temp": 28.1}, "geometry": {"type": "Point", "coordinates": [3.7176507, 51.062246]}}, {"type": "Feature", "properties": {"temp": 28.1}, "geometry": {"type": "Point", "coordinates": [3.7174585000000007, 51.0622129]}}, {"type": "Feature", "properties": {"temp": 28.11}, "geometry": {"type": "Point", "coordinates": [3.7172381, 51.0621972]}}, {"type": "Feature", "properties": {"temp": 28.11}, "geometry": {"type": "Point", "coordinates": [3.717016899999999, 51.06217360000001]}}, {"type": "Feature", "properties": {"temp": 28.01}, "geometry": {"type": "Point", "coordinates": [3.716764799999999, 51.06215530000001]}}, {"type": "Feature", "properties": {"temp": 28.01}, "geometry": {"type": "Point", "coordinates": [3.7165351000000006, 51.0621471]}}, {"type": "Feature", "properties": {"temp": 28.01}, "geometry": {"type": "Point", "coordinates": [3.7163471, 51.0621308]}}, {"type": "Feature", "properties": {"temp": 28.01}, "geometry": {"type": "Point", "coordinates": [3.7161965999999995, 51.062120799999995]}}, {"type": "Feature", "properties": {"temp": 28.01}, "geometry": {"type": "Point", "coordinates": [3.716084, 51.0620836]}}, {"type": "Feature", "properties": {"temp": 28.01}, "geometry": {"type": "Point", "coordinates": [3.7159995000000006, 51.061999]}}, {"type": "Feature", "properties": {"temp": 28.01}, "geometry": {"type": "Point", "coordinates": [3.7158846, 51.0619338]}}, {"type": "Feature", "properties": {"temp": 28.01}, "geometry": {"type": "Point", "coordinates": [3.7156939, 51.0619458]}}, {"type": "Feature", "properties": {"temp": 28.02}, "geometry": {"type": "Point", "coordinates": [3.7155351, 51.0619541]}}, {"type": "Feature", "properties": {"temp": 28.02}, "geometry": {"type": "Point", "coordinates": [3.7153763, 51.06192670000001]}}, {"type": "Feature", "properties": {"temp": 28.02}, "geometry": {"type": "Point", "coordinates": [3.7152304000000003, 51.0618424]}}, {"type": "Feature", "properties": {"temp": 28.02}, "geometry": {"type": "Point", "coordinates": [3.7151305000000003, 51.0617242]}}, {"type": "Feature", "properties": {"temp": 28.02}, "geometry": {"type": "Point", "coordinates": [3.7149753, 51.06171919999999]}}, {"type": "Feature", "properties": {"temp": 28.02}, "geometry": {"type": "Point", "coordinates": [3.7148407, 51.061786]}}, {"type": "Feature", "properties": {"temp": 28.02}, "geometry": {"type": "Point", "coordinates": [3.7148684000000003, 51.061905100000004]}}, {"type": "Feature", "properties": {"temp": 28.12}, "geometry": {"type": "Point", "coordinates": [3.7150111999999997, 51.0619944]}}, {"type": "Feature", "properties": {"temp": 28.13}, "geometry": {"type": "Point", "coordinates": [3.715166899999999, 51.0620994]}}, {"type": "Feature", "properties": {"temp": 28.13}, "geometry": {"type": "Point", "coordinates": [3.7153176000000006, 51.062211399999995]}}, {"type": "Feature", "properties": {"temp": 28.13}, "geometry": {"type": "Point", "coordinates": [3.715458599999999, 51.0623156]}}, {"type": "Feature", "properties": {"temp": 28.13}, "geometry": {"type": "Point", "coordinates": [3.7155991000000004, 51.062415999999985]}}, {"type": "Feature", "properties": {"temp": 28.13}, "geometry": {"type": "Point", "coordinates": [3.7157149000000005, 51.062504600000004]}}, {"type": "Feature", "properties": {"temp": 28.13}, "geometry": {"type": "Point", "coordinates": [3.7158245000000005, 51.062579]}}, {"type": "Feature", "properties": {"temp": 28.13}, "geometry": {"type": "Point", "coordinates": [3.7159294999999997, 51.062661600000006]}}, {"type": "Feature", "properties": {"temp": 28.13}, "geometry": {"type": "Point", "coordinates": [3.7160528, 51.06275149999999]}}, {"type": "Feature", "properties": {"temp": 28.13}, "geometry": {"type": "Point", "coordinates": [3.7162059000000003, 51.062843399999984]}}, {"type": "Feature", "properties": {"temp": 28.03}, "geometry": {"type": "Point", "coordinates": [3.7163629, 51.062946999999994]}}, {"type": "Feature", "properties": {"temp": 28.04}, "geometry": {"type": "Point", "coordinates": [3.716523, 51.06307559999999]}}, {"type": "Feature", "properties": {"temp": 28.04}, "geometry": {"type": "Point", "coordinates": [3.7166530000000004, 51.0631979]}}, {"type": "Feature", "properties": {"temp": 27.94}, "geometry": {"type": "Point", "coordinates": [3.7167966999999997, 51.0632811]}}, {"type": "Feature", "properties": {"temp": 28.04}, "geometry": {"type": "Point", "coordinates": [3.7169447000000004, 51.063380699999996]}}, {"type": "Feature", "properties": {"temp": 27.94}, "geometry": {"type": "Point", "coordinates": [3.7170809000000005, 51.063476599999994]}}, {"type": "Feature", "properties": {"temp": 27.94}, "geometry": {"type": "Point", "coordinates": [3.7172052, 51.0635696]}}, {"type": "Feature", "properties": {"temp": 27.94}, "geometry": {"type": "Point", "coordinates": [3.7173326000000007, 51.0636664]}}, {"type": "Feature", "properties": {"temp": 27.94}, "geometry": {"type": "Point", "coordinates": [3.7174582, 51.06376749999999]}}, {"type": "Feature", "properties": {"temp": 27.94}, "geometry": {"type": "Point", "coordinates": [3.7175886000000005, 51.06387730000001]}}, {"type": "Feature", "properties": {"temp": 27.85}, "geometry": {"type": "Point", "coordinates": [3.7177366999999997, 51.063978000000006]}}, {"type": "Feature", "properties": {"temp": 27.95}, "geometry": {"type": "Point", "coordinates": [3.7178861999999993, 51.0640692]}}, {"type": "Feature", "properties": {"temp": 27.95}, "geometry": {"type": "Point", "coordinates": [3.7180747, 51.0641849]}}, {"type": "Feature", "properties": {"temp": 27.95}, "geometry": {"type": "Point", "coordinates": [3.7181748000000003, 51.064246999999995]}}, {"type": "Feature", "properties": {"temp": 27.95}, "geometry": {"type": "Point", "coordinates": [3.7182456999999998, 51.06430069999998]}}, {"type": "Feature", "properties": {"temp": 27.95}, "geometry": {"type": "Point", "coordinates": [3.718216299999999, 51.0643762]}}, {"type": "Feature", "properties": {"temp": 27.95}, "geometry": {"type": "Point", "coordinates": [3.7181232, 51.06442639999999]}}, {"type": "Feature", "properties": {"temp": 27.95}, "geometry": {"type": "Point", "coordinates": [3.7180192000000005, 51.06448059999999]}}, {"type": "Feature", "properties": {"temp": 27.95}, "geometry": {"type": "Point", "coordinates": [3.717908, 51.0645464]}}, {"type": "Feature", "properties": {"temp": 27.95}, "geometry": {"type": "Point", "coordinates": [3.7177988, 51.0646096]}}, {"type": "Feature", "properties": {"temp": 27.86}, "geometry": {"type": "Point", "coordinates": [3.717720499999999, 51.0647289]}}, {"type": "Feature", "properties": {"temp": 27.96}, "geometry": {"type": "Point", "coordinates": [3.7176676000000004, 51.0648715]}}, {"type": "Feature", "properties": {"temp": 27.86}, "geometry": {"type": "Point", "coordinates": [3.7176222000000005, 51.0650205]}}, {"type": "Feature", "properties": {"temp": 27.86}, "geometry": {"type": "Point", "coordinates": [3.7175741999999996, 51.06516740000001]}}, {"type": "Feature", "properties": {"temp": 27.86}, "geometry": {"type": "Point", "coordinates": [3.7175099000000005, 51.06531309999999]}}, {"type": "Feature", "properties": {"temp": 27.86}, "geometry": {"type": "Point", "coordinates": [3.7174355000000006, 51.065464899999995]}}, {"type": "Feature", "properties": {"temp": 27.86}, "geometry": {"type": "Point", "coordinates": [3.7173409000000004, 51.0656224]}}, {"type": "Feature", "properties": {"temp": 27.86}, "geometry": {"type": "Point", "coordinates": [3.7172383, 51.065773899999996]}}, {"type": "Feature", "properties": {"temp": 27.86}, "geometry": {"type": "Point", "coordinates": [3.717171, 51.065931]}}, {"type": "Feature", "properties": {"temp": 27.87}, "geometry": {"type": "Point", "coordinates": [3.7171242999999996, 51.0660798]}}, {"type": "Feature", "properties": {"temp": 27.87}, "geometry": {"type": "Point", "coordinates": [3.7170872, 51.0662393]}}, {"type": "Feature", "properties": {"temp": 27.87}, "geometry": {"type": "Point", "coordinates": [3.7170511, 51.0663863]}}, {"type": "Feature", "properties": {"temp": 27.77}, "geometry": {"type": "Point", "coordinates": [3.7170120000000004, 51.06653320000001]}}, {"type": "Feature", "properties": {"temp": 27.77}, "geometry": {"type": "Point", "coordinates": [3.7169671, 51.06666269999999]}}, {"type": "Feature", "properties": {"temp": 27.77}, "geometry": {"type": "Point", "coordinates": [3.7169171999999997, 51.0667861]}}, {"type": "Feature", "properties": {"temp": 27.77}, "geometry": {"type": "Point", "coordinates": [3.7167822000000004, 51.067062]}}, {"type": "Feature", "properties": {"temp": 27.77}, "geometry": {"type": "Point", "coordinates": [3.716703399999999, 51.0672131]}}, {"type": "Feature", "properties": {"temp": 27.68}, "geometry": {"type": "Point", "coordinates": [3.7166237, 51.06738049999999]}}, {"type": "Feature", "properties": {"temp": 27.68}, "geometry": {"type": "Point", "coordinates": [3.7165396, 51.06754569999999]}}, {"type": "Feature", "properties": {"temp": 27.68}, "geometry": {"type": "Point", "coordinates": [3.7164840999999993, 51.0677318]}}, {"type": "Feature", "properties": {"temp": 27.68}, "geometry": {"type": "Point", "coordinates": [3.716463699999999, 51.0679238]}}, {"type": "Feature", "properties": {"temp": 27.68}, "geometry": {"type": "Point", "coordinates": [3.7164497, 51.068095799999995]}}, {"type": "Feature", "properties": {"temp": 27.58}, "geometry": {"type": "Point", "coordinates": [3.7164160000000006, 51.0682784]}}, {"type": "Feature", "properties": {"temp": 27.58}, "geometry": {"type": "Point", "coordinates": [3.7163989999999996, 51.0684645]}}, {"type": "Feature", "properties": {"temp": 27.58}, "geometry": {"type": "Point", "coordinates": [3.7163741999999997, 51.06866240000001]}}, {"type": "Feature", "properties": {"temp": 27.48}, "geometry": {"type": "Point", "coordinates": [3.71637, 51.0688663]}}, {"type": "Feature", "properties": {"temp": 27.58}, "geometry": {"type": "Point", "coordinates": [3.7163080000000006, 51.0690332]}}, {"type": "Feature", "properties": {"temp": 27.59}, "geometry": {"type": "Point", "coordinates": [3.7163334000000003, 51.06919320000001]}}, {"type": "Feature", "properties": {"temp": 27.59}, "geometry": {"type": "Point", "coordinates": [3.7163652, 51.069357499999995]}}, {"type": "Feature", "properties": {"temp": 27.69}, "geometry": {"type": "Point", "coordinates": [3.7164099999999998, 51.06952429999999]}}, {"type": "Feature", "properties": {"temp": 27.69}, "geometry": {"type": "Point", "coordinates": [3.7164664999999992, 51.0697004]}}, {"type": "Feature", "properties": {"temp": 27.69}, "geometry": {"type": "Point", "coordinates": [3.7165285000000003, 51.0698647]}}, {"type": "Feature", "properties": {"temp": 27.79}, "geometry": {"type": "Point", "coordinates": [3.7166127, 51.070025199999996]}}, {"type": "Feature", "properties": {"temp": 27.79}, "geometry": {"type": "Point", "coordinates": [3.7167094, 51.0701939]}}, {"type": "Feature", "properties": {"temp": 27.79}, "geometry": {"type": "Point", "coordinates": [3.7168118000000003, 51.0703605]}}, {"type": "Feature", "properties": {"temp": 27.79}, "geometry": {"type": "Point", "coordinates": [3.7169188, 51.0705281]}}, {"type": "Feature", "properties": {"temp": 27.79}, "geometry": {"type": "Point", "coordinates": [3.7170209, 51.07069380000001]}}, {"type": "Feature", "properties": {"temp": 27.8}, "geometry": {"type": "Point", "coordinates": [3.7171205, 51.0708547]}}, {"type": "Feature", "properties": {"temp": 27.7}, "geometry": {"type": "Point", "coordinates": [3.717222, 51.0710235]}}, {"type": "Feature", "properties": {"temp": 27.6}, "geometry": {"type": "Point", "coordinates": [3.7173318, 51.07118599999999]}}, {"type": "Feature", "properties": {"temp": 27.6}, "geometry": {"type": "Point", "coordinates": [3.7174484999999993, 51.07136129999998]}}, {"type": "Feature", "properties": {"temp": 27.5}, "geometry": {"type": "Point", "coordinates": [3.7175153000000005, 51.0715287]}}, {"type": "Feature", "properties": {"temp": 27.1}, "geometry": {"type": "Point", "coordinates": [3.7176002999999995, 51.07169780000001]}}, {"type": "Feature", "properties": {"temp": 26.9}, "geometry": {"type": "Point", "coordinates": [3.7176615, 51.0718665]}}, {"type": "Feature", "properties": {"temp": 26.7}, "geometry": {"type": "Point", "coordinates": [3.7177242000000006, 51.07204339999999]}}, {"type": "Feature", "properties": {"temp": 26.5}, "geometry": {"type": "Point", "coordinates": [3.717795, 51.072212900000004]}}, {"type": "Feature", "properties": {"temp": 26.31}, "geometry": {"type": "Point", "coordinates": [3.7178393, 51.07239499999999]}}, {"type": "Feature", "properties": {"temp": 26.31}, "geometry": {"type": "Point", "coordinates": [3.7178243, 51.0725654]}}, {"type": "Feature", "properties": {"temp": 26.21}, "geometry": {"type": "Point", "coordinates": [3.7177231, 51.0727238]}}, {"type": "Feature", "properties": {"temp": 25.91}, "geometry": {"type": "Point", "coordinates": [3.7175763999999996, 51.072864499999994]}}, {"type": "Feature", "properties": {"temp": 25.91}, "geometry": {"type": "Point", "coordinates": [3.7173726000000005, 51.0729679]}}, {"type": "Feature", "properties": {"temp": 25.81}, "geometry": {"type": "Point", "coordinates": [3.7171573, 51.0730708]}}, {"type": "Feature", "properties": {"temp": 25.81}, "geometry": {"type": "Point", "coordinates": [3.7169631, 51.073158199999995]}}, {"type": "Feature", "properties": {"temp": 25.71}, "geometry": {"type": "Point", "coordinates": [3.716788699999999, 51.0732599]}}, {"type": "Feature", "properties": {"temp": 25.51}, "geometry": {"type": "Point", "coordinates": [3.7166132999999992, 51.07337090000001]}}, {"type": "Feature", "properties": {"temp": 25.51}, "geometry": {"type": "Point", "coordinates": [3.7164454, 51.0734902]}}, {"type": "Feature", "properties": {"temp": 25.42}, "geometry": {"type": "Point", "coordinates": [3.7163758000000002, 51.07364429999999]}}, {"type": "Feature", "properties": {"temp": 25.32}, "geometry": {"type": "Point", "coordinates": [3.7164446999999994, 51.0737929]}}, {"type": "Feature", "properties": {"temp": 25.22}, "geometry": {"type": "Point", "coordinates": [3.7165849, 51.07392829999999]}}, {"type": "Feature", "properties": {"temp": 25.22}, "geometry": {"type": "Point", "coordinates": [3.7167431, 51.07405690000001]}}, {"type": "Feature", "properties": {"temp": 25.22}, "geometry": {"type": "Point", "coordinates": [3.7168936000000006, 51.07419439999999]}}, {"type": "Feature", "properties": {"temp": 25.22}, "geometry": {"type": "Point", "coordinates": [3.7170536000000003, 51.0743251]}}, {"type": "Feature", "properties": {"temp": 25.32}, "geometry": {"type": "Point", "coordinates": [3.7171760999999996, 51.07443330000001]}}, {"type": "Feature", "properties": {"temp": 25.42}, "geometry": {"type": "Point", "coordinates": [3.717242, 51.074570300000005]}}, {"type": "Feature", "properties": {"temp": 25.62}, "geometry": {"type": "Point", "coordinates": [3.7171898, 51.0747155]}}, {"type": "Feature", "properties": {"temp": 25.83}, "geometry": {"type": "Point", "coordinates": [3.7171044999999996, 51.07486190000001]}}, {"type": "Feature", "properties": {"temp": 25.93}, "geometry": {"type": "Point", "coordinates": [3.7170102999999997, 51.074995400000006]}}, {"type": "Feature", "properties": {"temp": 26.13}, "geometry": {"type": "Point", "coordinates": [3.7169822999999993, 51.075111400000004]}}, {"type": "Feature", "properties": {"temp": 26.23}, "geometry": {"type": "Point", "coordinates": [3.7170394, 51.075133900000004]}}, {"type": "Feature", "properties": {"temp": 26.33}, "geometry": {"type": "Point", "coordinates": [3.7172002, 51.07519529999999]}}, {"type": "Feature", "properties": {"temp": 26.43}, "geometry": {"type": "Point", "coordinates": [3.7175071999999996, 51.0752453]}}, {"type": "Feature", "properties": {"temp": 26.53}, "geometry": {"type": "Point", "coordinates": [3.7176677, 51.075052299999996]}}, {"type": "Feature", "properties": {"temp": 26.43}, "geometry": {"type": "Point", "coordinates": [3.7178382000000005, 51.0749326]}}, {"type": "Feature", "properties": {"temp": 26.33}, "geometry": {"type": "Point", "coordinates": [3.7179988, 51.0748043]}}, {"type": "Feature", "properties": {"temp": 26.14}, "geometry": {"type": "Point", "coordinates": [3.7182539, 51.0745503]}}, {"type": "Feature", "properties": {"temp": 26.04}, "geometry": {"type": "Point", "coordinates": [3.7184274, 51.074423899999985]}}, {"type": "Feature", "properties": {"temp": 25.84}, "geometry": {"type": "Point", "coordinates": [3.7186209000000003, 51.0743145]}}, {"type": "Feature", "properties": {"temp": 25.74}, "geometry": {"type": "Point", "coordinates": [3.7188278, 51.07420320000001]}}, {"type": "Feature", "properties": {"temp": 25.44}, "geometry": {"type": "Point", "coordinates": [3.7190428000000004, 51.074095]}}, {"type": "Feature", "properties": {"temp": 25.44}, "geometry": {"type": "Point", "coordinates": [3.7192580000000004, 51.073975]}}, {"type": "Feature", "properties": {"temp": 25.34}, "geometry": {"type": "Point", "coordinates": [3.7194816, 51.07387640000001]}}, {"type": "Feature", "properties": {"temp": 25.24}, "geometry": {"type": "Point", "coordinates": [3.7197161999999993, 51.073783199999994]}}, {"type": "Feature", "properties": {"temp": 25.15}, "geometry": {"type": "Point", "coordinates": [3.7199622999999993, 51.07369969999999]}}, {"type": "Feature", "properties": {"temp": 25.15}, "geometry": {"type": "Point", "coordinates": [3.7202074000000005, 51.07360229999999]}}, {"type": "Feature", "properties": {"temp": 25.15}, "geometry": {"type": "Point", "coordinates": [3.7204579, 51.0735308]}}, {"type": "Feature", "properties": {"temp": 25.05}, "geometry": {"type": "Point", "coordinates": [3.7207071, 51.073465600000006]}}, {"type": "Feature", "properties": {"temp": 25.15}, "geometry": {"type": "Point", "coordinates": [3.7209457999999995, 51.0734192]}}, {"type": "Feature", "properties": {"temp": 25.35}, "geometry": {"type": "Point", "coordinates": [3.7211979999999993, 51.0733763]}}, {"type": "Feature", "properties": {"temp": 25.45}, "geometry": {"type": "Point", "coordinates": [3.7214686000000006, 51.0733306]}}, {"type": "Feature", "properties": {"temp": 25.55}, "geometry": {"type": "Point", "coordinates": [3.7217542999999993, 51.0732877]}}, {"type": "Feature", "properties": {"temp": 25.65}, "geometry": {"type": "Point", "coordinates": [3.7220306000000005, 51.073241499999995]}}, {"type": "Feature", "properties": {"temp": 25.85}, "geometry": {"type": "Point", "coordinates": [3.7223104, 51.07322369999999]}}, {"type": "Feature", "properties": {"temp": 25.86}, "geometry": {"type": "Point", "coordinates": [3.7225974, 51.0732035]}}, {"type": "Feature", "properties": {"temp": 26.06}, "geometry": {"type": "Point", "coordinates": [3.7228789999999994, 51.073188099999996]}}, {"type": "Feature", "properties": {"temp": 26.16}, "geometry": {"type": "Point", "coordinates": [3.7231731, 51.073186299999996]}}, {"type": "Feature", "properties": {"temp": 26.26}, "geometry": {"type": "Point", "coordinates": [3.7234576000000006, 51.0731774]}}, {"type": "Feature", "properties": {"temp": 26.36}, "geometry": {"type": "Point", "coordinates": [3.7237321999999997, 51.07319209999999]}}, {"type": "Feature", "properties": {"temp": 26.46}, "geometry": {"type": "Point", "coordinates": [3.7240145, 51.07320000000001]}}, {"type": "Feature", "properties": {"temp": 26.46}, "geometry": {"type": "Point", "coordinates": [3.7243011, 51.07320109999999]}}, {"type": "Feature", "properties": {"temp": 26.56}, "geometry": {"type": "Point", "coordinates": [3.724588099999999, 51.0732034]}}, {"type": "Feature", "properties": {"temp": 26.66}, "geometry": {"type": "Point", "coordinates": [3.7248715999999993, 51.07324079999999]}}, {"type": "Feature", "properties": {"temp": 26.77}, "geometry": {"type": "Point", "coordinates": [3.7251207999999996, 51.073313899999995]}}, {"type": "Feature", "properties": {"temp": 26.87}, "geometry": {"type": "Point", "coordinates": [3.725361699999999, 51.073411799999995]}}, {"type": "Feature", "properties": {"temp": 26.87}, "geometry": {"type": "Point", "coordinates": [3.7256161, 51.073450599999994]}}, {"type": "Feature", "properties": {"temp": 27.07}, "geometry": {"type": "Point", "coordinates": [3.7258884000000005, 51.0734716]}}, {"type": "Feature", "properties": {"temp": 27.07}, "geometry": {"type": "Point", "coordinates": [3.7261093, 51.073472299999985]}}, {"type": "Feature", "properties": {"temp": 27.17}, "geometry": {"type": "Point", "coordinates": [3.726230599999999, 51.07347359999999]}}, {"type": "Feature", "properties": {"temp": 27.17}, "geometry": {"type": "Point", "coordinates": [3.7263031000000004, 51.0734577]}}, {"type": "Feature", "properties": {"temp": 27.17}, "geometry": {"type": "Point", "coordinates": [3.7263249999999997, 51.073384]}}, {"type": "Feature", "properties": {"temp": 27.07}, "geometry": {"type": "Point", "coordinates": [3.7263147999999995, 51.073289899999985]}}, {"type": "Feature", "properties": {"temp": 27.17}, "geometry": {"type": "Point", "coordinates": [3.726386399999999, 51.073206600000006]}}, {"type": "Feature", "properties": {"temp": 27.18}, "geometry": {"type": "Point", "coordinates": [3.7264546999999992, 51.0731104]}}, {"type": "Feature", "properties": {"temp": 27.28}, "geometry": {"type": "Point", "coordinates": [3.7265476, 51.0730694]}}, {"type": "Feature", "properties": {"temp": 27.28}, "geometry": {"type": "Point", "coordinates": [3.7265976, 51.073084599999994]}}, {"type": "Feature", "properties": {"temp": 27.18}, "geometry": {"type": "Point", "coordinates": [3.7267105999999997, 51.0730853]}}, {"type": "Feature", "properties": {"temp": 27.18}, "geometry": {"type": "Point", "coordinates": [3.7268803999999998, 51.0730984]}}, {"type": "Feature", "properties": {"temp": 27.28}, "geometry": {"type": "Point", "coordinates": [3.7270707999999995, 51.0731053]}}, {"type": "Feature", "properties": {"temp": 27.28}, "geometry": {"type": "Point", "coordinates": [3.7272873, 51.0731162]}}, {"type": "Feature", "properties": {"temp": 27.28}, "geometry": {"type": "Point", "coordinates": [3.7274868999999997, 51.0731232]}}, {"type": "Feature", "properties": {"temp": 27.28}, "geometry": {"type": "Point", "coordinates": [3.7276461999999992, 51.073128]}}, {"type": "Feature", "properties": {"temp": 27.28}, "geometry": {"type": "Point", "coordinates": [3.727773299999999, 51.07308549999998]}}, {"type": "Feature", "properties": {"temp": 27.29}, "geometry": {"type": "Point", "coordinates": [3.7279002, 51.0729977]}}, {"type": "Feature", "properties": {"temp": 27.29}, "geometry": {"type": "Point", "coordinates": [3.7281005000000005, 51.072964400000004]}}, {"type": "Feature", "properties": {"temp": 27.29}, "geometry": {"type": "Point", "coordinates": [3.7283170999999995, 51.072954599999996]}}, {"type": "Feature", "properties": {"temp": 27.29}, "geometry": {"type": "Point", "coordinates": [3.7285048000000005, 51.07295779999999]}}, {"type": "Feature", "properties": {"temp": 27.29}, "geometry": {"type": "Point", "coordinates": [3.7286523, 51.072906800000005]}}, {"type": "Feature", "properties": {"temp": 27.29}, "geometry": {"type": "Point", "coordinates": [3.7287667, 51.0727767]}}, {"type": "Feature", "properties": {"temp": 27.29}, "geometry": {"type": "Point", "coordinates": [3.7289208, 51.07264609999999]}}, {"type": "Feature", "properties": {"temp": 27.29}, "geometry": {"type": "Point", "coordinates": [3.7290617999999993, 51.07252619999999]}}, {"type": "Feature", "properties": {"temp": 27.39}, "geometry": {"type": "Point", "coordinates": [3.7292121, 51.0724012]}}, {"type": "Feature", "properties": {"temp": 27.4}, "geometry": {"type": "Point", "coordinates": [3.7293610999999998, 51.0722531]}}, {"type": "Feature", "properties": {"temp": 27.5}, "geometry": {"type": "Point", "coordinates": [3.7295311000000004, 51.07211920000001]}}, {"type": "Feature", "properties": {"temp": 27.6}, "geometry": {"type": "Point", "coordinates": [3.7296926000000004, 51.07197500000001]}}, {"type": "Feature", "properties": {"temp": 27.6}, "geometry": {"type": "Point", "coordinates": [3.7298474000000006, 51.07182999999999]}}, {"type": "Feature", "properties": {"temp": 27.7}, "geometry": {"type": "Point", "coordinates": [3.7300028999999997, 51.0716926]}}, {"type": "Feature", "properties": {"temp": 27.7}, "geometry": {"type": "Point", "coordinates": [3.7301766, 51.071567200000004]}}, {"type": "Feature", "properties": {"temp": 27.7}, "geometry": {"type": "Point", "coordinates": [3.7303324000000004, 51.071465499999995]}}, {"type": "Feature", "properties": {"temp": 27.7}, "geometry": {"type": "Point", "coordinates": [3.7305321999999994, 51.0714164]}}, {"type": "Feature", "properties": {"temp": 27.8}, "geometry": {"type": "Point", "coordinates": [3.7307018999999997, 51.07138590000001]}}, {"type": "Feature", "properties": {"temp": 27.8}, "geometry": {"type": "Point", "coordinates": [3.7307932, 51.0713289]}}, {"type": "Feature", "properties": {"temp": 27.81}, "geometry": {"type": "Point", "coordinates": [3.7307377999999995, 51.0712396]}}, {"type": "Feature", "properties": {"temp": 27.91}, "geometry": {"type": "Point", "coordinates": [3.7306742, 51.0711006]}}, {"type": "Feature", "properties": {"temp": 27.91}, "geometry": {"type": "Point", "coordinates": [3.7306257999999994, 51.070932500000005]}}, {"type": "Feature", "properties": {"temp": 28.01}, "geometry": {"type": "Point", "coordinates": [3.7305506999999993, 51.07075389999999]}}, {"type": "Feature", "properties": {"temp": 28.01}, "geometry": {"type": "Point", "coordinates": [3.7303992999999993, 51.07061770000001]}}, {"type": "Feature", "properties": {"temp": 28.01}, "geometry": {"type": "Point", "coordinates": [3.7303050999999994, 51.0705123]}}, {"type": "Feature", "properties": {"temp": 28.01}, "geometry": {"type": "Point", "coordinates": [3.7302314, 51.0703921]}}, {"type": "Feature", "properties": {"temp": 27.91}, "geometry": {"type": "Point", "coordinates": [3.7301733999999995, 51.0702642]}}, {"type": "Feature", "properties": {"temp": 27.91}, "geometry": {"type": "Point", "coordinates": [3.7300948, 51.07012829999999]}}, {"type": "Feature", "properties": {"temp": 27.82}, "geometry": {"type": "Point", "coordinates": [3.7300198, 51.0699725]}}, {"type": "Feature", "properties": {"temp": 27.82}, "geometry": {"type": "Point", "coordinates": [3.7299438, 51.06982299999999]}}, {"type": "Feature", "properties": {"temp": 27.82}, "geometry": {"type": "Point", "coordinates": [3.7298694, 51.069641]}}, {"type": "Feature", "properties": {"temp": 27.92}, "geometry": {"type": "Point", "coordinates": [3.7297751, 51.069466]}}, {"type": "Feature", "properties": {"temp": 27.92}, "geometry": {"type": "Point", "coordinates": [3.7296898, 51.0692931]}}, {"type": "Feature", "properties": {"temp": 27.92}, "geometry": {"type": "Point", "coordinates": [3.7296186999999996, 51.0691272]}}, {"type": "Feature", "properties": {"temp": 28.02}, "geometry": {"type": "Point", "coordinates": [3.729571999999999, 51.068961500000015]}}, {"type": "Feature", "properties": {"temp": 28.02}, "geometry": {"type": "Point", "coordinates": [3.7295393, 51.06879599999999]}}, {"type": "Feature", "properties": {"temp": 28.12}, "geometry": {"type": "Point", "coordinates": [3.7295059000000004, 51.06864699999999]}}, {"type": "Feature", "properties": {"temp": 28.12}, "geometry": {"type": "Point", "coordinates": [3.7294784000000005, 51.0685158]}}, {"type": "Feature", "properties": {"temp": 28.13}, "geometry": {"type": "Point", "coordinates": [3.729455599999999, 51.0683943]}}, {"type": "Feature", "properties": {"temp": 28.13}, "geometry": {"type": "Point", "coordinates": [3.7294196, 51.0682843]}}, {"type": "Feature", "properties": {"temp": 28.13}, "geometry": {"type": "Point", "coordinates": [3.7293887, 51.0681798]}}, {"type": "Feature", "properties": {"temp": 28.13}, "geometry": {"type": "Point", "coordinates": [3.7293588999999994, 51.06809189999999]}}, {"type": "Feature", "properties": {"temp": 28.13}, "geometry": {"type": "Point", "coordinates": [3.7293556, 51.0680454]}}, {"type": "Feature", "properties": {"temp": 28.13}, "geometry": {"type": "Point", "coordinates": [3.7293575000000003, 51.068042399999996]}}, {"type": "Feature", "properties": {"temp": 28.13}, "geometry": {"type": "Point", "coordinates": [3.7293625, 51.06804030000001]}}, {"type": "Feature", "properties": {"temp": 28.13}, "geometry": {"type": "Point", "coordinates": [3.7293571999999995, 51.0680171]}}, {"type": "Feature", "properties": {"temp": 28.14}, "geometry": {"type": "Point", "coordinates": [3.7293353000000002, 51.0679443]}}, {"type": "Feature", "properties": {"temp": 28.14}, "geometry": {"type": "Point", "coordinates": [3.729326799999999, 51.06784249999999]}}, {"type": "Feature", "properties": {"temp": 28.14}, "geometry": {"type": "Point", "coordinates": [3.72939, 51.0677004]}}, {"type": "Feature", "properties": {"temp": 28.14}, "geometry": {"type": "Point", "coordinates": [3.7294011999999994, 51.0675557]}}, {"type": "Feature", "properties": {"temp": 28.14}, "geometry": {"type": "Point", "coordinates": [3.7293700000000003, 51.0673626]}}, {"type": "Feature", "properties": {"temp": 28.14}, "geometry": {"type": "Point", "coordinates": [3.7293030000000003, 51.0671717]}}, {"type": "Feature", "properties": {"temp": 28.14}, "geometry": {"type": "Point", "coordinates": [3.729246, 51.066808699999996]}}, {"type": "Feature", "properties": {"temp": 28.14}, "geometry": {"type": "Point", "coordinates": [3.729198899999999, 51.0666565]}}, {"type": "Feature", "properties": {"temp": 28.14}, "geometry": {"type": "Point", "coordinates": [3.7291811, 51.066460600000006]}}, {"type": "Feature", "properties": {"temp": 28.15}, "geometry": {"type": "Point", "coordinates": [3.7291298000000004, 51.06629250000001]}}, {"type": "Feature", "properties": {"temp": 28.15}, "geometry": {"type": "Point", "coordinates": [3.7290784000000006, 51.0661341]}}, {"type": "Feature", "properties": {"temp": 28.15}, "geometry": {"type": "Point", "coordinates": [3.7291, 51.065927300000006]}}, {"type": "Feature", "properties": {"temp": 28.15}, "geometry": {"type": "Point", "coordinates": [3.7290658, 51.06575609999999]}}, {"type": "Feature", "properties": {"temp": 28.15}, "geometry": {"type": "Point", "coordinates": [3.7290196, 51.0655787]}}, {"type": "Feature", "properties": {"temp": 28.15}, "geometry": {"type": "Point", "coordinates": [3.7289907000000007, 51.0654004]}}, {"type": "Feature", "properties": {"temp": 28.15}, "geometry": {"type": "Point", "coordinates": [3.729009599999999, 51.06521800000001]}}, {"type": "Feature", "properties": {"temp": 28.15}, "geometry": {"type": "Point", "coordinates": [3.7290219, 51.065039799999994]}}, {"type": "Feature", "properties": {"temp": 28.15}, "geometry": {"type": "Point", "coordinates": [3.7290373999999997, 51.06485659999999]}}, {"type": "Feature", "properties": {"temp": 28.15}, "geometry": {"type": "Point", "coordinates": [3.7290843999999996, 51.064673899999995]}}, {"type": "Feature", "properties": {"temp": 28.16}, "geometry": {"type": "Point", "coordinates": [3.7290921999999997, 51.064484400000005]}}, {"type": "Feature", "properties": {"temp": 28.26}, "geometry": {"type": "Point", "coordinates": [3.7291176999999993, 51.064314]}}, {"type": "Feature", "properties": {"temp": 28.16}, "geometry": {"type": "Point", "coordinates": [3.7291401, 51.0641933]}}, {"type": "Feature", "properties": {"temp": 28.16}, "geometry": {"type": "Point", "coordinates": [3.7291515, 51.0641309]}}, {"type": "Feature", "properties": {"temp": 28.16}, "geometry": {"type": "Point", "coordinates": [3.7291567000000003, 51.06411020000001]}}, {"type": "Feature", "properties": {"temp": 28.16}, "geometry": {"type": "Point", "coordinates": [3.729153199999999, 51.06409459999998]}}, {"type": "Feature", "properties": {"temp": 28.16}, "geometry": {"type": "Point", "coordinates": [3.729172999999999, 51.0640203]}}, {"type": "Feature", "properties": {"temp": 28.16}, "geometry": {"type": "Point", "coordinates": [3.7293871000000003, 51.0640279]}}, {"type": "Feature", "properties": {"temp": 28.16}, "geometry": {"type": "Point", "coordinates": [3.7296184999999995, 51.064033099999996]}}, {"type": "Feature", "properties": {"temp": 28.17}, "geometry": {"type": "Point", "coordinates": [3.7298808999999995, 51.06405959999999]}}, {"type": "Feature", "properties": {"temp": 28.17}, "geometry": {"type": "Point", "coordinates": [3.730134799999999, 51.064064200000004]}}, {"type": "Feature", "properties": {"temp": 28.17}, "geometry": {"type": "Point", "coordinates": [3.7303957999999997, 51.0640772]}}, {"type": "Feature", "properties": {"temp": 28.27}, "geometry": {"type": "Point", "coordinates": [3.7306484000000006, 51.0640844]}}, {"type": "Feature", "properties": {"temp": 28.17}, "geometry": {"type": "Point", "coordinates": [3.7308768, 51.064110400000004]}}, {"type": "Feature", "properties": {"temp": 28.17}, "geometry": {"type": "Point", "coordinates": [3.7309232999999997, 51.0640706]}}, {"type": "Feature", "properties": {"temp": 28.17}, "geometry": {"type": "Point", "coordinates": [3.7309298, 51.06398540000001]}}, {"type": "Feature", "properties": {"temp": 28.17}, "geometry": {"type": "Point", "coordinates": [3.7309305000000004, 51.06384909999999]}}, {"type": "Feature", "properties": {"temp": 28.17}, "geometry": {"type": "Point", "coordinates": [3.7309139, 51.0636944]}}, {"type": "Feature", "properties": {"temp": 28.18}, "geometry": {"type": "Point", "coordinates": [3.7308824000000005, 51.063539099999986]}}, {"type": "Feature", "properties": {"temp": 28.18}, "geometry": {"type": "Point", "coordinates": [3.7308186000000005, 51.0632714]}}, {"type": "Feature", "properties": {"temp": 28.18}, "geometry": {"type": "Point", "coordinates": [3.731034999999999, 51.0632643]}}, {"type": "Feature", "properties": {"temp": 28.18}, "geometry": {"type": "Point", "coordinates": [3.7312436999999985, 51.06324419999999]}}, {"type": "Feature", "properties": {"temp": 28.18}, "geometry": {"type": "Point", "coordinates": [3.7314371000000004, 51.06323549999999]}}, {"type": "Feature", "properties": {"temp": 28.18}, "geometry": {"type": "Point", "coordinates": [3.7315922, 51.06324219999999]}}, {"type": "Feature", "properties": {"temp": 28.18}, "geometry": {"type": "Point", "coordinates": [3.7317735, 51.0632257]}}, {"type": "Feature", "properties": {"temp": 28.18}, "geometry": {"type": "Point", "coordinates": [3.7318816999999993, 51.06319099999999]}}, {"type": "Feature", "properties": {"temp": 28.09}, "geometry": {"type": "Point", "coordinates": [3.7318951, 51.0631291]}}, {"type": "Feature", "properties": {"temp": 28.09}, "geometry": {"type": "Point", "coordinates": [3.7319431000000005, 51.06307950000001]}}, {"type": "Feature", "properties": {"temp": 28.09}, "geometry": {"type": "Point", "coordinates": [3.7319692999999994, 51.06298089999999]}}, {"type": "Feature", "properties": {"temp": 28.09}, "geometry": {"type": "Point", "coordinates": [3.7319671999999993, 51.062864000000005]}}, {"type": "Feature", "properties": {"temp": 28.09}, "geometry": {"type": "Point", "coordinates": [3.7319214, 51.06274440000001]}}, {"type": "Feature", "properties": {"temp": 28.09}, "geometry": {"type": "Point", "coordinates": [3.731851, 51.062636600000005]}}, {"type": "Feature", "properties": {"temp": 28.09}, "geometry": {"type": "Point", "coordinates": [3.731768199999999, 51.0625501]}}, {"type": "Feature", "properties": {"temp": 28.09}, "geometry": {"type": "Point", "coordinates": [3.731664, 51.06251279999999]}}, {"type": "Feature", "properties": {"temp": 28.09}, "geometry": {"type": "Point", "coordinates": [3.7315694000000006, 51.06250059999999]}}, {"type": "Feature", "properties": {"temp": 28.09}, "geometry": {"type": "Point", "coordinates": [3.7314471, 51.06249909999999]}}, {"type": "Feature", "properties": {"temp": 28.1}, "geometry": {"type": "Point", "coordinates": [3.7313005, 51.0625188]}}, {"type": "Feature", "properties": {"temp": 28.1}, "geometry": {"type": "Point", "coordinates": [3.7311426, 51.06253589999999]}}, {"type": "Feature", "properties": {"temp": 28.1}, "geometry": {"type": "Point", "coordinates": [3.7309624999999995, 51.06255550000001]}}, {"type": "Feature", "properties": {"temp": 28.1}, "geometry": {"type": "Point", "coordinates": [3.7307985, 51.062578399999985]}}, {"type": "Feature", "properties": {"temp": 28.1}, "geometry": {"type": "Point", "coordinates": [3.7306594000000004, 51.06260910000001]}}, {"type": "Feature", "properties": {"temp": 28.1}, "geometry": {"type": "Point", "coordinates": [3.7305352000000003, 51.062625]}}, {"type": "Feature", "properties": {"temp": 28.0}, "geometry": {"type": "Point", "coordinates": [3.7304286, 51.062626800000004]}}, {"type": "Feature", "properties": {"temp": 28.1}, "geometry": {"type": "Point", "coordinates": [3.7303724999999996, 51.0625523]}}, {"type": "Feature", "properties": {"temp": 28.0}, "geometry": {"type": "Point", "coordinates": [3.7303396000000006, 51.062424199999995]}}, {"type": "Feature", "properties": {"temp": 28.1}, "geometry": {"type": "Point", "coordinates": [3.7303238, 51.06226250000001]}}, {"type": "Feature", "properties": {"temp": 28.11}, "geometry": {"type": "Point", "coordinates": [3.7302698000000003, 51.06211789999998]}}, {"type": "Feature", "properties": {"temp": 28.11}, "geometry": {"type": "Point", "coordinates": [3.7302329, 51.0619812]}}, {"type": "Feature", "properties": {"temp": 28.11}, "geometry": {"type": "Point", "coordinates": [3.7301497, 51.06187319999999]}}, {"type": "Feature", "properties": {"temp": 28.11}, "geometry": {"type": "Point", "coordinates": [3.7300572, 51.06175619999999]}}, {"type": "Feature", "properties": {"temp": 28.11}, "geometry": {"type": "Point", "coordinates": [3.7300021000000005, 51.0616107]}}, {"type": "Feature", "properties": {"temp": 28.11}, "geometry": {"type": "Point", "coordinates": [3.7299484, 51.06145269999999]}}, {"type": "Feature", "properties": {"temp": 28.21}, "geometry": {"type": "Point", "coordinates": [3.7298963, 51.06129060000001]}}, {"type": "Feature", "properties": {"temp": 28.21}, "geometry": {"type": "Point", "coordinates": [3.7298642000000006, 51.06112769999999]}}, {"type": "Feature", "properties": {"temp": 28.21}, "geometry": {"type": "Point", "coordinates": [3.7298146999999995, 51.06096949999999]}}, {"type": "Feature", "properties": {"temp": 28.21}, "geometry": {"type": "Point", "coordinates": [3.7297643, 51.0608154]}}, {"type": "Feature", "properties": {"temp": 28.22}, "geometry": {"type": "Point", "coordinates": [3.7296978999999992, 51.0606778]}}, {"type": "Feature", "properties": {"temp": 28.32}, "geometry": {"type": "Point", "coordinates": [3.7296267999999992, 51.0605223]}}, {"type": "Feature", "properties": {"temp": 28.32}, "geometry": {"type": "Point", "coordinates": [3.729545699999999, 51.060386]}}, {"type": "Feature", "properties": {"temp": 28.32}, "geometry": {"type": "Point", "coordinates": [3.7294561999999996, 51.0602619]}}, {"type": "Feature", "properties": {"temp": 28.32}, "geometry": {"type": "Point", "coordinates": [3.7293982000000003, 51.0601688]}}, {"type": "Feature", "properties": {"temp": 28.32}, "geometry": {"type": "Point", "coordinates": [3.7297408000000005, 51.0600687]}}, {"type": "Feature", "properties": {"temp": 28.42}, "geometry": {"type": "Point", "coordinates": [3.7299087000000006, 51.0600304]}}, {"type": "Feature", "properties": {"temp": 28.52}, "geometry": {"type": "Point", "coordinates": [3.7301072, 51.0600539]}}, {"type": "Feature", "properties": {"temp": 28.53}, "geometry": {"type": "Point", "coordinates": [3.7302702000000005, 51.06014390000001]}}, {"type": "Feature", "properties": {"temp": 28.53}, "geometry": {"type": "Point", "coordinates": [3.7304551, 51.0602458]}}, {"type": "Feature", "properties": {"temp": 28.63}, "geometry": {"type": "Point", "coordinates": [3.7306574000000006, 51.06034809999999]}}, {"type": "Feature", "properties": {"temp": 28.63}, "geometry": {"type": "Point", "coordinates": [3.730831799999999, 51.0604575]}}, {"type": "Feature", "properties": {"temp": 28.63}, "geometry": {"type": "Point", "coordinates": [3.7310205, 51.060555900000004]}}, {"type": "Feature", "properties": {"temp": 28.63}, "geometry": {"type": "Point", "coordinates": [3.7312035999999993, 51.06068189999999]}}, {"type": "Feature", "properties": {"temp": 28.63}, "geometry": {"type": "Point", "coordinates": [3.7314132000000004, 51.0607837]}}, {"type": "Feature", "properties": {"temp": 28.63}, "geometry": {"type": "Point", "coordinates": [3.7316545999999993, 51.060865799999995]}}, {"type": "Feature", "properties": {"temp": 28.73}, "geometry": {"type": "Point", "coordinates": [3.7319037999999995, 51.06094160000001]}}, {"type": "Feature", "properties": {"temp": 28.73}, "geometry": {"type": "Point", "coordinates": [3.7321724, 51.061011900000004]}}, {"type": "Feature", "properties": {"temp": 28.74}, "geometry": {"type": "Point", "coordinates": [3.7324559999999996, 51.06105110000001]}}, {"type": "Feature", "properties": {"temp": 28.64}, "geometry": {"type": "Point", "coordinates": [3.7327129, 51.0610995]}}, {"type": "Feature", "properties": {"temp": 28.64}, "geometry": {"type": "Point", "coordinates": [3.7329864, 51.061148499999994]}}, {"type": "Feature", "properties": {"temp": 28.74}, "geometry": {"type": "Point", "coordinates": [3.7332564000000006, 51.0611791]}}, {"type": "Feature", "properties": {"temp": 28.64}, "geometry": {"type": "Point", "coordinates": [3.7335159, 51.06120320000001]}}, {"type": "Feature", "properties": {"temp": 28.64}, "geometry": {"type": "Point", "coordinates": [3.7337575000000003, 51.0612028]}}, {"type": "Feature", "properties": {"temp": 28.64}, "geometry": {"type": "Point", "coordinates": [3.7339461, 51.0612623]}}, {"type": "Feature", "properties": {"temp": 28.54}, "geometry": {"type": "Point", "coordinates": [3.7341591999999997, 51.061313799999986]}}, {"type": "Feature", "properties": {"temp": 28.54}, "geometry": {"type": "Point", "coordinates": [3.7344047000000002, 51.0613686]}}, {"type": "Feature", "properties": {"temp": 28.55}, "geometry": {"type": "Point", "coordinates": [3.734680099999999, 51.0614458]}}, {"type": "Feature", "properties": {"temp": 28.55}, "geometry": {"type": "Point", "coordinates": [3.7349523999999996, 51.0615029]}}, {"type": "Feature", "properties": {"temp": 28.55}, "geometry": {"type": "Point", "coordinates": [3.7351903000000006, 51.06153659999999]}}, {"type": "Feature", "properties": {"temp": 28.55}, "geometry": {"type": "Point", "coordinates": [3.7354056000000004, 51.06154299999999]}}, {"type": "Feature", "properties": {"temp": 28.55}, "geometry": {"type": "Point", "coordinates": [3.735596399999999, 51.0615866]}}, {"type": "Feature", "properties": {"temp": 28.55}, "geometry": {"type": "Point", "coordinates": [3.7358095000000002, 51.0616454]}}, {"type": "Feature", "properties": {"temp": 28.55}, "geometry": {"type": "Point", "coordinates": [3.736044399999999, 51.06169150000001]}}, {"type": "Feature", "properties": {"temp": 28.55}, "geometry": {"type": "Point", "coordinates": [3.7362906999999996, 51.0617397]}}, {"type": "Feature", "properties": {"temp": 28.45}, "geometry": {"type": "Point", "coordinates": [3.7365213, 51.061783999999996]}}, {"type": "Feature", "properties": {"temp": 28.36}, "geometry": {"type": "Point", "coordinates": [3.7367284, 51.06182020000001]}}, {"type": "Feature", "properties": {"temp": 28.36}, "geometry": {"type": "Point", "coordinates": [3.7369166000000003, 51.0618684]}}, {"type": "Feature", "properties": {"temp": 28.36}, "geometry": {"type": "Point", "coordinates": [3.737133399999999, 51.06191259999999]}}, {"type": "Feature", "properties": {"temp": 28.36}, "geometry": {"type": "Point", "coordinates": [3.7373764999999994, 51.0619458]}}, {"type": "Feature", "properties": {"temp": 28.36}, "geometry": {"type": "Point", "coordinates": [3.7376269, 51.0619972]}}, {"type": "Feature", "properties": {"temp": 28.36}, "geometry": {"type": "Point", "coordinates": [3.7378509000000006, 51.06203759999999]}}, {"type": "Feature", "properties": {"temp": 28.36}, "geometry": {"type": "Point", "coordinates": [3.7379625000000005, 51.06198280000001]}}, {"type": "Feature", "properties": {"temp": 28.36}, "geometry": {"type": "Point", "coordinates": [3.7380207999999993, 51.06186629999999]}}, {"type": "Feature", "properties": {"temp": 28.36}, "geometry": {"type": "Point", "coordinates": [3.7381045999999998, 51.06175160000001]}}, {"type": "Feature", "properties": {"temp": 28.36}, "geometry": {"type": "Point", "coordinates": [3.7382447000000005, 51.0616949]}}, {"type": "Feature", "properties": {"temp": 28.37}, "geometry": {"type": "Point", "coordinates": [3.7383263999999996, 51.0616641]}}, {"type": "Feature", "properties": {"temp": 28.37}, "geometry": {"type": "Point", "coordinates": [3.738282499999999, 51.06156849999999]}}, {"type": "Feature", "properties": {"temp": 28.37}, "geometry": {"type": "Point", "coordinates": [3.738259399999999, 51.0614434]}}, {"type": "Feature", "properties": {"temp": 28.37}, "geometry": {"type": "Point", "coordinates": [3.7382768, 51.0612843]}}, {"type": "Feature", "properties": {"temp": 28.37}, "geometry": {"type": "Point", "coordinates": [3.7383129, 51.061110799999994]}}, {"type": "Feature", "properties": {"temp": 28.47}, "geometry": {"type": "Point", "coordinates": [3.7383526000000002, 51.06091789999999]}}, {"type": "Feature", "properties": {"temp": 28.47}, "geometry": {"type": "Point", "coordinates": [3.7384383, 51.0607413]}}, {"type": "Feature", "properties": {"temp": 28.57}, "geometry": {"type": "Point", "coordinates": [3.7385169000000005, 51.06056160000001]}}, {"type": "Feature", "properties": {"temp": 28.57}, "geometry": {"type": "Point", "coordinates": [3.738598399999999, 51.06038569999999]}}, {"type": "Feature", "properties": {"temp": 28.57}, "geometry": {"type": "Point", "coordinates": [3.738689799999999, 51.06021140000001]}}, {"type": "Feature", "properties": {"temp": 28.68}, "geometry": {"type": "Point", "coordinates": [3.7388208999999994, 51.05991699999999]}}, {"type": "Feature", "properties": {"temp": 28.68}, "geometry": {"type": "Point", "coordinates": [3.7389091999999997, 51.0597372]}}, {"type": "Feature", "properties": {"temp": 28.58}, "geometry": {"type": "Point", "coordinates": [3.7389847, 51.0595593]}}, {"type": "Feature", "properties": {"temp": 28.58}, "geometry": {"type": "Point", "coordinates": [3.7390766, 51.05938160000001]}}, {"type": "Feature", "properties": {"temp": 28.58}, "geometry": {"type": "Point", "coordinates": [3.7391548, 51.0592072]}}, {"type": "Feature", "properties": {"temp": 28.58}, "geometry": {"type": "Point", "coordinates": [3.7392437999999997, 51.0590395]}}, {"type": "Feature", "properties": {"temp": 28.58}, "geometry": {"type": "Point", "coordinates": [3.7393452, 51.0588689]}}, {"type": "Feature", "properties": {"temp": 28.58}, "geometry": {"type": "Point", "coordinates": [3.7394474999999994, 51.0586918]}}, {"type": "Feature", "properties": {"temp": 28.59}, "geometry": {"type": "Point", "coordinates": [3.7395547, 51.058521]}}, {"type": "Feature", "properties": {"temp": 28.59}, "geometry": {"type": "Point", "coordinates": [3.739658299999999, 51.05834349999999]}}, {"type": "Feature", "properties": {"temp": 28.59}, "geometry": {"type": "Point", "coordinates": [3.739732299999999, 51.05817449999999]}}, {"type": "Feature", "properties": {"temp": 28.49}, "geometry": {"type": "Point", "coordinates": [3.7397685000000003, 51.057997099999994]}}, {"type": "Feature", "properties": {"temp": 28.49}, "geometry": {"type": "Point", "coordinates": [3.7398152999999996, 51.0578355]}}, {"type": "Feature", "properties": {"temp": 28.59}, "geometry": {"type": "Point", "coordinates": [3.7398781999999993, 51.05768119999999]}}, {"type": "Feature", "properties": {"temp": 28.49}, "geometry": {"type": "Point", "coordinates": [3.7399291, 51.057554399999994]}}, {"type": "Feature", "properties": {"temp": 28.49}, "geometry": {"type": "Point", "coordinates": [3.7399188, 51.05748500000001]}}, {"type": "Feature", "properties": {"temp": 28.49}, "geometry": {"type": "Point", "coordinates": [3.739904, 51.057437099999994]}}, {"type": "Feature", "properties": {"temp": 28.49}, "geometry": {"type": "Point", "coordinates": [3.7399350999999994, 51.05743859999999]}}, {"type": "Feature", "properties": {"temp": 28.5}, "geometry": {"type": "Point", "coordinates": [3.739932599999999, 51.0574395]}}, {"type": "Feature", "properties": {"temp": 28.5}, "geometry": {"type": "Point", "coordinates": [3.7399319, 51.05744010000001]}}, {"type": "Feature", "properties": {"temp": 28.5}, "geometry": {"type": "Point", "coordinates": [3.7399354999999987, 51.05743729999999]}}, {"type": "Feature", "properties": {"temp": 28.5}, "geometry": {"type": "Point", "coordinates": [3.7399348, 51.057437400000005]}}, {"type": "Feature", "properties": {"temp": 28.5}, "geometry": {"type": "Point", "coordinates": [3.7399345, 51.0574379]}}, {"type": "Feature", "properties": {"temp": 28.5}, "geometry": {"type": "Point", "coordinates": [3.739933499999999, 51.0574389]}}, {"type": "Feature", "properties": {"temp": 28.5}, "geometry": {"type": "Point", "coordinates": [3.739932, 51.0574397]}}, {"type": "Feature", "properties": {"temp": 28.5}, "geometry": {"type": "Point", "coordinates": [3.7399307999999998, 51.0574402]}}, {"type": "Feature", "properties": {"temp": 28.5}, "geometry": {"type": "Point", "coordinates": [3.7399296, 51.0574407]}}, {"type": "Feature", "properties": {"temp": 28.51}, "geometry": {"type": "Point", "coordinates": [3.7399906000000005, 51.0574432]}}, {"type": "Feature", "properties": {"temp": 28.51}, "geometry": {"type": "Point", "coordinates": [3.7401294000000003, 51.0574689]}}, {"type": "Feature", "properties": {"temp": 28.51}, "geometry": {"type": "Point", "coordinates": [3.7403360999999995, 51.057491899999995]}}, {"type": "Feature", "properties": {"temp": 28.51}, "geometry": {"type": "Point", "coordinates": [3.7405671000000003, 51.0575028]}}, {"type": "Feature", "properties": {"temp": 28.51}, "geometry": {"type": "Point", "coordinates": [3.7407714999999993, 51.057578699999986]}}, {"type": "Feature", "properties": {"temp": 28.61}, "geometry": {"type": "Point", "coordinates": [3.740944299999999, 51.057663]}}, {"type": "Feature", "properties": {"temp": 28.51}, "geometry": {"type": "Point", "coordinates": [3.7411773999999998, 51.05769740000001]}}, {"type": "Feature", "properties": {"temp": 28.71}, "geometry": {"type": "Point", "coordinates": [3.7414290000000006, 51.0577023]}}, {"type": "Feature", "properties": {"temp": 28.71}, "geometry": {"type": "Point", "coordinates": [3.7416758, 51.0577712]}}, {"type": "Feature", "properties": {"temp": 28.71}, "geometry": {"type": "Point", "coordinates": [3.7419070000000003, 51.0578459]}}, {"type": "Feature", "properties": {"temp": 28.82}, "geometry": {"type": "Point", "coordinates": [3.7421293, 51.0579027]}}, {"type": "Feature", "properties": {"temp": 28.72}, "geometry": {"type": "Point", "coordinates": [3.7423351999999994, 51.057933500000004]}}, {"type": "Feature", "properties": {"temp": 28.72}, "geometry": {"type": "Point", "coordinates": [3.7425077, 51.057946099999995]}}, {"type": "Feature", "properties": {"temp": 28.72}, "geometry": {"type": "Point", "coordinates": [3.7426987, 51.0580215]}}, {"type": "Feature", "properties": {"temp": 28.62}, "geometry": {"type": "Point", "coordinates": [3.7428633000000002, 51.05802789999999]}}, {"type": "Feature", "properties": {"temp": 28.62}, "geometry": {"type": "Point", "coordinates": [3.742987699999999, 51.05804289999999]}}, {"type": "Feature", "properties": {"temp": 28.62}, "geometry": {"type": "Point", "coordinates": [3.7430868999999993, 51.05812269999999]}}, {"type": "Feature", "properties": {"temp": 28.62}, "geometry": {"type": "Point", "coordinates": [3.7431805000000002, 51.05823910000001]}}, {"type": "Feature", "properties": {"temp": 28.62}, "geometry": {"type": "Point", "coordinates": [3.7433524999999994, 51.0583353]}}, {"type": "Feature", "properties": {"temp": 28.63}, "geometry": {"type": "Point", "coordinates": [3.7435582999999992, 51.05841350000001]}}, {"type": "Feature", "properties": {"temp": 28.63}, "geometry": {"type": "Point", "coordinates": [3.7437638, 51.058501299999996]}}, {"type": "Feature", "properties": {"temp": 28.63}, "geometry": {"type": "Point", "coordinates": [3.743953399999999, 51.0585826]}}, {"type": "Feature", "properties": {"temp": 28.63}, "geometry": {"type": "Point", "coordinates": [3.7441237, 51.05854420000001]}}, {"type": "Feature", "properties": {"temp": 28.63}, "geometry": {"type": "Point", "coordinates": [3.7442671, 51.0584288]}}, {"type": "Feature", "properties": {"temp": 28.63}, "geometry": {"type": "Point", "coordinates": [3.744403099999999, 51.0583492]}}, {"type": "Feature", "properties": {"temp": 28.63}, "geometry": {"type": "Point", "coordinates": [3.7445311, 51.058222199999996]}}, {"type": "Feature", "properties": {"temp": 28.63}, "geometry": {"type": "Point", "coordinates": [3.7446022000000005, 51.0580922]}}, {"type": "Feature", "properties": {"temp": 28.63}, "geometry": {"type": "Point", "coordinates": [3.7446505, 51.05797650000001]}}, {"type": "Feature", "properties": {"temp": 28.73}, "geometry": {"type": "Point", "coordinates": [3.7447197999999995, 51.0579082]}}, {"type": "Feature", "properties": {"temp": 28.74}, "geometry": {"type": "Point", "coordinates": [3.7448892, 51.057898099999996]}}, {"type": "Feature", "properties": {"temp": 28.64}, "geometry": {"type": "Point", "coordinates": [3.7450927, 51.0579453]}}, {"type": "Feature", "properties": {"temp": 28.74}, "geometry": {"type": "Point", "coordinates": [3.7453328000000004, 51.058009099999985]}}, {"type": "Feature", "properties": {"temp": 28.64}, "geometry": {"type": "Point", "coordinates": [3.745575899999999, 51.0580707]}}, {"type": "Feature", "properties": {"temp": 28.64}, "geometry": {"type": "Point", "coordinates": [3.7458346000000002, 51.05814170000001]}}, {"type": "Feature", "properties": {"temp": 28.64}, "geometry": {"type": "Point", "coordinates": [3.746085199999999, 51.05820629999999]}}, {"type": "Feature", "properties": {"temp": 28.54}, "geometry": {"type": "Point", "coordinates": [3.7463357, 51.05827479999999]}}, {"type": "Feature", "properties": {"temp": 28.64}, "geometry": {"type": "Point", "coordinates": [3.7465978, 51.0583324]}}, {"type": "Feature", "properties": {"temp": 28.64}, "geometry": {"type": "Point", "coordinates": [3.7468617999999996, 51.058385599999994]}}, {"type": "Feature", "properties": {"temp": 28.55}, "geometry": {"type": "Point", "coordinates": [3.7471289999999993, 51.058437999999995]}}, {"type": "Feature", "properties": {"temp": 28.55}, "geometry": {"type": "Point", "coordinates": [3.7473906000000006, 51.05850120000001]}}, {"type": "Feature", "properties": {"temp": 28.55}, "geometry": {"type": "Point", "coordinates": [3.7476505999999996, 51.0585545]}}, {"type": "Feature", "properties": {"temp": 28.55}, "geometry": {"type": "Point", "coordinates": [3.7479114, 51.058608099999994]}}, {"type": "Feature", "properties": {"temp": 28.45}, "geometry": {"type": "Point", "coordinates": [3.7481585999999996, 51.05866689999999]}}, {"type": "Feature", "properties": {"temp": 28.45}, "geometry": {"type": "Point", "coordinates": [3.7484085000000005, 51.0587199]}}, {"type": "Feature", "properties": {"temp": 28.45}, "geometry": {"type": "Point", "coordinates": [3.7486464000000006, 51.05878349999999]}}, {"type": "Feature", "properties": {"temp": 28.45}, "geometry": {"type": "Point", "coordinates": [3.7488717000000005, 51.0588374]}}, {"type": "Feature", "properties": {"temp": 28.35}, "geometry": {"type": "Point", "coordinates": [3.7490731000000004, 51.05888339999999]}}, {"type": "Feature", "properties": {"temp": 28.35}, "geometry": {"type": "Point", "coordinates": [3.7492145999999997, 51.0589198]}}, {"type": "Feature", "properties": {"temp": 28.36}, "geometry": {"type": "Point", "coordinates": [3.7493832, 51.058946399999996]}}, {"type": "Feature", "properties": {"temp": 28.36}, "geometry": {"type": "Point", "coordinates": [3.749523799999999, 51.0588955]}}, {"type": "Feature", "properties": {"temp": 28.36}, "geometry": {"type": "Point", "coordinates": [3.749634599999999, 51.0587556]}}, {"type": "Feature", "properties": {"temp": 28.46}, "geometry": {"type": "Point", "coordinates": [3.7497466000000004, 51.058609100000005]}}, {"type": "Feature", "properties": {"temp": 28.46}, "geometry": {"type": "Point", "coordinates": [3.749850999999999, 51.0584618]}}, {"type": "Feature", "properties": {"temp": 28.46}, "geometry": {"type": "Point", "coordinates": [3.7499888999999995, 51.05831739999999]}}, {"type": "Feature", "properties": {"temp": 28.46}, "geometry": {"type": "Point", "coordinates": [3.7501079, 51.0581602]}}, {"type": "Feature", "properties": {"temp": 28.56}, "geometry": {"type": "Point", "coordinates": [3.7502431, 51.0580036]}}, {"type": "Feature", "properties": {"temp": 28.56}, "geometry": {"type": "Point", "coordinates": [3.7503437999999996, 51.05786049999999]}}, {"type": "Feature", "properties": {"temp": 28.56}, "geometry": {"type": "Point", "coordinates": [3.7504646, 51.05774219999999]}}, {"type": "Feature", "properties": {"temp": 28.57}, "geometry": {"type": "Point", "coordinates": [3.750530199999999, 51.0576142]}}, {"type": "Feature", "properties": {"temp": 28.57}, "geometry": {"type": "Point", "coordinates": [3.7505697000000002, 51.0574601]}}, {"type": "Feature", "properties": {"temp": 28.47}, "geometry": {"type": "Point", "coordinates": [3.7505623000000003, 51.05731189999999]}}, {"type": "Feature", "properties": {"temp": 28.47}, "geometry": {"type": "Point", "coordinates": [3.7504258999999998, 51.0571549]}}, {"type": "Feature", "properties": {"temp": 28.47}, "geometry": {"type": "Point", "coordinates": [3.7502397000000003, 51.0570305]}}, {"type": "Feature", "properties": {"temp": 28.47}, "geometry": {"type": "Point", "coordinates": [3.7500688, 51.0569179]}}, {"type": "Feature", "properties": {"temp": 28.47}, "geometry": {"type": "Point", "coordinates": [3.7499009999999995, 51.05679479999999]}}, {"type": "Feature", "properties": {"temp": 28.47}, "geometry": {"type": "Point", "coordinates": [3.7497273999999994, 51.05666959999999]}}, {"type": "Feature", "properties": {"temp": 28.47}, "geometry": {"type": "Point", "coordinates": [3.7495507, 51.056549700000005]}}, {"type": "Feature", "properties": {"temp": 28.47}, "geometry": {"type": "Point", "coordinates": [3.7493644999999995, 51.0564238]}}, {"type": "Feature", "properties": {"temp": 28.48}, "geometry": {"type": "Point", "coordinates": [3.7491901, 51.056288300000006]}}, {"type": "Feature", "properties": {"temp": 28.48}, "geometry": {"type": "Point", "coordinates": [3.7489934000000003, 51.0561714]}}, {"type": "Feature", "properties": {"temp": 28.58}, "geometry": {"type": "Point", "coordinates": [3.7488216999999997, 51.0560344]}}, {"type": "Feature", "properties": {"temp": 28.58}, "geometry": {"type": "Point", "coordinates": [3.7486578000000006, 51.055894499999994]}}, {"type": "Feature", "properties": {"temp": 28.58}, "geometry": {"type": "Point", "coordinates": [3.7484894999999994, 51.055763999999996]}}, {"type": "Feature", "properties": {"temp": 28.58}, "geometry": {"type": "Point", "coordinates": [3.7482844000000006, 51.0556554]}}, {"type": "Feature", "properties": {"temp": 28.48}, "geometry": {"type": "Point", "coordinates": [3.748107299999999, 51.0555235]}}, {"type": "Feature", "properties": {"temp": 28.58}, "geometry": {"type": "Point", "coordinates": [3.7479356, 51.05538979999999]}}, {"type": "Feature", "properties": {"temp": 28.58}, "geometry": {"type": "Point", "coordinates": [3.7477904999999994, 51.0552347]}}, {"type": "Feature", "properties": {"temp": 28.49}, "geometry": {"type": "Point", "coordinates": [3.7476138000000003, 51.05510149999999]}}, {"type": "Feature", "properties": {"temp": 28.49}, "geometry": {"type": "Point", "coordinates": [3.7474423999999997, 51.0549776]}}, {"type": "Feature", "properties": {"temp": 28.59}, "geometry": {"type": "Point", "coordinates": [3.747266899999999, 51.054854600000006]}}, {"type": "Feature", "properties": {"temp": 28.59}, "geometry": {"type": "Point", "coordinates": [3.747095299999999, 51.05474619999999]}}, {"type": "Feature", "properties": {"temp": 28.49}, "geometry": {"type": "Point", "coordinates": [3.7469522000000004, 51.0546433]}}, {"type": "Feature", "properties": {"temp": 28.59}, "geometry": {"type": "Point", "coordinates": [3.746813099999999, 51.054575099999994]}}, {"type": "Feature", "properties": {"temp": 28.59}, "geometry": {"type": "Point", "coordinates": [3.7466565000000003, 51.0546355]}}, {"type": "Feature", "properties": {"temp": 28.59}, "geometry": {"type": "Point", "coordinates": [3.7464886, 51.0547702]}}, {"type": "Feature", "properties": {"temp": 28.59}, "geometry": {"type": "Point", "coordinates": [3.7463235000000004, 51.05490150000001]}}, {"type": "Feature", "properties": {"temp": 28.6}, "geometry": {"type": "Point", "coordinates": [3.7461759, 51.0550252]}}, {"type": "Feature", "properties": {"temp": 28.6}, "geometry": {"type": "Point", "coordinates": [3.745998199999999, 51.05514899999999]}}, {"type": "Feature", "properties": {"temp": 28.6}, "geometry": {"type": "Point", "coordinates": [3.7458532000000004, 51.05524650000001]}}, {"type": "Feature", "properties": {"temp": 28.6}, "geometry": {"type": "Point", "coordinates": [3.745638099999999, 51.05526919999999]}}, {"type": "Feature", "properties": {"temp": 28.6}, "geometry": {"type": "Point", "coordinates": [3.7454295000000006, 51.055220899999995]}}, {"type": "Feature", "properties": {"temp": 28.6}, "geometry": {"type": "Point", "coordinates": [3.7452239000000005, 51.0551966]}}, {"type": "Feature", "properties": {"temp": 28.5}, "geometry": {"type": "Point", "coordinates": [3.7451189000000005, 51.0551049]}}, {"type": "Feature", "properties": {"temp": 28.5}, "geometry": {"type": "Point", "coordinates": [3.7451163, 51.05498450000001]}}, {"type": "Feature", "properties": {"temp": 28.5}, "geometry": {"type": "Point", "coordinates": [3.7451281, 51.054824200000006]}}, {"type": "Feature", "properties": {"temp": 28.5}, "geometry": {"type": "Point", "coordinates": [3.745134899999999, 51.05466369999999]}}, {"type": "Feature", "properties": {"temp": 28.51}, "geometry": {"type": "Point", "coordinates": [3.7451413000000002, 51.05453880000001]}}, {"type": "Feature", "properties": {"temp": 28.51}, "geometry": {"type": "Point", "coordinates": [3.7451585999999994, 51.0543994]}}, {"type": "Feature", "properties": {"temp": 28.51}, "geometry": {"type": "Point", "coordinates": [3.7451585999999994, 51.054259699999996]}}, {"type": "Feature", "properties": {"temp": 28.61}, "geometry": {"type": "Point", "coordinates": [3.7451700000000003, 51.054105199999995]}}, {"type": "Feature", "properties": {"temp": 28.61}, "geometry": {"type": "Point", "coordinates": [3.7451848000000005, 51.053949300000006]}}, {"type": "Feature", "properties": {"temp": 28.61}, "geometry": {"type": "Point", "coordinates": [3.7451662, 51.053814300000006]}}, {"type": "Feature", "properties": {"temp": 28.61}, "geometry": {"type": "Point", "coordinates": [3.7451817000000003, 51.0536767]}}, {"type": "Feature", "properties": {"temp": 28.61}, "geometry": {"type": "Point", "coordinates": [3.7451947, 51.053526899999994]}}, {"type": "Feature", "properties": {"temp": 28.61}, "geometry": {"type": "Point", "coordinates": [3.745198699999999, 51.053402899999995]}}, {"type": "Feature", "properties": {"temp": 28.61}, "geometry": {"type": "Point", "coordinates": [3.7451753, 51.05332210000001]}}, {"type": "Feature", "properties": {"temp": 28.62}, "geometry": {"type": "Point", "coordinates": [3.745182999999999, 51.05325049999998]}}, {"type": "Feature", "properties": {"temp": 28.62}, "geometry": {"type": "Point", "coordinates": [3.7452642999999997, 51.05318810000001]}}, {"type": "Feature", "properties": {"temp": 28.62}, "geometry": {"type": "Point", "coordinates": [3.7453401, 51.053154600000006]}}, {"type": "Feature", "properties": {"temp": 28.62}, "geometry": {"type": "Point", "coordinates": [3.7454194, 51.0531255]}}, {"type": "Feature", "properties": {"temp": 28.72}, "geometry": {"type": "Point", "coordinates": [3.7455419, 51.0530863]}}, {"type": "Feature", "properties": {"temp": 28.82}, "geometry": {"type": "Point", "coordinates": [3.7457072000000005, 51.0530415]}}, {"type": "Feature", "properties": {"temp": 28.92}, "geometry": {"type": "Point", "coordinates": [3.7458864, 51.0530036]}}, {"type": "Feature", "properties": {"temp": 28.92}, "geometry": {"type": "Point", "coordinates": [3.745997299999999, 51.0529516]}}, {"type": "Feature", "properties": {"temp": 28.92}, "geometry": {"type": "Point", "coordinates": [3.7459667, 51.052873399999996]}}, {"type": "Feature", "properties": {"temp": 29.03}, "geometry": {"type": "Point", "coordinates": [3.7459093, 51.0527701]}}, {"type": "Feature", "properties": {"temp": 28.93}, "geometry": {"type": "Point", "coordinates": [3.7458440999999993, 51.052674599999996]}}, {"type": "Feature", "properties": {"temp": 28.93}, "geometry": {"type": "Point", "coordinates": [3.7457525, 51.05254969999999]}}, {"type": "Feature", "properties": {"temp": 28.93}, "geometry": {"type": "Point", "coordinates": [3.7456501000000006, 51.0524454]}}, {"type": "Feature", "properties": {"temp": 28.93}, "geometry": {"type": "Point", "coordinates": [3.7455812000000006, 51.0523199]}}, {"type": "Feature", "properties": {"temp": 28.93}, "geometry": {"type": "Point", "coordinates": [3.7454829, 51.05218369999999]}}, {"type": "Feature", "properties": {"temp": 28.93}, "geometry": {"type": "Point", "coordinates": [3.7453850000000006, 51.052058]}}, {"type": "Feature", "properties": {"temp": 28.93}, "geometry": {"type": "Point", "coordinates": [3.7453041000000002, 51.0519481]}}, {"type": "Feature", "properties": {"temp": 28.93}, "geometry": {"type": "Point", "coordinates": [3.7452183, 51.05183689999999]}}, {"type": "Feature", "properties": {"temp": 28.84}, "geometry": {"type": "Point", "coordinates": [3.7451277, 51.0517256]}}, {"type": "Feature", "properties": {"temp": 28.84}, "geometry": {"type": "Point", "coordinates": [3.7450475999999995, 51.05162619999998]}}, {"type": "Feature", "properties": {"temp": 28.84}, "geometry": {"type": "Point", "coordinates": [3.744969099999999, 51.051541699999994]}}, {"type": "Feature", "properties": {"temp": 28.64}, "geometry": {"type": "Point", "coordinates": [3.7448820999999994, 51.0514999]}}, {"type": "Feature", "properties": {"temp": 28.54}, "geometry": {"type": "Point", "coordinates": [3.7447212999999997, 51.0515488]}}, {"type": "Feature", "properties": {"temp": 28.54}, "geometry": {"type": "Point", "coordinates": [3.7445383999999993, 51.0516076]}}, {"type": "Feature", "properties": {"temp": 28.34}, "geometry": {"type": "Point", "coordinates": [3.7443574000000006, 51.051668899999996]}}, {"type": "Feature", "properties": {"temp": 28.34}, "geometry": {"type": "Point", "coordinates": [3.7441576, 51.051728000000004]}}, {"type": "Feature", "properties": {"temp": 28.14}, "geometry": {"type": "Point", "coordinates": [3.7439748, 51.0517779]}}, {"type": "Feature", "properties": {"temp": 28.14}, "geometry": {"type": "Point", "coordinates": [3.7437607, 51.0518381]}}, {"type": "Feature", "properties": {"temp": 28.05}, "geometry": {"type": "Point", "coordinates": [3.7436617000000005, 51.051904599999986]}}, {"type": "Feature", "properties": {"temp": 28.05}, "geometry": {"type": "Point", "coordinates": [3.7437029, 51.05201479999999]}}, {"type": "Feature", "properties": {"temp": 28.05}, "geometry": {"type": "Point", "coordinates": [3.7437932, 51.05212699999999]}}, {"type": "Feature", "properties": {"temp": 28.05}, "geometry": {"type": "Point", "coordinates": [3.7438429, 51.0522234]}}, {"type": "Feature", "properties": {"temp": 28.15}, "geometry": {"type": "Point", "coordinates": [3.7438040999999997, 51.0523058]}}, {"type": "Feature", "properties": {"temp": 28.15}, "geometry": {"type": "Point", "coordinates": [3.7436837, 51.05236440000001]}}, {"type": "Feature", "properties": {"temp": 28.15}, "geometry": {"type": "Point", "coordinates": [3.7436837, 51.05236440000001]}}, {"type": "Feature", "properties": {"temp": 28.15}, "geometry": {"type": "Point", "coordinates": [3.7433437, 51.0522856]}}, {"type": "Feature", "properties": {"temp": 28.25}, "geometry": {"type": "Point", "coordinates": [3.7431966, 51.05223410000001]}}, {"type": "Feature", "properties": {"temp": 28.25}, "geometry": {"type": "Point", "coordinates": [3.7430945, 51.0521844]}}, {"type": "Feature", "properties": {"temp": 28.26}, "geometry": {"type": "Point", "coordinates": [3.7431361, 51.05208979999998]}}, {"type": "Feature", "properties": {"temp": 28.26}, "geometry": {"type": "Point", "coordinates": [3.7431931000000005, 51.0520066]}}, {"type": "Feature", "properties": {"temp": 28.26}, "geometry": {"type": "Point", "coordinates": [3.7432399, 51.05194519999999]}}, {"type": "Feature", "properties": {"temp": 28.26}, "geometry": {"type": "Point", "coordinates": [3.7433422999999992, 51.0519398]}}, {"type": "Feature", "properties": {"temp": 28.26}, "geometry": {"type": "Point", "coordinates": [3.7434401999999993, 51.0519817]}}, {"type": "Feature", "properties": {"temp": 28.26}, "geometry": {"type": "Point", "coordinates": [3.7435036, 51.0520079]}}, {"type": "Feature", "properties": {"temp": 28.26}, "geometry": {"type": "Point", "coordinates": [3.7434857000000004, 51.052020000000006]}}, {"type": "Feature", "properties": {"temp": 28.26}, "geometry": {"type": "Point", "coordinates": [3.7434820999999996, 51.0520216]}}]}