{"type": "FeatureCollection", "features": [{"type": "Feature", "properties": {"hex_id": 278, "utci_present": 33.77, "utci_2050": 38.0, "utci_2090": 41.25, "utci": 33.77}, "geometry": {"type": "Polygon", "coordinates": [[[-15.99243517108141, 18.005524081173874], [-15.99081555259113, 18.002872778693384], [-15.992150233547259, 18.000633230404002], [-15.992151826145594, 18.000634738058658], [-15.992152230517757, 18.00070703627105], [-15.992190211985836, 18.00074299191069], [-15.992228193469305, 18.000778947542013], [-15.992228597876053, 18.000851245751658], [-15.992229002284702, 18.000923543960752], [-15.992266983816249, 18.000959499581523], [-15.992304965363184, 18.000995455193976], [-15.992305369806417, 18.001067753400324], [-15.99234335138509, 18.00110370900334], [-15.992381332979154, 18.001139664598032], [-15.992381737456968, 18.001211962801623], [-15.992419719082765, 18.00124791838687], [-15.992457700723955, 18.001283873963796], [-15.992458105236357, 18.001356172164638], [-15.99249608690928, 18.001392127732124], [-15.992534068597598, 18.00142808329129], [-15.992534473144586, 18.001500381489368], [-15.992534877693474, 18.00157267968691], [-15.992572859429867, 18.001608635235534], [-15.992610841181655, 18.001644590775836], [-15.992611245765131, 18.001716888970616], [-15.992649227548654, 18.00175284450148], [-15.992687209347569, 18.00178880002401], [-15.99268761396563, 18.00186109821604], [-15.992725595796283, 18.00189705372914], [-15.992763577642327, 18.001933009233916], [-15.992763982294976, 18.002005307423183], [-15.992801964172756, 18.002041262918517], [-15.992839946065931, 18.002077218405525], [-15.992840350753166, 18.00214951659205], [-15.992878332678078, 18.00218547206962], [-15.99291631461838, 18.002221427538853], [-15.992916719340208, 18.002293725722627], [-15.992954701312248, 18.002329681182424], [-15.992992683299681, 18.002365636633915], [-15.992993088056096, 18.002437934814917], [-15.992993492814414, 18.002510232995387], [-15.993031474849928, 18.002546188436316], [-15.99306945690084, 18.00258214386893], [-15.993069861693744, 18.00265444204664], [-15.993107843776393, 18.00269039746981], [-15.993145825874432, 18.002726352884643], [-15.99314623070193, 18.00279865105961], [-15.993184212831707, 18.002834606465015], [-15.993222194976882, 18.002870561862082], [-15.99322259983897, 18.002942860034295], [-15.993260582015882, 18.00297881542193], [-15.993298564208185, 18.003014770801244], [-15.993298969104867, 18.003087068970693], [-15.99333695132891, 18.00312302434056], [-15.993374933568345, 18.003158979702107], [-15.993375338499622, 18.003231277868796], [-15.993413320770797, 18.003267233220907], [-15.99345130305737, 18.003303188564683], [-15.993451708023239, 18.00337548672862], [-15.993489690341546, 18.00341144206296], [-15.99352767267525, 18.00344739738896], [-15.993528077675714, 18.003519695550157], [-15.993566060041157, 18.00355565086672], [-15.993604042421996, 18.003591606174954], [-15.993604447457054, 18.00366390433339], [-15.993642429869633, 18.00369985963219], [-15.993680412297607, 18.00373581492267], [-15.993680817367256, 18.003808113078343], [-15.993718799826972, 18.00384406835937], [-15.99375678230208, 18.003880023632075], [-15.99375718740633, 18.003952321785], [-15.993795169913179, 18.00398827704826], [-15.993833152435425, 18.004024232303202], [-15.993833557574268, 18.00409653045336], [-15.993871540128255, 18.004132485698864], [-15.993909522697635, 18.00416844093602], [-15.993909927871076, 18.004240739083432], [-15.9939479104722, 18.004276694311166], [-15.993985893088716, 18.00431264953055], [-15.993986298296754, 18.00438494767521], [-15.994024280945016, 18.00442090288517], [-15.994062263608672, 18.004456858086797], [-15.994062668851306, 18.004529156228703], [-15.994100651546704, 18.004565111420884], [-15.994138634257498, 18.004601066604742], [-15.994139039534733, 18.004673364743876], [-15.99417702227727, 18.0047093199183], [-15.994215005035203, 18.00474527508439], [-15.994215410347033, 18.00481757322077], [-15.99425339313671, 18.004853528377424], [-15.994291375941781, 18.004889483525734], [-15.994291781288213, 18.004961781659368], [-15.99432976412503, 18.00499773679824], [-15.994367746977243, 18.005033691928787], [-15.994368152358271, 18.005105990059654], [-15.994406135242228, 18.005141945180764], [-15.99444411814158, 18.005177900293543], [-15.994482101056327, 18.00521385539799], [-15.994520083986473, 18.005249810494092], [-15.994520489434802, 18.005322108619993], [-15.994558472396688, 18.005358063706673], [-15.994596455373973, 18.00539401878501], [-15.994596860856904, 18.005466316908148], [-15.994634843865937, 18.005502271977047], [-15.994645904281652, 18.005512741864923], [-15.99243517108141, 18.005524081173874]]]}}, {"type": "Feature", "properties": {"hex_id": 279, "utci_present": 33.5, "utci_2050": 37.73, "utci_2090": 41.0, "utci": 33.5}, "geometry": {"type": "Polygon", "coordinates": [[[-15.995674557558274, 18.010826636263584], [-15.99246494325962, 18.010843112010825], [-15.990845271511494, 18.008191813601165], [-15.99243517108141, 18.005524081173874], [-15.994645904281652, 18.005512741864923], [-15.994672826890358, 18.005538227037615], [-15.994673232407894, 18.005610525158], [-15.994711215464065, 18.005646480209126], [-15.994749198535633, 18.005682435251916], [-15.99474960408777, 18.00575473336955], [-15.994787587191084, 18.005790688402907], [-15.994825570309791, 18.005826643427923], [-15.994825975896532, 18.0058989415428], [-15.994863959046988, 18.00593489655838], [-15.99490194221284, 18.005970851565618], [-15.994902347834186, 18.00604314967774], [-15.994940331031783, 18.00607910467555], [-15.994978314244781, 18.006115059665028], [-15.99497871990073, 18.006187357774383], [-15.995016703145474, 18.006223312754415], [-15.995054686405615, 18.006259267726108], [-15.99509266968115, 18.00629522268947], [-15.995130652972083, 18.006331177644505], [-15.995131058695339, 18.006403475748897], [-15.99516904201802, 18.006439430694492], [-15.9952070253561, 18.00647538563176], [-15.99520743111396, 18.006547683733377], [-15.995245414483788, 18.00658363866119], [-15.99528339786901, 18.00661959358068], [-15.99528380366148, 18.006691891679548], [-15.995321787078453, 18.006727846589584], [-15.99535977051082, 18.006763801491307], [-15.995360176337895, 18.006836099587414], [-15.995398159802015, 18.00687205447968], [-15.99543614328153, 18.00690800936361], [-15.995436549143214, 18.00698030745698], [-15.995474532654478, 18.007016262331465], [-15.995512516181144, 18.007052217197614], [-15.995512922077435, 18.007124515288222], [-15.995550905635843, 18.007160470144935], [-15.995588889209653, 18.007196424993317], [-15.995626872798864, 18.00723237983336], [-15.995664856403467, 18.00726833466507], [-15.995665262367073, 18.0073406327507], [-15.995703246003428, 18.007376587572963], [-15.995741229655183, 18.0074125423869], [-15.995741635653399, 18.007484840469775], [-15.995779619336902, 18.00752079527427], [-15.995817603035803, 18.007556750070414], [-15.99581800906863, 18.007629048150534], [-15.995855992799283, 18.007665002937244], [-15.995893976545332, 18.007700957715628], [-15.995894382612772, 18.007773255792976], [-15.995932366390573, 18.007809210561916], [-15.995970350183775, 18.007845165322514], [-15.995970756285823, 18.00791746339711], [-15.996008740110776, 18.00795341814827], [-15.996046723951125, 18.007989372891092], [-15.99604713008779, 18.008061670962928], [-15.996085113959891, 18.008097625696305], [-15.996123097847393, 18.00813358042135], [-15.99616108175029, 18.008169535138066], [-15.996199065668591, 18.008205489846446], [-15.996199471872572, 18.008277787913297], [-15.996237455822623, 18.008313742612227], [-15.996275439788073, 18.008349697302826], [-15.996275846026672, 18.008421995366927], [-15.996313830023874, 18.008457950048083], [-15.996351814036476, 18.008493904720897], [-15.996352220309685, 18.008566202782234], [-15.99639020435404, 18.008602157445612], [-15.996428188413796, 18.008638112100645], [-15.996428594721623, 18.008710410159228], [-15.996466578813129, 18.008746364804825], [-15.996504562920034, 18.008782319442076], [-15.996504969262478, 18.008854617497896], [-15.996542953401137, 18.00889057212571], [-15.9965809375552, 18.008926526745185], [-15.99658134393226, 18.008998824798248], [-15.996619328118076, 18.00903477940828], [-15.996657312319288, 18.009070734009978], [-15.996657718730965, 18.00914303206028], [-15.996670622153868, 18.009155246007236], [-15.995674557558274, 18.010826636263584]]]}}, {"type": "Feature", "properties": {"hex_id": 241, "utci_present": 34.0, "utci_2050": 38.25, "utci_2090": 41.53, "utci": 34.0}, "geometry": {"type": "Polygon", "coordinates": [[[-15.997294325567022, 18.013477888859892], [-15.995674557558274, 18.010826636263584], [-15.996670622153868, 18.009155246007236], [-15.996695702963933, 18.009178986652532], [-15.9967336872123, 18.00921494123645], [-15.996734093658596, 18.009287239283985], [-15.99677207793872, 18.009323193858457], [-15.996810062234243, 18.009359148424593], [-15.996810468715154, 18.009431446469367], [-15.996848453042434, 18.00946740102606], [-15.996886437385111, 18.00950335557441], [-15.996886843900644, 18.009575653616427], [-15.996924828275079, 18.00961160815534], [-15.996962812664911, 18.00964756268591], [-15.996963219215065, 18.009719860725163], [-15.997001203636653, 18.009755815246287], [-15.997039188073645, 18.009791769759083], [-15.997039594658418, 18.009864067795576], [-15.997077579127161, 18.00990002229893], [-15.99711556361131, 18.00993597679393], [-15.997115970230704, 18.010008274827662], [-15.997153954746606, 18.01004422931323], [-15.997191939277913, 18.010080183790457], [-15.997192345931927, 18.01015248182142], [-15.99719275258785, 18.01022477985184], [-15.997230737167268, 18.01026073431852], [-15.997268721762087, 18.010296688776858], [-15.997269128452633, 18.01036898680451], [-15.99730711307921, 18.0104049412534], [-15.997345097721185, 18.010440895693957], [-15.997345504446356, 18.01051319371886], [-15.99738348912009, 18.010549148149966], [-15.997421473809226, 18.010585102572737], [-15.997421880569018, 18.010657400594866], [-15.997459865289914, 18.010693355008193], [-15.99749785002621, 18.010729309413186], [-15.997498256820625, 18.010801607432548], [-15.99753624158868, 18.010837561828087], [-15.997574226372135, 18.010873516215295], [-15.997574633201177, 18.01094581423191], [-15.997575040032128, 18.01101811224796], [-15.997613024863702, 18.011054066624606], [-15.997651009710674, 18.01109002099292], [-15.99765141657625, 18.011162319006225], [-15.997689401454984, 18.011198273365093], [-15.99772738634912, 18.011234227715608], [-15.99772779324932, 18.01130652572615], [-15.997765778175216, 18.011342480067228], [-15.997803763116512, 18.01137843439997], [-15.997804170051342, 18.011450732407738], [-15.997804576988083, 18.011523030414974], [-15.997842561977498, 18.011558984737153], [-15.997880546982314, 18.011594939051], [-15.99788095395368, 18.011667237055452], [-15.99791893899026, 18.011703191359864], [-15.997956924042239, 18.011739145655934], [-15.997957331048235, 18.011811443657628], [-15.997957738056144, 18.01188374165878], [-15.99799572315624, 18.01191969594429], [-15.998033708271741, 18.011955650221445], [-15.99803411531428, 18.01202794821984], [-15.998072100461542, 18.012063902487558], [-15.998110085624207, 18.01209985674694], [-15.998110492701372, 18.01217215474256], [-15.998110899780448, 18.012244452737637], [-15.998148884991235, 18.012280406986466], [-15.998186870217426, 18.012316361226954], [-15.998187277331132, 18.012388659219262], [-15.998187684446751, 18.012460957211033], [-15.99822566972106, 18.012496911440962], [-15.998263655010778, 18.01253286566255], [-15.998264062161024, 18.01260516365156], [-15.998264469313186, 18.012677461640013], [-15.998302454651023, 18.012713415851042], [-15.998340440004261, 18.012749370053736], [-15.998340847191058, 18.01282166803943], [-15.99834125437976, 18.012893966024574], [-15.998379239781123, 18.012929920216706], [-15.99841722519789, 18.012965874400507], [-15.998417632421226, 18.013038172382885], [-15.998418039646477, 18.013110470364715], [-15.998456025111368, 18.013146424537954], [-15.998494010591664, 18.01318237870286], [-15.998494417851544, 18.013254676681925], [-15.99849482511334, 18.013326974660444], [-15.998532810641759, 18.013362928814786], [-15.998570796185582, 18.013398882960793], [-15.998571203482012, 18.013471180936545], [-15.998571204197923, 18.013471308015628], [-15.997294325567022, 18.013477888859892]]]}}, {"type": "Feature", "properties": {"hex_id": 280, "utci_present": 33.99, "utci_2050": 38.25, "utci_2090": 41.55, "utci": 33.99}, "geometry": {"type": "Polygon", "coordinates": [[[-15.99246494325962, 18.010843112010825], [-15.995674557558274, 18.010826636263584], [-15.997294325567022, 18.013477888859892], [-15.995704436302761, 18.0161456589453], [-15.992494725726852, 18.01616213988228], [-15.990875000703545, 18.013510845543976], [-15.99246494325962, 18.010843112010825]]]}}, {"type": "Feature", "properties": {"hex_id": 242, "utci_present": 34.07, "utci_2050": 38.33, "utci_2090": 41.63, "utci": 34.07}, "geometry": {"type": "Polygon", "coordinates": [[[-15.997324257619956, 18.018796907457208], [-15.995704436302761, 18.0161456589453], [-15.997294325567022, 18.013477888859892], [-15.998571204197923, 18.013471308015628], [-15.998571610780353, 18.013543478911753], [-15.9986095963723, 18.013579433047205], [-15.998647581979654, 18.013615387174305], [-15.998647989312628, 18.013687685146746], [-15.998648396647516, 18.013759983118636], [-15.998686382302996, 18.013795937235187], [-15.998724367973882, 18.0138318913434], [-15.998724775343403, 18.013904189312523], [-15.99872518271484, 18.013976487281113], [-15.99872559008819, 18.01404878524914], [-15.998763575823562, 18.014084739345684], [-15.99880156157434, 18.014120693433885], [-15.998801968982324, 18.014192991399163], [-15.998802376392222, 18.014265289363873], [-15.998840362191128, 18.014301243441523], [-15.998878348005439, 18.01433719751083], [-15.998878755449974, 18.01440949547278], [-15.998879162896422, 18.014481793434182], [-15.998879570344783, 18.014554091395034], [-15.998917556223585, 18.014590045452675], [-15.998955542117795, 18.014625999501977], [-15.998955949600791, 18.014698297460075], [-15.998956357085707, 18.014770595417612], [-15.998956764572533, 18.0148428933746], [-15.99899475053123, 18.014878847412245], [-15.999032736505335, 18.01491480144153], [-15.9990331440268, 18.01498709939575], [-15.999033551550177, 18.015059397349447], [-15.999033959075469, 18.015131695302575], [-15.999034366602675, 18.015203993255163], [-15.999072352657636, 18.015239947271677], [-15.999110338728007, 18.015275901279846], [-15.99911074628985, 18.015348199229678], [-15.99911115385361, 18.015420497178937], [-15.999111561419284, 18.015492795127667], [-15.99911196898687, 18.015565093075846], [-15.999149955138096, 18.01560104707124], [-15.999187941304726, 18.015637001058295], [-15.999188348906955, 18.015709299003703], [-15.999188756511096, 18.015781596948568], [-15.999189164117153, 18.01585389489288], [-15.99918957172512, 18.015926192836652], [-15.999227557972615, 18.015962146810928], [-15.999265544235513, 18.01599810077686], [-15.999265951878124, 18.016070398717865], [-15.999266359522649, 18.01614269665832], [-15.999266767169088, 18.01621499459822], [-15.999267174817442, 18.016287292537587], [-15.999267582467708, 18.01635959047639], [-15.999305568827836, 18.01639554442844], [-15.999343555203371, 18.016431498372146], [-15.99934396288828, 18.016503796308193], [-15.999344370575104, 18.01657609424369], [-15.999344778263842, 18.01664839217863], [-15.999345185954496, 18.01672069011303], [-15.999345593647064, 18.01679298804688], [-15.999383580119828, 18.0168289419767], [-15.999421566608, 18.016864895898173], [-15.999421974335212, 18.016937193829264], [-15.999422382064337, 18.017009491759794], [-15.999422789795378, 18.01708178968979], [-15.999423197528332, 18.01715408761922], [-15.999423605263203, 18.017226385548117], [-15.999424012999986, 18.01729868347647], [-15.999424420738684, 18.01737098140426], [-15.999462407356818, 18.01740693530962], [-15.999500393990363, 18.01744288920666], [-15.999500801763707, 18.017515187131686], [-15.999501209538964, 18.01758748505617], [-15.999501617316138, 18.017659782980115], [-15.999502025095225, 18.01773208090348], [-15.99950243287623, 18.017804378826327], [-15.999502840659147, 18.017876676748617], [-15.999503248443979, 18.01794897467036], [-15.999503656230726, 18.01802127259155], [-15.999504064019385, 18.0180935705122], [-15.999504471809962, 18.018165868432288], [-15.999542458622575, 18.01820182230988], [-15.999580445450595, 18.01823777617913], [-15.999580853275816, 18.018310074096462], [-15.999581261102955, 18.018382372013246], [-15.99958166893201, 18.018454669929483], [-15.999582076762975, 18.018526967845165], [-15.999582484595859, 18.018599265760308], [-15.999582892430656, 18.018671563674896], [-15.99958330026737, 18.018743861588934], [-15.999583533767645, 18.018785254430718], [-15.997324257619956, 18.018796907457208]]]}}, {"type": "Feature", "properties": {"hex_id": 281, "utci_present": 34.18, "utci_2050": 38.47, "utci_2090": 41.79, "utci": 34.18}, "geometry": {"type": "Polygon", "coordinates": [[[-15.992494725726852, 18.01616213988228], [-15.995704436302761, 18.0161456589453], [-15.997324257619956, 18.018796907457208], [-15.995734325370968, 18.021464678660465], [-15.99252451848454, 18.02148116478748], [-15.990904740168702, 18.01882987452106], [-15.992494725726852, 18.01616213988228]]]}}, {"type": "Feature", "properties": {"hex_id": 243, "utci_present": 34.04, "utci_2050": 38.31, "utci_2090": 41.6, "utci": 34.04}, "geometry": {"type": "Polygon", "coordinates": [[[-15.997354200013957, 18.024115923087432], [-15.995734325370968, 18.021464678660465], [-15.997324257619956, 18.018796907457208], [-15.999583533767645, 18.018785254430718], [-15.999583708105996, 18.01881615950243], [-15.999584115946538, 18.01888845741537], [-15.999584523788995, 18.01896075532777], [-15.999584931633366, 18.01903305323961], [-15.999585339479653, 18.019105351150912], [-15.999585747327854, 18.019177649061675], [-15.999586155177969, 18.019249946971872], [-15.999586563030004, 18.01932224488153], [-15.999586970883948, 18.01939454279064], [-15.999587378739811, 18.019466840699195], [-15.999587786597585, 18.0195391386072], [-15.999588194457278, 18.01961143651467], [-15.999588602318882, 18.01968373442158], [-15.999589010182403, 18.019756032327948], [-15.99958941804784, 18.019828330233768], [-15.99958982591519, 18.019900628139037], [-15.999590233784456, 18.019972926043753], [-15.999590641655637, 18.020045223947935], [-15.999591049528732, 18.020117521851553], [-15.999591457403742, 18.02018981975463], [-15.999591865280665, 18.02026211765716], [-15.999592273159505, 18.020334415559145], [-15.999592681040259, 18.02040671346057], [-15.99959308892293, 18.02047901136146], [-15.999593496807517, 18.020551309261794], [-15.999593904694015, 18.02062360716158], [-15.999594312582431, 18.020695905060816], [-15.999594720472762, 18.020768202959513], [-15.999595128365003, 18.020840500857652], [-15.999595536259164, 18.020912798755248], [-15.999595944155239, 18.02098509665228], [-15.999596352053228, 18.021057394548787], [-15.999596759953132, 18.021129692444728], [-15.999597167854954, 18.02120199034014], [-15.999597575758687, 18.021274288234988], [-15.999597983664339, 18.021346586129294], [-15.999598391571901, 18.021418884023053], [-15.999598799481381, 18.02149118191626], [-15.999599207392777, 18.02156347980891], [-15.999599615306083, 18.021635777701025], [-15.999600023221308, 18.021708075592596], [-15.999562443508388, 18.021744419668707], [-15.999524863780051, 18.02178076373814], [-15.999525271668283, 18.02185306163028], [-15.999525679558426, 18.02192535952186], [-15.999526087450482, 18.021997657412903], [-15.999526495344458, 18.022069955303383], [-15.999526903240348, 18.022142253193344], [-15.99952731113815, 18.022214551082726], [-15.99952771903787, 18.022286848971575], [-15.999528126939504, 18.02235914685987], [-15.99952853484305, 18.022431444747625], [-15.999528942748514, 18.022503742634825], [-15.99952935065589, 18.022576040521486], [-15.999491770753133, 18.022612384590406], [-15.99945419083496, 18.02264872865266], [-15.999454598715342, 18.022721026539887], [-15.999455006597639, 18.022793324426566], [-15.99945541448185, 18.0228656223127], [-15.999455822367974, 18.02293792019828], [-15.999456230256014, 18.023010218083304], [-15.999456638145968, 18.0230825159678], [-15.99945704603784, 18.023154813851733], [-15.999457453931624, 18.02322711173511], [-15.999419873882388, 18.023263455795185], [-15.999382293817735, 18.02329979984858], [-15.999382701684524, 18.02337209773253], [-15.999383109553223, 18.023444395615947], [-15.999383517423837, 18.02351669349881], [-15.99938392529637, 18.02358899138112], [-15.999384333170813, 18.02366128926289], [-15.999384741047171, 18.023733587144115], [-15.999385148925445, 18.023805885024785], [-15.99934756874418, 18.023842229075417], [-15.999309988547504, 18.02387857311938], [-15.999310396398778, 18.023950871000622], [-15.999310804251966, 18.02402316888132], [-15.999311212107068, 18.024095466761462], [-15.999311270555117, 18.024105827447595], [-15.997354200013957, 18.024115923087432]]]}}, {"type": "Feature", "properties": {"hex_id": 282, "utci_present": 34.27, "utci_2050": 38.57, "utci_2090": 41.92, "utci": 34.27}, "geometry": {"type": "Polygon", "coordinates": [[[-15.99252451848454, 18.02148116478748], [-15.995734325370968, 18.021464678660465], [-15.997354200013957, 18.024115923087432], [-15.995764224764331, 18.02678369540831], [-15.992554321534115, 18.026800186725662], [-15.990934489908403, 18.024148900531657], [-15.99252451848454, 18.02148116478748]]]}}, {"type": "Feature", "properties": {"hex_id": 244, "utci_present": 33.89, "utci_2050": 38.11, "utci_2090": 41.37, "utci": 33.89}, "geometry": {"type": "Polygon", "coordinates": [[[-15.997384152750463, 18.029434935749805], [-15.995764224764331, 18.02678369540831], [-15.997354200013957, 18.024115923087432], [-15.999311270555117, 18.024105827447595], [-15.999311619964086, 18.024167764641067], [-15.999312027823018, 18.024240062520118], [-15.999312435683864, 18.024312360398618], [-15.999274855385025, 18.024348704439266], [-15.999237275070772, 18.024385048473235], [-15.999237682904617, 18.02445734635231], [-15.999238090740379, 18.02452964423084], [-15.999238498578052, 18.024601942108816], [-15.99923890641764, 18.024674239986243], [-15.999239314259142, 18.024746537863127], [-15.999201733857182, 18.024782881893216], [-15.999164153439807, 18.02481922591664], [-15.999164561254307, 18.024891523794096], [-15.999164969070721, 18.024963821670994], [-15.999165376889051, 18.02503611954736], [-15.999165784709295, 18.02510841742317], [-15.999166192531453, 18.025180715298433], [-15.999128612026368, 18.02521705931797], [-15.999091031505868, 18.02525340333084], [-15.99909143930102, 18.025325701206675], [-15.999091847098091, 18.025397999081953], [-15.999092254897073, 18.025470296956698], [-15.99909266269797, 18.02554259483088], [-15.99909307050078, 18.025614892704517], [-15.99905548989257, 18.02565123671351], [-15.999017909268941, 18.025687580715836], [-15.999018317044746, 18.025759878590044], [-15.999018724822466, 18.025832176463705], [-15.999019132602104, 18.025904474336816], [-15.99901954038365, 18.025976772209386], [-15.998981959686766, 18.02601311620727], [-15.998944378974464, 18.02604946019848], [-15.998944786729009, 18.026121758071604], [-15.998945194485465, 18.026194055944202], [-15.998945602243834, 18.026266353816244], [-15.998946010004122, 18.026338651687738], [-15.998908429218563, 18.026374995674498], [-15.99887084841759, 18.026411339654587], [-15.998871256150867, 18.026483637526646], [-15.99887166388606, 18.026555935398168], [-15.998872071623165, 18.026628233269133], [-15.998872479362184, 18.02670053113956], [-15.99883489848795, 18.026736875115212], [-15.9987973175983, 18.02677321908418], [-15.99879772531031, 18.026845516955177], [-15.998798133024238, 18.026917814825627], [-15.998798540740076, 18.02699011269551], [-15.99879894845783, 18.02706241056487], [-15.998761367494916, 18.027098754529398], [-15.998723786516585, 18.027135098487257], [-15.99872419420733, 18.027207396357177], [-15.998724601899989, 18.02727969422655], [-15.99872500959456, 18.027351992095365], [-15.998687428557428, 18.027388336048215], [-15.998649847504877, 18.027424679994404], [-15.998650255172437, 18.0274969778638], [-15.998650662841914, 18.027569275732645], [-15.998651070513304, 18.027641573600942], [-15.998651478186607, 18.02771387146869], [-15.99861389706079, 18.02775021541043], [-15.998576315919557, 18.027786559345493], [-15.998576723565849, 18.027858857213815], [-15.998577131214054, 18.027931155081596], [-15.998577538864174, 18.02800345294881], [-15.998539957664132, 18.02803979687888], [-15.998502376448677, 18.02807614080226], [-15.998502784071784, 18.02814843867006], [-15.998503191696805, 18.028220736537307], [-15.998503599323739, 18.02829303440401], [-15.998466018049474, 18.028329378322393], [-15.998428436759792, 18.028365722234096], [-15.998428844359713, 18.02843802010137], [-15.998429251961548, 18.02851031796808], [-15.998429659565295, 18.02858261583426], [-15.998392078216805, 18.028618959740967], [-15.998354496852894, 18.028655303641], [-15.99835490442963, 18.02872760150774], [-15.998355312008277, 18.02879989937393], [-15.998355719588837, 18.028872197239583], [-15.998356127171313, 18.028944495104685], [-15.99831854573413, 18.028980839000262], [-15.998280964281529, 18.029017182889174], [-15.998281371836988, 18.02908948075485], [-15.99828177939436, 18.029161778619965], [-15.998282186953645, 18.02923407648453], [-15.998244605442231, 18.029270420368448], [-15.998207023915398, 18.02930676424568], [-15.99820743144767, 18.02937906211082], [-15.998207722459256, 18.02943068852965], [-15.997384152750463, 18.029434935749805]]]}}, {"type": "Feature", "properties": {"hex_id": 283, "utci_present": 33.99, "utci_2050": 38.23, "utci_2090": 41.51, "utci": 33.99}, "geometry": {"type": "Polygon", "coordinates": [[[-15.992554321534115, 18.026800186725662], [-15.995764224764331, 18.02678369540831], [-15.997384152750463, 18.029434935749805], [-15.995794134484282, 18.032102709188077], [-15.992584134877008, 18.032119205696066], [-15.990964249924067, 18.029467923575005], [-15.992554321534115, 18.026800186725662]]]}}, {"type": "Feature", "properties": {"hex_id": 245, "utci_present": 33.92, "utci_2050": 38.15, "utci_2090": 41.4, "utci": 33.92}, "geometry": {"type": "Polygon", "coordinates": [[[-15.995794134484282, 18.032102709188077], [-15.997384152750463, 18.029434935749805], [-15.998207722459256, 18.02943068852965], [-15.998207838981854, 18.029451359975415], [-15.99820824651795, 18.029523657839455], [-15.998170664932303, 18.029560001711687], [-15.99813308333124, 18.029596345577236], [-15.998133490840319, 18.02966864344185], [-15.998133898351313, 18.02974094130591], [-15.998134305864218, 18.029813239169435], [-15.99809672420434, 18.02984958302999], [-15.998059142529039, 18.029885926883857], [-15.998059550014931, 18.029958224747947], [-15.998059957502731, 18.03003052261149], [-15.998060364992444, 18.03010282047448], [-15.998022783258332, 18.03013916432335], [-15.997985201508797, 18.030175508165527], [-15.997985608971492, 18.0302478060291], [-15.9979860164361, 18.030320103892112], [-15.99798642390262, 18.030392401754572], [-15.99794884209427, 18.030428745591763], [-15.997911260270499, 18.030465089422268], [-15.997911667710001, 18.030537387285303], [-15.997912075151415, 18.03060968514779], [-15.997912482594746, 18.030681983009732], [-15.997874900712155, 18.030718326835242], [-15.997837318814145, 18.030754670654048], [-15.997837726230452, 18.030826968516564], [-15.997838133648674, 18.03089926637853], [-15.997800551706309, 18.030935610191783], [-15.997762969748523, 18.030971953998357], [-15.997763377139727, 18.0310442518609], [-15.997763784532838, 18.031116549722878], [-15.99776419192786, 18.031188847584314], [-15.997726609911258, 18.031225191385882], [-15.997689027879229, 18.031261535180782], [-15.997689435247233, 18.031333833042783], [-15.997689842617149, 18.031406130904237], [-15.997690249988976, 18.031478428765155], [-15.997690657362714, 18.031550726625518], [-15.997653075257398, 18.031587070415963], [-15.997615493136662, 18.031623414199736], [-15.99761590048338, 18.03169571206066], [-15.99761630783201, 18.03176800992104], [-15.997616715182549, 18.03184030778087], [-15.99757913300299, 18.03187665155963], [-15.997541550808005, 18.031912995331723], [-15.997541958131526, 18.031985293192125], [-15.997542365456955, 18.032057591051977], [-15.997542772784296, 18.03212988891128], [-15.99750519053049, 18.032166232678364], [-15.997467608261259, 18.032202576438763], [-15.997468015561576, 18.032274874298633], [-15.997468422863808, 18.03234717215796], [-15.997468830167946, 18.032419470016738], [-15.99743124783989, 18.03245581377213], [-15.997393665496412, 18.032492157520842], [-15.99739407277353, 18.03256445538019], [-15.997394480052556, 18.032636753238986], [-15.997394887333495, 18.032709051097235], [-15.997395294616346, 18.032781348954934], [-15.997357712199573, 18.032817692699197], [-15.997320129767376, 18.032854036436788], [-15.997320537023203, 18.032926334295055], [-15.99732094428094, 18.03299863215278], [-15.997321351540585, 18.033070930009952], [-15.997283769049561, 18.033107273742523], [-15.997246186543112, 18.033143617468433], [-15.997246593775731, 18.033215915326164], [-15.997247001010264, 18.033288213183372], [-15.997247408246707, 18.033360511040005], [-15.997247815485062, 18.03343280889611], [-15.997210232905314, 18.033469152617556], [-15.997172650310143, 18.03350549633232], [-15.997173057521469, 18.033577794188993], [-15.997173464734708, 18.03365009204511], [-15.997173871949856, 18.03372238990068], [-15.997174279166918, 18.03379468775569], [-15.997174686385888, 18.033866985610167], [-15.997137103702945, 18.033903329321046], [-15.997099521004579, 18.033939673025234], [-15.997099928196523, 18.034011970880282], [-15.997100335390375, 18.034084268734773], [-15.99710074258614, 18.034156566588717], [-15.997101149783814, 18.034228864442106], [-15.997101223077586, 18.034241877698282], [-15.995794134484282, 18.032102709188077]]]}}, {"type": "Feature", "properties": {"hex_id": 284, "utci_present": 33.89, "utci_2050": 38.11, "utci_2090": 41.36, "utci": 33.89}, "geometry": {"type": "Polygon", "coordinates": [[[-15.995824054532257, 18.037421719999], [-15.992613958514651, 18.037438221697933], [-15.990994020217132, 18.03478694365035], [-15.992584134877008, 18.032119205696066], [-15.995794134484282, 18.032102709188077], [-15.997101223077586, 18.034241877698282], [-15.997101556983402, 18.03430116229496], [-15.99706397419726, 18.03433750599526], [-15.997026391395696, 18.034373849688887], [-15.997026798568253, 18.0344461475423], [-15.99702720574272, 18.034518445395168], [-15.997027612919098, 18.034590743247477], [-15.997028020097389, 18.034663041099257], [-15.997028427277588, 18.034735338950476], [-15.997028834459698, 18.03480763680114], [-15.996991251555885, 18.034843980491438], [-15.996953668636648, 18.03488032417504], [-15.996954075791725, 18.034952622026285], [-15.996954482948716, 18.03502491987698], [-15.996954890107617, 18.035097217727124], [-15.996955297268427, 18.03516951557672], [-15.996955704431148, 18.035241813425763], [-15.99695611159578, 18.03531411127426], [-15.996956518762323, 18.035386409122214], [-15.996956925930775, 18.035458706969614], [-15.996957273578111, 18.035520435829994], [-15.995824054532257, 18.037421719999]]]}}, {"type": "Feature", "properties": {"hex_id": 246, "utci_present": 33.89, "utci_2050": 38.11, "utci_2090": 41.36, "utci": 33.89}, "geometry": {"type": "Polygon", "coordinates": [[[-15.997444089256751, 18.04007295216796], [-15.995824054532257, 18.037421719999], [-15.996957273578111, 18.035520435829994], [-15.99695733310114, 18.035531004816463], [-15.996957740273412, 18.035603302662768], [-15.996958147447597, 18.03567560050852], [-15.996958554623692, 18.035747898353726], [-15.996958961801695, 18.035820196198387], [-15.996959368981612, 18.035892494042496], [-15.996959776163438, 18.03596479188605], [-15.996960183347174, 18.036037089729064], [-15.99696059053282, 18.036109387571525], [-15.996960997720379, 18.036181685413432], [-15.996961404909849, 18.036253983254795], [-15.996961812101228, 18.036326281095622], [-15.996962219294517, 18.036398578935888], [-15.996962626489715, 18.036470876775613], [-15.996963033686825, 18.036543174614778], [-15.996963440885846, 18.0366154724534], [-15.996963848086779, 18.036687770291476], [-15.996964255289619, 18.036760068129002], [-15.99696466249437, 18.036832365965978], [-15.996965069701035, 18.036904663802403], [-15.997003060248517, 18.036940617938477], [-15.997041050811431, 18.036976572066195], [-15.997041458052768, 18.037048869899863], [-15.99704186529602, 18.037121167732977], [-15.99704227254118, 18.037193465565544], [-15.997042679788253, 18.037265763397563], [-15.997043087037234, 18.037338061229025], [-15.99708107769749, 18.03737401534286], [-15.997119068373173, 18.037409969448355], [-15.997119475656836, 18.037482267277053], [-15.997119882942407, 18.037554565105218], [-15.997120290229889, 18.03762686293283], [-15.997158280970153, 18.03766281702664], [-15.997196271725846, 18.037698771112105], [-15.997196679048006, 18.037771068936944], [-15.99719708637208, 18.037843366761244], [-15.997235077175967, 18.037879320836147], [-15.997273067995284, 18.037915274902687], [-15.997273475354037, 18.037987572724223], [-15.9972738827147, 18.038059870545204], [-15.997311873582214, 18.03809582460119], [-15.997349864465159, 18.03813177864882], [-15.997350271860503, 18.03820407646704], [-15.997350679257758, 18.038276374284717], [-15.9973886701889, 18.038312328321783], [-15.99742666113547, 18.038348282350498], [-15.997427068567408, 18.038420580165404], [-15.997465059545794, 18.038456534184654], [-15.997503050539608, 18.03849248819557], [-15.997503458006229, 18.038564786007708], [-15.997541449031859, 18.03860074000916], [-15.997579440072917, 18.03863669400226], [-15.997579847574215, 18.03870899181164], [-15.99761783864709, 18.03874494579527], [-15.997655829735395, 18.038780899770554], [-15.997693820839126, 18.038816853737494], [-15.99773181195829, 18.038852807696077], [-15.997732219527045, 18.03892510550048], [-15.997770210678024, 18.038961059449605], [-15.997808201844432, 18.03899701339038], [-15.997808609447869, 18.03906931119201], [-15.997846600646092, 18.039105265123325], [-15.997884591859748, 18.039141219046297], [-15.997922583088831, 18.039177172960905], [-15.997960574333343, 18.039213126867157], [-15.997998565593289, 18.039249080765067], [-15.998036556868662, 18.039285034654625], [-15.998036964572332, 18.039357332449065], [-15.99807495587952, 18.039393286329165], [-15.998112947202141, 18.039429240200906], [-15.998150938540194, 18.039465194064295], [-15.998188929893676, 18.039501147919335], [-15.998226921262585, 18.039537101766033], [-15.998264912646928, 18.03957305560437], [-15.9983029040467, 18.039609009434354], [-15.998340895461903, 18.039644963255988], [-15.998378886892535, 18.03968091706927], [-15.998416878338599, 18.039716870874198], [-15.99841728620805, 18.039789168657], [-15.998455277685933, 18.039825122452473], [-15.998493269179244, 18.03986107623959], [-15.998531260687987, 18.039897030018352], [-15.99856925221216, 18.039932983788756], [-15.998607243751763, 18.039968937550817], [-15.998645235306801, 18.040004891304534], [-15.998683226877267, 18.040040845049884], [-15.99871024856293, 18.040066417308743], [-15.997444089256751, 18.04007295216796]]]}}, {"type": "Feature", "properties": {"hex_id": 207, "utci_present": 33.88, "utci_2050": 38.1, "utci_2090": 41.35, "utci": 33.88}, "geometry": {"type": "Polygon", "coordinates": [[[-16.00227435949014, 18.042707554229683], [-16.001871759032436, 18.042048747132384], [-16.001944418962793, 18.042048370647034], [-16.00198241162997, 18.04208432368221], [-16.002020404312578, 18.04212027670903], [-16.002095980293554, 18.042119885054237], [-16.00213397300607, 18.042155838057102], [-16.00217196573402, 18.0421917910516], [-16.002247541742015, 18.042191399336083], [-16.002285534499872, 18.042227352306615], [-16.00232352727316, 18.04226330526882], [-16.002399103308182, 18.04226291349256], [-16.002437096111375, 18.04229886643079], [-16.002475088930005, 18.04233481936067], [-16.002550664992047, 18.042334427523684], [-16.00258865784058, 18.04237038042961], [-16.002626650704546, 18.042406333327165], [-16.002702226793613, 18.04240594142944], [-16.002777802880757, 18.042405549502202], [-16.002815795789104, 18.042441502360198], [-16.002853788712876, 18.04247745520984], [-16.002929364827047, 18.04247706322187], [-16.00296735778073, 18.04251301604755], [-16.00300535074984, 18.04254896886488], [-16.003080926891034, 18.042548576816166], [-16.003118919890053, 18.042584529609545], [-16.003156912904508, 18.042620482394547], [-16.00323248907272, 18.042620090285098], [-16.003270482117077, 18.04265604304615], [-16.00330847517687, 18.04269199579885], [-16.0033840513721, 18.04269160362867], [-16.00339476650202, 18.04270174332119], [-16.00227435949014, 18.042707554229683]]]}}, {"type": "Feature", "properties": {"hex_id": 285, "utci_present": 33.87, "utci_2050": 38.1, "utci_2090": 41.36, "utci": 33.87}, "geometry": {"type": "Polygon", "coordinates": [[[-15.992613958514651, 18.037438221697933], [-15.995824054532257, 18.037421719999], [-15.997444089256751, 18.04007295216796], [-15.995853984909699, 18.042740727840325], [-15.992643792448478, 18.042757234730495], [-15.991023800789021, 18.04010596075692], [-15.992613958514651, 18.037438221697933]]]}}, {"type": "Feature", "properties": {"hex_id": 247, "utci_present": 33.88, "utci_2050": 38.1, "utci_2090": 41.35, "utci": 33.88}, "geometry": {"type": "Polygon", "coordinates": [[[-16.00227435949014, 18.042707554229683], [-16.00068430855495, 18.045375366508576], [-15.997474073029412, 18.045391955922227], [-15.995853984909699, 18.042740727840325], [-15.997444089256751, 18.04007295216796], [-15.99871024856293, 18.040066417308743], [-15.998721218463164, 18.040076798786888], [-15.99875921006449, 18.040112752515533], [-15.998797201681247, 18.04014870623583], [-15.998835193313438, 18.040184659947776], [-15.998910768541618, 18.040184269578212], [-15.998948760203714, 18.040220223266193], [-15.998986751881239, 18.040256176945842], [-15.999024743574195, 18.04029213061714], [-15.99906273528258, 18.040328084280063], [-15.9991007270064, 18.040364037934644], [-15.999138718745652, 18.04039999158087], [-15.99917671050033, 18.040435945218753], [-15.999214702270443, 18.040471898848274], [-15.999252694055986, 18.040507852469446], [-15.999290685856963, 18.040543806082262], [-15.999366261227966, 18.0405434155272], [-15.999404253058845, 18.040579369116067], [-15.999442244905158, 18.040615322696578], [-15.999480236766898, 18.040651276268743], [-15.999518228644074, 18.040687229832542], [-15.999556220536679, 18.040723183388], [-15.999594212444716, 18.04075913693509], [-15.999669787900645, 18.04075874625692], [-15.99970777983859, 18.04079469978007], [-15.999745771791961, 18.040830653294858], [-15.99978376376077, 18.04086660680129], [-15.999821755745005, 18.040902560299372], [-15.999859747744674, 18.040938513789122], [-15.999897739759774, 18.040974467270498], [-15.999973315300629, 18.04097407646921], [-16.000011307345638, 18.041010029926635], [-16.000049299406072, 18.041045983375703], [-16.000087291481943, 18.04108193681643], [-16.000125283573244, 18.04111789024879], [-16.000200859170075, 18.041117499355583], [-16.000238851291282, 18.041153452763997], [-16.000276843427923, 18.041189406164044], [-16.000352419051787, 18.04118901521011], [-16.00039041121833, 18.041224968586214], [-16.000428403400306, 18.041260921953974], [-16.000466395597712, 18.04129687531336], [-16.000504387810555, 18.041332828664405], [-16.000579963490395, 18.041332437618543], [-16.00061795573314, 18.04136839094563], [-16.000655947991316, 18.041404344264368], [-16.000693940264927, 18.041440297574734], [-16.00073193255397, 18.041476250876766], [-16.000807508289782, 18.041475859738988], [-16.00084550060873, 18.04151181301705], [-16.00088349294311, 18.041547766286758], [-16.000959068705953, 18.04154737508826], [-16.00099706107024, 18.041583328334013], [-16.001035053449954, 18.04161928157142], [-16.00111062923983, 18.041618890312204], [-16.001148621649456, 18.04165484352564], [-16.001186614074506, 18.041690796730737], [-16.001262189891403, 18.041690405410783], [-16.001300182346363, 18.041726358591916], [-16.001338174816755, 18.041762311764703], [-16.00137616730258, 18.04179826492912], [-16.00141415980384, 18.041834218085185], [-16.001489735676714, 18.04183382667331], [-16.001527728207876, 18.041869779805424], [-16.001565720754474, 18.04190573292918], [-16.00164129665437, 18.041905341456566], [-16.00167928923087, 18.041941294556366], [-16.001717281822806, 18.041977247647825], [-16.00179285774973, 18.041976856114484], [-16.00183085037157, 18.042012809181962], [-16.001868843008843, 18.0420487622411], [-16.001871759032436, 18.042048747132384], [-16.00227435949014, 18.042707554229683]]]}}, {"type": "Feature", "properties": {"hex_id": 546, "utci_present": 34.28, "utci_2050": 38.59, "utci_2090": 41.93, "utci": 34.28}, "geometry": {"type": "Polygon", "coordinates": [[[-15.961786040202282, 17.976422911009987], [-15.958577015468663, 17.976438795807713], [-15.95785060366676, 17.97524895825548], [-15.957899046992177, 17.975248719048906], [-15.957974595477863, 17.975248345976574], [-15.958050143961712, 17.97524797287484], [-15.958125692443732, 17.975247599743682], [-15.958201240923914, 17.975247226583118], [-15.958276789402266, 17.97524685339314], [-15.95835233787878, 17.97524648017375], [-15.958427886353462, 17.975246106924946], [-15.958503434826307, 17.97524573364673], [-15.958578983297322, 17.9752453603391], [-15.9586545317665, 17.975244987002064], [-15.958730080233844, 17.97524461363561], [-15.95880562869935, 17.975244240239746], [-15.958881177163024, 17.975243866814466], [-15.958956725624862, 17.975243493359777], [-15.959032274084864, 17.975243119875675], [-15.959107822543029, 17.975242746362166], [-15.95918337099936, 17.97524237281923], [-15.959258919453854, 17.97524199924689], [-15.959334467906515, 17.97524162564514], [-15.959410016357337, 17.975241252013976], [-15.959485564806325, 17.975240878353404], [-15.959561113253475, 17.975240504663404], [-15.95963666169879, 17.975240130944], [-15.959712210142266, 17.975239757195194], [-15.959787758583904, 17.975239383416966], [-15.959863307023706, 17.97523900960933], [-15.959938855461674, 17.97523863577228], [-15.960014403897803, 17.975238261905815], [-15.960089952332094, 17.975237888009932], [-15.960165500764546, 17.97523751408465], [-15.960241049195163, 17.975237140129952], [-15.96031659762394, 17.97523676614583], [-15.96039214605088, 17.975236392132306], [-15.960467694475984, 17.97523601808937], [-15.960543242899243, 17.975235644017012], [-15.96061879132067, 17.97523526991525], [-15.960694339740257, 17.97523489578408], [-15.960769888158005, 17.975234521623495], [-15.960845436573912, 17.975234147433497], [-15.960920984987983, 17.975233773214075], [-15.960996533400213, 17.975233398965248], [-15.961072081810604, 17.97523302468701], [-15.961147630219156, 17.975232650379358], [-15.961223178625868, 17.975232276042302], [-15.961298727030739, 17.97523190167583], [-15.961374275433771, 17.975231527279938], [-15.961449823834965, 17.975231152854647], [-15.961525372234318, 17.97523077839993], [-15.96160092063183, 17.975230403915802], [-15.961676469027498, 17.975230029402272], [-15.961752017421329, 17.975229654859323], [-15.961827565813321, 17.975229280286968], [-15.96190311420347, 17.975228905685192], [-15.961978662591775, 17.975228531054004], [-15.962054210978245, 17.975228156393403], [-15.962129759362867, 17.975227781703392], [-15.962205307745652, 17.975227406983976], [-15.962280856126597, 17.975227032235132], [-15.962356404505694, 17.975226657456894], [-15.962431952882955, 17.975226282649235], [-15.962499550891764, 17.975225947259695], [-15.961786040202282, 17.976422911009987]]]}}, {"type": "Feature", "properties": {"hex_id": 585, "utci_present": 33.86, "utci_2050": 38.07, "utci_2090": 41.32, "utci": 33.86}, "geometry": {"type": "Polygon", "coordinates": [[[-15.958577015468663, 17.976438795807713], [-15.956986830075572, 17.97910627022202], [-15.953777752351456, 17.979122077907597], [-15.953318354285768, 17.978369570146466], [-15.953344850345756, 17.97834395232524], [-15.953344462304527, 17.97827165311026], [-15.953344074265123, 17.97819935389471], [-15.953343686227544, 17.978127054678637], [-15.953343298191792, 17.978054755461997], [-15.953342910157861, 17.97798245624483], [-15.953342522125755, 17.9779101570271], [-15.953342134095477, 17.977837857808833], [-15.953341746067023, 17.977765558590022], [-15.953341358040392, 17.97769325937066], [-15.953340970015587, 17.977620960150755], [-15.953340581992606, 17.977548660930296], [-15.95334019397145, 17.9774763617093], [-15.953339805952117, 17.97740406248775], [-15.953339417934611, 17.97733176326566], [-15.953376998655246, 17.977295427989358], [-15.95341457936051, 17.97725909270636], [-15.953414191315915, 17.977186793484776], [-15.953413803273145, 17.977114494262626], [-15.953413415232202, 17.977042195039946], [-15.953413027193081, 17.976969895816705], [-15.953412639155786, 17.976897596592927], [-15.953412251120316, 17.97682529736861], [-15.953411863086671, 17.976752998143738], [-15.95341147505485, 17.97668069891832], [-15.953411087024858, 17.976608399692353], [-15.953410698996683, 17.976536100465847], [-15.95341031097034, 17.976463801238786], [-15.95340992294582, 17.976391502011186], [-15.953409534923122, 17.97631920278304], [-15.953409146902251, 17.97624690355434], [-15.953408758883207, 17.9761746043251], [-15.953408370865983, 17.976102305095317], [-15.953407982850585, 17.97603000586498], [-15.953407594837014, 17.975957706634098], [-15.953407206825268, 17.97588540740267], [-15.953406818815347, 17.9758131081707], [-15.953406430807249, 17.97574080893818], [-15.953406042800976, 17.975668509705116], [-15.95340565479653, 17.975596210471505], [-15.953405266793906, 17.97552391123734], [-15.953404878793107, 17.975451612002633], [-15.953442459121614, 17.97541527672603], [-15.953480039434757, 17.975378941442713], [-15.953479651406873, 17.97530664220852], [-15.953517231690194, 17.975270306919036], [-15.953592780281976, 17.975269935552646], [-15.953668328871935, 17.975269564156832], [-15.953743877460068, 17.975269192731606], [-15.953819426046376, 17.975268821276973], [-15.953894974630856, 17.975268449792924], [-15.953970523213513, 17.975268078279466], [-15.954046071794343, 17.975267706736588], [-15.954121620373348, 17.975267335164304], [-15.954197168950527, 17.975266963562607], [-15.954272717525878, 17.975266591931494], [-15.954348266099403, 17.975266220270967], [-15.9544238146711, 17.97526584858103], [-15.954499363240974, 17.97526547686168], [-15.954574911809019, 17.97526510511292], [-15.954650460375236, 17.975264733334747], [-15.954726008939627, 17.97526436152716], [-15.95480155750219, 17.975263989690156], [-15.954877106062927, 17.975263617823742], [-15.954952654621836, 17.975263245927916], [-15.955028203178914, 17.975262874002677], [-15.95510375173417, 17.975262502048025], [-15.955179300287593, 17.975262130063967], [-15.95525484883919, 17.97526175805049], [-15.955330397388957, 17.975261386007592], [-15.9554059459369, 17.975261013935302], [-15.955481494483008, 17.975260641833582], [-15.955557043027289, 17.975260269702456], [-15.955632591569744, 17.975259897541918], [-15.955708140110367, 17.975259525351966], [-15.955783688649163, 17.975259153132605], [-15.955859237186127, 17.975258780883824], [-15.955934785721265, 17.975258408605633], [-15.956010334254573, 17.97525803629803], [-15.956085882786049, 17.975257663961017], [-15.956161431315696, 17.97525729159459], [-15.95623697984351, 17.975256919198753], [-15.956312528369496, 17.975256546773497], [-15.956388076893655, 17.975256174318826], [-15.95646362541598, 17.975255801834756], [-15.956539173936473, 17.975255429321262], [-15.956614722455138, 17.97525505677836], [-15.95669027097197, 17.975254684206046], [-15.956765819486975, 17.975254311604317], [-15.956841368000143, 17.975253938973186], [-15.956916916511483, 17.97525356631263], [-15.956992465020992, 17.975253193622667], [-15.95706801352867, 17.975252820903286], [-15.957143562034513, 17.975252448154492], [-15.957219110538526, 17.9752520753763], [-15.957294659040706, 17.975251702568677], [-15.957370207541054, 17.975251329731652], [-15.95744575603957, 17.97525095686521], [-15.957521304536254, 17.975250583969352], [-15.957596853031102, 17.97525021104409], [-15.957672401524121, 17.975249838089407], [-15.957747950015307, 17.97524946510532], [-15.957823498504656, 17.97524909209182], [-15.95785060366676, 17.97524895825548], [-15.958577015468663, 17.976438795807713]]]}}, {"type": "Feature", "properties": {"hex_id": 507, "utci_present": 35.05, "utci_2050": 39.54, "utci_2090": 43.08, "utci": 35.05}, "geometry": {"type": "Polygon", "coordinates": [[[-15.968204079694376, 17.97639098220458], [-15.96661404337378, 17.97905852869347], [-15.963404975597815, 17.979074495614718], [-15.961786040202284, 17.976422911009987], [-15.962499550891764, 17.975225947259695], [-15.96250750125837, 17.975225907812163], [-15.962583049631945, 17.97522553294567], [-15.962658598003674, 17.97522515804978], [-15.962734146373565, 17.97522478312447], [-15.962809694741612, 17.975224408169748], [-15.962885243107817, 17.97522403318562], [-15.962960791472177, 17.975223658172077], [-15.963036339834696, 17.97522328312911], [-15.96311188819537, 17.975222908056743], [-15.963187436554202, 17.97522253295496], [-15.96326298491119, 17.97522215782377], [-15.963338533266331, 17.975221782663162], [-15.963414081619634, 17.975221407473143], [-15.96348962997109, 17.975221032253707], [-15.963565178320701, 17.975220657004865], [-15.96364072666847, 17.975220281726614], [-15.963716275014393, 17.975219906418946], [-15.963791823358472, 17.975219531081862], [-15.963867371700704, 17.975219155715372], [-15.963942920041097, 17.975218780319466], [-15.96401846837964, 17.975218404894147], [-15.964094016716338, 17.975218029439414], [-15.964169565051192, 17.975217653955276], [-15.964245113384202, 17.97521727844172], [-15.964320661715366, 17.975216902898758], [-15.964396210044683, 17.975216527326385], [-15.964471758372156, 17.975216151724585], [-15.964547306697783, 17.975215776093386], [-15.964622855021561, 17.975215400432774], [-15.964698403343494, 17.975215024742738], [-15.964773951663581, 17.97521464902331], [-15.964849499981822, 17.97521427327445], [-15.964925048298216, 17.975213897496186], [-15.965000596612763, 17.975213521688506], [-15.96507614492546, 17.975213145851423], [-15.965151693236315, 17.975212769984925], [-15.96522724154532, 17.975212394089006], [-15.965302789852478, 17.97521201816369], [-15.965378338157787, 17.975211642208954], [-15.965453886461253, 17.975211266224797], [-15.965529434762868, 17.97521089021123], [-15.965604983062633, 17.975210514168268], [-15.965680531360551, 17.97521013809587], [-15.965756079656622, 17.975209761994076], [-15.965831627950845, 17.975209385862872], [-15.965907176243219, 17.975209009702255], [-15.965982724533742, 17.975208633512214], [-15.966058272822417, 17.97520825729277], [-15.966133821109246, 17.975207881043907], [-15.966209369394223, 17.975207504765635], [-15.966284917677351, 17.975207128457953], [-15.966360465958632, 17.975206752120858], [-15.966436014238061, 17.97520637575435], [-15.96651156251564, 17.975205999358433], [-15.966587110791371, 17.9752056229331], [-15.96666265906525, 17.975205246478357], [-15.96673820733728, 17.9752048699942], [-15.96681375560746, 17.975204493480632], [-15.966889303875787, 17.975204116937654], [-15.966964852142265, 17.975203740365263], [-15.967040400406892, 17.97520336376346], [-15.967115948669672, 17.975202987132242], [-15.967191496930598, 17.975202610471616], [-15.96726704518967, 17.97520223378157], [-15.967342593446894, 17.975201857062114], [-15.967418141702266, 17.97520148031325], [-15.967477605484673, 17.975201183754773], [-15.968204079694376, 17.97639098220458]]]}}, {"type": "Feature", "properties": {"hex_id": 547, "utci_present": 34.28, "utci_2050": 38.58, "utci_2090": 41.92, "utci": 34.28}, "geometry": {"type": "Polygon", "coordinates": [[[-15.958577015468663, 17.976438795807713], [-15.961786040202282, 17.976422911009987], [-15.963404975597815, 17.979074495614718], [-15.961814843211831, 17.981742006592448], [-15.958605722412134, 17.981757896402154], [-15.956986830075572, 17.97910627022202], [-15.958577015468663, 17.976438795807713]]]}}, {"type": "Feature", "properties": {"hex_id": 586, "utci_present": 33.84, "utci_2050": 38.04, "utci_2090": 41.27, "utci": 33.84}, "geometry": {"type": "Polygon", "coordinates": [[[-15.953777752351456, 17.979122077907597], [-15.956986830075572, 17.97910627022202], [-15.958605722412134, 17.981757896402154], [-15.957015493943459, 17.984425371837226], [-15.953806320135957, 17.98444118450982], [-15.952717183864126, 17.982657194991813], [-15.952725752288224, 17.982648910815684], [-15.952763334210037, 17.982612575619235], [-15.952762946307125, 17.982540276423748], [-15.952762558406041, 17.982467977227717], [-15.952762170506775, 17.982395678031132], [-15.952761782609338, 17.982323378834014], [-15.952799364457928, 17.98228704363295], [-15.952836946291143, 17.982250708425198], [-15.952836558366606, 17.982178409228574], [-15.95283617044389, 17.982106110031392], [-15.952835782522996, 17.98203381083367], [-15.95283539460393, 17.981961511635404], [-15.952872976363926, 17.981925176423044], [-15.952910558108547, 17.981888841203986], [-15.952910170162381, 17.98181654200621], [-15.952909782218038, 17.981744242807892], [-15.952909394275519, 17.98167194360903], [-15.952909006334826, 17.98159964440963], [-15.952908618395957, 17.981527345209674], [-15.9529462000529, 17.98149100998653], [-15.952983781694467, 17.98145467475669], [-15.952983393728498, 17.981382375557246], [-15.952983005764356, 17.981310076357236], [-15.952982617802036, 17.981237777156686], [-15.952982229841542, 17.981165477955596], [-15.952981841882872, 17.981093178753955], [-15.953019423436764, 17.98105684352002], [-15.953057004975284, 17.98102050827941], [-15.953056616989516, 17.980948209078264], [-15.95305622900557, 17.980875909876584], [-15.95305584102345, 17.980803610674343], [-15.953055453043158, 17.980731311471565], [-15.953055065064687, 17.980659012268237], [-15.95305467708804, 17.98058671306435], [-15.953054289113222, 17.98051441385994], [-15.953091870535147, 17.980478078616287], [-15.9531294519417, 17.980441743365933], [-15.953129063939782, 17.980369444162008], [-15.95312867593969, 17.980297144957543], [-15.953128287941421, 17.980224845752534], [-15.95312821674572, 17.980211579180253], [-15.953777752351456, 17.979122077907597]]]}}, {"type": "Feature", "properties": {"hex_id": 508, "utci_present": 34.95, "utci_2050": 39.41, "utci_2090": 42.92, "utci": 34.95}, "geometry": {"type": "Polygon", "coordinates": [[[-15.963404975597815, 17.979074495614718], [-15.96661404337378, 17.97905852869347], [-15.968233074834698, 17.981710067712854], [-15.966642995489066, 17.984377615247197], [-15.963433831631091, 17.984393587205677], [-15.961814843211835, 17.981742006592448], [-15.963404975597815, 17.979074495614718]]]}}, {"type": "Feature", "properties": {"hex_id": 548, "utci_present": 34.33, "utci_2050": 38.64, "utci_2090": 41.99, "utci": 34.33}, "geometry": {"type": "Polygon", "coordinates": [[[-15.958605722412134, 17.981757896402154], [-15.961814843211831, 17.981742006592448], [-15.963433831631091, 17.984393587205677], [-15.961843656186836, 17.987061099216405], [-15.958634439287824, 17.987076994038382], [-15.957015493943459, 17.984425371837226], [-15.958605722412134, 17.981757896402154]]]}}, {"type": "Feature", "properties": {"hex_id": 509, "utci_present": 34.66, "utci_2050": 39.05, "utci_2090": 42.48, "utci": 34.66}, "geometry": {"type": "Polygon", "coordinates": [[[-15.963433831631091, 17.984393587205677], [-15.966642995489066, 17.984377615247197], [-15.968262080006946, 17.987029150262046], [-15.96667195762035, 17.989696698841595], [-15.963462697647136, 17.98971267583761], [-15.961843656186836, 17.987061099216405], [-15.963433831631091, 17.984393587205677]]]}}, {"type": "Feature", "properties": {"hex_id": 587, "utci_present": 33.94, "utci_2050": 38.17, "utci_2090": 41.43, "utci": 33.94}, "geometry": {"type": "Polygon", "coordinates": [[[-15.953806320135957, 17.98444118450982], [-15.957015493943459, 17.984425371837226], [-15.958634439287824, 17.987076994038382], [-15.957044167727636, 17.989744470493985], [-15.953834897803514, 17.989760288153867], [-15.952215995567279, 17.98710862437072], [-15.953806320135957, 17.98444118450982]]]}}, {"type": "Feature", "properties": {"hex_id": 549, "utci_present": 34.42, "utci_2050": 38.76, "utci_2090": 42.14, "utci": 34.42}, "geometry": {"type": "Polygon", "coordinates": [[[-15.958634439287824, 17.987076994038382], [-15.961843656186836, 17.987061099216405], [-15.963462697647135, 17.98971267583761], [-15.961872479128678, 17.992380188881093], [-15.95866316609711, 17.992396088715626], [-15.957044167727636, 17.989744470493985], [-15.958634439287824, 17.987076994038382]]]}}, {"type": "Feature", "properties": {"hex_id": 390, "utci_present": 34.46, "utci_2050": 38.82, "utci_2090": 42.23, "utci": 34.46}, "geometry": {"type": "Polygon", "coordinates": [[[-15.981040118467826, 17.976326487760755], [-15.977831113828497, 17.976342690975233], [-15.9771045772343, 17.97515293166117], [-15.977163851067722, 17.975152633090378], [-15.977239399081174, 17.975152252517976], [-15.977314947092752, 17.975151871916147], [-15.977390495102462, 17.975151491284922], [-15.9774660431103, 17.97515111062426], [-15.977541591116267, 17.97515072993421], [-15.977617139120365, 17.975150349214744], [-15.977692687122591, 17.97514996846586], [-15.977768235122943, 17.975149587687564], [-15.977843783121427, 17.975149206879863], [-15.97791933111804, 17.975148826042748], [-15.977994879112778, 17.97514844517622], [-15.978070427105646, 17.975148064280273], [-15.978145975096641, 17.97514768335493], [-15.978221523085764, 17.975147302400163], [-15.978297071073015, 17.975146921415995], [-15.978372619058394, 17.975146540402402], [-15.978448167041902, 17.975146159359404], [-15.978523715023536, 17.975145778287004], [-15.978599263003298, 17.975145397185177], [-15.978674810981184, 17.975145016053943], [-15.9787503589572, 17.975144634893304], [-15.978825906931341, 17.97514425370324], [-15.978901454903609, 17.975143872483777], [-15.978977002874002, 17.975143491234903], [-15.979052550842523, 17.975143109956615], [-15.979128098809172, 17.975142728648905], [-15.979203646773941, 17.97514234731179], [-15.97927919473684, 17.97514196594527], [-15.979354742697865, 17.97514158454933], [-15.979430290657016, 17.97514120312398], [-15.97950583861429, 17.97514082166922], [-15.979581386569691, 17.975140440185054], [-15.979656934523215, 17.975140058671464], [-15.979732482474867, 17.975139677128475], [-15.97980803042464, 17.97513929555607], [-15.979883578372544, 17.975138913954243], [-15.979959126318567, 17.97513853232301], [-15.980034674262717, 17.975138150662374], [-15.980110222204988, 17.975137768972317], [-15.980185770145386, 17.975137387252857], [-15.980261318083908, 17.97513700550398], [-15.980336866020554, 17.9751366237257], [-15.980412413955323, 17.975136241917998], [-15.980487961888215, 17.975135860080886], [-15.980563509819229, 17.975135478214362], [-15.980639057748368, 17.97513509631842], [-15.98071460567563, 17.975134714393075], [-15.980790153601017, 17.975134332438326], [-15.980865701524523, 17.975133950454154], [-15.980941249446152, 17.97513356844058], [-15.981016797365907, 17.975133186397585], [-15.981092345283784, 17.97513280432518], [-15.98116789319978, 17.975132422223368], [-15.981243441113898, 17.975132040092138], [-15.98131898902614, 17.97513165793151], [-15.981394536936504, 17.975131275741454], [-15.981470084844988, 17.975130893522], [-15.981545632751597, 17.97513051127313], [-15.981621180656322, 17.975130128994834], [-15.981696728559175, 17.97512974668715], [-15.981753495349206, 17.9751294594013], [-15.981040118467826, 17.976326487760755]]]}}, {"type": "Feature", "properties": {"hex_id": 351, "utci_present": 33.9, "utci_2050": 38.13, "utci_2090": 41.39, "utci": 33.9}, "geometry": {"type": "Polygon", "coordinates": [[[-15.98265933195904, 17.97897789792101], [-15.981040118467826, 17.976326487760755], [-15.981753495349206, 17.9751294594013], [-15.981772276460143, 17.975129364350042], [-15.981847824359233, 17.97512898198352], [-15.981923372256446, 17.97512859958759], [-15.98199892015178, 17.975128217162247], [-15.982074468045232, 17.975127834707497], [-15.982150015936806, 17.97512745222333], [-15.9822255638265, 17.975127069709753], [-15.982263537638557, 17.975163027751282], [-15.982263937375802, 17.975235326369553], [-15.982264337114923, 17.975307624987273], [-15.982264736855928, 17.975379923604454], [-15.98226513659881, 17.975452222221097], [-15.982265536343574, 17.975524520837173], [-15.982265936090219, 17.97559681945272], [-15.982303910015482, 17.975632777479365], [-15.98234188395611, 17.975668735497717], [-15.982342283737248, 17.97574103411052], [-15.982342683520265, 17.975813332722776], [-15.982343083305166, 17.975885631334492], [-15.982343483091942, 17.975957929945654], [-15.9823438828806, 17.976030228556272], [-15.982344282671137, 17.976102527166343], [-15.982344682463555, 17.976174825775868], [-15.982345082257854, 17.976247124384845], [-15.982345482054033, 17.976319422993274], [-15.98234588185209, 17.97639172160116], [-15.982346281652031, 17.976464020208503], [-15.98234668145385, 17.97653631881529], [-15.982347081257549, 17.976608617421533], [-15.98234748106313, 17.976680916027227], [-15.98238545524743, 17.97671687402195], [-15.982423429447099, 17.97675283200835], [-15.982423829287175, 17.976825130611314], [-15.982424229129132, 17.976897429213736], [-15.98242462897297, 17.976969727815597], [-15.982425028818685, 17.97704202641692], [-15.982425428666284, 17.977114325017702], [-15.982425828515762, 17.977186623617925], [-15.98242622836712, 17.977258922217604], [-15.98242662822036, 17.97733122081675], [-15.982427028075477, 17.97740351941533], [-15.98246500243729, 17.977439477383584], [-15.98250297681447, 17.977475435343518], [-15.982503376704086, 17.977547733939378], [-15.982503776595586, 17.97762003253468], [-15.982504176488964, 17.977692331129443], [-15.982504576384224, 17.977764629723648], [-15.982504976281362, 17.977836928317327], [-15.98250537618038, 17.977909226910445], [-15.982505776081283, 17.97798152550302], [-15.982506175984062, 17.978053824095046], [-15.982544150507085, 17.978089782037905], [-15.982582125045477, 17.978125739972487], [-15.982582524982758, 17.97819803856177], [-15.982582924921921, 17.97827033715052], [-15.982583324862963, 17.97834263573871], [-15.982583724805886, 17.97841493432637], [-15.982584124750689, 17.978487232913473], [-15.982584524697375, 17.97855953150003], [-15.982622499348993, 17.97859548941971], [-15.982660474015985, 17.978631447331097], [-15.982660873997169, 17.97870374591492], [-15.982661273980238, 17.978776044498186], [-15.98266167396518, 17.978848343080916], [-15.982662073952012, 17.978920641663095], [-15.98266239063384, 17.978977882424026], [-15.98265933195904, 17.97897789792101]]]}}, {"type": "Feature", "properties": {"hex_id": 391, "utci_present": 33.92, "utci_2050": 38.15, "utci_2090": 41.42, "utci": 33.92}, "geometry": {"type": "Polygon", "coordinates": [[[-15.977831113828497, 17.976342690975233], [-15.981040118467826, 17.976326487760755], [-15.98265933195904, 17.97897789792101], [-15.981069497864121, 17.981645552919726], [-15.9778603971615, 17.98166176124665], [-15.976241226628163, 17.979010309462275], [-15.977831113828497, 17.976342690975233]]]}}, {"type": "Feature", "properties": {"hex_id": 352, "utci_present": 33.88, "utci_2050": 38.1, "utci_2090": 41.35, "utci": 33.88}, "geometry": {"type": "Polygon", "coordinates": [[[-15.982688764477363, 17.98429695903737], [-15.981069497864125, 17.981645552919726], [-15.98265933195904, 17.97897789792101], [-15.98266239063384, 17.978977882424026], [-15.98266247394072, 17.978992940244733], [-15.98266287393131, 17.97906523882581], [-15.982700848711533, 17.97910119672232], [-15.982738823507123, 17.979137154610505], [-15.982739223532215, 17.97920945318887], [-15.98273962355919, 17.97928175176667], [-15.982740023588045, 17.979354050343915], [-15.98274042361878, 17.979426348920644], [-15.982740823651397, 17.979498647496808], [-15.982778798543915, 17.979534605371207], [-15.982816773451802, 17.979570563237306], [-15.98281717351892, 17.97964286181073], [-15.982817573587925, 17.979715160383613], [-15.982817973658808, 17.979787458955943], [-15.98281837373157, 17.97985975752774], [-15.982856348720073, 17.97989571538114], [-15.982894323723949, 17.979931673226236], [-15.982894723831217, 17.98000397179529], [-15.982895123940368, 17.9800762703638], [-15.982895524051399, 17.980148568931757], [-15.982895924164314, 17.98022086749916], [-15.982933899248806, 17.980256825331566], [-15.98297187434867, 17.98029278315567], [-15.98297227449609, 17.98036508172033], [-15.982972674645389, 17.980437380284467], [-15.982973074796572, 17.98050967884804], [-15.982973474949636, 17.980581977411088], [-15.983011450130121, 17.980617935222483], [-15.983049425325978, 17.980653893025565], [-15.983049825513547, 17.980726191585866], [-15.983050225703, 17.980798490145634], [-15.983050625894334, 17.98087078870483], [-15.9830886011545, 17.980906746496323], [-15.98312657643004, 17.9809427042795], [-15.98312697665588, 17.981015002835964], [-15.983127376883601, 17.981087301391895], [-15.983127777113207, 17.98115959994727], [-15.983165752453058, 17.98119555771885], [-15.983203727808283, 17.981231515482122], [-15.983204128072392, 17.981303814034757], [-15.98320452833839, 17.98137611258685], [-15.983204928606266, 17.9814484111384], [-15.983242904025802, 17.981484368890065], [-15.98328087946071, 17.981520326633426], [-15.983281279763096, 17.981592625182234], [-15.983281680067364, 17.981664923730495], [-15.983282080373515, 17.981737222278216], [-15.983320055872737, 17.98177318000998], [-15.983358031387333, 17.981809137733414], [-15.983358431727993, 17.981881436278396], [-15.983358832070538, 17.981953734822838], [-15.983359232414964, 17.98202603336671], [-15.983397207993873, 17.982061991078556], [-15.983435183588158, 17.982097948782094], [-15.983435583967093, 17.982170247323246], [-15.983435984347915, 17.98224254586384], [-15.983473959990201, 17.98227850355687], [-15.983511935647858, 17.982314461241593], [-15.98351233606319, 17.982386759779452], [-15.983512736480405, 17.982459058316778], [-15.983513136899502, 17.982531356853542], [-15.983551112621479, 17.98256731452667], [-15.983589088358828, 17.98260327219147], [-15.98358948881244, 17.982675570725497], [-15.98358988926793, 17.982747869258997], [-15.983627865053288, 17.98278382691329], [-15.983665840854016, 17.982819784559272], [-15.98366624134402, 17.982892083090025], [-15.983666641835908, 17.982964381620228], [-15.98370461768464, 17.983000339255707], [-15.98374259354875, 17.983036296882872], [-15.983742994075154, 17.983108595410336], [-15.983743394603442, 17.983180893937256], [-15.983781370515553, 17.983216851553916], [-15.983819346443038, 17.98325280916227], [-15.983819747005843, 17.98332510768645], [-15.983820147570524, 17.983397406210088], [-15.983858123546018, 17.983433363807926], [-15.983896099536887, 17.983469321397454], [-15.983896500136089, 17.98354161991834], [-15.983896900737173, 17.983613918438692], [-15.983934876776049, 17.983649876017715], [-15.983972852830298, 17.983685833588417], [-15.983973253465898, 17.983758132106036], [-15.98397365410338, 17.9838304306231], [-15.984011630205638, 17.98386638818331], [-15.984049606323273, 17.98390234573518], [-15.984050006995275, 17.983974644249514], [-15.984050407669159, 17.98404694276329], [-15.984088383834802, 17.984082900304667], [-15.984126360015816, 17.98411885783774], [-15.98412676072422, 17.98419115634878], [-15.98416473693693, 17.984227113872425], [-15.984202713165015, 17.984263071387762], [-15.98420285843459, 17.984289279684585], [-15.982688764477363, 17.98429695903737]]]}}, {"type": "Feature", "properties": {"hex_id": 392, "utci_present": 33.89, "utci_2050": 38.12, "utci_2090": 41.37, "utci": 33.89}, "geometry": {"type": "Polygon", "coordinates": [[[-15.9778603971615, 17.98166176124665], [-15.981069497864121, 17.981645552919726], [-15.982688764477363, 17.98429695903737], [-15.981098887425274, 17.986964615118428], [-15.977889690626128, 17.98698082855809], [-15.976270466986676, 17.984329380803814], [-15.9778603971615, 17.98166176124665]]]}}, {"type": "Feature", "properties": {"hex_id": 353, "utci_present": 33.86, "utci_2050": 38.08, "utci_2090": 41.33, "utci": 33.86}, "geometry": {"type": "Polygon", "coordinates": [[[-15.985927446950098, 17.989599721531196], [-15.98271820717787, 17.98961601719294], [-15.981098887425274, 17.986964615118428], [-15.982688764477363, 17.98429695903737], [-15.98420285843459, 17.984289279684585], [-15.984203113907936, 17.984335369896066], [-15.984203514652743, 17.98440766840383], [-15.984241490928836, 17.984443625908657], [-15.984279467220306, 17.984479583405168], [-15.984279867999632, 17.984551881910193], [-15.98428026878084, 17.98462418041466], [-15.984318245120322, 17.98466013790067], [-15.98435622147518, 17.984696095378368], [-15.984356622290907, 17.9847683938801], [-15.984394598677458, 17.984804351348377], [-15.984432575079385, 17.984840308808344], [-15.984432975929634, 17.984912607307336], [-15.98443337678177, 17.984984905805792], [-15.984471353231708, 17.985020863255244], [-15.984509329697023, 17.98505682069639], [-15.984509730583676, 17.985129119192095], [-15.984547707080688, 17.985165076623826], [-15.984585683593073, 17.985201034047233], [-15.984586084514252, 17.98527333254021], [-15.984624061058332, 17.9853092899542], [-15.984662037617788, 17.98534524735989], [-15.984662438573489, 17.985417545850115], [-15.984662839531076, 17.9854898443398], [-15.984700816138545, 17.98552580173498], [-15.984738792761393, 17.985561759121843], [-15.984739193753503, 17.985634057608788], [-15.984777170408046, 17.98567001498623], [-15.984815147077965, 17.985705972355362], [-15.984815548104597, 17.985778270839575], [-15.984853524806216, 17.985814228199285], [-15.984891501523208, 17.98585018555069], [-15.984891902584366, 17.985922484032155], [-15.984892303647406, 17.98599478251308], [-15.984930280412419, 17.986030739853963], [-15.984968257192804, 17.98606669718653], [-15.98496865829037, 17.986138995664724], [-15.985006635102454, 17.98617495298788], [-15.985044611929917, 17.986210910302724], [-15.985045013062011, 17.98628320877816], [-15.985082989921167, 17.98631916608359], [-15.985120966795705, 17.986355123380704], [-15.985121367962323, 17.986427421853417], [-15.985159344868558, 17.986463379141117], [-15.985197321790169, 17.986499336420493], [-15.985197722991316, 17.986571634890453], [-15.98519812419435, 17.986643933359872], [-15.985236101163979, 17.986679890628753], [-15.985274078148986, 17.986715847889293], [-15.985274479386547, 17.986788146355973], [-15.985312456403252, 17.98682410360712], [-15.98535043343534, 17.98686006084993], [-15.985350834707425, 17.986932359313872], [-15.985388811771209, 17.98696831654728], [-15.98542678885037, 17.987004273772367], [-15.985427190156987, 17.987076572233565], [-15.985465167267849, 17.987112529449245], [-15.985503144394087, 17.9871484866566], [-15.985503545735236, 17.987220785115053], [-15.985541522893174, 17.987256742313008], [-15.985579500066489, 17.987292699502625], [-15.985579901442165, 17.987364997958338], [-15.985617878647185, 17.98740095513855], [-15.985655855867579, 17.987436912310443], [-15.985656257277787, 17.987509210763417], [-15.985694234529882, 17.98754516792589], [-15.985732211797359, 17.987581125080048], [-15.985732613242098, 17.98765342353028], [-15.985770590541271, 17.98768938067503], [-15.985808567855825, 17.987725337811455], [-15.985808969335096, 17.98779763625895], [-15.98584694668135, 17.987833593385954], [-15.985884924042985, 17.98786955050464], [-15.985885325556788, 17.987941848949397], [-15.985923302950123, 17.987977806058677], [-15.985961280358838, 17.988013763159625], [-15.985961681907174, 17.98808606160164], [-15.98599965934759, 17.98812201869318], [-15.986037636803387, 17.988157975776396], [-15.986038038386257, 17.988230274215674], [-15.986076015873754, 17.988266231289476], [-15.986113993376629, 17.98830218835496], [-15.986114394994035, 17.988374486791482], [-15.986152372528613, 17.988410443847567], [-15.986190350078573, 17.988446400895317], [-15.986190751730513, 17.988518699329106], [-15.986228729312174, 17.98855465636744], [-15.986266706909216, 17.98859061339746], [-15.98626710859569, 17.988662911828502], [-15.986305086224435, 17.988698868849102], [-15.98634306386856, 17.988734825861386], [-15.986343465589572, 17.988807124289686], [-15.986379482184883, 17.98884122455553], [-15.985927446950098, 17.989599721531196]]]}}, {"type": "Feature", "properties": {"hex_id": 315, "utci_present": 33.9, "utci_2050": 38.13, "utci_2090": 41.38, "utci": 33.9}, "geometry": {"type": "Polygon", "coordinates": [[[-15.98754686283175, 17.99225107789446], [-15.985927446950098, 17.989599721531196], [-15.986379482184883, 17.98884122455553], [-15.9863814432654, 17.98884308129254], [-15.986419420956608, 17.98887903828709], [-15.986419822712154, 17.98895133671265], [-15.986457800435065, 17.988987293697775], [-15.98649577817336, 17.98902325067458], [-15.98649617996344, 17.989095549097403], [-15.986534157733438, 17.98913150606479], [-15.986572135518816, 17.989167463023875], [-15.986572537343438, 17.989239761443947], [-15.98661051516052, 17.989275718393596], [-15.98664849299298, 17.98931167533493], [-15.98664889485214, 17.989383973752272], [-15.986686872716305, 17.98941993068418], [-15.986724850595854, 17.98945588760778], [-15.986725252489554, 17.98952818602237], [-15.986763230400806, 17.989564142936548], [-15.98680120832744, 17.989600099842413], [-15.986801610255677, 17.989672398254264], [-15.986839588214018, 17.989708355150697], [-15.986877566187738, 17.98974431203882], [-15.986877968150518, 17.989816610447928], [-15.986915946155943, 17.989852567326622], [-15.986953924176753, 17.98988852419701], [-15.986954326174068, 17.989960822603372], [-15.986992304226584, 17.989996779464338], [-15.987030282294478, 17.990032736316977], [-15.987030684326339, 17.990105034720603], [-15.98706866242594, 17.990140991563827], [-15.987106640540922, 17.990176948398723], [-15.987107042607327, 17.990249246799603], [-15.987145020754017, 17.990285203625096], [-15.987182998916087, 17.99032116044225], [-15.987183401017031, 17.99039345884038], [-15.987221379210812, 17.990429415648126], [-15.98725935741997, 17.990465372447556], [-15.98725975955546, 17.990537670842947], [-15.987297737796329, 17.990573627632955], [-15.987335716052579, 17.99060958441464], [-15.98733611822261, 17.990681882807284], [-15.98737409651057, 17.990717839579546], [-15.98741207481391, 17.990753796343498], [-15.987412477018484, 17.990826094733396], [-15.987450455353532, 17.990862051487916], [-15.987488433703964, 17.990898008234122], [-15.987488835943086, 17.990970306621286], [-15.987526814325225, 17.99100626335806], [-15.987564792722747, 17.991042220086527], [-15.987565194996412, 17.991114518470944], [-15.987603173425645, 17.991150475189983], [-15.987641151870257, 17.991186431900708], [-15.987641554178468, 17.991258730282382], [-15.987679532654795, 17.99129468698367], [-15.987717511146501, 17.991330643676655], [-15.987717913489258, 17.99140294205558], [-15.987755892012673, 17.991438898739144], [-15.98779387055147, 17.991474855414378], [-15.987831849105653, 17.991510812081298], [-15.987869827675217, 17.991546768739887], [-15.987870230085178, 17.991619067113874], [-15.987908208686452, 17.991655023763045], [-15.987946187303109, 17.9916909804039], [-15.987946589747619, 17.991763278775135], [-15.987984568395989, 17.991799235406567], [-15.988022547059739, 17.99183519202967], [-15.988022949538797, 17.991907490398155], [-15.98806092823426, 17.991943447011856], [-15.988098906945106, 17.991979403617222], [-15.988099309458711, 17.992051701982966], [-15.98813728820127, 17.99208765857891], [-15.98817526695921, 17.992123615166538], [-15.988175669507367, 17.992195913529535], [-15.988213648297021, 17.992231870107734], [-15.98823025734373, 17.99224759478509], [-15.98754686283175, 17.99225107789446]]]}}, {"type": "Feature", "properties": {"hex_id": 468, "utci_present": 35.09, "utci_2050": 39.59, "utci_2090": 43.14, "utci": 35.09}, "geometry": {"type": "Polygon", "coordinates": [[[-15.971413094430694, 17.976374938197388], [-15.968204079694376, 17.97639098220458], [-15.967477605484673, 17.975201183754773], [-15.967493689955784, 17.975201103534978], [-15.967569238207453, 17.975200726727287], [-15.967644786457269, 17.97520034989018], [-15.967720334705234, 17.975199973023674], [-15.967795882951346, 17.975199596127748], [-15.967871431195606, 17.97519921920242], [-15.967946979438011, 17.975198842247668], [-15.968022527678569, 17.9751984652635], [-15.968098075917268, 17.97519808824993], [-15.968173624154119, 17.97519771120694], [-15.968249172389113, 17.97519733413454], [-15.968324720622256, 17.97519695703273], [-15.968400268853545, 17.975196579901514], [-15.968475817082982, 17.975196202740882], [-15.968551365310564, 17.975195825550838], [-15.968626913536292, 17.975195448331373], [-15.968702461760168, 17.975195071082496], [-15.968778009982188, 17.975194693804227], [-15.968853558202355, 17.975194316496523], [-15.968929106420667, 17.975193939159418], [-15.969004654637121, 17.975193561792903], [-15.969080202851725, 17.975193184396975], [-15.969155751064475, 17.97519280697163], [-15.969231299275366, 17.975192429516877], [-15.969306847484404, 17.975192052032714], [-15.969382395691587, 17.975191674519134], [-15.969457943896915, 17.97519129697615], [-15.969533492100386, 17.97519091940374], [-15.969609040302004, 17.975190541801922], [-15.969684588501764, 17.975190164170698], [-15.96976013669967, 17.97518978651006], [-15.969835684895717, 17.97518940882001], [-15.969911233089908, 17.975189031100545], [-15.969986781282245, 17.975188653351672], [-15.970062329472723, 17.975188275573387], [-15.970137877661346, 17.97518789776569], [-15.97021342584811, 17.975187519928582], [-15.97028897403302, 17.975187142062055], [-15.970364522216071, 17.975186764166118], [-15.970440070397265, 17.975186386240775], [-15.970515618576602, 17.97518600828602], [-15.970591166754081, 17.975185630301844], [-15.970666714929704, 17.975185252288263], [-15.970742263103467, 17.97518487424527], [-15.970817811275374, 17.975184496172865], [-15.970893359445421, 17.975184118071045], [-15.970968907613612, 17.975183739939816], [-15.971044455779941, 17.975183361779173], [-15.971120003944415, 17.975182983589125], [-15.971195552107027, 17.975182605369657], [-15.971271100267783, 17.97518222712078], [-15.97134664842668, 17.975181848842492], [-15.971422196583715, 17.975181470534785], [-15.971497744738894, 17.975181092197673], [-15.971573292892211, 17.97518071383115], [-15.971648841043672, 17.97518033543521], [-15.971724389193271, 17.975179957009864], [-15.97179993734101, 17.9751795785551], [-15.971875485486889, 17.97517920007092], [-15.971951033630909, 17.975178821557343], [-15.972026581773067, 17.975178443014347], [-15.972102129913365, 17.975178064441934], [-15.97212653822684, 17.97517794212537], [-15.971413094430694, 17.976374938197388]]]}}, {"type": "Feature", "properties": {"hex_id": 429, "utci_present": 34.2, "utci_2050": 38.48, "utci_2090": 41.8, "utci": 34.2}, "geometry": {"type": "Polygon", "coordinates": [[[-15.977831113828497, 17.976342690975233], [-15.976241226628163, 17.979010309462275], [-15.973032168900035, 17.97902643561701], [-15.971413094430694, 17.976374938197388], [-15.97212653822684, 17.97517794212537], [-15.972177678051803, 17.975177685840105], [-15.97225322618838, 17.975177307208885], [-15.972328774323097, 17.975176928548237], [-15.97240432245595, 17.975176549858176], [-15.972479870586945, 17.975176171138713], [-15.972555418716077, 17.975175792389827], [-15.972630966843349, 17.975175413611538], [-15.97270651496876, 17.975175034803833], [-15.972782063092307, 17.975174655966715], [-15.97285761121399, 17.975174277100194], [-15.972933159333818, 17.97517389820425], [-15.97300870745178, 17.9751735192789], [-15.973084255567878, 17.975173140324145], [-15.973159803682114, 17.975172761339962], [-15.973235351794491, 17.97517238232637], [-15.973310899905002, 17.97517200328337], [-15.97338644801365, 17.97517162421096], [-15.973461996120438, 17.975171245109145], [-15.97353754422536, 17.975170865977905], [-15.973613092328419, 17.975170486817262], [-15.973688640429616, 17.975170107627207], [-15.973764188528946, 17.975169728407728], [-15.973839736626413, 17.975169349158854], [-15.97391528472202, 17.975168969880556], [-15.97399083281576, 17.975168590572856], [-15.974066380907638, 17.97516821123574], [-15.97414192899765, 17.975167831869204], [-15.974217477085798, 17.97516745247326], [-15.974293025172079, 17.97516707304791], [-15.9743685732565, 17.975166693593145], [-15.974444121339053, 17.975166314108968], [-15.97451966941974, 17.975165934595378], [-15.974595217498562, 17.97516555505238], [-15.974670765575521, 17.97516517547997], [-15.974746313650613, 17.97516479587814], [-15.974821861723841, 17.975164416246905], [-15.9748974097952, 17.97516403658626], [-15.974972957864695, 17.975163656896203], [-15.975048505932326, 17.975163277176733], [-15.975124053998085, 17.975162897427847], [-15.975199602061982, 17.97516251764955], [-15.975275150124011, 17.975162137841853], [-15.975350698184176, 17.975161758004734], [-15.975426246242472, 17.975161378138203], [-15.9755017942989, 17.975160998242266], [-15.975577342353464, 17.975160618316906], [-15.97565289040616, 17.975160238362147], [-15.975728438456986, 17.97515985837796], [-15.975803986505946, 17.97515947836438], [-15.97587953455304, 17.97515909832138], [-15.975955082598263, 17.97515871824896], [-15.976030630641622, 17.97515833814714], [-15.976106178683109, 17.975157958015913], [-15.97618172672273, 17.975157577855267], [-15.976257274760483, 17.975157197665208], [-15.976332822796365, 17.975156817445733], [-15.97640837083038, 17.975156437196848], [-15.976483918862527, 17.97515605691856], [-15.976559466892805, 17.97515567661085], [-15.976635014921213, 17.975155296273734], [-15.976710562947751, 17.975154915907208], [-15.976786110972421, 17.975154535511265], [-15.976861658995222, 17.97515415508591], [-15.976937207016151, 17.97515377463114], [-15.977012755035211, 17.97515339414697], [-15.977088303052401, 17.975153013633385], [-15.9771045772343, 17.97515293166117], [-15.977831113828497, 17.976342690975233]]]}}, {"type": "Feature", "properties": {"hex_id": 469, "utci_present": 34.98, "utci_2050": 39.44, "utci_2090": 42.96, "utci": 34.98}, "geometry": {"type": "Polygon", "coordinates": [[[-15.968204079694376, 17.97639098220458], [-15.971413094430694, 17.976374938197388], [-15.973032168900035, 17.97902643561701], [-15.971442185635711, 17.981694018643456], [-15.968233074834698, 17.981710067712854], [-15.96661404337378, 17.97905852869347], [-15.968204079694376, 17.97639098220458]]]}}, {"type": "Feature", "properties": {"hex_id": 430, "utci_present": 34.15, "utci_2050": 38.42, "utci_2090": 41.72, "utci": 34.15}, "geometry": {"type": "Polygon", "coordinates": [[[-15.973032168900035, 17.97902643561701], [-15.976241226628163, 17.979010309462275], [-15.9778603971615, 17.98166176124665], [-15.976270466986676, 17.984329380803814], [-15.973061313177938, 17.984345512046026], [-15.971442185635711, 17.981694018643456], [-15.973032168900035, 17.97902643561701]]]}}, {"type": "Feature", "properties": {"hex_id": 470, "utci_present": 35.17, "utci_2050": 39.69, "utci_2090": 43.25, "utci": 35.17}, "geometry": {"type": "Polygon", "coordinates": [[[-15.968233074834698, 17.981710067712854], [-15.971442185635711, 17.981694018643456], [-15.973061313177935, 17.984345512046026], [-15.971471286905883, 17.987013096130138], [-15.968262080006946, 17.987029150262046], [-15.966642995489066, 17.984377615247197], [-15.968233074834698, 17.981710067712854]]]}}, {"type": "Feature", "properties": {"hex_id": 431, "utci_present": 34.24, "utci_2050": 38.51, "utci_2090": 41.83, "utci": 34.24}, "geometry": {"type": "Polygon", "coordinates": [[[-15.973061313177938, 17.984345512046026], [-15.976270466986676, 17.984329380803814], [-15.977889690626128, 17.98698082855809], [-15.976299717460892, 17.989648449185147], [-15.97309046753831, 17.989664585515122], [-15.971471286905883, 17.987013096130138], [-15.973061313177938, 17.984345512046026]]]}}, {"type": "Feature", "properties": {"hex_id": 471, "utci_present": 35.23, "utci_2050": 39.77, "utci_2090": 43.36, "utci": 35.23}, "geometry": {"type": "Polygon", "coordinates": [[[-15.968262080006946, 17.987029150262046], [-15.971471286905883, 17.987013096130138], [-15.97309046753831, 17.989664585515122], [-15.97150039824261, 17.992332170656674], [-15.968291095212507, 17.992348229851373], [-15.96667195762035, 17.989696698841595], [-15.968262080006946, 17.987029150262046]]]}}, {"type": "Feature", "properties": {"hex_id": 432, "utci_present": 34.41, "utci_2050": 38.69, "utci_2090": 42.02, "utci": 34.41}, "geometry": {"type": "Polygon", "coordinates": [[[-15.97309046753831, 17.989664585515122], [-15.976299717460892, 17.989648449185147], [-15.977918994223783, 17.992299892908793], [-15.976328978052223, 17.994967514605513], [-15.973119631982554, 17.994983656023553], [-15.97150039824261, 17.992332170656674], [-15.97309046753831, 17.989664585515122]]]}}, {"type": "Feature", "properties": {"hex_id": 472, "utci_present": 35.18, "utci_2050": 39.7, "utci_2090": 43.28, "utci": 35.18}, "geometry": {"type": "Polygon", "coordinates": [[[-15.968291095212507, 17.992348229851373], [-15.97150039824261, 17.992332170656674], [-15.973119631982552, 17.994983656023553], [-15.971529519647286, 17.997651242222297], [-15.968320120452775, 17.997667306480093], [-15.966700929769022, 17.995015779475906], [-15.968291095212507, 17.992348229851373]]]}}, {"type": "Feature", "properties": {"hex_id": 433, "utci_present": 35.26, "utci_2050": 39.79, "utci_2090": 43.38, "utci": 35.26}, "geometry": {"type": "Polygon", "coordinates": [[[-15.973119631982554, 17.994983656023553], [-15.976328978052223, 17.994967514605513], [-15.977948307955872, 17.99761895429801], [-15.976358248762068, 18.00028657706415], [-15.97314880651207, 18.000302723570538], [-15.971529519647286, 17.997651242222297], [-15.973119631982554, 17.994983656023553]]]}}, {"type": "Feature", "properties": {"hex_id": 393, "utci_present": 33.86, "utci_2050": 38.07, "utci_2090": 41.31, "utci": 33.86}, "geometry": {"type": "Polygon", "coordinates": [[[-15.977889690626128, 17.98698082855809], [-15.981098887425274, 17.986964615118428], [-15.982718207177866, 17.98961601719294], [-15.98112828715269, 17.99228367435611], [-15.977918994223783, 17.992299892908793], [-15.976299717460892, 17.989648449185147], [-15.977889690626128, 17.98698082855809]]]}}, {"type": "Feature", "properties": {"hex_id": 354, "utci_present": 34.07, "utci_2050": 38.33, "utci_2090": 41.62, "utci": 34.07}, "geometry": {"type": "Polygon", "coordinates": [[[-15.98271820717787, 17.98961601719294], [-15.985927446950098, 17.989599721531196], [-15.98754686283175, 17.99225107789446], [-15.98595699597987, 17.994918771586903], [-15.982747660061966, 17.99493507238694], [-15.981128287152693, 17.99228367435611], [-15.98271820717787, 17.98961601719294]]]}}, {"type": "Feature", "properties": {"hex_id": 394, "utci_present": 34.66, "utci_2050": 39.05, "utci_2090": 42.48, "utci": 34.66}, "geometry": {"type": "Polygon", "coordinates": [[[-15.977918994223783, 17.992299892908793], [-15.98112828715269, 17.99228367435611], [-15.982747660061962, 17.99493507238694], [-15.981157697047788, 17.997602730631993], [-15.977948307955872, 17.99761895429801], [-15.976328978052223, 17.994967514605513], [-15.977918994223783, 17.992299892908793]]]}}, {"type": "Feature", "properties": {"hex_id": 316, "utci_present": 34.01, "utci_2050": 38.26, "utci_2090": 41.54, "utci": 34.01}, "geometry": {"type": "Polygon", "coordinates": [[[-15.987576465051443, 17.997570123893443], [-15.98595699597987, 17.994918771586903], [-15.98754686283175, 17.99225107789446], [-15.98823025734373, 17.99224759478509], [-15.988251627102056, 17.992267826677615], [-15.988252029684762, 17.99234012503787], [-15.988290008521512, 17.99237608159833], [-15.988327987373646, 17.992412038150462], [-15.988328389990903, 17.992484336507975], [-15.988328792610055, 17.992556634864933], [-15.988366771510231, 17.99259259140655], [-15.988404750425788, 17.992628547939844], [-15.98840515307949, 17.99270084629406], [-15.988443132026763, 17.992736802817927], [-15.988481110989419, 17.992772759333477], [-15.988481513677671, 17.992845057684956], [-15.988519492672042, 17.99288101419107], [-15.988557471681794, 17.99291697068887], [-15.988557874404604, 17.9929892690376], [-15.98859585344607, 17.993025225525972], [-15.988633832502924, 17.99306118200603], [-15.988634235260283, 17.993133480352014], [-15.988672214348849, 17.99316943682264], [-15.9887101934528, 17.99320539328495], [-15.988710596244717, 17.993277691628194], [-15.98874857538038, 17.993313648081077], [-15.98878655453143, 17.99334960452563], [-15.9887869573579, 17.993421902866125], [-15.988824936540665, 17.993457859301266], [-15.988862915738814, 17.993493815728083], [-15.988863318599842, 17.993566114065825], [-15.988901297829708, 17.993602070483217], [-15.988939277074953, 17.99363802689228], [-15.988939679970539, 17.993710325227276], [-15.988977659247501, 17.993746281626922], [-15.989015638539852, 17.993782238018255], [-15.98901604146999, 17.9938545363505], [-15.989054020794057, 17.993890492732394], [-15.989092000133509, 17.993926449105967], [-15.989092403098203, 17.99399874743547], [-15.989130382469371, 17.994034703799624], [-15.989168361855924, 17.994070660155447], [-15.989168764855178, 17.994142958482204], [-15.989206744273448, 17.994178914828613], [-15.989244723707102, 17.994214871166687], [-15.989245126740915, 17.9942871694907], [-15.989245529776621, 17.994359467814157], [-15.989283509258327, 17.994395424141707], [-15.989321488755415, 17.99443138046094], [-15.989321891825682, 17.994503678781662], [-15.989359871354491, 17.994539635091456], [-15.989397850898685, 17.994575591392934], [-15.989398254003508, 17.994647889710908], [-15.98943623357942, 17.994683846002964], [-15.989474213170718, 17.99471980228669], [-15.989474616310105, 17.994792100601913], [-15.98951259593312, 17.99482805687622], [-15.98955057557152, 17.99486401314219], [-15.989550978745466, 17.994936311454676], [-15.989588958415588, 17.994972267711233], [-15.989626938101097, 17.995008223959463], [-15.989627341309603, 17.99508052226918], [-15.989627744520005, 17.995152820578355], [-15.989665724253564, 17.995188776816068], [-15.98970370400251, 17.99522473304544], [-15.989704107247475, 17.99529703135188], [-15.989742087028143, 17.995332987571828], [-15.989780066824194, 17.995368943783465], [-15.989780470103723, 17.995441242087143], [-15.989818449931494, 17.995477198289343], [-15.989856429774653, 17.995513154483223], [-15.989856833088744, 17.995585452784155], [-15.989894812963623, 17.995621408968614], [-15.989932792853889, 17.995657365144748], [-15.989933196202545, 17.99572966344293], [-15.989933599553094, 17.99580196174056], [-15.989971579491415, 17.99583791790616], [-15.990009559445124, 17.995873874063438], [-15.990009962830237, 17.995946172358327], [-15.990047942815668, 17.995982128506178], [-15.990085922816485, 17.99601808464571], [-15.990086326236163, 17.996090382937847], [-15.990124306268703, 17.996126339067946], [-15.990162286316629, 17.996162295189716], [-15.990162689770875, 17.9962345934791], [-15.990163093227016, 17.99630689176795], [-15.990201073323, 17.996342847879184], [-15.990239053434369, 17.996378803982115], [-15.99023945692508, 17.9964511022682], [-15.990277437068173, 17.996487058361687], [-15.990315417226654, 17.996523014446865], [-15.990315820751928, 17.9965953127302], [-15.990353800942133, 17.996631268805945], [-15.990391781147723, 17.99666722487336], [-15.990392184707567, 17.99673952315396], [-15.990392588269309, 17.996811821434], [-15.99043056852296, 17.996847777490892], [-15.990468548791995, 17.99688373353944], [-15.990468952388307, 17.996956031816744], [-15.990506932689067, 17.99699198785587], [-15.990544913005216, 17.99702794388668], [-15.990545316636094, 17.99710024216122], [-15.990583296983969, 17.9971361981826], [-15.990621277347232, 17.997172154195656], [-15.990621681012678, 17.997244452467456], [-15.990622084680025, 17.997316750738705], [-15.99066006509135, 17.99735270674123], [-15.99069804551806, 17.99738866273542], [-15.990698449219975, 17.99746096100392], [-15.990736429678412, 17.997496916988695], [-15.990774410152238, 17.997532872965127], [-15.99077452700791, 17.997553798684883], [-15.987576465051443, 17.997570123893443]]]}}, {"type": "Feature", "properties": {"hex_id": 355, "utci_present": 34.13, "utci_2050": 38.41, "utci_2090": 41.72, "utci": 34.13}, "geometry": {"type": "Polygon", "coordinates": [[[-15.982747660061966, 17.99493507238694], [-15.98595699597987, 17.994918771586903], [-15.987576465051443, 17.997570123893443], [-15.985986555227894, 18.00023781867999], [-15.982777123131065, 18.00025412461863], [-15.981157697047788, 17.997602730631993], [-15.982747660061966, 17.99493507238694]]]}}, {"type": "Feature", "properties": {"hex_id": 317, "utci_present": 33.9, "utci_2050": 38.13, "utci_2090": 41.39, "utci": 33.9}, "geometry": {"type": "Polygon", "coordinates": [[[-15.990815552591128, 18.002872778693384], [-15.987606077506719, 18.002889166929293], [-15.985986555227894, 18.00023781867999], [-15.987576465051443, 17.997570123893443], [-15.99077452700791, 17.997553798684883], [-15.990774813888722, 17.99760517123088], [-15.990775217627107, 17.997677469496082], [-15.990813198148995, 17.997713425461992], [-15.990851178686272, 17.997749381419574], [-15.990851582459225, 17.997821679682033], [-15.99088956302823, 17.997857635630183], [-15.990927543612623, 17.997893591570005], [-15.990927947420149, 17.997965889829718], [-15.990965928036267, 17.99800184576011], [-15.991003908667775, 17.998037801682187], [-15.991004312509874, 17.99811009993914], [-15.991004716353874, 17.99818239819555], [-15.991042697033446, 17.998218354107088], [-15.991080677728405, 17.9982543100103], [-15.991081081606978, 17.99832660826395], [-15.991119062333667, 17.99836256415774], [-15.991157043075743, 17.9983985200432], [-15.991157446988888, 17.9984708182941], [-15.991157850903932, 17.998543116544457], [-15.991195831694077, 17.998579072419382], [-15.99123381249961, 17.99861502828598], [-15.991234216449227, 17.998687326533584], [-15.991272197286488, 17.99872328239076], [-15.99131017813914, 17.998759238239593], [-15.991310582123335, 17.998831536484452], [-15.991348563007715, 17.99886749232386], [-15.991386543907485, 17.998903448154945], [-15.991386947926255, 17.998975746397047], [-15.991387351946923, 17.999048044638595], [-15.991425332894762, 17.999084000459153], [-15.991463313857988, 17.99911995627138], [-15.991463717913234, 17.99919225451018], [-15.991501698908191, 17.99922821031297], [-15.991539679918537, 17.999264166107437], [-15.991540084008362, 17.999336464343493], [-15.991578065050438, 17.99937242012853], [-15.991616046107904, 17.99940837590523], [-15.991616450232305, 17.999480674138532], [-15.991616854358606, 17.99955297237129], [-15.991654835464146, 17.99958892813746], [-15.991692816585074, 17.999624883895304], [-15.991693220745953, 17.999697182125306], [-15.99173120189861, 17.99973313787372], [-15.991769183066657, 17.99976909361381], [-15.991769587262116, 17.999841391841052], [-15.991769991459474, 17.99991369006776], [-15.991807972675593, 17.99994964579731], [-15.991845953907106, 17.999985601518528], [-15.991846358139043, 18.00005789974249], [-15.991884339402286, 18.00009385545427], [-15.991922320680919, 18.000129811157734], [-15.991922724947438, 18.000202109378943], [-15.991960706257803, 18.00023806507297], [-15.99199868758356, 18.000274020758667], [-15.991999091884662, 18.000346318977126], [-15.99199949618766, 18.00041861719502], [-15.992037477561489, 18.000454572870183], [-15.99207545895071, 18.00049052853703], [-15.992075863288294, 18.00056282675217], [-15.992113844709246, 18.00059878240958], [-15.992150233547259, 18.000633230404002], [-15.990815552591128, 18.002872778693384]]]}}, {"type": "Feature", "properties": {"hex_id": 356, "utci_present": 34.38, "utci_2050": 38.71, "utci_2090": 42.09, "utci": 34.38}, "geometry": {"type": "Polygon", "coordinates": [[[-15.982777123131065, 18.00025412461863], [-15.985986555227894, 18.00023781867999], [-15.987606077506719, 18.002889166929293], [-15.986016124695588, 18.00555686280971], [-15.982806596386586, 18.00557317388724], [-15.981187117111974, 18.002921783945325], [-15.982777123131065, 18.00025412461863]]]}}, {"type": "Feature", "properties": {"hex_id": 318, "utci_present": 34.03, "utci_2050": 38.29, "utci_2090": 41.58, "utci": 34.03}, "geometry": {"type": "Polygon", "coordinates": [[[-15.987606077506719, 18.002889166929293], [-15.990815552591128, 18.002872778693384], [-15.99243517108141, 18.005524081173874], [-15.990845271511494, 18.008191813601165], [-15.987635700198997, 18.00820820700123], [-15.986016124695588, 18.00555686280971], [-15.987606077506719, 18.002889166929293]]]}}, {"type": "Feature", "properties": {"hex_id": 357, "utci_present": 34.05, "utci_2050": 38.32, "utci_2090": 41.62, "utci": 34.05}, "geometry": {"type": "Polygon", "coordinates": [[[-15.982806596386586, 18.00557317388724], [-15.986016124695588, 18.00555686280971], [-15.987635700198997, 18.00820820700123], [-15.986045704384368, 18.010875903975283], [-15.982836079829944, 18.010892220192005], [-15.981216547346662, 18.00824083429535], [-15.982806596386586, 18.00557317388724]]]}}, {"type": "Feature", "properties": {"hex_id": 319, "utci_present": 34.77, "utci_2050": 39.2, "utci_2090": 42.67, "utci": 34.77}, "geometry": {"type": "Polygon", "coordinates": [[[-15.987635700198997, 18.00820820700123], [-15.990845271511494, 18.008191813601165], [-15.992464943259616, 18.010843112010825], [-15.990875000703543, 18.013510845543976], [-15.987665333129705, 18.013527244108506], [-15.986045704384368, 18.010875903975283], [-15.987635700198997, 18.00820820700123]]]}}, {"type": "Feature", "properties": {"hex_id": 588, "utci_present": 34.3, "utci_2050": 38.6, "utci_2090": 41.94, "utci": 34.3}, "geometry": {"type": "Polygon", "coordinates": [[[-15.953834897803514, 17.989760288153867], [-15.957044167727636, 17.989744470493985], [-15.95866316609711, 17.992396088715626], [-15.957072851429482, 17.995063566191526], [-15.953863485355496, 17.99507938883899], [-15.952244530110084, 17.992427729022843], [-15.953834897803514, 17.989760288153867]]]}}, {"type": "Feature", "properties": {"hex_id": 510, "utci_present": 34.76, "utci_2050": 39.17, "utci_2090": 42.62, "utci": 34.76}, "geometry": {"type": "Polygon", "coordinates": [[[-15.963462697647136, 17.98971267583761], [-15.96667195762035, 17.989696698841595], [-15.968291095212507, 17.992348229851373], [-15.966700929769022, 17.995015779475906], [-15.963491573647328, 17.99503176150974], [-15.961872479128678, 17.992380188881093], [-15.963462697647136, 17.98971267583761]]]}}, {"type": "Feature", "properties": {"hex_id": 550, "utci_present": 34.3, "utci_2050": 38.61, "utci_2090": 41.96, "utci": 34.3}, "geometry": {"type": "Polygon", "coordinates": [[[-15.95866316609711, 17.992396088715626], [-15.961872479128678, 17.992380188881093], [-15.963491573647326, 17.99503176150974], [-15.96190131203874, 17.99769927558574], [-15.958691902841379, 17.99771518043313], [-15.957072851429482, 17.995063566191526], [-15.95866316609711, 17.992396088715626]]]}}, {"type": "Feature", "properties": {"hex_id": 511, "utci_present": 34.88, "utci_2050": 39.33, "utci_2090": 42.82, "utci": 34.88}, "geometry": {"type": "Polygon", "coordinates": [[[-15.963491573647328, 17.99503176150974], [-15.966700929769022, 17.995015779475906], [-15.968320120452775, 17.997667306480093], [-15.96672991193648, 18.00033485714937], [-15.963520459633056, 18.00035084422132], [-15.96190131203874, 17.99769927558574], [-15.963491573647328, 17.99503176150974]]]}}, {"type": "Feature", "properties": {"hex_id": 589, "utci_present": 34.21, "utci_2050": 38.51, "utci_2090": 41.85, "utci": 34.21}, "geometry": {"type": "Polygon", "coordinates": [[[-15.953863485355496, 17.99507938883899], [-15.957072851429482, 17.995063566191526], [-15.958691902841379, 17.99771518043313], [-15.95710154505037, 18.000382658929087], [-15.953892082793274, 18.000398486564425], [-15.95227307452138, 17.997746830715798], [-15.953863485355496, 17.99507938883899]]]}}, {"type": "Feature", "properties": {"hex_id": 551, "utci_present": 34.78, "utci_2050": 39.21, "utci_2090": 42.68, "utci": 34.78}, "geometry": {"type": "Polygon", "coordinates": [[[-15.958691902841379, 17.99771518043313], [-15.96190131203874, 17.99769927558574], [-15.963520459633054, 18.00035084422132], [-15.961930154918408, 18.00301835932961], [-15.958720649521998, 18.003034269190128], [-15.95710154505037, 18.000382658929087], [-15.958691902841379, 17.99771518043313]]]}}, {"type": "Feature", "properties": {"hex_id": 512, "utci_present": 34.81, "utci_2050": 39.24, "utci_2090": 42.7, "utci": 34.81}, "geometry": {"type": "Polygon", "coordinates": [[[-15.963520459633056, 18.00035084422132], [-15.96672991193648, 18.00033485714937], [-15.968349155729147, 18.002986380147433], [-15.966758904124106, 18.005653931861225], [-15.963549355605707, 18.005669923971574], [-15.961930154918408, 18.00301835932961], [-15.963520459633056, 18.00035084422132]]]}}, {"type": "Feature", "properties": {"hex_id": 590, "utci_present": 34.59, "utci_2050": 38.97, "utci_2090": 42.39, "utci": 34.59}, "geometry": {"type": "Polygon", "coordinates": [[[-15.953892082793274, 18.000398486564425], [-15.95710154505037, 18.000382658929087], [-15.958720649521998, 18.003034269190128], [-15.95713024859168, 18.005701748705917], [-15.953920690118226, 18.005717581329414], [-15.952301628802536, 18.003065929448837], [-15.953892082793274, 18.000398486564425]]]}}, {"type": "Feature", "properties": {"hex_id": 552, "utci_present": 34.79, "utci_2050": 39.21, "utci_2090": 42.69, "utci": 34.79}, "geometry": {"type": "Polygon", "coordinates": [[[-15.958720649521998, 18.003034269190128], [-15.961930154918408, 18.00301835932961], [-15.963549355605707, 18.005669923971574], [-15.961959007769062, 18.008337440111916], [-15.95874940614036, 18.008353354985868], [-15.95713024859168, 18.005701748705917], [-15.958720649521998, 18.003034269190128]]]}}, {"type": "Feature", "properties": {"hex_id": 513, "utci_present": 34.89, "utci_2050": 39.32, "utci_2090": 42.79, "utci": 34.89}, "geometry": {"type": "Polygon", "coordinates": [[[-15.963549355605707, 18.005669923971574], [-15.966758904124106, 18.005653931861225], [-15.96837820104301, 18.008305450852646], [-15.9667879063333, 18.010973003610708], [-15.963578261566667, 18.01098900075976], [-15.961959007769062, 18.008337440111916], [-15.963549355605707, 18.005669923971574]]]}}, {"type": "Feature", "properties": {"hex_id": 473, "utci_present": 35.21, "utci_2050": 39.75, "utci_2090": 43.34, "utci": 35.21}, "geometry": {"type": "Polygon", "coordinates": [[[-15.968320120452775, 17.997667306480093], [-15.971529519647286, 17.997651242222297], [-15.973148806512068, 18.000302723570538], [-15.971558651121308, 18.00297031082626], [-15.968349155729147, 18.002986380147433], [-15.96672991193648, 18.00033485714937], [-15.968320120452775, 17.997667306480093]]]}}, {"type": "Feature", "properties": {"hex_id": 395, "utci_present": 34.89, "utci_2050": 39.33, "utci_2090": 42.82, "utci": 34.89}, "geometry": {"type": "Polygon", "coordinates": [[[-15.977948307955872, 17.99761895429801], [-15.981157697047788, 17.997602730631993], [-15.982777123131065, 18.00025412461863], [-15.98118711711197, 18.002921783945325], [-15.977977631823808, 18.002938012724965], [-15.976358248762068, 18.00028657706415], [-15.977948307955872, 17.99761895429801]]]}}, {"type": "Feature", "properties": {"hex_id": 434, "utci_present": 35.18, "utci_2050": 39.71, "utci_2090": 43.29, "utci": 35.18}, "geometry": {"type": "Polygon", "coordinates": [[[-15.97314880651207, 18.000302723570538], [-15.976358248762068, 18.00028657706415], [-15.977977631823808, 18.002938012724965], [-15.976387529591838, 18.0056056365603], [-15.973177991128258, 18.005621788155338], [-15.971558651121311, 18.00297031082626], [-15.97314880651207, 18.000302723570538]]]}}, {"type": "Feature", "properties": {"hex_id": 396, "utci_present": 34.96, "utci_2050": 39.41, "utci_2090": 42.9, "utci": 34.96}, "geometry": {"type": "Polygon", "coordinates": [[[-15.977977631823808, 18.002938012724965], [-15.98118711711197, 18.002921783945325], [-15.982806596386586, 18.00557317388724], [-15.981216547346659, 18.00824083429535], [-15.97800696582899, 18.008257068188907], [-15.976387529591838, 18.0056056365603], [-15.977977631823808, 18.002938012724965]]]}}, {"type": "Feature", "properties": {"hex_id": 474, "utci_present": 35.16, "utci_2050": 39.7, "utci_2090": 43.28, "utci": 35.16}, "geometry": {"type": "Polygon", "coordinates": [[[-15.968349155729147, 18.002986380147433], [-15.971558651121308, 18.00297031082626], [-15.973177991128258, 18.005621788155338], [-15.97158779266608, 18.008289376467793], [-15.96837820104301, 18.008305450852646], [-15.966758904124106, 18.005653931861225], [-15.968349155729147, 18.002986380147433]]]}}, {"type": "Feature", "properties": {"hex_id": 435, "utci_present": 35.21, "utci_2050": 39.77, "utci_2090": 43.38, "utci": 35.21}, "geometry": {"type": "Polygon", "coordinates": [[[-15.973177991128258, 18.005621788155338], [-15.976387529591838, 18.0056056365603], [-15.97800696582899, 18.008257068188907], [-15.976416820542934, 18.0109246930932], [-15.97320718583252, 18.010940849777185], [-15.97158779266608, 18.008289376467793], [-15.973177991128258, 18.005621788155338]]]}}, {"type": "Feature", "properties": {"hex_id": 397, "utci_present": 34.85, "utci_2050": 39.28, "utci_2090": 42.75, "utci": 34.85}, "geometry": {"type": "Polygon", "coordinates": [[[-15.97800696582899, 18.008257068188907], [-15.981216547346659, 18.00824083429535], [-15.982836079829944, 18.010892220192005], [-15.981245987753264, 18.013559881681296], [-15.978036309972836, 18.013576120689073], [-15.976416820542934, 18.0109246930932], [-15.97800696582899, 18.008257068188907]]]}}, {"type": "Feature", "properties": {"hex_id": 475, "utci_present": 35.09, "utci_2050": 39.58, "utci_2090": 43.12, "utci": 35.09}, "geometry": {"type": "Polygon", "coordinates": [[[-15.96837820104301, 18.008305450852646], [-15.97158779266608, 18.008289376467793], [-15.97320718583252, 18.010940849777185], [-15.971616944282998, 18.013608439146143], [-15.968407256395764, 18.013624518594956], [-15.9667879063333, 18.010973003610708], [-15.96837820104301, 18.008305450852646]]]}}, {"type": "Feature", "properties": {"hex_id": 436, "utci_present": 35.12, "utci_2050": 39.65, "utci_2090": 43.22, "utci": 35.12}, "geometry": {"type": "Polygon", "coordinates": [[[-15.97320718583252, 18.010940849777185], [-15.976416820542934, 18.0109246930932], [-15.978036309972836, 18.013576120689073], [-15.976446121616766, 18.016243746662095], [-15.973236390626257, 18.016259908435316], [-15.971616944282998, 18.013608439146143], [-15.97320718583252, 18.010940849777185]]]}}, {"type": "Feature", "properties": {"hex_id": 476, "utci_present": 34.97, "utci_2050": 39.44, "utci_2090": 42.96, "utci": 34.97}, "geometry": {"type": "Polygon", "coordinates": [[[-15.968407256395764, 18.013624518594956], [-15.971616944282998, 18.013608439146143], [-15.973236390626257, 18.016259908435316], [-15.971646105973461, 18.01892749886055], [-15.9684363217888, 18.018943583373623], [-15.96681691856545, 18.016292072397068], [-15.968407256395764, 18.013624518594956]]]}}, {"type": "Feature", "properties": {"hex_id": 591, "utci_present": 34.93, "utci_2050": 39.4, "utci_2090": 42.92, "utci": 34.93}, "geometry": {"type": "Polygon", "coordinates": [[[-15.953920690118226, 18.005717581329414], [-15.95713024859168, 18.005701748705917], [-15.95874940614036, 18.008353354985868], [-15.95715896205479, 18.011020835521247], [-15.95394930733172, 18.011036673133198], [-15.95233019295492, 18.00838502522118], [-15.953920690118226, 18.005717581329414]]]}}, {"type": "Feature", "properties": {"hex_id": 553, "utci_present": 34.99, "utci_2050": 39.46, "utci_2090": 42.98, "utci": 34.99}, "geometry": {"type": "Polygon", "coordinates": [[[-15.95874940614036, 18.008353354985868], [-15.961959007769062, 18.008337440111916], [-15.963578261566667, 18.01098900075976], [-15.961987870592095, 18.013656517931917], [-15.958778172697837, 18.01367243781959], [-15.95715896205479, 18.011020835521247], [-15.95874940614036, 18.008353354985868]]]}}, {"type": "Feature", "properties": {"hex_id": 514, "utci_present": 34.77, "utci_2050": 39.17, "utci_2090": 42.61, "utci": 34.77}, "geometry": {"type": "Polygon", "coordinates": [[[-15.963578261566667, 18.01098900075976], [-15.9667879063333, 18.010973003610708], [-15.968407256395764, 18.013624518594956], [-15.96681691856545, 18.016292072397068], [-15.963607177517327, 18.016308074585112], [-15.961987870592095, 18.013656517931917], [-15.963578261566667, 18.01098900075976]]]}}, {"type": "Feature", "properties": {"hex_id": 592, "utci_present": 34.75, "utci_2050": 39.18, "utci_2090": 42.66, "utci": 34.75}, "geometry": {"type": "Polygon", "coordinates": [[[-15.95394930733172, 18.011036673133198], [-15.95715896205479, 18.011020835521247], [-15.958778172697837, 18.01367243781959], [-15.957187685441077, 18.016339919374325], [-15.953977934435134, 18.016355761975017], [-15.952358766979907, 18.013704118032095], [-15.95394930733172, 18.011036673133198]]]}}, {"type": "Feature", "properties": {"hex_id": 554, "utci_present": 34.97, "utci_2050": 39.43, "utci_2090": 42.94, "utci": 34.97}, "geometry": {"type": "Polygon", "coordinates": [[[-15.958778172697837, 18.01367243781959], [-15.961987870592095, 18.013656517931917], [-15.963607177517323, 18.016308074585112], [-15.962016743388887, 18.018975592788856], [-15.958806949195813, 18.018991517690534], [-15.957187685441077, 18.016339919374325], [-15.958778172697837, 18.01367243781959]]]}}, {"type": "Feature", "properties": {"hex_id": 515, "utci_present": 34.99, "utci_2050": 39.47, "utci_2090": 42.99, "utci": 34.99}, "geometry": {"type": "Polygon", "coordinates": [[[-15.963607177517327, 18.016308074585112], [-15.96681691856545, 18.016292072397068], [-15.9684363217888, 18.018943583373623], [-15.966845940821946, 18.02161113821954], [-15.963636103459068, 18.021627145446868], [-15.962016743388887, 18.018975592788856], [-15.963607177517327, 18.016308074585112]]]}}, {"type": "Feature", "properties": {"hex_id": 593, "utci_present": 34.53, "utci_2050": 38.94, "utci_2090": 42.39, "utci": 34.53}, "geometry": {"type": "Polygon", "coordinates": [[[-15.953977934435134, 18.016355761975017], [-15.957187685441077, 18.016339919374325], [-15.958806949195813, 18.018991517690534], [-15.957216418751925, 18.02165900026439], [-15.954006571429838, 18.021674847854104], [-15.95238735087887, 18.019023207880807], [-15.953977934435134, 18.016355761975017]]]}}, {"type": "Feature", "properties": {"hex_id": 555, "utci_present": 34.79, "utci_2050": 39.21, "utci_2090": 42.68, "utci": 34.79}, "geometry": {"type": "Polygon", "coordinates": [[[-15.958806949195813, 18.018991517690534], [-15.962016743388887, 18.018975592788856], [-15.963636103459068, 18.021627145446868], [-15.962045626160826, 18.02429466468196], [-15.958835735635668, 18.02431059459793], [-15.957216418751925, 18.02165900026439], [-15.958806949195813, 18.018991517690534]]]}}, {"type": "Feature", "properties": {"hex_id": 594, "utci_present": 33.87, "utci_2050": 38.13, "utci_2090": 41.42, "utci": 33.87}, "geometry": {"type": "Polygon", "coordinates": [[[-15.954006571429838, 18.021674847854104], [-15.957216418751925, 18.02165900026439], [-15.958835735635668, 18.02431059459793], [-15.957245161988709, 18.026978078190677], [-15.954035218317214, 18.026993930769706], [-15.952415944653179, 18.02434229476655], [-15.954006571429838, 18.021674847854104]]]}}, {"type": "Feature", "properties": {"hex_id": 516, "utci_present": 34.96, "utci_2050": 39.42, "utci_2090": 42.92, "utci": 34.96}, "geometry": {"type": "Polygon", "coordinates": [[[-15.963636103459068, 18.021627145446868], [-15.966845940821946, 18.02161113821954], [-15.968465397223518, 18.02426264518787], [-15.966874973104192, 18.026930201077366], [-15.963665039393288, 18.026946213344267], [-15.962045626160826, 18.02429466468196], [-15.963636103459068, 18.021627145446868]]]}}, {"type": "Feature", "properties": {"hex_id": 398, "utci_present": 34.47, "utci_2050": 38.83, "utci_2090": 42.23, "utci": 34.47}, "geometry": {"type": "Polygon", "coordinates": [[[-15.978036309972836, 18.013576120689073], [-15.981245987753264, 18.013559881681296], [-15.982865573462556, 18.016211263532178], [-15.981275438333196, 18.018878926102417], [-15.978065664256748, 18.018895170224706], [-15.976446121616766, 18.016243746662095], [-15.978036309972836, 18.013576120689073]]]}}, {"type": "Feature", "properties": {"hex_id": 437, "utci_present": 35.13, "utci_2050": 39.65, "utci_2090": 43.22, "utci": 35.13}, "geometry": {"type": "Polygon", "coordinates": [[[-15.973236390626257, 18.016259908435316], [-15.976446121616766, 18.016243746662095], [-15.978065664256748, 18.018895170224706], [-15.97647543281474, 18.02156279726622], [-15.973265605510873, 18.021578964128974], [-15.971646105973461, 18.01892749886055], [-15.973236390626257, 18.016259908435316]]]}}, {"type": "Feature", "properties": {"hex_id": 399, "utci_present": 34.51, "utci_2050": 38.88, "utci_2090": 42.28, "utci": 34.51}, "geometry": {"type": "Polygon", "coordinates": [[[-15.978065664256748, 18.018895170224706], [-15.981275438333196, 18.018878926102417], [-15.982895077285832, 18.021530303906975], [-15.981304899087872, 18.024197967557946], [-15.978095028682137, 18.024214216795038], [-15.97647543281474, 18.02156279726622], [-15.978065664256748, 18.018895170224706]]]}}, {"type": "Feature", "properties": {"hex_id": 477, "utci_present": 34.74, "utci_2050": 39.16, "utci_2090": 42.63, "utci": 34.74}, "geometry": {"type": "Polygon", "coordinates": [[[-15.9684363217888, 18.018943583373623], [-15.971646105973461, 18.01892749886055], [-15.973265605510873, 18.021578964128974], [-15.971675277738871, 18.024246555610244], [-15.968465397223518, 18.02426264518787], [-15.966845940821946, 18.02161113821954], [-15.9684363217888, 18.018943583373623]]]}}, {"type": "Feature", "properties": {"hex_id": 438, "utci_present": 35.07, "utci_2050": 39.59, "utci_2090": 43.15, "utci": 35.07}, "geometry": {"type": "Polygon", "coordinates": [[[-15.973265605510873, 18.021578964128974], [-15.97647543281474, 18.02156279726622], [-15.978095028682137, 18.024214216795038], [-15.976504754138261, 18.02688184490482], [-15.973294830487768, 18.026898016857402], [-15.971675277738871, 18.024246555610244], [-15.973265605510873, 18.021578964128974]]]}}, {"type": "Feature", "properties": {"hex_id": 478, "utci_present": 35.03, "utci_2050": 39.53, "utci_2090": 43.07, "utci": 35.03}, "geometry": {"type": "Polygon", "coordinates": [[[-15.968465397223518, 18.02426264518787], [-15.971675277738871, 18.024246555610244], [-15.973294830487768, 18.026898016857402], [-15.971704459580629, 18.029565609394474], [-15.968494482701313, 18.029581704036943], [-15.966874973104192, 18.026930201077366], [-15.968465397223518, 18.02426264518787]]]}}, {"type": "Feature", "properties": {"hex_id": 400, "utci_present": 34.72, "utci_2050": 39.13, "utci_2090": 42.6, "utci": 34.72}, "geometry": {"type": "Polygon", "coordinates": [[[-15.978095028682137, 18.024214216795038], [-15.981304899087872, 18.024197967557946], [-15.982924591301193, 18.026849341315664], [-15.98133437001871, 18.02951700604712], [-15.978124403250417, 18.029533260399315], [-15.976504754138261, 18.02688184490482], [-15.978095028682137, 18.024214216795038]]]}}, {"type": "Feature", "properties": {"hex_id": 439, "utci_present": 34.68, "utci_2050": 39.08, "utci_2090": 42.53, "utci": 34.68}, "geometry": {"type": "Polygon", "coordinates": [[[-15.973294830487768, 18.026898016857402], [-15.976504754138261, 18.02688184490482], [-15.978124403250417, 18.029533260399315], [-15.976534085588739, 18.032200889577123], [-15.97332406555835, 18.032217066619825], [-15.971704459580629, 18.029565609394474], [-15.973294830487768, 18.026898016857402]]]}}, {"type": "Feature", "properties": {"hex_id": 401, "utci_present": 35.21, "utci_2050": 39.74, "utci_2090": 43.31, "utci": 35.21}, "geometry": {"type": "Polygon", "coordinates": [[[-15.978124403250417, 18.029533260399315], [-15.98133437001871, 18.02951700604712], [-15.982954115510058, 18.032168375757465], [-15.981363851127115, 18.034836041569175], [-15.978153787962997, 18.03485230103677], [-15.976534085588739, 18.032200889577123], [-15.978124403250417, 18.029533260399315]]]}}, {"type": "Feature", "properties": {"hex_id": 479, "utci_present": 34.06, "utci_2050": 38.31, "utci_2090": 41.6, "utci": 34.06}, "geometry": {"type": "Polygon", "coordinates": [[[-15.968494482701313, 18.029581704036943], [-15.971704459580629, 18.029565609394474], [-15.97332406555835, 18.032217066619825], [-15.971733651500136, 18.03488466021247], [-15.968523578223584, 18.034900759920085], [-15.966904015413574, 18.03224926096978], [-15.968494482701313, 18.029581704036943]]]}}, {"type": "Feature", "properties": {"hex_id": 358, "utci_present": 34.49, "utci_2050": 38.85, "utci_2090": 42.24, "utci": 34.49}, "geometry": {"type": "Polygon", "coordinates": [[[-15.982836079829944, 18.010892220192005], [-15.986045704384368, 18.010875903975283], [-15.987665333129705, 18.013527244108506], [-15.98607529429566, 18.016194942175964], [-15.982865573462556, 18.016211263532178], [-15.981245987753264, 18.013559881681296], [-15.982836079829944, 18.010892220192005]]]}}, {"type": "Feature", "properties": {"hex_id": 320, "utci_present": 34.91, "utci_2050": 39.37, "utci_2090": 42.88, "utci": 34.91}, "geometry": {"type": "Polygon", "coordinates": [[[-15.987665333129705, 18.013527244108506], [-15.990875000703543, 18.013510845543976], [-15.992494725726852, 18.01616213988228], [-15.990904740168702, 18.01882987452106], [-15.987694976300261, 18.018846278250354], [-15.98607529429566, 18.016194942175964], [-15.987665333129705, 18.013527244108506]]]}}, {"type": "Feature", "properties": {"hex_id": 359, "utci_present": 34.87, "utci_2050": 39.32, "utci_2090": 42.81, "utci": 34.87}, "geometry": {"type": "Polygon", "coordinates": [[[-15.982865573462556, 18.016211263532178], [-15.98607529429566, 18.016194942175964], [-15.987694976300261, 18.018846278250354], [-15.986104894430882, 18.021513977410983], [-15.982895077285832, 18.021530303906975], [-15.9812754383332, 18.018878926102417], [-15.982865573462556, 18.016211263532178]]]}}, {"type": "Feature", "properties": {"hex_id": 321, "utci_present": 34.88, "utci_2050": 39.33, "utci_2090": 42.82, "utci": 34.88}, "geometry": {"type": "Polygon", "coordinates": [[[-15.987694976300261, 18.018846278250354], [-15.990904740168702, 18.01882987452106], [-15.99252451848454, 18.02148116478748], [-15.990934489908403, 18.024148900531657], [-15.987724629712096, 18.024165309426007], [-15.986104894430882, 18.021513977410983], [-15.987694976300261, 18.018846278250354]]]}}, {"type": "Feature", "properties": {"hex_id": 360, "utci_present": 35.01, "utci_2050": 39.5, "utci_2090": 43.03, "utci": 35.01}, "geometry": {"type": "Polygon", "coordinates": [[[-15.982895077285832, 18.021530303906975], [-15.986104894430882, 18.021513977410983], [-15.987724629712096, 18.024165309426007], [-15.986134504791456, 18.02683300967958], [-15.982924591301193, 18.026849341315664], [-15.981304899087876, 18.024197967557946], [-15.982895077285832, 18.021530303906975]]]}}, {"type": "Feature", "properties": {"hex_id": 322, "utci_present": 34.6, "utci_2050": 38.99, "utci_2090": 42.41, "utci": 34.6}, "geometry": {"type": "Polygon", "coordinates": [[[-15.987724629712096, 18.024165309426007], [-15.990934489908403, 18.024148900531657], [-15.992554321534115, 18.026800186725662], [-15.990964249924067, 18.029467923575005], [-15.987754293366626, 18.029484337634713], [-15.986134504791456, 18.02683300967958], [-15.987724629712096, 18.024165309426007]]]}}, {"type": "Feature", "properties": {"hex_id": 361, "utci_present": 34.85, "utci_2050": 39.29, "utci_2090": 42.77, "utci": 34.85}, "geometry": {"type": "Polygon", "coordinates": [[[-15.982924591301193, 18.026849341315664], [-15.986134504791456, 18.02683300967958], [-15.987754293366626, 18.029484337634713], [-15.986164125378806, 18.032152038981007], [-15.982954115510061, 18.032168375757465], [-15.98133437001871, 18.02951700604712], [-15.982924591301193, 18.026849341315664]]]}}, {"type": "Feature", "properties": {"hex_id": 323, "utci_present": 34.33, "utci_2050": 38.65, "utci_2090": 42.0, "utci": 34.33}, "geometry": {"type": "Polygon", "coordinates": [[[-15.987754293366626, 18.029484337634713], [-15.990964249924067, 18.029467923575005], [-15.992584134877008, 18.032119205696066], [-15.99099402021713, 18.03478694365035], [-15.987783967265278, 18.034803362875717], [-15.986164125378806, 18.032152038981007], [-15.987754293366626, 18.029484337634713]]]}}, {"type": "Feature", "properties": {"hex_id": 362, "utci_present": 34.88, "utci_2050": 39.31, "utci_2090": 42.79, "utci": 34.88}, "geometry": {"type": "Polygon", "coordinates": [[[-15.982954115510061, 18.032168375757465], [-15.986164125378806, 18.032152038981007], [-15.987783967265278, 18.034803362875717], [-15.986193756194352, 18.03747106531449], [-15.982983649913843, 18.037487407231627], [-15.981363851127119, 18.034836041569175], [-15.982954115510061, 18.032168375757465]]]}}, {"type": "Feature", "properties": {"hex_id": 324, "utci_present": 34.11, "utci_2050": 38.39, "utci_2090": 41.71, "utci": 34.11}, "geometry": {"type": "Polygon", "coordinates": [[[-15.987783967265278, 18.034803362875717], [-15.99099402021713, 18.03478694365035], [-15.992613958514651, 18.037438221697933], [-15.991023800789021, 18.04010596075692], [-15.987813651409478, 18.040122385148244], [-15.986193756194352, 18.03747106531449], [-15.987783967265278, 18.034803362875717]]]}}, {"type": "Feature", "properties": {"hex_id": 556, "utci_present": 34.84, "utci_2050": 39.27, "utci_2090": 42.74, "utci": 34.84}, "geometry": {"type": "Polygon", "coordinates": [[[-15.958835735635668, 18.02431059459793], [-15.962045626160826, 18.02429466468196], [-15.963665039393288, 18.026946213344267], [-15.962074518909304, 18.02961373361047], [-15.958864532018788, 18.029629668541038], [-15.957245161988709, 18.026978078190677], [-15.958835735635668, 18.02431059459793]]]}}, {"type": "Feature", "properties": {"hex_id": 517, "utci_present": 34.93, "utci_2050": 39.38, "utci_2090": 42.88, "utci": 34.93}, "geometry": {"type": "Polygon", "coordinates": [[[-15.963665039393288, 18.026946213344267], [-15.966874973104192, 18.026930201077366], [-15.968494482701313, 18.029581704036943], [-15.966904015413574, 18.03224926096978], [-15.963693985321376, 18.032265278276547], [-15.962074518909304, 18.02961373361047], [-15.963665039393288, 18.026946213344267]]]}}, {"type": "Feature", "properties": {"hex_id": 595, "utci_present": 34.89, "utci_2050": 39.34, "utci_2090": 42.83, "utci": 34.89}, "geometry": {"type": "Polygon", "coordinates": [[[-15.954035218317214, 18.026993930769706], [-15.957245161988709, 18.026978078190677], [-15.958864532018788, 18.029629668541038], [-15.95727391515281, 18.032297153152427], [-15.954063875098633, 18.03231301072107], [-15.95244454830421, 18.029661378688573], [-15.954035218317214, 18.026993930769706]]]}}, {"type": "Feature", "properties": {"hex_id": 557, "utci_present": 35.12, "utci_2050": 39.61, "utci_2090": 43.15, "utci": 35.12}, "geometry": {"type": "Polygon", "coordinates": [[[-15.958864532018788, 18.029629668541038], [-15.962074518909304, 18.02961373361047], [-15.963693985321376, 18.032265278276547], [-15.9621034216357, 18.034932799573635], [-15.958893338346556, 18.03494873951908], [-15.95727391515281, 18.032297153152427], [-15.958864532018788, 18.029629668541038]]]}}, {"type": "Feature", "properties": {"hex_id": 518, "utci_present": 34.69, "utci_2050": 39.11, "utci_2090": 42.58, "utci": 34.69}, "geometry": {"type": "Polygon", "coordinates": [[[-15.963693985321376, 18.032265278276547], [-15.966904015413574, 18.03224926096978], [-15.968523578223584, 18.034900759920085], [-15.96693306775149, 18.037568317896042], [-15.963722941244717, 18.037584340242955], [-15.9621034216357, 18.034932799573635], [-15.963693985321376, 18.032265278276547]]]}}, {"type": "Feature", "properties": {"hex_id": 596, "utci_present": 35.24, "utci_2050": 39.77, "utci_2090": 43.36, "utci": 35.24}, "geometry": {"type": "Polygon", "coordinates": [[[-15.954063875098633, 18.03231301072107], [-15.95727391515281, 18.032297153152427], [-15.958893338346556, 18.03494873951908], [-15.957302678245611, 18.037616225148888], [-15.954092541775472, 18.037632087707422], [-15.952473161833332, 18.03498045964612], [-15.954063875098633, 18.03231301072107]]]}}, {"type": "Feature", "properties": {"hex_id": 558, "utci_present": 35.32, "utci_2050": 39.9, "utci_2090": 43.53, "utci": 35.32}, "geometry": {"type": "Polygon", "coordinates": [[[-15.958893338346556, 18.03494873951908], [-15.9621034216357, 18.034932799573635], [-15.963722941244717, 18.037584340242955], [-15.962132334341407, 18.040251862570692], [-15.958922154620353, 18.040267807531308], [-15.957302678245611, 18.037616225148888], [-15.958893338346556, 18.03494873951908]]]}}, {"type": "Feature", "properties": {"hex_id": 519, "utci_present": 35.23, "utci_2050": 39.78, "utci_2090": 43.39, "utci": 35.23}, "geometry": {"type": "Polygon", "coordinates": [[[-15.963722941244717, 18.037584340242955], [-15.96693306775149, 18.037568317896042], [-15.968552683791724, 18.040219812836536], [-15.966962130119338, 18.042887371855365], [-15.963751907164704, 18.042903399242732], [-15.96213233434141, 18.040251862570692], [-15.963722941244717, 18.037584340242955]]]}}, {"type": "Feature", "properties": {"hex_id": 597, "utci_present": 35.27, "utci_2050": 39.81, "utci_2090": 43.4, "utci": 35.27}, "geometry": {"type": "Polygon", "coordinates": [[[-15.954092541775472, 18.037632087707422], [-15.957302678245611, 18.037616225148888], [-15.958922154620353, 18.040267807531308], [-15.957331451268493, 18.042935294179294], [-15.95412121834911, 18.042951161728016], [-15.952501785241926, 18.04029953763843], [-15.954092541775472, 18.037632087707422]]]}}, {"type": "Feature", "properties": {"hex_id": 559, "utci_present": 35.34, "utci_2050": 39.94, "utci_2090": 43.59, "utci": 35.34}, "geometry": {"type": "Polygon", "coordinates": [[[-15.958922154620353, 18.040267807531308], [-15.962132334341407, 18.040251862570692], [-15.963751907164704, 18.042903399242732], [-15.962161257027816, 18.045570922600884], [-15.958950980841566, 18.045586872576962], [-15.957331451268493, 18.042935294179294], [-15.958922154620353, 18.040267807531308]]]}}, {"type": "Feature", "properties": {"hex_id": 169, "utci_present": 33.89, "utci_2050": 38.11, "utci_2090": 41.36, "utci": 33.89}, "geometry": {"type": "Polygon", "coordinates": [[[-16.007104769213377, 18.04534202782696], [-16.0061390057632, 18.043761783685014], [-16.006186536135928, 18.043761536341428], [-16.006224530007007, 18.0437974884761], [-16.006262523893522, 18.0438334406024], [-16.006338100507538, 18.04383304725371], [-16.00637609442395, 18.043868999356043], [-16.006414088355804, 18.043904951450028], [-16.006489664996824, 18.043904558040587], [-16.00656524163592, 18.043904164601617], [-16.006603235612143, 18.043940116656028], [-16.006641229603805, 18.04397606870208], [-16.006716806269907, 18.04397567520236], [-16.006792382934087, 18.043975281673113], [-16.006830376970118, 18.04401123367958], [-16.006868371021586, 18.044047185677698], [-16.00694394771277, 18.04404679208771], [-16.006981941794148, 18.044082744061853], [-16.007019935890956, 18.044118696027624], [-16.00709551260915, 18.04411830237691], [-16.007171089325414, 18.044117908696634], [-16.0072090834666, 18.044153860622846], [-16.007247077623216, 18.04418981254069], [-16.00732265436649, 18.04418941879967], [-16.00736064855301, 18.04422537069356], [-16.007398642754968, 18.044261322579075], [-16.007474219525246, 18.044260928777323], [-16.007549796293596, 18.044260534946034], [-16.00758779053993, 18.044296486791968], [-16.007625784801693, 18.044332438629546], [-16.00770136159705, 18.044332044737516], [-16.007739355888724, 18.044367996551127], [-16.007777350195827, 18.044403948356372], [-16.00785292701819, 18.044403554403587], [-16.007928503838624, 18.044403160421282], [-16.0079664981901, 18.044439112186943], [-16.008004492557017, 18.04447506394425], [-16.008080069404453, 18.044474669901195], [-16.008118063801273, 18.044510621634526], [-16.008156058213526, 18.0445465733595], [-16.00823163508797, 18.044546179255693], [-16.00830721196048, 18.04454578512236], [-16.00834520641711, 18.04458173680776], [-16.00838320088917, 18.044617688484788], [-16.008458777788686, 18.0446172942907], [-16.008496772290655, 18.044653245943763], [-16.00853476680805, 18.04468919758846], [-16.008610343734578, 18.044688803333624], [-16.008685920659165, 18.044688409049257], [-16.008723915220937, 18.044724360654367], [-16.008761909798146, 18.044760312251128], [-16.008837486749737, 18.044759917906013], [-16.00887548135685, 18.044795869478794], [-16.0089134759794, 18.04483182104321], [-16.008989052957997, 18.044831426637344], [-16.00906462993466, 18.044831032201945], [-16.009102624601578, 18.04486698372678], [-16.009140619283937, 18.044902935243258], [-16.009216196287603, 18.044902540747113], [-16.00925419099986, 18.044938492239613], [-16.009292185727556, 18.04497444372375], [-16.009367762758224, 18.044974049166854], [-16.00940575751582, 18.045010000627006], [-16.00944375228886, 18.045045952078816], [-16.009519329346524, 18.045045557461158], [-16.009594906402263, 18.04504516281398], [-16.009632901219668, 18.045081114226203], [-16.009670896052512, 18.04511706563006], [-16.009746473135248, 18.045116670922116], [-16.009784467997992, 18.045152622302], [-16.009822462876176, 18.045188573673506], [-16.009898039985913, 18.045188178904816], [-16.009936034893997, 18.045224130252368], [-16.00997402981752, 18.045260081591543], [-16.01004960695426, 18.045259686762105], [-16.01008760190768, 18.045295638077302], [-16.01012000410509, 18.045326297436453], [-16.007104769213377, 18.04534202782696]]]}}, {"type": "Feature", "properties": {"hex_id": 130, "utci_present": 33.88, "utci_2050": 38.11, "utci_2090": 41.36, "utci": 33.88}, "geometry": {"type": "Polygon", "coordinates": [[[-16.011935318425007, 18.04797637290364], [-16.010375441896517, 18.04542418166356], [-16.010390736288088, 18.045438653350885], [-16.010428731347627, 18.045474604593043], [-16.010504308565363, 18.04547420958134], [-16.01057988578116, 18.045473814540102], [-16.010617880885068, 18.045509765742672], [-16.01065587600442, 18.045545716936882], [-16.010731453247214, 18.04554532183489], [-16.010769448396466, 18.04558127300512], [-16.010807443561156, 18.045617224166982], [-16.01084543874128, 18.04565317532049], [-16.01088343393684, 18.04568912646562], [-16.010959011235567, 18.045688731271653], [-16.010997006461032, 18.045724682392805], [-16.011035001701934, 18.0457606335056], [-16.01111057902766, 18.045760238250878], [-16.011148574298463, 18.045796189339697], [-16.0111865695847, 18.045832140420153], [-16.011262146937426, 18.04583174510466], [-16.01130014225357, 18.045867696161128], [-16.011338137585152, 18.045903647209244], [-16.011413714964867, 18.045903251833], [-16.011451710326355, 18.045939202857124], [-16.011489705703276, 18.04597515387289], [-16.01156528310999, 18.045974758435896], [-16.011603278516816, 18.046010709427684], [-16.01164127393908, 18.046046660411104], [-16.011679269376774, 18.04608261138617], [-16.011717264829908, 18.04611856235286], [-16.011792842292554, 18.046118166823863], [-16.011830837775594, 18.046154117766577], [-16.011868833274065, 18.04619006870092], [-16.011906828787975, 18.046226019626904], [-16.011944824317325, 18.046261970544517], [-16.012020401835898, 18.046261574923545], [-16.01205839739515, 18.04629752581717], [-16.012096392969838, 18.04633347670244], [-16.012171970515404, 18.04633308102071], [-16.012209966119997, 18.046369031882], [-16.012247961740027, 18.046404982734916], [-16.012285957375493, 18.04644093357947], [-16.0123239530264, 18.046476884415664], [-16.01236194869274, 18.04651283524348], [-16.01239994437452, 18.04654878606294], [-16.012475522004944, 18.046548390257986], [-16.012513517716627, 18.046584341053464], [-16.012551513443746, 18.04662029184057], [-16.012589509186306, 18.046656242619306], [-16.012627504944298, 18.04669219338969], [-16.012703082630647, 18.046691797492752], [-16.012741078418546, 18.046727748239135], [-16.012779074221882, 18.04676369897717], [-16.012817070040654, 18.04679964970682], [-16.012855065874863, 18.046835600428103], [-16.01289306172451, 18.046871551141024], [-16.012931057589597, 18.04690750184559], [-16.01296905347012, 18.046943452541772], [-16.013007049366077, 18.04697940322959], [-16.013082627166224, 18.046979007178216], [-16.013120623092085, 18.04701495784204], [-16.013158619033387, 18.04705090849753], [-16.01319661499012, 18.047086859144617], [-16.0132346109623, 18.04712280978335], [-16.013272606949915, 18.04715876041372], [-16.013310602952966, 18.04719471103572], [-16.013348598971458, 18.04723066164936], [-16.013386595005382, 18.04726661225461], [-16.013424591054747, 18.047302562851513], [-16.01346258711955, 18.047338513440046], [-16.013500583199797, 18.0473744640202], [-16.01353857929547, 18.047410414591994], [-16.01357657540659, 18.047446365155402], [-16.01361457153314, 18.047482315710464], [-16.013652567675134, 18.04751826625715], [-16.013690563832565, 18.047554216795472], [-16.013728560005433, 18.047590167325417], [-16.013766556193744, 18.047626117847], [-16.013804552397485, 18.047662068360207], [-16.013842548616665, 18.047698018865056], [-16.01388054485129, 18.04773396936153], [-16.013918541101347, 18.04776991984964], [-16.013956537366848, 18.047805870329377], [-16.013994533647782, 18.04784182080074], [-16.01403252994416, 18.04787777126374], [-16.014070526255974, 18.047913721718373], [-16.01410852258322, 18.047949672164645], [-16.014124616929692, 18.047964899917336], [-16.011935318425007, 18.04797637290364]]]}}, {"type": "Feature", "properties": {"hex_id": 170, "utci_present": 33.89, "utci_2050": 38.11, "utci_2090": 41.36, "utci": 33.89}, "geometry": {"type": "Polygon", "coordinates": [[[-16.011935318425007, 18.04797637290364], [-16.010345374413397, 18.05064425837503], [-16.007135052811325, 18.050661012909586], [-16.00551477172333, 18.04800987670552], [-16.007104769213377, 18.04534202782696], [-16.01012000410509, 18.045326297436453], [-16.010125596876545, 18.045331589384144], [-16.01020117404028, 18.045331194493947], [-16.010239169039046, 18.04536714577681], [-16.010277164053246, 18.04540309705131], [-16.01035274124398, 18.04540270210036], [-16.010375441896514, 18.04542418166356], [-16.011935318425007, 18.04797637290364]]]}}, {"type": "Feature", "properties": {"hex_id": 131, "utci_present": 33.89, "utci_2050": 38.11, "utci_2090": 41.36, "utci": 33.89}, "geometry": {"type": "Polygon", "coordinates": [[[-16.01517611662369, 18.05327851146097], [-16.01196575200941, 18.05329534859294], [-16.010345374413397, 18.05064425837503], [-16.011935318425007, 18.04797637290364], [-16.014124616929692, 18.047964899917336], [-16.014146518925912, 18.047985622602525], [-16.01418451528404, 18.048021573032056], [-16.014222511657607, 18.048057523453206], [-16.014260508046615, 18.048093473866004], [-16.01429850445106, 18.048129424270424], [-16.01433650087094, 18.048165374666468], [-16.01437449730626, 18.048201325054137], [-16.014412493757025, 18.048237275433458], [-16.014450490223222, 18.048273225804397], [-16.01448848670486, 18.04830917616696], [-16.014526483201937, 18.04834512652118], [-16.01456447971445, 18.048381076867013], [-16.014602476242406, 18.04841702720446], [-16.0146404727858, 18.04845297753356], [-16.014640887496697, 18.048525274889492], [-16.01467888407194, 18.048561225209102], [-16.014716880662622, 18.048597175520317], [-16.014754877268743, 18.04863312582319], [-16.014792873890304, 18.04866907611768], [-16.014830870527305, 18.0487050264038], [-16.014868867179743, 18.04874097668156], [-16.014906863847624, 18.048776926950946], [-16.014944860530942, 18.048812877211947], [-16.0149828572297, 18.0488488274646], [-16.0150208539439, 18.048884777708864], [-16.015021268820853, 18.048957075053025], [-16.0150592655669, 18.048993025287807], [-16.015097262328393, 18.049028975514215], [-16.015135259105318, 18.04906492573226], [-16.015173255897682, 18.049100875941924], [-16.01521125270549, 18.04913682614323], [-16.01524924952874, 18.04917277633616], [-16.01524966450612, 18.049245073673035], [-16.015287661361217, 18.04928102385647], [-16.015325658231752, 18.04931697403153], [-16.015363655117735, 18.049352924198228], [-16.015401652019158, 18.04938887435654], [-16.01543964893601, 18.049424824506495], [-16.01547764586831, 18.049460774648086], [-16.01547806094611, 18.049533071977663], [-16.01551605791026, 18.049569022109747], [-16.015554054889854, 18.049604972233478], [-16.015592051884887, 18.049640922348825], [-16.015630048895357, 18.049676872455805], [-16.01566804592127, 18.0497128225544], [-16.015706042962623, 18.04974877264464], [-16.015706458140855, 18.04982106996693], [-16.015744455214065, 18.049857020047668], [-16.015782452302705, 18.04989297012005], [-16.015820449406792, 18.049928920184044], [-16.01585844652632, 18.04996487023967], [-16.015858861772156, 18.05003716755692], [-16.015896858923536, 18.050073117603056], [-16.015934856090357, 18.05010906764081], [-16.015972853272622, 18.050145017670204], [-16.016010850470323, 18.05018096769122], [-16.016048847683468, 18.05021691770387], [-16.016086844912053, 18.050252867708142], [-16.01608726025832, 18.05032516501811], [-16.016125257518762, 18.050361115012898], [-16.016163254794645, 18.050397064999306], [-16.016201252085967, 18.050433014977333], [-16.01623924939273, 18.050468964946997], [-16.016239664806605, 18.05054126225191], [-16.016277662145225, 18.050577212212087], [-16.016315659499284, 18.050613162163888], [-16.016353656868784, 18.050649112107312], [-16.016391654253727, 18.05068506204236], [-16.01639206973521, 18.05075735934224], [-16.01643006715201, 18.050793309267785], [-16.01646806458425, 18.050829259184976], [-16.016506062031933, 18.050865209093786], [-16.016544059495057, 18.05090115899423], [-16.01654447504415, 18.05097345628906], [-16.016547859430645, 18.050976658299113], [-16.01517611662369, 18.05327851146097]]]}}, {"type": "Feature", "properties": {"hex_id": 55, "utci_present": 33.98, "utci_2050": 38.22, "utci_2090": 41.49, "utci": 33.98}, "geometry": {"type": "Polygon", "coordinates": [[[-16.021658313319076, 18.06388258787079], [-16.020037689080226, 18.061231593872595], [-16.021180410137887, 18.059314015430665], [-16.02120325181013, 18.05933562398816], [-16.021203669472122, 18.059407921114843], [-16.021204087136066, 18.059480218240978], [-16.021242087451494, 18.059516167045853], [-16.021280087782372, 18.059552115842333], [-16.021280505481133, 18.059624412965672], [-16.021280923181855, 18.059696710088446], [-16.02131892356104, 18.059732658874307], [-16.021356923955675, 18.05976860765178], [-16.02135734169121, 18.059840904771754], [-16.021395342117728, 18.059876853539723], [-16.021433342559693, 18.059912802299305], [-16.021433760330048, 18.059985099416476], [-16.02143417810236, 18.0600573965331], [-16.021472178592635, 18.06009334528204], [-16.02151017909836, 18.06012929402262], [-16.021510596905493, 18.060201591136423], [-16.021511014714587, 18.06027388824969], [-16.021549015268615, 18.060309836979613], [-16.0215870158381, 18.060345785701166], [-16.02158743368201, 18.060418082811626], [-16.02162543428338, 18.06045403152367], [-16.021663434900194, 18.060489980227324], [-16.02166385277892, 18.06056227733498], [-16.02166427065961, 18.060634574442084], [-16.021702271324738, 18.06067052313509], [-16.02174027200532, 18.060706471819746], [-16.021740689920826, 18.06077876892403], [-16.02174110783829, 18.06085106602778], [-16.02177910856718, 18.060887014701787], [-16.021817109311527, 18.06092296336741], [-16.021817527263813, 18.06099526046834], [-16.021817945218057, 18.06106755756873], [-16.021855946010714, 18.061103506223716], [-16.021893946818825, 18.06113945487033], [-16.02189436480789, 18.061211751967896], [-16.021894782798917, 18.06128404906493], [-16.021932783655345, 18.0613199977009], [-16.021970784527216, 18.061355946328476], [-16.02197120255306, 18.061428243422696], [-16.02197162058087, 18.06150054051637], [-16.02200962150106, 18.061536489133324], [-16.022047622436702, 18.061572437741884], [-16.02204804049933, 18.061644734832747], [-16.022048458563923, 18.06171703192307], [-16.02208645954788, 18.061752980520996], [-16.02212446054729, 18.061788929110534], [-16.0221248786467, 18.061861226198044], [-16.022125296748076, 18.061933523285003], [-16.022163297795803, 18.061969471863893], [-16.022201298858977, 18.062005420434424], [-16.022201716995177, 18.06207771751858], [-16.022202135133334, 18.06215001460218], [-16.022240136244832, 18.062185963162054], [-16.022278137371778, 18.062221911713564], [-16.02227855554476, 18.062294208794345], [-16.022278973719704, 18.062366505874593], [-16.022279391896607, 18.062438802954293], [-16.022317393088308, 18.06247475149403], [-16.02235539429546, 18.062510700025374], [-16.022355812507186, 18.062582997102258], [-16.022356230720874, 18.06265529417859], [-16.022394231976346, 18.062691242699298], [-16.022432233247272, 18.06272719121163], [-16.022432651495784, 18.06279948828515], [-16.02243306974626, 18.062871785358137], [-16.022471071065507, 18.062907733859817], [-16.022509072400204, 18.062943682353126], [-16.022509490685508, 18.06301597942329], [-16.022509908972772, 18.063088276492913], [-16.022510327261998, 18.06316057356199], [-16.022548328661447, 18.063196522043523], [-16.022586330076354, 18.063232470516663], [-16.022586748400407, 18.06330476758293], [-16.02258716672642, 18.06337706464864], [-16.02262516818965, 18.06341301311115], [-16.02266316966833, 18.063448961565268], [-16.02266358802917, 18.063521258628175], [-16.022664006391977, 18.06359355569053], [-16.02266442475674, 18.06366585275234], [-16.02270242630018, 18.063701801194703], [-16.022740427859073, 18.06373774962866], [-16.022740846258667, 18.06381004668766], [-16.022741232907595, 18.063876857111786], [-16.021658313319076, 18.06388258787079]]]}}, {"type": "Feature", "properties": {"hex_id": 208, "utci_present": 33.99, "utci_2050": 38.24, "utci_2090": 41.51, "utci": 33.99}, "geometry": {"type": "Polygon", "coordinates": [[[-16.007104769213377, 18.04534202782696], [-16.00551477172333, 18.04800987670552], [-16.00230449315084, 18.048026548667305], [-16.00068430855495, 18.045375366508576], [-16.00227435949014, 18.042707554229683], [-16.00339476650202, 18.04270174332119], [-16.0034220444618, 18.042727556357406], [-16.00346003756693, 18.042763509077783], [-16.003535613789186, 18.042763116846864], [-16.003611190009515, 18.042762724586424], [-16.003649183159023, 18.042798677267236], [-16.003687176323965, 18.042834629939694], [-16.003762752571316, 18.042834237618518], [-16.00380074576616, 18.042870190267003], [-16.00383873897644, 18.042906142907142], [-16.00391431525081, 18.042905750525236], [-16.003952308490998, 18.042941703141405], [-16.003990301746615, 18.042977655749223], [-16.004065878048003, 18.04297726330658], [-16.00414145434747, 18.042976870834398], [-16.004179447647466, 18.043012823402652], [-16.004217440962893, 18.043048775962543], [-16.004293017289374, 18.04304838342964], [-16.00433101063471, 18.043084335965563], [-16.00436900399548, 18.043120288493135], [-16.00444458034898, 18.043119895899487], [-16.004520156700554, 18.0431195032763], [-16.004558150105698, 18.043155455764307], [-16.004596143526275, 18.043191408243956], [-16.00467171990487, 18.04319101556004], [-16.004709713355354, 18.04322696801572], [-16.00474770682127, 18.043262920463054], [-16.00482328322688, 18.0432625277184], [-16.0048612767227, 18.043298480141754], [-16.004899270233956, 18.043334432556758], [-16.00497484666658, 18.043334039751368], [-16.00505042309728, 18.043333646916444], [-16.005088416652914, 18.04336959929188], [-16.00512641022398, 18.043405551658946], [-16.005201986681694, 18.043405158763292], [-16.005239980282663, 18.043441111106397], [-16.005277973899073, 18.043477063441152], [-16.005353550383802, 18.043476670484754], [-16.005429126866602, 18.043476277498826], [-16.00546712052738, 18.043512229794004], [-16.005505114203597, 18.04354818208082], [-16.005580690713415, 18.043547789034157], [-16.005618684419535, 18.043583741297013], [-16.00565667814109, 18.043619693551513], [-16.00573225467792, 18.0436193004441], [-16.00580783121282, 18.043618907307156], [-16.00584582497875, 18.04365485952208], [-16.005883818760115, 18.043690811728652], [-16.00595939532203, 18.04369041853097], [-16.0059973891333, 18.043726370713564], [-16.006035382960004, 18.043762322887805], [-16.00611095954893, 18.043761929629383], [-16.0061390057632, 18.043761783685014], [-16.007104769213377, 18.04534202782696]]]}}, {"type": "Feature", "properties": {"hex_id": 286, "utci_present": 34.09, "utci_2050": 38.36, "utci_2090": 41.66, "utci": 34.09}, "geometry": {"type": "Polygon", "coordinates": [[[-15.992643792448478, 18.042757234730495], [-15.995853984909699, 18.042740727840325], [-15.997474073029412, 18.045391955922227], [-15.995883925618038, 18.048059732711298], [-15.99267363667992, 18.048076244793005], [-15.991053591641169, 18.04542497489397], [-15.992643792448478, 18.042757234730495]]]}}, {"type": "Feature", "properties": {"hex_id": 248, "utci_present": 33.99, "utci_2050": 38.24, "utci_2090": 41.52, "utci": 33.99}, "geometry": {"type": "Polygon", "coordinates": [[[-15.997474073029412, 18.045391955922227], [-16.00068430855495, 18.045375366508576], [-16.00230449315084, 18.048026548667305], [-16.000714399168697, 18.050694362075124], [-15.997504067150333, 18.0507109567056], [-15.995883925618038, 18.048059732711298], [-15.997474073029412, 18.045391955922227]]]}}, {"type": "Feature", "properties": {"hex_id": 209, "utci_present": 33.96, "utci_2050": 38.2, "utci_2090": 41.48, "utci": 33.96}, "geometry": {"type": "Polygon", "coordinates": [[[-16.00230449315084, 18.048026548667305], [-16.00551477172333, 18.04800987670552], [-16.007135052811325, 18.050661012909586], [-16.005545012291694, 18.05332886292931], [-16.00233463721046, 18.0533455401332], [-16.000714399168697, 18.050694362075124], [-16.00230449315084, 18.048026548667305]]]}}, {"type": "Feature", "properties": {"hex_id": 287, "utci_present": 35.19, "utci_2050": 39.75, "utci_2090": 43.35, "utci": 35.19}, "geometry": {"type": "Polygon", "coordinates": [[[-15.99267363667992, 18.048076244793005], [-15.995883925618038, 18.048059732711298], [-15.997504067150333, 18.0507109567056], [-15.995913876658717, 18.053378734611144], [-15.99270349121041, 18.05339525188469], [-15.991083392775003, 18.050743986060724], [-15.99267363667992, 18.048076244793005]]]}}, {"type": "Feature", "properties": {"hex_id": 249, "utci_present": 34.3, "utci_2050": 38.61, "utci_2090": 41.95, "utci": 34.3}, "geometry": {"type": "Polygon", "coordinates": [[[-15.997504067150333, 18.0507109567056], [-16.000714399168697, 18.050694362075124], [-16.00233463721046, 18.0533455401332], [-16.00074450016544, 18.056013354669716], [-15.997534071620963, 18.056029954517324], [-15.995913876658717, 18.053378734611144], [-15.997504067150333, 18.0507109567056]]]}}, {"type": "Feature", "properties": {"hex_id": 210, "utci_present": 34.75, "utci_2050": 39.19, "utci_2090": 42.66, "utci": 34.75}, "geometry": {"type": "Polygon", "coordinates": [[[-16.00233463721046, 18.0533455401332], [-16.005545012291694, 18.05332886292931], [-16.00716534685885, 18.05597999501966], [-16.00557526329372, 18.0586478461803], [-16.00236479167045, 18.05866452862661], [-16.00074450016544, 18.056013354669716], [-16.00233463721046, 18.0533455401332]]]}}, {"type": "Feature", "properties": {"hex_id": 288, "utci_present": 35.31, "utci_2050": 39.93, "utci_2090": 43.59, "utci": 35.31}, "geometry": {"type": "Polygon", "coordinates": [[[-15.99270349121041, 18.05339525188469], [-15.995913876658717, 18.053378734611144], [-15.997534071620963, 18.056029954517324], [-15.995943838033178, 18.058697733539113], [-15.992733356041386, 18.0587142560048], [-15.99111320419196, 18.05606299425643], [-15.99270349121041, 18.05339525188469]]]}}, {"type": "Feature", "properties": {"hex_id": 250, "utci_present": 35.27, "utci_2050": 39.88, "utci_2090": 43.54, "utci": 35.27}, "geometry": {"type": "Polygon", "coordinates": [[[-15.997534071620963, 18.056029954517324], [-16.00074450016544, 18.056013354669716], [-16.00236479167045, 18.05866452862661], [-16.000774611546625, 18.061332344291596], [-15.997564086442736, 18.06134894935663], [-15.995943838033178, 18.058697733539113], [-15.997534071620963, 18.056029954517324]]]}}, {"type": "Feature", "properties": {"hex_id": 211, "utci_present": 35.12, "utci_2050": 39.68, "utci_2090": 43.29, "utci": 35.12}, "geometry": {"type": "Polygon", "coordinates": [[[-16.00236479167045, 18.05866452862661], [-16.00557526329372, 18.0586478461803], [-16.007195651357417, 18.061298974156404], [-16.005605524730864, 18.063966826457747], [-16.00239495653225, 18.063983514146774], [-16.000774611546625, 18.061332344291596], [-16.00236479167045, 18.05866452862661]]]}}, {"type": "Feature", "properties": {"hex_id": 171, "utci_present": 33.88, "utci_2050": 38.1, "utci_2090": 41.35, "utci": 33.88}, "geometry": {"type": "Polygon", "coordinates": [[[-16.007135052811325, 18.050661012909586], [-16.010345374413397, 18.05064425837503], [-16.01196575200941, 18.05329534859294], [-16.01037576498559, 18.055963235217707], [-16.00716534685885, 18.05597999501966], [-16.005545012291694, 18.05332886292931], [-16.007135052811325, 18.050661012909586]]]}}, {"type": "Feature", "properties": {"hex_id": 93, "utci_present": 33.91, "utci_2050": 38.13, "utci_2090": 41.39, "utci": 33.91}, "geometry": {"type": "Polygon", "coordinates": [[[-16.016796590743635, 18.05592955566122], [-16.01517611662369, 18.05327851146097], [-16.016547859430645, 18.050976658299113], [-16.01658247253913, 18.051009406180007], [-16.016620470049553, 18.05104535606258], [-16.016658467575414, 18.051081305936783], [-16.01669646511672, 18.051117255802605], [-16.016696880733427, 18.051189553092396], [-16.01673487830659, 18.05122550294873], [-16.016772875895196, 18.051261452796684], [-16.01681087349924, 18.051297402636266], [-16.01684887111873, 18.051333352467484], [-16.016849286803055, 18.051405649752226], [-16.016887284454395, 18.051441599573938], [-16.016925282121182, 18.05147754938728], [-16.016925697840286, 18.051549846669214], [-16.016963695538934, 18.051585796473066], [-16.01700169325302, 18.051621746268545], [-16.01703969098255, 18.051657696055635], [-16.017077688727525, 18.051693645834373], [-16.017078104514244, 18.05176594311126], [-16.01711610229108, 18.05180189288049], [-16.017154100083353, 18.051837842641355], [-16.01719209789107, 18.051873792393835], [-16.01723009571423, 18.051909742137948], [-16.017230511568567, 18.05198203940979], [-16.017268509423587, 18.052017989144407], [-16.017306507294048, 18.05205393887064], [-16.017306923183174, 18.052126236139685], [-16.017344921085495, 18.05216218585644], [-16.017382919003257, 18.0521981355648], [-16.017420916936462, 18.05223408526479], [-16.017458914885115, 18.05227003495641], [-16.01745933084186, 18.05234233222041], [-16.017497328822373, 18.05237828190254], [-16.017535326818322, 18.05241423157628], [-16.01753574280986, 18.052486528837484], [-16.017573740837673, 18.052522478501732], [-16.01761173888093, 18.052558428157607], [-16.017649736939628, 18.052594377805118], [-16.01768773501377, 18.052630327444238], [-16.017688151072928, 18.052702624700395], [-16.017726149178937, 18.05273857433002], [-16.017764147300383, 18.05277452395128], [-16.017764563394326, 18.05284682120462], [-16.017802561547636, 18.052882770816392], [-16.017840559716394, 18.05291872041977], [-16.01787855790059, 18.052954670014774], [-16.01791655610023, 18.05299061960141], [-16.0179169722618, 18.053062916849708], [-16.01795497049331, 18.053098866426843], [-16.017992968740252, 18.0531348159956], [-16.017993384936613, 18.053207113241108], [-16.018031383215426, 18.053243062800362], [-16.01806938150968, 18.05327901235125], [-16.018107379819373, 18.053314961893754], [-16.018145378144514, 18.0533509114279], [-16.018145794408507, 18.05342320866835], [-16.018183792765512, 18.05345915819299], [-16.018221791137957, 18.05349510770925], [-16.018222207436743, 18.0535674049469], [-16.018260205841056, 18.05360335445366], [-16.018298204260812, 18.05363930395205], [-16.01829862059439, 18.053711601186897], [-16.018336619046007, 18.053747550675784], [-16.01837461751307, 18.05378350015629], [-16.018375033881444, 18.05385579738834], [-16.01841303238037, 18.053891746859357], [-16.01845103089475, 18.053927696321992], [-16.018489029424565, 18.05396364577625], [-16.018527027969824, 18.053999595222127], [-16.018527444405834, 18.054071892449127], [-16.018565442982958, 18.054107841885518], [-16.018603441575532, 18.05414379131352], [-16.018603858046326, 18.054216088537718], [-16.018641856670765, 18.054252037956232], [-16.018679855310648, 18.054287987366358], [-16.01868027181624, 18.054360284587755], [-16.018718270487987, 18.05439623398838], [-16.018756269175185, 18.054432183380644], [-16.018756685715573, 18.054504480599235], [-16.01879468443463, 18.054540429981987], [-16.018832683169137, 18.05457637935637], [-16.018870681919086, 18.05461232872237], [-16.01890868068448, 18.054648278079995], [-16.01890909729251, 18.054720575293537], [-16.01894709608977, 18.05475652464166], [-16.01898509490248, 18.054792473981404], [-16.018985511545303, 18.05486477119215], [-16.01902351038988, 18.05490072052239], [-16.019061509249894, 18.054936669844256], [-16.01906192592752, 18.055008967052203], [-16.019099924819407, 18.055044916364565], [-16.01913792372674, 18.05508086566856], [-16.019138340439163, 18.055153162873697], [-16.01917633937836, 18.055189112168176], [-16.019214338333008, 18.055225061454294], [-16.019214755080228, 18.05529735865663], [-16.01925275406674, 18.055333307933243], [-16.019290753068702, 18.055369257201477], [-16.019291169850725, 18.055441554401007], [-16.01932916888455, 18.055477503659738], [-16.019367167933826, 18.055513452910084], [-16.019367584750647, 18.055585750106818], [-16.019405583831794, 18.05562169934767], [-16.019443582928382, 18.055657648580134], [-16.01944399978, 18.05572994577408], [-16.01948199890846, 18.055765894997037], [-16.019519998052367, 18.055801844211626], [-16.01952041493879, 18.055874141402757], [-16.019558414114567, 18.055910090607853], [-16.01956357812694, 18.05591497603151], [-16.016796590743635, 18.05592955566122]]]}}, {"type": "Feature", "properties": {"hex_id": 132, "utci_present": 33.95, "utci_2050": 38.19, "utci_2090": 41.45, "utci": 33.95}, "geometry": {"type": "Polygon", "coordinates": [[[-16.01196575200941, 18.05329534859294], [-16.01517611662369, 18.05327851146097], [-16.016796590743635, 18.05592955566122], [-16.01520665724892, 18.05859747888418], [-16.01199619609406, 18.058614321308838], [-16.01037576498559, 18.055963235217707], [-16.01196575200941, 18.05329534859294]]]}}, {"type": "Feature", "properties": {"hex_id": 172, "utci_present": 34.17, "utci_2050": 38.45, "utci_2090": 41.77, "utci": 34.17}, "geometry": {"type": "Polygon", "coordinates": [[[-16.00716534685885, 18.05597999501966], [-16.01037576498559, 18.055963235217707], [-16.01199619609406, 18.058614321308838], [-16.010406166042117, 18.061282209086748], [-16.007195651357417, 18.061298974156404], [-16.00557526329372, 18.0586478461803], [-16.00716534685885, 18.05597999501966]]]}}, {"type": "Feature", "properties": {"hex_id": 94, "utci_present": 33.86, "utci_2050": 38.07, "utci_2090": 41.3, "utci": 33.86}, "geometry": {"type": "Polygon", "coordinates": [[[-16.020037689080226, 18.061231593872595], [-16.01682718491462, 18.061248518944588], [-16.01520665724892, 18.05859747888418], [-16.016796590743635, 18.05592955566122], [-16.01956357812694, 18.05591497603151], [-16.019596413305788, 18.05594603980456], [-16.019596830227012, 18.05601833699289], [-16.0196348294501, 18.056054286180093], [-16.019672828688645, 18.05609023535892], [-16.019673245644668, 18.056162532544434], [-16.01971124491508, 18.05619848171377], [-16.019749244200934, 18.05623443087472], [-16.019749661191764, 18.05630672805744], [-16.01978766050949, 18.05634267720888], [-16.019825659842663, 18.056378626351947], [-16.019826076868295, 18.05645092353187], [-16.01986407623334, 18.05648687266543], [-16.01990207561383, 18.056522821790622], [-16.019902492674273, 18.05659511896773], [-16.019940492086633, 18.056631068083405], [-16.019978491514443, 18.056667017190723], [-16.019978908609684, 18.05673931436503], [-16.02001690806937, 18.05677526346282], [-16.020054907544495, 18.05681121255225], [-16.020055324674544, 18.056883509723754], [-16.020055741806548, 18.05695580689471], [-16.020093741329973, 18.056991755973485], [-16.020131740868848, 18.057027705043904], [-16.020132158035658, 18.057100002212064], [-16.020170157606405, 18.05713595127296], [-16.0202081571926, 18.0571719003255], [-16.020208574394214, 18.057244197490846], [-16.020246574012283, 18.057280146533863], [-16.0202845736458, 18.05731609556851], [-16.02028499088222, 18.057388392731056], [-16.020322990547612, 18.057424341756203], [-16.020360990228447, 18.05746029077296], [-16.02036140749968, 18.057532587932688], [-16.02039940721239, 18.057568536939954], [-16.02043740694055, 18.057604485938835], [-16.02043782424659, 18.057676783095758], [-16.020438241554587, 18.057749080252155], [-16.020476241331046, 18.057785029240392], [-16.020514241122953, 18.05782097822026], [-16.02051465846576, 18.057893275373846], [-16.020552658289542, 18.057929224344203], [-16.02059065812877, 18.057965173306183], [-16.02059107550639, 18.058037470456963], [-16.020629075377496, 18.05807341940944], [-16.020667075264047, 18.058109368353534], [-16.020667492676473, 18.0581816655015], [-16.020667910090857, 18.058253962648923], [-16.02070591002571, 18.058289911582392], [-16.02074390997602, 18.05832586050747], [-16.020744327425213, 18.058398157652086], [-16.020782327407396, 18.058434106567667], [-16.020820327405026, 18.05847005547486], [-16.020820744889033, 18.05854235261667], [-16.02085874491854, 18.058578301514366], [-16.020896744963494, 18.058614250403668], [-16.020897162482314, 18.05868654754268], [-16.020897580003087, 18.058758844681144], [-16.02093558009635, 18.05879479355981], [-16.02097358020506, 18.058830742430107], [-16.020973997760645, 18.058903039565763], [-16.021011997901233, 18.058938988426547], [-16.02104999805727, 18.05897493727896], [-16.02105041564767, 18.059047234411814], [-16.021050833240032, 18.059119531544106], [-16.021088833444374, 18.05915548038588], [-16.02112683366417, 18.059191429219272], [-16.02112725129134, 18.059263726348764], [-16.021165251543014, 18.059299675172653], [-16.021180410137887, 18.059314015430665], [-16.020037689080226, 18.061231593872595]]]}}, {"type": "Feature", "properties": {"hex_id": 133, "utci_present": 34.01, "utci_2050": 38.25, "utci_2090": 41.53, "utci": 34.01}, "geometry": {"type": "Polygon", "coordinates": [[[-16.01199619609406, 18.058614321308838], [-16.01520665724892, 18.05859747888418], [-16.01682718491462, 18.061248518944588], [-16.015237208409165, 18.063916443332925], [-16.012026650680422, 18.06393329105057], [-16.010406166042117, 18.061282209086748], [-16.01199619609406, 18.058614321308838]]]}}, {"type": "Feature", "properties": {"hex_id": 95, "utci_present": 33.98, "utci_2050": 38.22, "utci_2090": 41.49, "utci": 33.98}, "geometry": {"type": "Polygon", "coordinates": [[[-16.01682718491462, 18.061248518944588], [-16.020037689080226, 18.061231593872595], [-16.021658313319072, 18.06388258787079], [-16.020068390393405, 18.066550548862683], [-16.016857789638, 18.066567479252956], [-16.015237208409165, 18.063916443332925], [-16.01682718491462, 18.061248518944588]]]}}, {"type": "Feature", "properties": {"hex_id": 173, "utci_present": 35.05, "utci_2050": 39.57, "utci_2090": 43.13, "utci": 35.05}, "geometry": {"type": "Polygon", "coordinates": [[[-16.007195651357417, 18.061298974156404], [-16.010406166042117, 18.061282209086748], [-16.012026650680422, 18.06393329105057], [-16.010436577584432, 18.066601179981408], [-16.007225966308475, 18.06661795031907], [-16.005605524730864, 18.063966826457747], [-16.007195651357417, 18.061298974156404]]]}}, {"type": "Feature", "properties": {"hex_id": 134, "utci_present": 33.98, "utci_2050": 38.21, "utci_2090": 41.49, "utci": 33.98}, "geometry": {"type": "Polygon", "coordinates": [[[-16.012026650680422, 18.06393329105057], [-16.015237208409165, 18.063916443332925], [-16.016857789638, 18.066567479252956], [-16.015267770105886, 18.06923540480643], [-16.01205711576996, 18.069252257817382], [-16.010436577584432, 18.066601179981408], [-16.012026650680422, 18.06393329105057]]]}}, {"type": "Feature", "properties": {"hex_id": 174, "utci_present": 35.15, "utci_2050": 39.74, "utci_2090": 43.37, "utci": 35.15}, "geometry": {"type": "Polygon", "coordinates": [[[-16.007225966308475, 18.06661795031907], [-16.010436577584432, 18.066601179981408], [-16.01205711576996, 18.069252257817382], [-16.010466999614007, 18.07192014790091], [-16.007256291713478, 18.07193692350689], [-16.00563579660457, 18.06928580376088], [-16.007225966308475, 18.06661795031907]]]}}, {"type": "Feature", "properties": {"hex_id": 289, "utci_present": 35.28, "utci_2050": 39.92, "utci_2090": 43.61, "utci": 35.28}, "geometry": {"type": "Polygon", "coordinates": [[[-15.992733356041386, 18.0587142560048], [-15.995943838033178, 18.058697733539113], [-15.997564086442736, 18.06134894935663], [-15.995973809742855, 18.064016729494433], [-15.99276323117428, 18.064033257152573], [-15.99114302589347, 18.061381999480325], [-15.992733356041386, 18.0587142560048]]]}}, {"type": "Feature", "properties": {"hex_id": 251, "utci_present": 35.3, "utci_2050": 39.99, "utci_2090": 43.74, "utci": 35.3}, "geometry": {"type": "Polygon", "coordinates": [[[-15.997564086442736, 18.06134894935663], [-16.000774611546625, 18.061332344291596], [-16.00239495653225, 18.063983514146774], [-16.000804733313704, 18.06665133094], [-15.9975941116171, 18.066667941222768], [-15.995973809742855, 18.064016729494433], [-15.997564086442736, 18.06134894935663]]]}}, {"type": "Feature", "properties": {"hex_id": 212, "utci_present": 35.3, "utci_2050": 39.97, "utci_2090": 43.68, "utci": 35.3}, "geometry": {"type": "Polygon", "coordinates": [[[-16.00239495653225, 18.063983514146774], [-16.005605524730864, 18.063966826457747], [-16.007225966308475, 18.06661795031907], [-16.00563579660457, 18.06928580376088], [-16.002425131797317, 18.069302496692924], [-16.000804733313704, 18.06665133094], [-16.00239495653225, 18.063983514146774]]]}}, {"type": "Feature", "properties": {"hex_id": 290, "utci_present": 35.21, "utci_2050": 39.8, "utci_2090": 43.44, "utci": 35.21}, "geometry": {"type": "Polygon", "coordinates": [[[-15.99276323117428, 18.064033257152573], [-15.995973809742855, 18.064016729494433], [-15.9975941116171, 18.066667941222768], [-15.99600379178919, 18.06933572247636], [-15.992793116610526, 18.069352255327242], [-15.991172857880962, 18.06670100173165], [-15.99276323117428, 18.064033257152573]]]}}, {"type": "Feature", "properties": {"hex_id": 252, "utci_present": 35.29, "utci_2050": 39.96, "utci_2090": 43.68, "utci": 35.29}, "geometry": {"type": "Polygon", "coordinates": [[[-15.9975941116171, 18.066667941222768], [-16.000804733313704, 18.06665133094], [-16.002425131797317, 18.069302496692924], [-16.000834865468118, 18.07197031461417], [-15.997624147145494, 18.071986930114974], [-15.99600379178919, 18.06933572247636], [-15.9975941116171, 18.066667941222768]]]}}, {"type": "Feature", "properties": {"hex_id": 213, "utci_present": 35.29, "utci_2050": 39.99, "utci_2090": 43.73, "utci": 35.29}, "geometry": {"type": "Polygon", "coordinates": [[[-16.002425131797317, 18.069302496692924], [-16.00563579660457, 18.06928580376088], [-16.007256291713478, 18.07193692350689], [-16.005666078916303, 18.074604778088943], [-16.0024553174671, 18.07462147626432], [-16.000834865468118, 18.07197031461417], [-16.002425131797317, 18.069302496692924]]]}}, {"type": "Feature", "properties": {"hex_id": 291, "utci_present": 35.27, "utci_2050": 39.94, "utci_2090": 43.65, "utci": 35.27}, "geometry": {"type": "Polygon", "coordinates": [[[-15.992793116610526, 18.069352255327242], [-15.99600379178919, 18.06933572247636], [-15.997624147145494, 18.071986930114974], [-15.996033784173623, 18.07465471248413], [-15.992823012351563, 18.07467125052806], [-15.991202700155876, 18.072020001009655], [-15.992793116610526, 18.069352255327242]]]}}, {"type": "Feature", "properties": {"hex_id": 253, "utci_present": 35.31, "utci_2050": 39.96, "utci_2090": 43.65, "utci": 35.31}, "geometry": {"type": "Polygon", "coordinates": [[[-15.997624147145494, 18.071986930114974], [-16.000834865468118, 18.07197031461417], [-16.0024553174671, 18.07462147626432], [-16.00086500801132, 18.07728929531335], [-15.997654193029364, 18.077305916032497], [-15.996033784173623, 18.07465471248413], [-15.997624147145494, 18.071986930114974]]]}}, {"type": "Feature", "properties": {"hex_id": 214, "utci_present": 35.27, "utci_2050": 39.86, "utci_2090": 43.49, "utci": 35.27}, "geometry": {"type": "Polygon", "coordinates": [[[-16.0024553174671, 18.07462147626432], [-16.005666078916303, 18.074604778088943], [-16.007286627573887, 18.07725589371911], [-16.005696371667515, 18.079923749441175], [-16.002485513543046, 18.07994045286018], [-16.00086500801132, 18.07728929531335], [-16.0024553174671, 18.07462147626432]]]}}, {"type": "Feature", "properties": {"hex_id": 292, "utci_present": 35.29, "utci_2050": 39.98, "utci_2090": 43.72, "utci": 35.29}, "geometry": {"type": "Polygon", "coordinates": [[[-15.992823012351563, 18.07467125052806], [-15.996033784173623, 18.07465471248413], [-15.997654193029364, 18.077305916032497], [-15.996063786897597, 18.079973699516973], [-15.992852918398828, 18.079990242754253], [-15.991232552719639, 18.077338997313568], [-15.992823012351563, 18.07467125052806]]]}}, {"type": "Feature", "properties": {"hex_id": 56, "utci_present": 33.88, "utci_2050": 38.1, "utci_2090": 41.35, "utci": 33.88}, "geometry": {"type": "Polygon", "coordinates": [[[-16.02168906822869, 18.069201538707432], [-16.020068390393405, 18.066550548862683], [-16.021658313319076, 18.06388258787079], [-16.022741232907595, 18.063876857111786], [-16.022741264660223, 18.063882343746105], [-16.022779266267438, 18.063918292169436], [-16.02281726789011, 18.063954240584376], [-16.022817686326498, 18.064026537640014], [-16.022818104764845, 18.06409883469511], [-16.02281852320515, 18.06417113174964], [-16.022856524892582, 18.064207080152823], [-16.02289452659547, 18.064243028547608], [-16.022894945070608, 18.064315325599342], [-16.02289536354771, 18.064387622650518], [-16.022933365298922, 18.06442357103466], [-16.022971367065583, 18.064459519410423], [-16.02297178557752, 18.0645318164588], [-16.022972204091413, 18.064604113506622], [-16.022972622607274, 18.06467641055389], [-16.023010624438697, 18.064712358917877], [-16.02304862628558, 18.06474830727349], [-16.02304904483627, 18.064820604317948], [-16.023049463388922, 18.064892901361866], [-16.023049881943535, 18.064965198405222], [-16.02308788385518, 18.06500114674906], [-16.02312588578228, 18.06503709508451], [-16.02312630437173, 18.06510939212506], [-16.02312672296314, 18.065181689165065], [-16.02312714155651, 18.06525398620452], [-16.023165143548376, 18.0652899345282], [-16.023203145555698, 18.065325882843485], [-16.023203564183905, 18.06539817988013], [-16.023203982814074, 18.065470476916225], [-16.023204401446204, 18.065542773951766], [-16.023242403518292, 18.065578722255292], [-16.023280405605835, 18.06561467055042], [-16.023280824272803, 18.065686967583165], [-16.02328124294173, 18.065759264615355], [-16.02328166161262, 18.06583156164698], [-16.023319663764934, 18.065867509930346], [-16.0233576659327, 18.06590345820531], [-16.023358084638428, 18.065975755234152], [-16.023358503346117, 18.066048052262413], [-16.02335892205577, 18.066120349290145], [-16.023396924288306, 18.066156297553345], [-16.0234349265363, 18.06619224580816], [-16.02343534528079, 18.066264542833075], [-16.02343576402724, 18.066336839857435], [-16.023436182775658, 18.066409136881255], [-16.02347418508842, 18.066445085124293], [-16.02351218741664, 18.066481033358944], [-16.023512606199894, 18.06655333037996], [-16.02351302498511, 18.066625627400413], [-16.023513443772288, 18.066697924420314], [-16.023551446165282, 18.0667338726432], [-16.02358944857373, 18.066769820857694], [-16.023589867395746, 18.066842117874792], [-16.02359028621973, 18.066914414891343], [-16.023590705045674, 18.066986711907337], [-16.023628707518895, 18.067022660110055], [-16.023666710007575, 18.067058608304382], [-16.02366712886836, 18.067130905317576], [-16.023667547731105, 18.0672032023302], [-16.023667966595816, 18.0672754993423], [-16.023668385462493, 18.067347796353832], [-16.023706388032384, 18.06738374453526], [-16.023744390617733, 18.067419692708302], [-16.02374480951925, 18.06749198971702], [-16.023745228422733, 18.067564286725204], [-16.02374564732817, 18.06763658373283], [-16.023783649978295, 18.06767253189409], [-16.023821652643882, 18.06770848004697], [-16.023822071584167, 18.067780777051794], [-16.023822490526413, 18.067853074056057], [-16.02382290947062, 18.067925371059772], [-16.023860912200984, 18.06796131920087], [-16.023898914946805, 18.06799726733359], [-16.02389933392586, 18.068069564334493], [-16.023899752906875, 18.068141861334848], [-16.023900171889856, 18.068214158334648], [-16.0239005908748, 18.068286455333908], [-16.02393859370184, 18.06832240345371], [-16.023976596544337, 18.06835835156513], [-16.023977015564128, 18.06843064856158], [-16.023977434585877, 18.068502945557473], [-16.023977853609598, 18.068575242552814], [-16.024015856516872, 18.068611190652458], [-16.02405385943961, 18.068647138743707], [-16.02405427849817, 18.068719435736245], [-16.024054697558693, 18.068791732728236], [-16.02405511662118, 18.068864029719663], [-16.024055535685633, 18.06893632671055], [-16.024093538689595, 18.068972274788905], [-16.024131541709018, 18.06900822285886], [-16.024131960808315, 18.069080519846928], [-16.024132379909577, 18.069152816834453], [-16.024132587316714, 18.06918859543951], [-16.02168906822869, 18.069201538707432]]]}}, {"type": "Feature", "properties": {"hex_id": 96, "utci_present": 33.96, "utci_2050": 38.2, "utci_2090": 41.47, "utci": 33.96}, "geometry": {"type": "Polygon", "coordinates": [[[-16.016857789638, 18.066567479252956], [-16.020068390393405, 18.066550548862683], [-16.02168906822869, 18.069201538707432], [-16.02009910229375, 18.07186950087669], [-16.016888404915246, 18.071886436585558], [-16.015267770105886, 18.06923540480643], [-16.016857789638, 18.066567479252956]]]}}, {"type": "Feature", "properties": {"hex_id": 57, "utci_present": 33.89, "utci_2050": 38.11, "utci_2090": 41.36, "utci": 33.89}, "geometry": {"type": "Polygon", "coordinates": [[[-16.024930574146552, 18.07450346813603], [-16.02171983374286, 18.074520486567465], [-16.02009910229375, 18.07186950087669], [-16.02168906822869, 18.069201538707432], [-16.024132587316714, 18.06918859543951], [-16.024132799012804, 18.069225113821425], [-16.024170802097007, 18.06926106187961], [-16.024208805196672, 18.069297009929397], [-16.024209224334744, 18.069369306913558], [-16.024209643474784, 18.069441603897175], [-16.024210062616785, 18.069513900880235], [-16.024210481760747, 18.069586197862744], [-16.02424848494164, 18.069622145899626], [-16.024286488137992, 18.06965809392813], [-16.02428690731681, 18.069730390907825], [-16.024287326497582, 18.069802687886977], [-16.024287745680322, 18.069874984865574], [-16.02428816486503, 18.069947281843625], [-16.02432616814261, 18.069983229859215], [-16.024364171435654, 18.070019177866413], [-16.02436459065521, 18.070091474841647], [-16.024365009876725, 18.07016377181634], [-16.024365429100218, 18.070236068790475], [-16.024403432458044, 18.0702720167859], [-16.024441435831335, 18.07030796477293], [-16.024441855089666, 18.070380261744255], [-16.024442274349965, 18.070452558715036], [-16.02444269361223, 18.070524855685257], [-16.024443112876458, 18.07059715265493], [-16.02448111633098, 18.070633100629053], [-16.024519119800967, 18.070669048594795], [-16.024519539100044, 18.07074134556165], [-16.02451995840109, 18.070813642527966], [-16.024520377704096, 18.070885939493724], [-16.02452079700907, 18.070958236458935], [-16.024558800560293, 18.070994184411763], [-16.024596804126972, 18.0710301323562], [-16.0245972234668, 18.0711024293186], [-16.024597642808587, 18.071174726280447], [-16.024598062152343, 18.071247023241757], [-16.024598481498064, 18.071319320202498], [-16.024636485145983, 18.071355268134027], [-16.024674488809364, 18.071391216057158], [-16.024674908189937, 18.071463513015093], [-16.024675327572474, 18.071535809972488], [-16.024675746956976, 18.07160810692932], [-16.024676166343443, 18.071680403885615], [-16.024714170088064, 18.07171635179582], [-16.02475217384815, 18.071752299697664], [-16.024752593269472, 18.071824596651147], [-16.02475301269276, 18.071896893604066], [-16.024753432118015, 18.071969190556445], [-16.02475385154523, 18.07204148750827], [-16.024754270974412, 18.07211378445954], [-16.024792274832183, 18.072149732347334], [-16.024830278705416, 18.07218568022673], [-16.024830698169456, 18.072257977175198], [-16.02483111763546, 18.072330274123114], [-16.024831537103427, 18.07240257107047], [-16.024831956573365, 18.07247486801728], [-16.02486996052784, 18.072510815883767], [-16.024907964497782, 18.072546763741865], [-16.024908384002572, 18.072619060685863], [-16.024908803509327, 18.072691357629317], [-16.024909223018053, 18.072763654572213], [-16.02490964252874, 18.072835951514563], [-16.024910062041393, 18.07290824845636], [-16.024948066109026, 18.072944196300416], [-16.02498607019212, 18.072980144136075], [-16.024986489739632, 18.073052441075056], [-16.024986909289108, 18.07312473801349], [-16.024987328840552, 18.073197034951384], [-16.02498774839396, 18.07326933188871], [-16.024988167949335, 18.073341628825506], [-16.025026172130126, 18.073377576647115], [-16.02506417632638, 18.073413524460346], [-16.025064595916614, 18.07348582139431], [-16.02506501550881, 18.073558118327735], [-16.025065435102977, 18.07363041526062], [-16.02506585469911, 18.073702712192937], [-16.025066274297206, 18.073775009124702], [-16.025104278591158, 18.073810956923882], [-16.025142282900575, 18.073846904714678], [-16.025142702533532, 18.07391920164364], [-16.025143122168455, 18.07399149857205], [-16.025143541805345, 18.074063795499903], [-16.025143961444197, 18.074136092427214], [-16.025144014905077, 18.074145302839774], [-16.024930574146552, 18.07450346813603]]]}}, {"type": "Feature", "properties": {"hex_id": 19, "utci_present": 33.9, "utci_2050": 38.12, "utci_2090": 41.38, "utci": 33.9}, "geometry": {"type": "Polygon", "coordinates": [[[-16.024930574146552, 18.07450346813603], [-16.025144014905077, 18.074145302839774], [-16.02514438108502, 18.074208389353966], [-16.02518238549214, 18.074244337130708], [-16.02522038991472, 18.074280284899054], [-16.025220809590405, 18.074352581823], [-16.025221229268052, 18.0744248787464], [-16.025221648947667, 18.074497175669244], [-16.02522206862925, 18.074569472591545], [-16.025222488312803, 18.07464176951329], [-16.025222907998316, 18.074714066434485], [-16.025260912535046, 18.074750014187654], [-16.025298917087248, 18.07478596193243], [-16.02529933680762, 18.074858258850817], [-16.025299756529964, 18.074930555768642], [-16.025300176254277, 18.07500285268593], [-16.02530059598055, 18.075075149602657], [-16.025300792421497, 18.075108986001663], [-16.024930574146552, 18.07450346813603]]]}}, {"type": "Feature", "properties": {"hex_id": 97, "utci_present": 34.01, "utci_2050": 38.25, "utci_2090": 41.54, "utci": 34.01}, "geometry": {"type": "Polygon", "coordinates": [[[-16.016888404915246, 18.071886436585558], [-16.02009910229375, 18.07186950087669], [-16.02171983374286, 18.074520486567465], [-16.02012982478274, 18.077188449913876], [-16.01691903074782, 18.077205390941636], [-16.01529834234055, 18.07455436330396], [-16.016888404915246, 18.071886436585558]]]}}, {"type": "Feature", "properties": {"hex_id": 58, "utci_present": 33.72, "utci_2050": 37.88, "utci_2090": 41.08, "utci": 33.72}, "geometry": {"type": "Polygon", "coordinates": [[[-16.024961446939095, 18.079822407674502], [-16.02175060986308, 18.07983943145013], [-16.02012982478274, 18.077188449913876], [-16.02171983374286, 18.074520486567465], [-16.024930574146552, 18.07450346813603], [-16.025300792421497, 18.075108986001663], [-16.025301015708795, 18.075147446518837], [-16.025301435439, 18.075219743434467], [-16.02533944010536, 18.07525569116407], [-16.02537744478718, 18.075291638885282], [-16.02537786455225, 18.07536393579808], [-16.02537828431929, 18.07543623271036], [-16.025378704088297, 18.075508529622066], [-16.025379123859267, 18.07558082653324], [-16.02537954363221, 18.07565312344385], [-16.025379963407115, 18.07572542035392], [-16.025380383183986, 18.075797717263434], [-16.025418387996417, 18.075833664968332], [-16.025456392824314, 18.07586961266483], [-16.025456812636055, 18.07594190957154], [-16.025457232449757, 18.076014206477684], [-16.025457652265427, 18.07608650338328], [-16.02545807208307, 18.076158800288344], [-16.025458491902672, 18.076231097192835], [-16.025458911724243, 18.07630339409679], [-16.02545933154778, 18.076375691000187], [-16.025459751373283, 18.076447987903045], [-16.025497756348248, 18.076483935582107], [-16.02553576133868, 18.076519883252768], [-16.02553618119905, 18.0765921801528], [-16.02553660106139, 18.076664477052287], [-16.025537020925693, 18.07673677395122], [-16.025537440791968, 18.07680907084961], [-16.025537860660204, 18.07688136774744], [-16.025538280530412, 18.076953664644734], [-16.02553870040259, 18.07702596154146], [-16.025539120276726, 18.07709825843765], [-16.02557712541423, 18.077134206090868], [-16.0256151305672, 18.077170153735697], [-16.02561555047621, 18.077242450629075], [-16.025615970387186, 18.077314747521882], [-16.02561639030013, 18.077387044414166], [-16.025616810215038, 18.077459341305882], [-16.025617230131918, 18.077531638197048], [-16.02561765005076, 18.077603935087666], [-16.02561806997157, 18.077676231977737], [-16.025618489894352, 18.07774852886725], [-16.025618909819098, 18.077820825756227], [-16.025619329745812, 18.077893122644642], [-16.025657335078762, 18.07792907026975], [-16.025695340427184, 18.077965017886477], [-16.025695760388768, 18.078037314772082], [-16.02569618035232, 18.078109611657137], [-16.025696600317836, 18.078181908541634], [-16.02569702028532, 18.07825420542559], [-16.025697440254774, 18.078326502308993], [-16.025697860226195, 18.07839879919184], [-16.02569828019958, 18.07847109607415], [-16.025698700174935, 18.078543392955908], [-16.025698941164094, 18.07858487801036], [-16.024961446939095, 18.079822407674502]]]}}, {"type": "Feature", "properties": {"hex_id": 20, "utci_present": 33.9, "utci_2050": 38.13, "utci_2090": 41.38, "utci": 33.9}, "geometry": {"type": "MultiPolygon", "coordinates": [[[[-16.024961446939095, 18.079822407674502], [-16.025698941164094, 18.07858487801036], [-16.025699120152257, 18.078615689837097], [-16.025699540131548, 18.078687986717757], [-16.025737545659958, 18.07872393431477], [-16.02577555120384, 18.07875988190339], [-16.025775971218003, 18.078832178781223], [-16.025776391234132, 18.07890447565851], [-16.02577681125223, 18.078976772535245], [-16.0257772312723, 18.07904906941143], [-16.025777651294327, 18.079121366287062], [-16.025778071318324, 18.079193663162147], [-16.025778491344294, 18.079265960036683], [-16.025778911372225, 18.07933825691066], [-16.025779331402127, 18.0794105537841], [-16.025779751433998, 18.079482850656987], [-16.02581775715788, 18.07951879822589], [-16.025855762897233, 18.079554745786396], [-16.025856182963977, 18.079627042656462], [-16.02585660303269, 18.079699339525988], [-16.025857023103367, 18.07977163639496], [-16.025857443176015, 18.079843933263376], [-16.025857863250632, 18.07991623013124], [-16.02585828332721, 18.079988526998566], [-16.025858703405763, 18.080060823865324], [-16.025859123486278, 18.080133120731546], [-16.025859543568764, 18.080205417597217], [-16.025897549471676, 18.08024136513915], [-16.025935555390056, 18.080277312672678], [-16.025935975507416, 18.080349609535528], [-16.025936395626744, 18.080421906397827], [-16.025936815748043, 18.08049420325958], [-16.025937235871307, 18.08056650012079], [-16.025937655996543, 18.080638796981432], [-16.02593807612374, 18.080711093841533], [-16.02593849625291, 18.080783390701075], [-16.025976502301948, 18.080819338218298], [-16.02601450836645, 18.080855285727115], [-16.026014928530497, 18.080927582583847], [-16.026015348696514, 18.08099987944004], [-16.026015768864497, 18.081072176295674], [-16.026016189034447, 18.081144473150758], [-16.026016609206366, 18.081216770005277], [-16.026017029380252, 18.081289066859274], [-16.026055035558965, 18.081325014352906], [-16.026093041753146, 18.081360961838136], [-16.02609346196191, 18.0814332586893], [-16.026093882172646, 18.081505555539916], [-16.02609430238535, 18.081577852389987], [-16.026094722600018, 18.081650149239504], [-16.026094873584444, 18.08167612563716], [-16.024961446939095, 18.079822407674502]]], [[[-16.026161669787854, 18.08178536924365], [-16.026171155415998, 18.08179434102245], [-16.026171193807045, 18.0818009455375], [-16.026161669787854, 18.08178536924365]]]]}}, {"type": "Feature", "properties": {"hex_id": 98, "utci_present": 34.23, "utci_2050": 38.52, "utci_2090": 41.85, "utci": 34.23}, "geometry": {"type": "Polygon", "coordinates": [[[-16.01691903074782, 18.077205390941636], [-16.02012982478274, 18.077188449913876], [-16.021750609863076, 18.07983943145013], [-16.020160557861846, 18.082507395973458], [-16.01694966713721, 18.082524342320433], [-16.01532892511463, 18.079873318824735], [-16.01691903074782, 18.077205390941636]]]}}, {"type": "Feature", "properties": {"hex_id": 59, "utci_present": 33.64, "utci_2050": 37.77, "utci_2090": 40.94, "utci": 33.64}, "geometry": {"type": "Polygon", "coordinates": [[[-16.02499233037247, 18.08514134423453], [-16.021781396590807, 18.085158373354666], [-16.020160557861846, 18.082507395973458], [-16.02175060986308, 18.07983943145013], [-16.024961446939095, 18.079822407674502], [-16.026094873584444, 18.08167612563716], [-16.026095142816658, 18.081722446088467], [-16.026133149108592, 18.081758393559657], [-16.026161669787854, 18.08178536924365], [-16.026171193807045, 18.0818009455375], [-16.02617157566752, 18.08186663786859], [-16.026171995921004, 18.081938934714188], [-16.026172416176465, 18.082011231559243], [-16.026210422548708, 18.082047179010242], [-16.02624842893643, 18.08208312645283], [-16.026248849226768, 18.082155423295077], [-16.026249269519074, 18.082227720136757], [-16.026249689813348, 18.082300016977886], [-16.02628769626591, 18.082335964408692], [-16.026325702733946, 18.082371911831114], [-16.026326123063104, 18.082444208669433], [-16.026326543394227, 18.0825165055072], [-16.026326963727325, 18.08258880234441], [-16.026364970260204, 18.082624749755027], [-16.026402976808555, 18.082660697157262], [-16.026403397176534, 18.08273299399166], [-16.026403630957432, 18.082773200568113], [-16.02499233037247, 18.08514134423453]]]}}, {"type": "Feature", "properties": {"hex_id": 135, "utci_present": 34.1, "utci_2050": 38.33, "utci_2090": 41.59, "utci": 34.1}, "geometry": {"type": "Polygon", "coordinates": [[[-16.01205711576996, 18.069252257817382], [-16.015267770105886, 18.06923540480643], [-16.016888404915246, 18.071886436585558], [-16.01529834234055, 18.07455436330396], [-16.012087591364132, 18.074571221608508], [-16.010466999614007, 18.07192014790091], [-16.01205711576996, 18.069252257817382]]]}}, {"type": "Feature", "properties": {"hex_id": 175, "utci_present": 35.31, "utci_2050": 39.93, "utci_2090": 43.59, "utci": 35.31}, "geometry": {"type": "Polygon", "coordinates": [[[-16.007256291713478, 18.07193692350689], [-16.010466999614007, 18.07192014790091], [-16.012087591364132, 18.074571221608508], [-16.010497432132293, 18.077239112844513], [-16.007286627573887, 18.07725589371911], [-16.005666078916303, 18.074604778088943], [-16.007256291713478, 18.07193692350689]]]}}, {"type": "Feature", "properties": {"hex_id": 136, "utci_present": 35.04, "utci_2050": 39.53, "utci_2090": 43.07, "utci": 35.04}, "geometry": {"type": "Polygon", "coordinates": [[[-16.012087591364132, 18.074571221608508], [-16.01529834234055, 18.07455436330396], [-16.01691903074782, 18.077205390941636], [-16.01532892511463, 18.079873318824735], [-16.012118077464415, 18.079890182423192], [-16.010497432132293, 18.077239112844513], [-16.012087591364132, 18.074571221608508]]]}}, {"type": "Feature", "properties": {"hex_id": 176, "utci_present": 35.12, "utci_2050": 39.62, "utci_2090": 43.16, "utci": 35.12}, "geometry": {"type": "Polygon", "coordinates": [[[-16.007286627573887, 18.07725589371911], [-16.010497432132293, 18.077239112844513], [-16.012118077464415, 18.079890182423192], [-16.010527875140763, 18.08255807481144], [-16.007316973891164, 18.08257486095496], [-16.005696371667515, 18.079923749441175], [-16.007286627573887, 18.07725589371911]]]}}, {"type": "Feature", "properties": {"hex_id": 137, "utci_present": 34.61, "utci_2050": 38.99, "utci_2090": 42.42, "utci": 34.61}, "geometry": {"type": "Polygon", "coordinates": [[[-16.012118077464415, 18.079890182423192], [-16.01532892511463, 18.079873318824735], [-16.01694966713721, 18.082524342320433], [-16.015359518429598, 18.085192271367994], [-16.012148574072263, 18.08520914026068], [-16.010527875140763, 18.08255807481144], [-16.012118077464415, 18.079890182423192]]]}}, {"type": "Feature", "properties": {"hex_id": 215, "utci_present": 34.56, "utci_2050": 38.92, "utci_2090": 42.33, "utci": 34.56}, "geometry": {"type": "Polygon", "coordinates": [[[-16.002485513543046, 18.07994045286018], [-16.005696371667515, 18.079923749441175], [-16.007316973891164, 18.08257486095496], [-16.005726674859662, 18.085242717816815], [-16.002515720026615, 18.08525942647976], [-16.00089516094475, 18.082608273036772], [-16.002485513543046, 18.07994045286018]]]}}, {"type": "Feature", "properties": {"hex_id": 177, "utci_present": 34.66, "utci_2050": 39.05, "utci_2090": 42.48, "utci": 34.66}, "geometry": {"type": "Polygon", "coordinates": [[[-16.007316973891164, 18.08257486095496], [-16.010527875140763, 18.08255807481144], [-16.012148574072263, 18.08520914026068], [-16.010558328640872, 18.087877033800936], [-16.00734733066676, 18.087893825213687], [-16.005726674859662, 18.085242717816815], [-16.007316973891164, 18.08257486095496]]]}}, {"type": "Feature", "properties": {"hex_id": 216, "utci_present": 34.84, "utci_2050": 39.27, "utci_2090": 42.74, "utci": 34.84}, "geometry": {"type": "Polygon", "coordinates": [[[-16.002515720026615, 18.08525942647976], [-16.005726674859662, 18.085242717816815], [-16.00734733066676, 18.087893825213687], [-16.0057569884942, 18.090561683215107], [-16.002545936919248, 18.09057839712229], [-16.000925324269872, 18.087927247783675], [-16.002515720026615, 18.08525942647976]]]}}, {"type": "Feature", "properties": {"hex_id": 138, "utci_present": 34.57, "utci_2050": 38.95, "utci_2090": 42.37, "utci": 34.57}, "geometry": {"type": "Polygon", "coordinates": [[[-16.012148574072263, 18.08520914026068], [-16.015359518429598, 18.085192271367994], [-16.016980314084876, 18.087843290721175], [-16.01539012228692, 18.09051122093298], [-16.012179081189146, 18.0905280951202], [-16.010558328640872, 18.087877033800936], [-16.012148574072263, 18.08520914026068]]]}}, {"type": "Feature", "properties": {"hex_id": 178, "utci_present": 34.83, "utci_2050": 39.25, "utci_2090": 42.72, "utci": 34.83}, "geometry": {"type": "Polygon", "coordinates": [[[-16.00734733066676, 18.087893825213687], [-16.010558328640872, 18.087877033800936], [-16.012179081189146, 18.0905280951202], [-16.010588792634085, 18.09319598981224], [-16.007377697902143, 18.093212786494533], [-16.0057569884942, 18.090561683215107], [-16.00734733066676, 18.087893825213687]]]}}, {"type": "Feature", "properties": {"hex_id": 254, "utci_present": 35.03, "utci_2050": 39.5, "utci_2090": 43.01, "utci": 35.03}, "geometry": {"type": "Polygon", "coordinates": [[[-15.997654193029364, 18.077305916032497], [-16.00086500801132, 18.07728929531335], [-16.002485513543046, 18.07994045286018], [-16.00089516094475, 18.082608273036772], [-15.997684249270153, 18.082624898974558], [-15.996063786897597, 18.079973699516973], [-15.997654193029364, 18.077305916032497]]]}}, {"type": "Feature", "properties": {"hex_id": 293, "utci_present": 34.35, "utci_2050": 38.69, "utci_2090": 42.06, "utci": 34.35}, "geometry": {"type": "Polygon", "coordinates": [[[-15.992852918398828, 18.079990242754253], [-15.996063786897597, 18.079973699516973], [-15.997684249270153, 18.082624898974558], [-15.996093799962551, 18.085292683574135], [-15.992882834753754, 18.08530923200507], [-15.991262415573692, 18.082657990642634], [-15.992852918398828, 18.079990242754253]]]}}, {"type": "Feature", "properties": {"hex_id": 255, "utci_present": 34.38, "utci_2050": 38.74, "utci_2090": 42.14, "utci": 34.38}, "geometry": {"type": "Polygon", "coordinates": [[[-15.997684249270153, 18.082624898974558], [-16.00089516094475, 18.082608273036772], [-16.002515720026615, 18.08525942647976], [-16.00092532426987, 18.087927247783675], [-15.997714315869302, 18.087943878940408], [-15.996093799962551, 18.085292683574135], [-15.997684249270153, 18.082624898974558]]]}}, {"type": "Feature", "properties": {"hex_id": 294, "utci_present": 34.49, "utci_2050": 38.88, "utci_2090": 42.32, "utci": 34.49}, "geometry": {"type": "Polygon", "coordinates": [[[-15.992882834753754, 18.08530923200507], [-15.996093799962551, 18.085292683574135], [-15.997714315869302, 18.087943878940408], [-15.996123823369933, 18.090611664654862], [-15.992912761417788, 18.090628218279754], [-15.991292288719471, 18.087976980996093], [-15.992882834753754, 18.08530923200507]]]}}, {"type": "Feature", "properties": {"hex_id": 256, "utci_present": 34.58, "utci_2050": 38.97, "utci_2090": 42.4, "utci": 34.58}, "geometry": {"type": "Polygon", "coordinates": [[[-15.997714315869302, 18.087943878940408], [-16.00092532426987, 18.087927247783675], [-16.002545936919248, 18.09057839712229], [-16.00095549798812, 18.09324621955331], [-15.997744392828261, 18.093262855929293], [-15.996123823369933, 18.090611664654862], [-15.997714315869302, 18.087943878940408]]]}}, {"type": "Feature", "properties": {"hex_id": 295, "utci_present": 35.1, "utci_2050": 39.6, "utci_2090": 43.14, "utci": 35.1}, "geometry": {"type": "Polygon", "coordinates": [[[-15.992912761417788, 18.090628218279754], [-15.996123823369933, 18.090611664654862], [-15.997744392828261, 18.093262855929293], [-15.996153857121183, 18.095930642758393], [-15.99294269839236, 18.09594720157753], [-15.991322172158405, 18.093295968373187], [-15.992912761417788, 18.090628218279754]]]}}, {"type": "Feature", "properties": {"hex_id": 257, "utci_present": 35.01, "utci_2050": 39.46, "utci_2090": 42.95, "utci": 35.01}, "geometry": {"type": "Polygon", "coordinates": [[[-15.997744392828261, 18.093262855929293], [-16.00095549798812, 18.09324621955331], [-16.002576164222404, 18.09589736478701], [-16.000985682100954, 18.098565188344914], [-15.997774480148477, 18.098581829940446], [-15.996153857121183, 18.095930642758393], [-15.997744392828261, 18.093262855929293]]]}}, {"type": "Feature", "properties": {"hex_id": 296, "utci_present": 35.01, "utci_2050": 39.47, "utci_2090": 42.99, "utci": 35.01}, "geometry": {"type": "Polygon", "coordinates": [[[-15.99294269839236, 18.09594720157753], [-15.996153857121183, 18.095930642758393], [-15.997774480148477, 18.098581829940446], [-15.99618390121774, 18.10124961788396], [-15.99297264567891, 18.10126618189766], [-15.991352065891936, 18.09861495277315], [-15.99294269839236, 18.09594720157753]]]}}, {"type": "Feature", "properties": {"hex_id": 258, "utci_present": 34.94, "utci_2050": 39.38, "utci_2090": 42.87, "utci": 34.94}, "geometry": {"type": "Polygon", "coordinates": [[[-15.997774480148477, 18.098581829940446], [-16.000985682100954, 18.098565188344914], [-16.002606401937538, 18.101216329473168], [-16.001015876609824, 18.103884154157722], [-15.99780457783139, 18.103900800973115], [-15.99618390121774, 18.10124961788396], [-15.997774480148477, 18.098581829940446]]]}}, {"type": "Feature", "properties": {"hex_id": 297, "utci_present": 35.06, "utci_2050": 39.55, "utci_2090": 43.1, "utci": 35.06}, "geometry": {"type": "Polygon", "coordinates": [[[-15.99297264567891, 18.10126618189766], [-15.99618390121774, 18.10124961788396], [-15.99780457783139, 18.103900800973115], [-15.996213955661055, 18.10656859003081], [-15.993002603278882, 18.106585159239373], [-15.991381969921498, 18.103933934195236], [-15.99297264567891, 18.10126618189766]]]}}, {"type": "Feature", "properties": {"hex_id": 99, "utci_present": 34.03, "utci_2050": 38.29, "utci_2090": 41.58, "utci": 34.03}, "geometry": {"type": "Polygon", "coordinates": [[[-16.01694966713721, 18.082524342320433], [-16.020160557861846, 18.082507395973458], [-16.021781396590807, 18.085158373354666], [-16.020191301532556, 18.087826339054686], [-16.016980314084876, 18.087843290721175], [-16.015359518429598, 18.085192271367994], [-16.01694966713721, 18.082524342320433]]]}}, {"type": "Feature", "properties": {"hex_id": 21, "utci_present": 33.75, "utci_2050": 37.95, "utci_2090": 41.18, "utci": 33.75}, "geometry": {"type": "Polygon", "coordinates": [[[-16.026613265823734, 18.087792275469745], [-16.02499233037247, 18.08514134423453], [-16.026403630957432, 18.082773200568113], [-16.02640381754648, 18.08280529082551], [-16.02644182414322, 18.08284123821708], [-16.026479830755434, 18.08287718560024], [-16.026480251160265, 18.082949482431292], [-16.026480671567068, 18.083021779261763], [-16.026518678227667, 18.083057726634266], [-16.026556684903746, 18.083093673998388], [-16.02655710534543, 18.083165970826066], [-16.02659511205344, 18.083201918180645], [-16.02663311877692, 18.08323786552684], [-16.026633539253492, 18.083310162351687], [-16.026671546008902, 18.083346109688343], [-16.026709552779792, 18.08338205701662], [-16.02670997329125, 18.083454353838658], [-16.026710393804674, 18.08352665066014], [-16.02671081432007, 18.08359894748108], [-16.026711234837435, 18.083671244301456], [-16.026711655356767, 18.083743541121287], [-16.02671207587807, 18.083815837940573], [-16.026712496401345, 18.083888134759306], [-16.026712916926584, 18.083960431577495], [-16.026713337453796, 18.084032728395123], [-16.026713757982975, 18.084105025212207], [-16.02671417851413, 18.084177322028737], [-16.026714599047246, 18.084249618844716], [-16.026715019582337, 18.08432191566015], [-16.026715440119396, 18.08439421247503], [-16.026715860658424, 18.084466509289356], [-16.026716281199423, 18.08453880610314], [-16.02671670174239, 18.084611102916366], [-16.026717122287327, 18.084683399729037], [-16.026717542834234, 18.084755696541173], [-16.026717963383113, 18.08482799335275], [-16.026718383933954, 18.08490029016378], [-16.02671880448677, 18.084972586974253], [-16.026719225041553, 18.08504488378418], [-16.026719645598305, 18.08511718059355], [-16.02672006615703, 18.085189477402373], [-16.02672048671772, 18.085261774210654], [-16.026720907280385, 18.085334071018377], [-16.026721327845017, 18.085406367825545], [-16.026721748411617, 18.085478664632173], [-16.02672216898019, 18.085550961438244], [-16.02672258955073, 18.08562325824377], [-16.02672301012324, 18.08569555504874], [-16.026723430697718, 18.085767851853163], [-16.026723851274166, 18.08584014865704], [-16.026724271852586, 18.085912445460355], [-16.026724692432975, 18.085984742263133], [-16.02672511301533, 18.08605703906534], [-16.02672553359966, 18.08612933586702], [-16.026725954185956, 18.08620163266813], [-16.02672637477422, 18.086273929468696], [-16.026726795364457, 18.08634622626872], [-16.02672721595666, 18.08641852306819], [-16.026727636550838, 18.086490819867105], [-16.026728057146983, 18.086563116665474], [-16.026728477745095, 18.086635413463284], [-16.02672889834518, 18.08670771026056], [-16.026729318947233, 18.086780007057268], [-16.026729739551254, 18.08685230385343], [-16.02673016015725, 18.086924600649045], [-16.026730580765207, 18.086996897444113], [-16.02673100137514, 18.087069194238623], [-16.02673142198704, 18.087141491032586], [-16.026731842600913, 18.087213787826], [-16.026732263216754, 18.08728608461886], [-16.026732683834563, 18.087358381411168], [-16.026733104454344, 18.087430678202928], [-16.026733525076093, 18.087502974994138], [-16.02673394569981, 18.0875752717848], [-16.0267343663255, 18.087647568574912], [-16.026734786953156, 18.087719865364466], [-16.02673520446694, 18.08779162661117], [-16.026613265823734, 18.087792275469745]]]}}, {"type": "Feature", "properties": {"hex_id": 60, "utci_present": 33.59, "utci_2050": 37.7, "utci_2090": 40.85, "utci": 33.59}, "geometry": {"type": "Polygon", "coordinates": [[[-16.021781396590807, 18.085158373354666], [-16.02499233037247, 18.08514134423453], [-16.026613265823734, 18.087792275469745], [-16.025023224448162, 18.090460277815357], [-16.021812193927538, 18.090477312280306], [-16.020191301532556, 18.087826339054686], [-16.021781396590807, 18.085158373354666]]]}}, {"type": "Feature", "properties": {"hex_id": 22, "utci_present": 33.54, "utci_2050": 37.66, "utci_2090": 40.82, "utci": 33.54}, "geometry": {"type": "Polygon", "coordinates": [[[-16.02664421359877, 18.093111204881914], [-16.025023224448162, 18.090460277815357], [-16.026613265823734, 18.087792275469745], [-16.02673520446694, 18.08779162661117], [-16.026735207582785, 18.087792162153484], [-16.026735628214382, 18.08786445894193], [-16.02673604884795, 18.087936755729846], [-16.026736469483485, 18.088009052517208], [-16.026736890120993, 18.088081349304005], [-16.026737310760467, 18.08815364609026], [-16.026737731401912, 18.08822594287597], [-16.02673815204533, 18.088298239661118], [-16.026738572690714, 18.08837053644572], [-16.026738993338068, 18.08844283322977], [-16.026739413987396, 18.08851513001328], [-16.026739834638686, 18.08858742679623], [-16.02674025529195, 18.088659723578633], [-16.026740675947185, 18.088732020360492], [-16.026741096604386, 18.08880431714179], [-16.02674151726356, 18.08887661392254], [-16.0267419379247, 18.088948910702733], [-16.026742358587814, 18.08902120748238], [-16.0267427792529, 18.089093504261477], [-16.02674319991995, 18.08916580104002], [-16.02674362058897, 18.089238097818026], [-16.02674404125996, 18.089310394595472], [-16.02674446193292, 18.089382691372364], [-16.02674488260785, 18.089454988148717], [-16.026745303284752, 18.089527284924504], [-16.02674572396362, 18.08959958169976], [-16.026746144644463, 18.08967187847445], [-16.02674656532727, 18.089744175248594], [-16.02674698601205, 18.089816472022186], [-16.026747406698796, 18.089888768795227], [-16.026747827387517, 18.089961065567717], [-16.026748248078206, 18.09003336233966], [-16.026748668770864, 18.090105659111043], [-16.026749089465493, 18.090177955881888], [-16.02674951016209, 18.090250252652176], [-16.026749930860657, 18.090322549421924], [-16.026750351561194, 18.09039484619111], [-16.026750772263703, 18.09046714295975], [-16.026751192968177, 18.09053943972783], [-16.026751613674623, 18.09061173649537], [-16.026752034383037, 18.090684033262356], [-16.026752455093426, 18.09075633002879], [-16.026752875805784, 18.09082862679468], [-16.026753296520106, 18.09090092356], [-16.026753717236403, 18.090973220324795], [-16.02675413795467, 18.09104551708903], [-16.026754558674902, 18.09111781385271], [-16.026754979397108, 18.09119011061584], [-16.02675540012128, 18.091262407378423], [-16.026755820847427, 18.091334704140447], [-16.02675624157554, 18.091407000901935], [-16.026756662305626, 18.091479297662858], [-16.02675708303768, 18.09155159442324], [-16.026757503771705, 18.091623891183065], [-16.026757924507695, 18.091696187942347], [-16.02675834524566, 18.091768484701078], [-16.026758765985594, 18.09184078145925], [-16.026759186727496, 18.09191307821687], [-16.02675960747137, 18.09198537497395], [-16.02676002821721, 18.092057671730466], [-16.026760448965028, 18.092129968486443], [-16.026760869714806, 18.092202265241873], [-16.02676129046656, 18.092274561996735], [-16.026761711220285, 18.09234685875106], [-16.026762131975975, 18.09241915550483], [-16.026762552733636, 18.092491452258052], [-16.02676297349327, 18.092563749010733], [-16.02676339425487, 18.092636045762838], [-16.02676381501844, 18.092708342514413], [-16.026764235783986, 18.092780639265428], [-16.0267646565515, 18.092852936015895], [-16.026765077320977, 18.09292523276582], [-16.026765498092427, 18.092997529515188], [-16.026765918865852, 18.093069826263996], [-16.02676615591631, 18.093110555819713], [-16.02664421359877, 18.093111204881914]]]}}, {"type": "Feature", "properties": {"hex_id": 100, "utci_present": 34.14, "utci_2050": 38.42, "utci_2090": 41.75, "utci": 34.14}, "geometry": {"type": "Polygon", "coordinates": [[[-16.016980314084876, 18.087843290721175], [-16.020191301532556, 18.087826339054686], [-16.021812193927538, 18.090477312280306], [-16.020222055796342, 18.093145279156797], [-16.017010971592295, 18.093162236143115], [-16.01539012228692, 18.09051122093298], [-16.016980314084876, 18.087843290721175]]]}}, {"type": "Feature", "properties": {"hex_id": 61, "utci_present": 33.5, "utci_2050": 37.59, "utci_2090": 40.71, "utci": 33.5}, "geometry": {"type": "Polygon", "coordinates": [[[-16.021812193927538, 18.090477312280306], [-16.025023224448162, 18.090460277815357], [-16.02664421359877, 18.093111204881914], [-16.02505412916766, 18.09577920841622], [-16.021843001874746, 18.095796248226296], [-16.020222055796342, 18.093145279156797], [-16.021812193927538, 18.090477312280306]]]}}, {"type": "Feature", "properties": {"hex_id": 23, "utci_present": 33.29, "utci_2050": 37.45, "utci_2090": 40.64, "utci": 33.29}, "geometry": {"type": "Polygon", "coordinates": [[[-16.02667517203502, 18.098430131313584], [-16.02505412916766, 18.09577920841622], [-16.02664421359877, 18.093111204881914], [-16.02676615591631, 18.093110555819713], [-16.02676633964124, 18.09314212301226], [-16.026766760418603, 18.093214419759974], [-16.026767181197936, 18.093286716507134], [-16.026767601979234, 18.09335901325375], [-16.026768022762507, 18.093431309999804], [-16.026768443547752, 18.093503606745326], [-16.026768864334958, 18.093575903490283], [-16.026769285124143, 18.093648200234703], [-16.02676970591529, 18.09372049697856], [-16.02677012670841, 18.093792793721864], [-16.0267705475035, 18.093865090464618], [-16.02677096830056, 18.093937387206832], [-16.02677138909959, 18.09400968394849], [-16.02677180990059, 18.094081980689598], [-16.02677223070356, 18.094154277430142], [-16.0267726515085, 18.094226574170154], [-16.02677307231541, 18.094298870909608], [-16.026773493124296, 18.094371167648518], [-16.02677391393514, 18.09444346438686], [-16.026774334747962, 18.094515761124665], [-16.02677475556275, 18.094588057861916], [-16.026775176379513, 18.094660354598616], [-16.026775597198245, 18.094732651334763], [-16.026776018018943, 18.09480494807037], [-16.026776438841615, 18.09487724480541], [-16.026776859666256, 18.09494954153991], [-16.026777280492865, 18.095021838273865], [-16.026777701321443, 18.09509413500725], [-16.026778122151995, 18.095166431740108], [-16.026778542984516, 18.0952387284724], [-16.026778963819005, 18.095311025204143], [-16.026779384655466, 18.09538332193534], [-16.026779805493895, 18.095455618665984], [-16.026780226334296, 18.095527915396065], [-16.026780647176665, 18.095600212125614], [-16.02678106802101, 18.0956725088546], [-16.026781488867318, 18.095744805583042], [-16.0267819097156, 18.09581710231092], [-16.026782330565847, 18.095889399038267], [-16.026782751418068, 18.09596169576506], [-16.02678317227226, 18.096033992491293], [-16.02678359312842, 18.09610628921698], [-16.02678401398655, 18.096178585942116], [-16.026784434846654, 18.0962508826667], [-16.026784855708723, 18.096323179390733], [-16.026785276572763, 18.096395476114218], [-16.026785697438775, 18.096467772837148], [-16.02678611830676, 18.096540069559538], [-16.026786539176708, 18.096612366281363], [-16.02678696004863, 18.09668466300264], [-16.02678738092252, 18.096756959723372], [-16.026787801798385, 18.096829256443545], [-16.026788222676217, 18.09690155316318], [-16.026788643556017, 18.09697384988226], [-16.02678906443779, 18.097046146600775], [-16.02678948532153, 18.097118443318756], [-16.02678990620724, 18.097190740036186], [-16.026790327094925, 18.09726303675306], [-16.026790747984577, 18.097335333469385], [-16.0267911688762, 18.097407630185153], [-16.026791589769793, 18.097479926900377], [-16.026792010665357, 18.09755222361505], [-16.026792431562892, 18.097624520329166], [-16.026792852462393, 18.097696817042735], [-16.026793273363868, 18.09776911375575], [-16.02679369426731, 18.09784141046822], [-16.026794115172727, 18.097913707180137], [-16.026794536080107, 18.097986003891506], [-16.026794956989466, 18.09805830060232], [-16.026795377900786, 18.098130597312586], [-16.02679579881408, 18.098202894022304], [-16.026796219729345, 18.098275190731467], [-16.02679664064658, 18.09834748744008], [-16.026797061565787, 18.09841978414814], [-16.026797118028153, 18.098429482047745], [-16.02667517203502, 18.098430131313584]]]}}, {"type": "Feature", "properties": {"hex_id": 101, "utci_present": 34.46, "utci_2050": 38.83, "utci_2090": 42.23, "utci": 34.46}, "geometry": {"type": "Polygon", "coordinates": [[[-16.017010971592295, 18.093162236143115], [-16.020222055796342, 18.093145279156797], [-16.021843001874746, 18.095796248226296], [-16.020252820654683, 18.09846421627903], [-16.017041639660942, 18.09848117858549], [-16.015420736688068, 18.095830167518937], [-16.017010971592295, 18.093162236143115]]]}}, {"type": "Feature", "properties": {"hex_id": 62, "utci_present": 34.52, "utci_2050": 38.86, "utci_2090": 42.24, "utci": 34.52}, "geometry": {"type": "Polygon", "coordinates": [[[-16.021843001874746, 18.095796248226296], [-16.02505412916766, 18.09577920841622], [-16.02667517203502, 18.098430131313584], [-16.02508504453245, 18.101098136036367], [-16.021873820433914, 18.101115181191883], [-16.020252820654683, 18.09846421627903], [-16.021843001874746, 18.095796248226296]]]}}, {"type": "Feature", "properties": {"hex_id": 24, "utci_present": 33.82, "utci_2050": 38.12, "utci_2090": 41.47, "utci": 33.82}, "geometry": {"type": "Polygon", "coordinates": [[[-16.026706141133964, 18.103749054764002], [-16.02508504453245, 18.101098136036367], [-16.02667517203502, 18.098430131313584], [-16.026797118028153, 18.098429482047745], [-16.02679748248696, 18.098492080855657], [-16.026797903410102, 18.09856437756261], [-16.02679832433522, 18.098636674269024], [-16.026798745262305, 18.098708970974887], [-16.02679916619136, 18.098781267680195], [-16.02679958712239, 18.098853564384942], [-16.026800008055385, 18.098925861089157], [-16.026800428990352, 18.098998157792817], [-16.026800849927287, 18.099070454495912], [-16.026801270866194, 18.099142751198467], [-16.026801691807073, 18.099215047900476], [-16.02680211274992, 18.09928734460193], [-16.026802533694738, 18.099359641302822], [-16.026802954641525, 18.09943193800317], [-16.026803375590283, 18.099504234702977], [-16.026803796541014, 18.09957653140222], [-16.02680421749371, 18.099648828100918], [-16.02680463844838, 18.09972112479907], [-16.026805059405017, 18.099793421496663], [-16.026805480363628, 18.0998657181937], [-16.026805901324206, 18.09993801489021], [-16.026806322286756, 18.10001031158615], [-16.026806743251274, 18.100082608281536], [-16.026807164217768, 18.100154904976385], [-16.02680758518623, 18.100227201670677], [-16.026808006156656, 18.10029949836441], [-16.026808427129062, 18.100371795057605], [-16.026808848103435, 18.100444091750237], [-16.026809269079774, 18.10051638844233], [-16.026809690058084, 18.10058868513387], [-16.02681011103837, 18.10066098182486], [-16.02681053202062, 18.10073327851529], [-16.026810953004848, 18.10080557520518], [-16.026811373991038, 18.100877871894507], [-16.0268117949792, 18.10095016858328], [-16.026812215969336, 18.101022465271516], [-16.02681263696144, 18.101094761959207], [-16.026813057955515, 18.10116705864634], [-16.02681347895156, 18.101239355332915], [-16.026813899949577, 18.101311652018943], [-16.026814320949562, 18.10138394870442], [-16.026814741951515, 18.101456245389347], [-16.026815162955444, 18.10152854207372], [-16.02681558396134, 18.101600838757545], [-16.026816004969206, 18.101673135440816], [-16.026816425979046, 18.101745432123547], [-16.026816846990855, 18.10181772880572], [-16.02681726800463, 18.101890025487346], [-16.026817689020376, 18.10196232216841], [-16.026818110038096, 18.102034618848933], [-16.02681853105779, 18.1021069155289], [-16.02681895207945, 18.102179212208306], [-16.026819373103077, 18.102251508887186], [-16.026819794128677, 18.102323805565497], [-16.02682021515625, 18.102396102243265], [-16.02682063618579, 18.10246839892048], [-16.0268210572173, 18.102540695597146], [-16.02682147825078, 18.102612992273254], [-16.026821899286237, 18.102685288948816], [-16.026822320323657, 18.102757585623827], [-16.026822741363052, 18.10282988229829], [-16.026823162404416, 18.102902178972197], [-16.02682358344775, 18.10297447564556], [-16.026824004493054, 18.103046772318358], [-16.02682442554033, 18.103119068990623], [-16.02682484658958, 18.10319136566232], [-16.02682526764079, 18.103263662333475], [-16.026825688693975, 18.103335959004077], [-16.026826109749134, 18.103408255674132], [-16.026826530806257, 18.10348055234363], [-16.026826951865356, 18.103552849012583], [-16.026827372926427, 18.103625145680983], [-16.026827793989465, 18.10369744234883], [-16.026828090803956, 18.103748405294517], [-16.026706141133964, 18.103749054764002]]]}}, {"type": "Feature", "properties": {"hex_id": 139, "utci_present": 34.9, "utci_2050": 39.37, "utci_2090": 42.89, "utci": 34.9}, "geometry": {"type": "Polygon", "coordinates": [[[-16.012179081189146, 18.0905280951202], [-16.01539012228692, 18.09051122093298], [-16.017010971592295, 18.093162236143115], [-16.015420736688068, 18.095830167518937], [-16.012209598816526, 18.09584704700099], [-16.010588792634085, 18.09319598981224], [-16.012179081189146, 18.0905280951202]]]}}, {"type": "Feature", "properties": {"hex_id": 217, "utci_present": 34.67, "utci_2050": 39.05, "utci_2090": 42.48, "utci": 34.67}, "geometry": {"type": "Polygon", "coordinates": [[[-16.002545936919248, 18.09057839712229], [-16.0057569884942, 18.090561683215107], [-16.007377697902143, 18.093212786494533], [-16.005787312572583, 18.09588064563528], [-16.002576164222404, 18.09589736478701], [-16.00095549798812, 18.09324621955331], [-16.002545936919248, 18.09057839712229]]]}}, {"type": "Feature", "properties": {"hex_id": 179, "utci_present": 35.16, "utci_2050": 39.68, "utci_2090": 43.26, "utci": 35.16}, "geometry": {"type": "Polygon", "coordinates": [[[-16.007377697902143, 18.093212786494533], [-16.010588792634085, 18.09319598981224], [-16.012209598816526, 18.09584704700099], [-16.010619267121868, 18.098514942844595], [-16.00740807559876, 18.098531744796734], [-16.005787312572583, 18.09588064563528], [-16.007377697902143, 18.093212786494533]]]}}, {"type": "Feature", "properties": {"hex_id": 140, "utci_present": 35.19, "utci_2050": 39.74, "utci_2090": 43.35, "utci": 35.19}, "geometry": {"type": "Polygon", "coordinates": [[[-16.012209598816526, 18.09584704700099], [-16.015420736688068, 18.095830167518937], [-16.017041639660942, 18.09848117858549], [-16.01545136163452, 18.1011491111251], [-16.012240126955877, 18.101165995902292], [-16.010619267121868, 18.098514942844595], [-16.012209598816526, 18.09584704700099]]]}}, {"type": "Feature", "properties": {"hex_id": 218, "utci_present": 34.89, "utci_2050": 39.34, "utci_2090": 42.84, "utci": 34.89}, "geometry": {"type": "Polygon", "coordinates": [[[-16.002576164222404, 18.09589736478701], [-16.005787312572583, 18.09588064563528], [-16.00740807559876, 18.098531744796734], [-16.005817647096276, 18.10119960507658], [-16.002606401937538, 18.101216329473168], [-16.000985682100954, 18.098565188344914], [-16.002576164222404, 18.09589736478701]]]}}, {"type": "Feature", "properties": {"hex_id": 180, "utci_present": 35.07, "utci_2050": 39.57, "utci_2090": 43.12, "utci": 35.07}, "geometry": {"type": "Polygon", "coordinates": [[[-16.00740807559876, 18.098531744796734], [-16.010619267121868, 18.098514942844595], [-16.012240126955874, 18.101165995902292], [-16.01064975210569, 18.103833892897242], [-16.007438463758085, 18.103850700119533], [-16.005817647096276, 18.10119960507658], [-16.00740807559876, 18.098531744796734]]]}}, {"type": "Feature", "properties": {"hex_id": 219, "utci_present": 35.13, "utci_2050": 39.6, "utci_2090": 43.13, "utci": 35.13}, "geometry": {"type": "Polygon", "coordinates": [[[-16.002606401937538, 18.101216329473168], [-16.005817647096276, 18.10119960507658], [-16.007438463758085, 18.103850700119533], [-16.00584799206673, 18.106518561538266], [-16.002636650066094, 18.106535291180005], [-16.001015876609824, 18.103884154157722], [-16.002606401937538, 18.101216329473168]]]}}, {"type": "Feature", "properties": {"hex_id": 141, "utci_present": 34.9, "utci_2050": 39.38, "utci_2090": 42.91, "utci": 34.9}, "geometry": {"type": "Polygon", "coordinates": [[[-16.012240126955877, 18.101165995902292], [-16.01545136163452, 18.1011491111251], [-16.01707231829229, 18.103800118047538], [-16.015481997127733, 18.106468051750717], [-16.012270665608664, 18.106484941823364], [-16.01064975210569, 18.103833892897242], [-16.012240126955877, 18.101165995902292]]]}}, {"type": "Feature", "properties": {"hex_id": 181, "utci_present": 34.53, "utci_2050": 38.89, "utci_2090": 42.28, "utci": 34.53}, "geometry": {"type": "Polygon", "coordinates": [[[-16.007438463758085, 18.103850700119533], [-16.01064975210569, 18.103833892897242], [-16.012270665608664, 18.106484941823364], [-16.010680247587008, 18.109152839969422], [-16.007468862381568, 18.109169652462167], [-16.00584799206673, 18.106518561538266], [-16.007438463758085, 18.103850700119533]]]}}, {"type": "Feature", "properties": {"hex_id": 142, "utci_present": 34.2, "utci_2050": 38.49, "utci_2090": 41.82, "utci": 34.2}, "geometry": {"type": "Polygon", "coordinates": [[[-16.012270665608664, 18.106484941823364], [-16.015481997127733, 18.106468051750717], [-16.01710300748781, 18.1091190545285], [-16.015512643169195, 18.111786989395014], [-16.01230121477635, 18.111803884763425], [-16.010680247587008, 18.109152839969422], [-16.012270665608664, 18.106484941823364]]]}}, {"type": "Feature", "properties": {"hex_id": 440, "utci_present": 34.68, "utci_2050": 39.07, "utci_2090": 42.49, "utci": 34.68}, "geometry": {"type": "Polygon", "coordinates": [[[-15.97332406555835, 18.032217066619825], [-15.976534085588739, 18.032200889577123], [-15.978153787962997, 18.03485230103677], [-15.976563427167585, 18.03751993128238], [-15.97335331072402, 18.03753611341551], [-15.971733651500136, 18.03488466021247], [-15.97332406555835, 18.032217066619825]]]}}, {"type": "Feature", "properties": {"hex_id": 402, "utci_present": 34.93, "utci_2050": 39.38, "utci_2090": 42.88, "utci": 34.93}, "geometry": {"type": "Polygon", "coordinates": [[[-15.978153787962997, 18.03485230103677], [-15.981363851127115, 18.034836041569175], [-15.982983649913843, 18.037487407231627], [-15.981393342414517, 18.040155074123366], [-15.978183182821285, 18.040171338706653], [-15.976563427167585, 18.03751993128238], [-15.978153787962997, 18.03485230103677]]]}}, {"type": "Feature", "properties": {"hex_id": 480, "utci_present": 34.15, "utci_2050": 38.43, "utci_2090": 41.74, "utci": 34.15}, "geometry": {"type": "Polygon", "coordinates": [[[-15.968523578223584, 18.034900759920085], [-15.971733651500136, 18.03488466021247], [-15.97335331072402, 18.03753611341551], [-15.971762853498793, 18.040203708063487], [-15.968552683791724, 18.040219812836536], [-15.96693306775149, 18.037568317896042], [-15.968523578223584, 18.034900759920085]]]}}, {"type": "Feature", "properties": {"hex_id": 441, "utci_present": 34.83, "utci_2050": 39.23, "utci_2090": 42.67, "utci": 34.83}, "geometry": {"type": "Polygon", "coordinates": [[[-15.97335331072402, 18.03753611341551], [-15.976563427167585, 18.03751993128238], [-15.978183182821285, 18.040171338706653], [-15.976592778876206, 18.04283897001983], [-15.973382565986185, 18.04285515724367], [-15.971762853498793, 18.040203708063487], [-15.97335331072402, 18.03753611341551]]]}}, {"type": "Feature", "properties": {"hex_id": 403, "utci_present": 33.82, "utci_2050": 38.0, "utci_2090": 41.21, "utci": 33.82}, "geometry": {"type": "Polygon", "coordinates": [[[-15.978183182821285, 18.040171338706653], [-15.981393342414517, 18.040155074123366], [-15.983013194513969, 18.042806435737386], [-15.981422843882322, 18.045474103708923], [-15.978212587826697, 18.045490373408203], [-15.976592778876206, 18.04283897001983], [-15.978183182821285, 18.040171338706653]]]}}, {"type": "Feature", "properties": {"hex_id": 481, "utci_present": 35.32, "utci_2050": 39.93, "utci_2090": 43.59, "utci": 35.32}, "geometry": {"type": "Polygon", "coordinates": [[[-15.968552683791724, 18.040219812836536], [-15.971762853498793, 18.040203708063487], [-15.973382565986185, 18.04285515724367], [-15.971792065578004, 18.04552275294676], [-15.968581799407133, 18.045538862785538], [-15.966962130119338, 18.042887371855365], [-15.968552683791724, 18.040219812836536]]]}}, {"type": "Feature", "properties": {"hex_id": 442, "utci_present": 34.63, "utci_2050": 38.99, "utci_2090": 42.39, "utci": 34.63}, "geometry": {"type": "Polygon", "coordinates": [[[-15.973382565986185, 18.04285515724367], [-15.976592778876206, 18.04283897001983], [-15.978212587826697, 18.045490373408203], [-15.976622140716012, 18.048158005788714], [-15.97341183134625, 18.048174198103563], [-15.971792065578004, 18.04552275294676], [-15.973382565986185, 18.04285515724367]]]}}, {"type": "Feature", "properties": {"hex_id": 482, "utci_present": 35.38, "utci_2050": 40.05, "utci_2090": 43.77, "utci": 35.38}, "geometry": {"type": "Polygon", "coordinates": [[[-15.968581799407133, 18.045538862785538], [-15.971792065578004, 18.04552275294676], [-15.973411831346246, 18.048174198103563], [-15.971821287739173, 18.05084179486153], [-15.96861092507121, 18.05085790976633], [-15.966991202518509, 18.048206422847006], [-15.968581799407133, 18.045538862785538]]]}}, {"type": "Feature", "properties": {"hex_id": 404, "utci_present": 34.71, "utci_2050": 39.1, "utci_2090": 42.54, "utci": 34.71}, "geometry": {"type": "Polygon", "coordinates": [[[-15.978212587826697, 18.045490373408203], [-15.981422843882322, 18.045474103708923], [-15.98304274931185, 18.048125461273983], [-15.981452355531951, 18.050793130325083], [-15.978242002980641, 18.050809405140658], [-15.976622140716012, 18.048158005788714], [-15.978212587826697, 18.045490373408203]]]}}, {"type": "Feature", "properties": {"hex_id": 443, "utci_present": 34.59, "utci_2050": 38.98, "utci_2090": 42.41, "utci": 34.59}, "geometry": {"type": "Polygon", "coordinates": [[[-15.97341183134625, 18.048174198103563], [-15.976622140716012, 18.048158005788714], [-15.978242002980641, 18.050809405140658], [-15.976651512688415, 18.05347703858827], [-15.973441106805613, 18.053493235994424], [-15.971821287739177, 18.05084179486153], [-15.97341183134625, 18.048174198103563]]]}}, {"type": "Feature", "properties": {"hex_id": 363, "utci_present": 34.04, "utci_2050": 38.31, "utci_2090": 41.61, "utci": 34.04}, "geometry": {"type": "Polygon", "coordinates": [[[-15.982983649913843, 18.037487407231627], [-15.986193756194352, 18.03747106531449], [-15.987813651409478, 18.040122385148244], [-15.986223397239517, 18.042790088679272], [-15.983013194513969, 18.042806435737386], [-15.981393342414517, 18.040155074123366], [-15.982983649913843, 18.037487407231627]]]}}, {"type": "Feature", "properties": {"hex_id": 325, "utci_present": 33.7, "utci_2050": 37.88, "utci_2090": 41.09, "utci": 33.7}, "geometry": {"type": "Polygon", "coordinates": [[[-15.987813651409478, 18.040122385148244], [-15.991023800789021, 18.04010596075692], [-15.992643792448478, 18.042757234730495], [-15.991053591641165, 18.04542497489397], [-15.987843345800654, 18.045441404451555], [-15.986223397239517, 18.042790088679272], [-15.987813651409478, 18.040122385148244]]]}}, {"type": "Feature", "properties": {"hex_id": 364, "utci_present": 33.91, "utci_2050": 38.17, "utci_2090": 41.46, "utci": 33.91}, "geometry": {"type": "Polygon", "coordinates": [[[-15.983013194513969, 18.042806435737386], [-15.986223397239517, 18.042790088679272], [-15.987843345800654, 18.045441404451555], [-15.986253048515726, 18.048109109074595], [-15.98304274931185, 18.048125461273983], [-15.981422843882322, 18.045474103708923], [-15.983013194513969, 18.042806435737386]]]}}, {"type": "Feature", "properties": {"hex_id": 326, "utci_present": 34.36, "utci_2050": 38.68, "utci_2090": 42.04, "utci": 34.36}, "geometry": {"type": "Polygon", "coordinates": [[[-15.987843345800654, 18.045441404451555], [-15.991053591641165, 18.04542497489397], [-15.99267363667992, 18.048076244793005], [-15.991083392775003, 18.050743986060724], [-15.987873050440228, 18.05076042078486], [-15.986253048515726, 18.048109109074595], [-15.987843345800654, 18.045441404451555]]]}}, {"type": "Feature", "properties": {"hex_id": 365, "utci_present": 34.37, "utci_2050": 38.7, "utci_2090": 42.07, "utci": 34.37}, "geometry": {"type": "Polygon", "coordinates": [[[-15.98304274931185, 18.048125461273983], [-15.986253048515726, 18.048109109074595], [-15.987873050440228, 18.05076042078486], [-15.986282710024406, 18.0534281264997], [-15.98307231430891, 18.053444483840664], [-15.981452355531951, 18.050793130325083], [-15.98304274931185, 18.048125461273983]]]}}, {"type": "Feature", "properties": {"hex_id": 327, "utci_present": 35.27, "utci_2050": 39.89, "utci_2090": 43.55, "utci": 35.27}, "geometry": {"type": "Polygon", "coordinates": [[[-15.987873050440228, 18.05076042078486], [-15.991083392775003, 18.050743986060724], [-15.99270349121041, 18.05339525188469], [-15.99111320419196, 18.05606299425643], [-15.98790276532963, 18.05607943414743], [-15.986282710024406, 18.0534281264997], [-15.987873050440228, 18.05076042078486]]]}}, {"type": "Feature", "properties": {"hex_id": 366, "utci_present": 34.78, "utci_2050": 39.18, "utci_2090": 42.62, "utci": 34.78}, "geometry": {"type": "Polygon", "coordinates": [[[-15.98307231430891, 18.053444483840664], [-15.986282710024406, 18.0534281264997], [-15.98790276532963, 18.05607943414743], [-15.986312381766979, 18.058747140953827], [-15.98310188950657, 18.05876350343666], [-15.981481877364821, 18.056112153971085], [-15.98307231430891, 18.053444483840664]]]}}, {"type": "Feature", "properties": {"hex_id": 328, "utci_present": 35.37, "utci_2050": 40.03, "utci_2090": 43.74, "utci": 35.37}, "geometry": {"type": "Polygon", "coordinates": [[[-15.98790276532963, 18.05607943414743], [-15.99111320419196, 18.05606299425643], [-15.992733356041386, 18.0587142560048], [-15.991143025893466, 18.061381999480325], [-15.98793249047029, 18.061398444538487], [-15.986312381766979, 18.058747140953827], [-15.98790276532963, 18.05607943414743]]]}}, {"type": "Feature", "properties": {"hex_id": 367, "utci_present": 35.35, "utci_2050": 39.98, "utci_2090": 43.65, "utci": 35.35}, "geometry": {"type": "Polygon", "coordinates": [[[-15.98310188950657, 18.05876350343666], [-15.986312381766979, 18.058747140953827], [-15.98793249047029, 18.061398444538487], [-15.986342063744873, 18.06406615243621], [-15.983131474906246, 18.064082520061216], [-15.981511409382353, 18.061431174646188], [-15.98310188950657, 18.05876350343666]]]}}, {"type": "Feature", "properties": {"hex_id": 329, "utci_present": 35.34, "utci_2050": 39.98, "utci_2090": 43.67, "utci": 35.34}, "geometry": {"type": "Polygon", "coordinates": [[[-15.98793249047029, 18.061398444538487], [-15.991143025893466, 18.061381999480325], [-15.992763231174276, 18.064033257152573], [-15.991172857880962, 18.06670100173165], [-15.987962225863633, 18.066717451957274], [-15.986342063744873, 18.06406615243621], [-15.98793249047029, 18.061398444538487]]]}}, {"type": "Feature", "properties": {"hex_id": 598, "utci_present": 35.22, "utci_2050": 39.79, "utci_2090": 43.41, "utci": 35.22}, "geometry": {"type": "Polygon", "coordinates": [[[-15.95412121834911, 18.042951161728016], [-15.957331451268493, 18.042935294179294], [-15.958950980841566, 18.045586872576962], [-15.95736023422284, 18.048254360242904], [-15.954149904820923, 18.04827023278209], [-15.952530418531364, 18.045618612664736], [-15.95412121834911, 18.042951161728016]]]}}, {"type": "Feature", "properties": {"hex_id": 520, "utci_present": 35.27, "utci_2050": 39.88, "utci_2090": 43.53, "utci": 35.27}, "geometry": {"type": "Polygon", "coordinates": [[[-15.963751907164704, 18.042903399242732], [-15.966962130119338, 18.042887371855365], [-15.968581799407133, 18.045538862785538], [-15.966991202518509, 18.048206422847006], [-15.963780883082732, 18.048222455275113], [-15.962161257027816, 18.045570922600884], [-15.963751907164704, 18.042903399242732]]]}}, {"type": "Feature", "properties": {"hex_id": 560, "utci_present": 35.33, "utci_2050": 39.94, "utci_2090": 43.6, "utci": 35.33}, "geometry": {"type": "Polygon", "coordinates": [[[-15.958950980841566, 18.045586872576962], [-15.962161257027816, 18.045570922600884], [-15.963780883082729, 18.048222455275113], [-15.962190189696313, 18.050889979663438], [-15.95897981701158, 18.050905934655276], [-15.95736023422284, 18.048254360242904], [-15.958950980841566, 18.045586872576962]]]}}, {"type": "Feature", "properties": {"hex_id": 599, "utci_present": 35.31, "utci_2050": 39.92, "utci_2090": 43.58, "utci": 35.31}, "geometry": {"type": "Polygon", "coordinates": [[[-15.954149904820923, 18.04827023278209], [-15.95736023422284, 18.048254360242904], [-15.95897981701158, 18.050905934655276], [-15.95738902711003, 18.05357342333893], [-15.954178601192288, 18.053589300868882], [-15.95255906170302, 18.050937684724293], [-15.954149904820923, 18.04827023278209]]]}}, {"type": "Feature", "properties": {"hex_id": 521, "utci_present": 35.32, "utci_2050": 39.95, "utci_2090": 43.64, "utci": 35.32}, "geometry": {"type": "Polygon", "coordinates": [[[-15.963780883082732, 18.048222455275113], [-15.966991202518509, 18.048206422847006], [-15.96861092507121, 18.05085790976633], [-15.9670202849504, 18.053525470870202], [-15.963809869000187, 18.053541508339354], [-15.962190189696317, 18.050889979663438], [-15.963780883082732, 18.048222455275113]]]}}, {"type": "Feature", "properties": {"hex_id": 561, "utci_present": 35.37, "utci_2050": 40.03, "utci_2090": 43.74, "utci": 35.37}, "geometry": {"type": "Polygon", "coordinates": [[[-15.95897981701158, 18.050905934655276], [-15.962190189696313, 18.050889979663438], [-15.963809869000187, 18.053541508339354], [-15.962219132348292, 18.056209033757618], [-15.959008663131772, 18.056224993765497], [-15.95738902711003, 18.05357342333893], [-15.95897981701158, 18.050905934655276]]]}}, {"type": "Feature", "properties": {"hex_id": 600, "utci_present": 35.35, "utci_2050": 40.0, "utci_2090": 43.69, "utci": 35.35}, "geometry": {"type": "Polygon", "coordinates": [[[-15.954178601192288, 18.053589300868882], [-15.95738902711003, 18.05357342333893], [-15.959008663131772, 18.056224993765497], [-15.957417829931451, 18.05889248346663], [-15.954207307464587, 18.058908365987634], [-15.952587714758268, 18.056256753816328], [-15.954178601192288, 18.053589300868882]]]}}, {"type": "Feature", "properties": {"hex_id": 522, "utci_present": 35.29, "utci_2050": 39.9, "utci_2090": 43.57, "utci": 35.29}, "geometry": {"type": "Polygon", "coordinates": [[[-15.963809869000187, 18.053541508339354], [-15.9670202849504, 18.053525470870202], [-15.968640060785354, 18.05617695377814], [-15.967049377416412, 18.0588445159242], [-15.963838864918463, 18.058860558434667], [-15.962219132348292, 18.056209033757618], [-15.963809869000187, 18.053541508339354]]]}}, {"type": "Feature", "properties": {"hex_id": 562, "utci_present": 35.31, "utci_2050": 39.96, "utci_2090": 43.65, "utci": 35.31}, "geometry": {"type": "Polygon", "coordinates": [[[-15.959008663131772, 18.056224993765497], [-15.962219132348292, 18.056209033757618], [-15.963838864918463, 18.058860558434667], [-15.962248084985138, 18.061528084882653], [-15.959037519203541, 18.061544049906864], [-15.957417829931451, 18.05889248346663], [-15.959008663131772, 18.056224993765497]]]}}, {"type": "Feature", "properties": {"hex_id": 523, "utci_present": 35.17, "utci_2050": 39.73, "utci_2090": 43.34, "utci": 35.17}, "geometry": {"type": "Polygon", "coordinates": [[[-15.963838864918463, 18.058860558434667], [-15.967049377416412, 18.0588445159242], [-15.968669206550969, 18.06149599482023], [-15.967078479917943, 18.064163558008232], [-15.96386787083896, 18.06417960556032], [-15.962248084985138, 18.061528084882653], [-15.963838864918463, 18.058860558434667]]]}}, {"type": "Feature", "properties": {"hex_id": 405, "utci_present": 34.57, "utci_2050": 38.93, "utci_2090": 42.33, "utci": 34.57}, "geometry": {"type": "Polygon", "coordinates": [[[-15.978242002980641, 18.050809405140658], [-15.981452355531951, 18.050793130325083], [-15.98307231430891, 18.053444483840664], [-15.981481877364821, 18.056112153971085], [-15.978271428284536, 18.05612843390325], [-15.976651512688415, 18.05347703858827], [-15.978242002980641, 18.050809405140658]]]}}, {"type": "Feature", "properties": {"hex_id": 483, "utci_present": 35.21, "utci_2050": 39.77, "utci_2090": 43.38, "utci": 35.21}, "geometry": {"type": "Polygon", "coordinates": [[[-15.96861092507121, 18.05085790976633], [-15.971821287739173, 18.05084179486153], [-15.973441106805613, 18.053493235994424], [-15.971850519983706, 18.056160833807024], [-15.968640060785354, 18.05617695377814], [-15.9670202849504, 18.053525470870202], [-15.96861092507121, 18.05085790976633]]]}}, {"type": "Feature", "properties": {"hex_id": 444, "utci_present": 34.92, "utci_2050": 39.4, "utci_2090": 42.93, "utci": 34.92}, "geometry": {"type": "Polygon", "coordinates": [[[-15.973441106805613, 18.053493235994424], [-15.976651512688415, 18.05347703858827], [-15.978271428284536, 18.05612843390325], [-15.976680894794825, 18.058796068417738], [-15.973470392365694, 18.05881227091549], [-15.971850519983706, 18.056160833807024], [-15.973441106805613, 18.053493235994424]]]}}, {"type": "Feature", "properties": {"hex_id": 406, "utci_present": 35.3, "utci_2050": 39.88, "utci_2090": 43.51, "utci": 35.3}, "geometry": {"type": "Polygon", "coordinates": [[[-15.978271428284536, 18.05612843390325], [-15.981481877364821, 18.056112153971085], [-15.98310188950657, 18.05876350343666], [-15.981511409382353, 18.061431174646188], [-15.978300863739793, 18.061447459695238], [-15.976680894794825, 18.058796068417738], [-15.978271428284536, 18.05612843390325]]]}}, {"type": "Feature", "properties": {"hex_id": 484, "utci_present": 34.97, "utci_2050": 39.49, "utci_2090": 43.06, "utci": 34.97}, "geometry": {"type": "Polygon", "coordinates": [[[-15.968640060785354, 18.05617695377814], [-15.971850519983706, 18.056160833807024], [-15.973470392365694, 18.05881227091549], [-15.971879762313002, 18.061479869782502], [-15.968669206550969, 18.06149599482023], [-15.967049377416412, 18.0588445159242], [-15.968640060785354, 18.05617695377814]]]}}, {"type": "Feature", "properties": {"hex_id": 445, "utci_present": 34.78, "utci_2050": 39.17, "utci_2090": 42.62, "utci": 34.78}, "geometry": {"type": "Polygon", "coordinates": [[[-15.973470392365694, 18.05881227091549], [-15.976680894794825, 18.058796068417738], [-15.978300863739793, 18.061447459695238], [-15.976710287036655, 18.064115095276357], [-15.973499688027893, 18.06413130286601], [-15.971879762313002, 18.061479869782502], [-15.973470392365694, 18.05881227091549]]]}}, {"type": "Feature", "properties": {"hex_id": 407, "utci_present": 35.23, "utci_2050": 39.78, "utci_2090": 43.38, "utci": 35.23}, "geometry": {"type": "Polygon", "coordinates": [[[-15.978300863739793, 18.061447459695238], [-15.981511409382353, 18.061431174646188], [-15.983131474906246, 18.064082520061216], [-15.981540951585963, 18.066750192349613], [-15.978330309347827, 18.066766482515842], [-15.976710287036655, 18.064115095276357], [-15.978300863739793, 18.061447459695238]]]}}, {"type": "Feature", "properties": {"hex_id": 485, "utci_present": 34.48, "utci_2050": 38.82, "utci_2090": 42.2, "utci": 34.48}, "geometry": {"type": "Polygon", "coordinates": [[[-15.968669206550969, 18.06149599482023], [-15.971879762313002, 18.061479869782502], [-15.973499688027893, 18.06413130286601], [-15.971909014728467, 18.06679890278719], [-15.96869836236945, 18.066815032891828], [-15.967078479917943, 18.064163558008232], [-15.968669206550969, 18.06149599482023]]]}}, {"type": "Feature", "properties": {"hex_id": 446, "utci_present": 35.16, "utci_2050": 39.67, "utci_2090": 43.22, "utci": 35.16}, "geometry": {"type": "Polygon", "coordinates": [[[-15.973499688027893, 18.06413130286601], [-15.976710287036655, 18.064115095276357], [-15.978330309347827, 18.066766482515842], [-15.976739689415314, 18.069434119163375], [-15.973528993793614, 18.06945033184521], [-15.971909014728467, 18.06679890278719], [-15.973499688027893, 18.06413130286601]]]}}, {"type": "Feature", "properties": {"hex_id": 486, "utci_present": 34.97, "utci_2050": 39.5, "utci_2090": 43.07, "utci": 34.97}, "geometry": {"type": "Polygon", "coordinates": [[[-15.96869836236945, 18.066815032891828], [-15.971909014728467, 18.06679890278719], [-15.973528993793614, 18.06945033184521], [-15.971938277231512, 18.072117932820348], [-15.9687275282422, 18.072134067992177], [-15.967107592456387, 18.06948259712154], [-15.96869836236945, 18.066815032891828]]]}}, {"type": "Feature", "properties": {"hex_id": 601, "utci_present": 35.31, "utci_2050": 39.94, "utci_2090": 43.62, "utci": 35.31}, "geometry": {"type": "Polygon", "coordinates": [[[-15.954207307464587, 18.058908365987634], [-15.957417829931451, 18.05889248346663], [-15.959037519203541, 18.061544049906864], [-15.957446642688485, 18.06421154062524], [-15.954236023639197, 18.064227428137595], [-15.952616377698494, 18.061575819940096], [-15.954207307464587, 18.058908365987634]]]}}, {"type": "Feature", "properties": {"hex_id": 563, "utci_present": 35.25, "utci_2050": 39.85, "utci_2090": 43.5, "utci": 35.25}, "geometry": {"type": "Polygon", "coordinates": [[[-15.959037519203541, 18.061544049906864], [-15.962248084985138, 18.061528084882653], [-15.963867870838957, 18.06417960556032], [-15.962277047608247, 18.06684713303778], [-15.959066385228267, 18.066863103078624], [-15.957446642688485, 18.06421154062524], [-15.959037519203541, 18.061544049906864]]]}}, {"type": "Feature", "properties": {"hex_id": 524, "utci_present": 34.88, "utci_2050": 39.4, "utci_2090": 42.96, "utci": 34.88}, "geometry": {"type": "Polygon", "coordinates": [[[-15.96386787083896, 18.06417960556032], [-15.967078479917943, 18.064163558008232], [-15.96869836236945, 18.066815032891828], [-15.967107592456387, 18.06948259712154], [-15.963896886763063, 18.069498649715545], [-15.962277047608247, 18.06684713303778], [-15.96386787083896, 18.06417960556032]]]}}, {"type": "Feature", "properties": {"hex_id": 602, "utci_present": 35.26, "utci_2050": 39.92, "utci_2090": 43.63, "utci": 35.26}, "geometry": {"type": "Polygon", "coordinates": [[[-15.954236023639197, 18.064227428137595], [-15.957446642688485, 18.06421154062524], [-15.959066385228267, 18.066863103078624], [-15.957475465382517, 18.06953059481401], [-15.954264749717499, 18.06954648731799], [-15.952645050525065, 18.066894883094825], [-15.954236023639197, 18.064227428137595]]]}}, {"type": "Feature", "properties": {"hex_id": 564, "utci_present": 35.28, "utci_2050": 39.94, "utci_2090": 43.66, "utci": 35.28}, "geometry": {"type": "Polygon", "coordinates": [[[-15.959066385228267, 18.066863103078624], [-15.962277047608247, 18.06684713303778], [-15.963896886763063, 18.069498649715545], [-15.962306020219005, 18.07216617822225], [-15.959095261207334, 18.072182153280007], [-15.957475465382517, 18.06953059481401], [-15.959066385228267, 18.066863103078624]]]}}, {"type": "Feature", "properties": {"hex_id": 603, "utci_present": 35.26, "utci_2050": 39.95, "utci_2090": 43.69, "utci": 35.26}, "geometry": {"type": "Polygon", "coordinates": [[[-15.954264749717499, 18.06954648731799], [-15.957475465382517, 18.06953059481401], [-15.959095261207334, 18.072182153280007], [-15.95750429801493, 18.074849646032174], [-15.954293485700873, 18.074865543528077], [-15.952673733239365, 18.072213943279763], [-15.954264749717499, 18.06954648731799]]]}}, {"type": "Feature", "properties": {"hex_id": 525, "utci_present": 35.21, "utci_2050": 39.84, "utci_2090": 43.52, "utci": 35.21}, "geometry": {"type": "Polygon", "coordinates": [[[-15.963896886763063, 18.069498649715545], [-15.967107592456387, 18.06948259712154], [-15.9687275282422, 18.072134067992177], [-15.967136715033144, 18.07480163326337], [-15.963925912692172, 18.074817690899582], [-15.962306020219007, 18.07216617822225], [-15.963896886763063, 18.069498649715545]]]}}, {"type": "Feature", "properties": {"hex_id": 565, "utci_present": 35.26, "utci_2050": 39.96, "utci_2090": 43.71, "utci": 35.26}, "geometry": {"type": "Polygon", "coordinates": [[[-15.959095261207334, 18.072182153280007], [-15.962306020219005, 18.07216617822225], [-15.963925912692172, 18.074817690899582], [-15.96233500281881, 18.0774852204353], [-15.959124147142134, 18.077501200510266], [-15.95750429801493, 18.074849646032174], [-15.959095261207334, 18.072182153280007]]]}}, {"type": "Feature", "properties": {"hex_id": 604, "utci_present": 34.37, "utci_2050": 38.72, "utci_2090": 42.11, "utci": 34.37}, "geometry": {"type": "Polygon", "coordinates": [[[-15.954293485700873, 18.074865543528077], [-15.95750429801493, 18.074849646032174], [-15.959124147142134, 18.077501200510266], [-15.957533140587113, 18.080168694278974], [-15.9543222315907, 18.080184596767094], [-15.952702425842771, 18.07753300049416], [-15.954293485700873, 18.074865543528077]]]}}, {"type": "Feature", "properties": {"hex_id": 526, "utci_present": 34.85, "utci_2050": 39.28, "utci_2090": 42.75, "utci": 34.85}, "geometry": {"type": "Polygon", "coordinates": [[[-15.963925912692172, 18.074817690899582], [-15.967136715033144, 18.07480163326337], [-15.968756704170618, 18.077453100120522], [-15.96716584764962, 18.080120666432965], [-15.963954948627679, 18.08013672911167], [-15.962335002818813, 18.0774852204353], [-15.963925912692172, 18.074817690899582]]]}}, {"type": "Feature", "properties": {"hex_id": 368, "utci_present": 35.33, "utci_2050": 39.98, "utci_2090": 43.67, "utci": 35.33}, "geometry": {"type": "Polygon", "coordinates": [[[-15.983131474906246, 18.064082520061216], [-15.986342063744873, 18.06406615243621], [-15.987962225863633, 18.066717451957274], [-15.98637175595951, 18.069385160946098], [-15.983161070509365, 18.06940153371357], [-15.981540951585963, 18.066750192349613], [-15.983131474906246, 18.064082520061216]]]}}, {"type": "Feature", "properties": {"hex_id": 330, "utci_present": 35.35, "utci_2050": 40.08, "utci_2090": 43.86, "utci": 35.35}, "geometry": {"type": "Polygon", "coordinates": [[[-15.987962225863633, 18.066717451957274], [-15.991172857880962, 18.06670100173165], [-15.992793116610526, 18.069352255327242], [-15.991202700155872, 18.072020001009655], [-15.987991971511084, 18.07203645640303], [-15.98637175595951, 18.069385160946098], [-15.987962225863633, 18.066717451957274]]]}}, {"type": "Feature", "properties": {"hex_id": 408, "utci_present": 35.29, "utci_2050": 39.88, "utci_2090": 43.53, "utci": 35.29}, "geometry": {"type": "Polygon", "coordinates": [[[-15.978330309347827, 18.066766482515842], [-15.981540951585963, 18.066750192349613], [-15.983161070509365, 18.06940153371357], [-15.98157050397707, 18.07206920708061], [-15.978359765110053, 18.072085502364317], [-15.976739689415314, 18.069434119163375], [-15.978330309347827, 18.066766482515842]]]}}, {"type": "Feature", "properties": {"hex_id": 369, "utci_present": 35.34, "utci_2050": 40.04, "utci_2090": 43.8, "utci": 35.34}, "geometry": {"type": "Polygon", "coordinates": [[[-15.983161070509365, 18.06940153371357], [-15.98637175595951, 18.069385160946098], [-15.987991971511084, 18.07203645640303], [-15.986401458412322, 18.07470416648273], [-15.983190676317346, 18.074720544392967], [-15.98157050397707, 18.07206920708061], [-15.983161070509365, 18.06940153371357]]]}}, {"type": "Feature", "properties": {"hex_id": 331, "utci_present": 35.29, "utci_2050": 40.01, "utci_2090": 43.78, "utci": 35.29}, "geometry": {"type": "Polygon", "coordinates": [[[-15.987991971511084, 18.07203645640303], [-15.991202700155872, 18.072020001009655], [-15.992823012351563, 18.07467125052806], [-15.991232552719639, 18.077338997313568], [-15.988021727414079, 18.077355457875004], [-15.986401458412322, 18.07470416648273], [-15.987991971511084, 18.07203645640303]]]}}, {"type": "Feature", "properties": {"hex_id": 409, "utci_present": 35.31, "utci_2050": 39.95, "utci_2090": 43.64, "utci": 35.31}, "geometry": {"type": "Polygon", "coordinates": [[[-15.978359765110053, 18.072085502364317], [-15.98157050397707, 18.07206920708061], [-15.983190676317346, 18.074720544392967], [-15.981600066557096, 18.07738821883841], [-15.978389231027883, 18.077404519239902], [-15.976769101932218, 18.07475314007803], [-15.978359765110053, 18.072085502364317]]]}}, {"type": "Feature", "properties": {"hex_id": 370, "utci_present": 34.57, "utci_2050": 38.95, "utci_2090": 42.37, "utci": 34.57}, "geometry": {"type": "Polygon", "coordinates": [[[-15.983190676317346, 18.074720544392967], [-15.986401458412322, 18.07470416648273], [-15.988021727414079, 18.077355457875004], [-15.98643117110473, 18.080023169045344], [-15.983220292331614, 18.080039552098647], [-15.981600066557096, 18.07738821883841], [-15.983190676317346, 18.074720544392967]]]}}, {"type": "Feature", "properties": {"hex_id": 332, "utci_present": 34.85, "utci_2050": 39.36, "utci_2090": 42.92, "utci": 34.85}, "geometry": {"type": "Polygon", "coordinates": [[[-15.988021727414079, 18.077355457875004], [-15.991232552719639, 18.077338997313568], [-15.992852918398828, 18.079990242754253], [-15.991262415573692, 18.082657990642634], [-15.988051493574048, 18.082674456372427], [-15.98643117110473, 18.080023169045344], [-15.988021727414079, 18.077355457875004]]]}}, {"type": "Feature", "properties": {"hex_id": 410, "utci_present": 35.17, "utci_2050": 39.81, "utci_2090": 43.52, "utci": 35.17}, "geometry": {"type": "Polygon", "coordinates": [[[-15.978389231027883, 18.077404519239902], [-15.981600066557096, 18.07738821883841], [-15.983220292331614, 18.080039552098647], [-15.981629639327465, 18.082707227622272], [-15.978418707102739, 18.082723533141827], [-15.976798524588784, 18.08007215801955], [-15.978389231027883, 18.077404519239902]]]}}, {"type": "Feature", "properties": {"hex_id": 371, "utci_present": 33.75, "utci_2050": 37.93, "utci_2090": 41.18, "utci": 33.75}, "geometry": {"type": "Polygon", "coordinates": [[[-15.983220292331614, 18.080039552098647], [-15.98643117110473, 18.080023169045344], [-15.988051493574048, 18.082674456372427], [-15.986460894038169, 18.08534216863317], [-15.983249918553593, 18.085358556829846], [-15.981629639327465, 18.082707227622272], [-15.983220292331614, 18.080039552098647]]]}}, {"type": "Feature", "properties": {"hex_id": 447, "utci_present": 35.35, "utci_2050": 39.97, "utci_2090": 43.64, "utci": 35.35}, "geometry": {"type": "Polygon", "coordinates": [[[-15.973528993793614, 18.06945033184521], [-15.976739689415314, 18.069434119163375], [-15.978359765110053, 18.072085502364317], [-15.976769101932218, 18.07475314007803], [-15.973558309664273, 18.074769357852354], [-15.971938277231512, 18.072117932820348], [-15.973528993793614, 18.06945033184521]]]}}, {"type": "Feature", "properties": {"hex_id": 487, "utci_present": 35.05, "utci_2050": 39.54, "utci_2090": 43.08, "utci": 35.05}, "geometry": {"type": "Polygon", "coordinates": [[[-15.9687275282422, 18.072134067992177], [-15.971938277231512, 18.072117932820348], [-15.973558309664273, 18.074769357852354], [-15.971967549823537, 18.0774369598812], [-15.968756704170618, 18.077453100120522], [-15.967136715033144, 18.07480163326337], [-15.9687275282422, 18.072134067992177]]]}}, {"type": "Feature", "properties": {"hex_id": 448, "utci_present": 35.27, "utci_2050": 39.87, "utci_2090": 43.51, "utci": 35.27}, "geometry": {"type": "Polygon", "coordinates": [[[-15.973558309664273, 18.074769357852354], [-15.976769101932218, 18.07475314007803], [-15.978389231027883, 18.077404519239902], [-15.976798524588784, 18.08007215801955], [-15.973587635641277, 18.080088380886664], [-15.97196754982354, 18.0774369598812], [-15.973558309664273, 18.074769357852354]]]}}, {"type": "Feature", "properties": {"hex_id": 488, "utci_present": 34.75, "utci_2050": 39.1, "utci_2090": 42.5, "utci": 34.75}, "geometry": {"type": "Polygon", "coordinates": [[[-15.968756704170618, 18.077453100120522], [-15.971967549823537, 18.0774369598812], [-15.973587635641277, 18.080088380886664], [-15.971996832505955, 18.082755983968987], [-15.968785890156111, 18.0827721292761], [-15.96716584764962, 18.080120666432965], [-15.968756704170618, 18.077453100120522]]]}}, {"type": "Feature", "properties": {"hex_id": 527, "utci_present": 34.71, "utci_2050": 39.06, "utci_2090": 42.45, "utci": 34.71}, "geometry": {"type": "Polygon", "coordinates": [[[-15.963954948627679, 18.08013672911167], [-15.96716584764962, 18.080120666432965], [-15.968785890156111, 18.0827721292761], [-15.967194990307204, 18.08543969662956], [-15.96398399457098, 18.085455764351053], [-15.962363995409056, 18.08280425967617], [-15.963954948627679, 18.08013672911167]]]}}, {"type": "Feature", "properties": {"hex_id": 449, "utci_present": 34.97, "utci_2050": 39.43, "utci_2090": 42.95, "utci": 34.97}, "geometry": {"type": "Polygon", "coordinates": [[[-15.973587635641277, 18.080088380886664], [-15.976798524588784, 18.08007215801955], [-15.978418707102739, 18.082723533141827], [-15.976827957386417, 18.0853911729872], [-15.973616971726031, 18.08540740094739], [-15.971996832505955, 18.082755983968987], [-15.973587635641277, 18.080088380886664]]]}}, {"type": "Feature", "properties": {"hex_id": 489, "utci_present": 34.56, "utci_2050": 38.86, "utci_2090": 42.22, "utci": 34.56}, "geometry": {"type": "Polygon", "coordinates": [[[-15.968785890156111, 18.0827721292761], [-15.971996832505955, 18.082755983968987], [-15.973616971726031, 18.08540740094739], [-15.972026125280166, 18.088075005082963], [-15.96881508620008, 18.088091155458155], [-15.967194990307204, 18.08543969662956], [-15.968785890156111, 18.0827721292761]]]}}, {"type": "Feature", "properties": {"hex_id": 450, "utci_present": 35.02, "utci_2050": 39.52, "utci_2090": 43.08, "utci": 35.02}, "geometry": {"type": "Polygon", "coordinates": [[[-15.973616971726031, 18.08540740094739], [-15.976827957386417, 18.0853911729872], [-15.978448193336034, 18.08804254406935], [-15.976857400326539, 18.090710184980203], [-15.973646317919949, 18.090726418033764], [-15.972026125280166, 18.088075005082963], [-15.973616971726031, 18.08540740094739]]]}}, {"type": "Feature", "properties": {"hex_id": 528, "utci_present": 34.74, "utci_2050": 39.11, "utci_2090": 42.54, "utci": 34.74}, "geometry": {"type": "Polygon", "coordinates": [[[-15.96398399457098, 18.085455764351053], [-15.967194990307204, 18.08543969662956], [-15.96881508620008, 18.088091155458155], [-15.967224143007307, 18.090758723852396], [-15.964013050523473, 18.090774796616977], [-15.96239299799113, 18.088123295944097], [-15.96398399457098, 18.085455764351053]]]}}, {"type": "Feature", "properties": {"hex_id": 490, "utci_present": 33.82, "utci_2050": 37.9, "utci_2090": 41.03, "utci": 33.82}, "geometry": {"type": "Polygon", "coordinates": [[[-15.96881508620008, 18.088091155458155], [-15.972026125280166, 18.088075005082963], [-15.973646317919949, 18.090726418033764], [-15.972055428147586, 18.09339402322236], [-15.968844292303924, 18.09341017866593], [-15.967224143007307, 18.090758723852396], [-15.96881508620008, 18.088091155458155]]]}}, {"type": "Feature", "properties": {"hex_id": 566, "utci_present": 34.03, "utci_2050": 38.28, "utci_2090": 41.55, "utci": 34.03}, "geometry": {"type": "Polygon", "coordinates": [[[-15.959124147142134, 18.077501200510266], [-15.96233500281881, 18.0774852204353], [-15.963954948627679, 18.08013672911167], [-15.962363995409053, 18.08280425967617], [-15.959153043034055, 18.082820244768634], [-15.957533140587113, 18.080168694278974], [-15.959124147142134, 18.077501200510266]]]}}, {"type": "Feature", "properties": {"hex_id": 605, "utci_present": 34.17, "utci_2050": 38.46, "utci_2090": 41.78, "utci": 34.17}, "geometry": {"type": "Polygon", "coordinates": [[[-15.9543222315907, 18.080184596767094], [-15.957533140587113, 18.080168694278974], [-15.959153043034055, 18.082820244768634], [-15.957561993100448, 18.085487739553656], [-15.95435098738836, 18.085503647034276], [-15.95273112833666, 18.08285205473725], [-15.9543222315907, 18.080184596767094]]]}}, {"type": "Feature", "properties": {"hex_id": 567, "utci_present": 34.26, "utci_2050": 38.55, "utci_2090": 41.88, "utci": 34.26}, "geometry": {"type": "Polygon", "coordinates": [[[-15.959153043034055, 18.082820244768634], [-15.962363995409053, 18.08280425967617], [-15.96398399457098, 18.085455764351053], [-15.96239299799113, 18.088123295944097], [-15.959181948884488, 18.08813928605436], [-15.957561993100448, 18.085487739553656], [-15.959153043034055, 18.082820244768634]]]}}, {"type": "Feature", "properties": {"hex_id": 606, "utci_present": 33.93, "utci_2050": 38.15, "utci_2090": 41.41, "utci": 33.93}, "geometry": {"type": "Polygon", "coordinates": [[[-15.95435098738836, 18.085503647034276], [-15.957561993100448, 18.085487739553656], [-15.959181948884488, 18.08813928605436], [-15.957590855556328, 18.090806781855452], [-15.954379753095235, 18.090822694328867], [-15.952759840722415, 18.088171106008264], [-15.95435098738836, 18.085503647034276]]]}}, {"type": "Feature", "properties": {"hex_id": 568, "utci_present": 34.72, "utci_2050": 39.09, "utci_2090": 42.51, "utci": 34.72}, "geometry": {"type": "Polygon", "coordinates": [[[-15.959181948884488, 18.08813928605436], [-15.96239299799113, 18.088123295944097], [-15.964013050523473, 18.090774796616977], [-15.96242201056643, 18.093442329238336], [-15.959210864694818, 18.093458324366683], [-15.957590855556328, 18.090806781855452], [-15.959181948884488, 18.08813928605436]]]}}, {"type": "Feature", "properties": {"hex_id": 607, "utci_present": 34.33, "utci_2050": 38.64, "utci_2090": 41.98, "utci": 34.33}, "geometry": {"type": "Polygon", "coordinates": [[[-15.954379753095235, 18.090822694328867], [-15.957590855556328, 18.090806781855452], [-15.959210864694818, 18.093458324366683], [-15.957619727956134, 18.09612582118362], [-15.954408528712714, 18.09614173865011], [-15.952788563001413, 18.09349015430646], [-15.954379753095235, 18.090822694328867]]]}}, {"type": "Feature", "properties": {"hex_id": 569, "utci_present": 34.94, "utci_2050": 39.44, "utci_2090": 42.99, "utci": 34.94}, "geometry": {"type": "Polygon", "coordinates": [[[-15.959210864694818, 18.093458324366683], [-15.96242201056643, 18.093442329238336], [-15.964042116486551, 18.096093825908675], [-15.96245103313635, 18.09876135955811], [-15.959239790466436, 18.09877735970484], [-15.957619727956134, 18.09612582118362], [-15.959210864694818, 18.093458324366683]]]}}, {"type": "Feature", "properties": {"hex_id": 608, "utci_present": 34.8, "utci_2050": 39.21, "utci_2090": 42.66, "utci": 34.8}, "geometry": {"type": "Polygon", "coordinates": [[[-15.954408528712714, 18.09614173865011], [-15.957619727956134, 18.09612582118362], [-15.959239790466436, 18.09877735970484], [-15.95764861030126, 18.10144485753738], [-15.954437314242174, 18.101460779997254], [-15.952817295175036, 18.098809199631074], [-15.954408528712714, 18.09614173865011]]]}}, {"type": "Feature", "properties": {"hex_id": 570, "utci_present": 34.83, "utci_2050": 39.29, "utci_2090": 42.8, "utci": 34.83}, "geometry": {"type": "Polygon", "coordinates": [[[-15.959239790466436, 18.09877735970484], [-15.96245103313635, 18.09876135955811], [-15.964071192461617, 18.101412852225398], [-15.962480065702286, 18.104080386902684], [-15.959268726200733, 18.104096392068083], [-15.95764861030126, 18.10144485753738], [-15.959239790466436, 18.09877735970484]]]}}, {"type": "Feature", "properties": {"hex_id": 609, "utci_present": 35.14, "utci_2050": 39.78, "utci_2090": 43.46, "utci": 35.14}, "geometry": {"type": "Polygon", "coordinates": [[[-15.954437314242174, 18.101460779997254], [-15.95764861030126, 18.10144485753738], [-15.959268726200733, 18.104096392068083], [-15.95767750259309, 18.106763890915996], [-15.954466109684997, 18.106779818369535], [-15.952846037244665, 18.104128241981357], [-15.954437314242174, 18.101460779997254]]]}}, {"type": "Feature", "properties": {"hex_id": 333, "utci_present": 33.85, "utci_2050": 37.97, "utci_2090": 41.16, "utci": 33.85}, "geometry": {"type": "Polygon", "coordinates": [[[-15.988051493574048, 18.082674456372427], [-15.991262415573692, 18.082657990642634], [-15.992882834753754, 18.08530923200507], [-15.991292288719468, 18.087976980996093], [-15.988081269992419, 18.087993451894544], [-15.986460894038169, 18.08534216863317], [-15.988051493574048, 18.082674456372427]]]}}, {"type": "Feature", "properties": {"hex_id": 411, "utci_present": 35.26, "utci_2050": 39.86, "utci_2090": 43.51, "utci": 35.26}, "geometry": {"type": "Polygon", "coordinates": [[[-15.978418707102739, 18.082723533141827], [-15.981629639327465, 18.082707227622272], [-15.983249918553593, 18.085358556829846], [-15.981659222289593, 18.08802623343142], [-15.978448193336034, 18.08804254406935], [-15.976827957386417, 18.0853911729872], [-15.978418707102739, 18.082723533141827]]]}}, {"type": "Feature", "properties": {"hex_id": 372, "utci_present": 34.99, "utci_2050": 39.46, "utci_2090": 42.99, "utci": 34.99}, "geometry": {"type": "Polygon", "coordinates": [[[-15.983249918553593, 18.085358556829846], [-15.986460894038169, 18.08534216863317], [-15.988081269992419, 18.087993451894544], [-15.986490627214065, 18.09066116524547], [-15.983279554984705, 18.09067755858581], [-15.981659222289593, 18.08802623343142], [-15.983249918553593, 18.085358556829846]]]}}, {"type": "Feature", "properties": {"hex_id": 412, "utci_present": 34.91, "utci_2050": 39.36, "utci_2090": 42.87, "utci": 34.91}, "geometry": {"type": "Polygon", "coordinates": [[[-15.978448193336034, 18.08804254406935], [-15.981659222289593, 18.08802623343142], [-15.983279554984705, 18.09067755858581], [-15.981688815444903, 18.093345236265097], [-15.978477689729186, 18.0933615520217], [-15.976857400326539, 18.090710184980203], [-15.978448193336034, 18.08804254406935]]]}}, {"type": "Feature", "properties": {"hex_id": 334, "utci_present": 34.7, "utci_2050": 39.06, "utci_2090": 42.48, "utci": 34.7}, "geometry": {"type": "Polygon", "coordinates": [[[-15.988081269992419, 18.087993451894544], [-15.991292288719468, 18.087976980996093], [-15.992912761417786, 18.090628218279754], [-15.991322172158405, 18.093295968373187], [-15.988111056670624, 18.093312444440595], [-15.986490627214065, 18.09066116524547], [-15.988081269992419, 18.087993451894544]]]}}, {"type": "Feature", "properties": {"hex_id": 373, "utci_present": 33.82, "utci_2050": 37.97, "utci_2090": 41.19, "utci": 33.82}, "geometry": {"type": "Polygon", "coordinates": [[[-15.983279554984705, 18.09067755858581], [-15.986490627214065, 18.09066116524547], [-15.988111056670624, 18.093312444440595], [-15.986520370633844, 18.095980158881474], [-15.983309201626373, 18.095996557365776], [-15.981688815444903, 18.093345236265097], [-15.983279554984705, 18.09067755858581]]]}}, {"type": "Feature", "properties": {"hex_id": 413, "utci_present": 34.53, "utci_2050": 38.89, "utci_2090": 42.32, "utci": 34.53}, "geometry": {"type": "Polygon", "coordinates": [[[-15.978477689729186, 18.0933615520217], [-15.981688815444903, 18.093345236265097], [-15.983309201626373, 18.095996557365776], [-15.981718418794818, 18.098664236122552], [-15.97850719628361, 18.09868055699812], [-15.97688685341056, 18.096029193997804], [-15.978477689729186, 18.0933615520217]]]}}, {"type": "Feature", "properties": {"hex_id": 335, "utci_present": 34.46, "utci_2050": 38.79, "utci_2090": 42.16, "utci": 34.46}, "geometry": {"type": "Polygon", "coordinates": [[[-15.988111056670624, 18.093312444440595], [-15.991322172158405, 18.093295968373187], [-15.992942698392357, 18.09594720157753], [-15.991352065891933, 18.09861495277315], [-15.988140853610092, 18.098631434009818], [-15.986520370633844, 18.095980158881474], [-15.988111056670624, 18.093312444440595]]]}}, {"type": "Feature", "properties": {"hex_id": 374, "utci_present": 34.39, "utci_2050": 38.7, "utci_2090": 42.06, "utci": 34.39}, "geometry": {"type": "Polygon", "coordinates": [[[-15.983309201626373, 18.095996557365776], [-15.986520370633844, 18.095980158881474], [-15.988140853610092, 18.098631434009818], [-15.98655012429894, 18.101299149540424], [-15.983338858480028, 18.101315553168984], [-15.981718418794818, 18.098664236122552], [-15.983309201626373, 18.095996557365776]]]}}, {"type": "Feature", "properties": {"hex_id": 414, "utci_present": 35.04, "utci_2050": 39.55, "utci_2090": 43.1, "utci": 35.04}, "geometry": {"type": "Polygon", "coordinates": [[[-15.97850719628361, 18.09868055699812], [-15.981718418794818, 18.098664236122552], [-15.983338858480025, 18.101315553168984], [-15.981748032340763, 18.103983233003024], [-15.978536713000732, 18.103999558997856], [-15.976916316639903, 18.10134820003925], [-15.97850719628361, 18.09868055699812]]]}}, {"type": "Feature", "properties": {"hex_id": 529, "utci_present": 34.72, "utci_2050": 39.1, "utci_2090": 42.54, "utci": 34.72}, "geometry": {"type": "Polygon", "coordinates": [[[-15.964013050523473, 18.090774796616977], [-15.967224143007307, 18.090758723852396], [-15.968844292303924, 18.09341017866593], [-15.967253305751326, 18.09607774810072], [-15.964042116486555, 18.096093825908675], [-15.96242201056643, 18.093442329238336], [-15.964013050523473, 18.090774796616977]]]}}, {"type": "Feature", "properties": {"hex_id": 451, "utci_present": 34.51, "utci_2050": 38.87, "utci_2090": 42.29, "utci": 34.51}, "geometry": {"type": "Polygon", "coordinates": [[[-15.973646317919949, 18.090726418033764], [-15.976857400326539, 18.090710184980203], [-15.978477689729186, 18.0933615520217], [-15.97688685341056, 18.096029193997804], [-15.97367567422444, 18.096045432145036], [-15.972055428147586, 18.09339402322236], [-15.973646317919949, 18.090726418033764]]]}}, {"type": "Feature", "properties": {"hex_id": 491, "utci_present": 32.45, "utci_2050": 36.17, "utci_2090": 38.97, "utci": 32.45}, "geometry": {"type": "Polygon", "coordinates": [[[-15.968844292303924, 18.09341017866593], [-15.972055428147586, 18.09339402322236], [-15.97367567422444, 18.096045432145036], [-15.972084741109619, 18.098713038386418], [-15.968873508469054, 18.09872919889866], [-15.967253305751326, 18.09607774810072], [-15.968844292303924, 18.09341017866593]]]}}, {"type": "Feature", "properties": {"hex_id": 530, "utci_present": 32.74, "utci_2050": 36.49, "utci_2090": 39.29, "utci": 32.74}, "geometry": {"type": "Polygon", "coordinates": [[[-15.964042116486555, 18.096093825908675], [-15.967253305751326, 18.09607774810072], [-15.968873508469054, 18.09872919889866], [-15.967282478540662, 18.101396769373768], [-15.964071192461619, 18.101412852225398], [-15.96245103313635, 18.09876135955811], [-15.964042116486555, 18.096093825908675]]]}}, {"type": "Feature", "properties": {"hex_id": 452, "utci_present": 34.39, "utci_2050": 38.69, "utci_2090": 42.05, "utci": 34.39}, "geometry": {"type": "Polygon", "coordinates": [[[-15.97367567422444, 18.096045432145036], [-15.97688685341056, 18.096029193997804], [-15.97850719628361, 18.09868055699812], [-15.976916316639903, 18.10134820003925], [-15.973705040640917, 18.10136444328045], [-15.972084741109619, 18.098713038386418], [-15.97367567422444, 18.096045432145036]]]}}, {"type": "Feature", "properties": {"hex_id": 492, "utci_present": 35.12, "utci_2050": 39.68, "utci_2090": 43.29, "utci": 35.12}, "geometry": {"type": "Polygon", "coordinates": [[[-15.968873508469054, 18.09872919889866], [-15.972084741109619, 18.098713038386418], [-15.973705040640917, 18.10136444328045], [-15.972114064167673, 18.104032050574386], [-15.96890273469687, 18.1040482161556], [-15.967282478540662, 18.101396769373768], [-15.968873508469054, 18.09872919889866]]]}}, {"type": "Feature", "properties": {"hex_id": 531, "utci_present": 34.55, "utci_2050": 38.89, "utci_2090": 42.29, "utci": 34.55}, "geometry": {"type": "Polygon", "coordinates": [[[-15.964071192461619, 18.101412852225398], [-15.967282478540662, 18.101396769373768], [-15.96890273469687, 18.1040482161556], [-15.967311661376717, 18.106715787670787], [-15.964100278450065, 18.106731875566382], [-15.962480065702286, 18.104080386902684], [-15.964071192461619, 18.101412852225398]]]}}, {"type": "Feature", "properties": {"hex_id": 453, "utci_present": 35.06, "utci_2050": 39.6, "utci_2090": 43.19, "utci": 35.06}, "geometry": {"type": "Polygon", "coordinates": [[[-15.973705040640917, 18.10136444328045], [-15.976916316639903, 18.10134820003925], [-15.978536713000732, 18.103999558997856], [-15.976945790015979, 18.106667203103775], [-15.97373441717079, 18.106683451439242], [-15.972114064167673, 18.104032050574386], [-15.973705040640917, 18.10136444328045]]]}}, {"type": "Feature", "properties": {"hex_id": 493, "utci_present": 35.28, "utci_2050": 39.83, "utci_2090": 43.44, "utci": 35.28}, "geometry": {"type": "Polygon", "coordinates": [[[-15.96890273469687, 18.1040482161556], [-15.972114064167673, 18.104032050574386], [-15.973734417170787, 18.106683451439242], [-15.97214339732316, 18.109351059785496], [-15.96893197098878, 18.10936723043597], [-15.967311661376717, 18.106715787670787], [-15.96890273469687, 18.1040482161556]]]}}, {"type": "Feature", "properties": {"hex_id": 454, "utci_present": 35.09, "utci_2050": 39.61, "utci_2090": 43.17, "utci": 35.09}, "geometry": {"type": "Polygon", "coordinates": [[[-15.97373441717079, 18.106683451439242], [-15.976945790015979, 18.106667203103775], [-15.978566239881966, 18.109318558020146], [-15.976975273540205, 18.11198620319062], [-15.973763803815471, 18.11200245662065], [-15.97214339732316, 18.109351059785496], [-15.97373441717079, 18.106683451439242]]]}}, {"type": "Feature", "properties": {"hex_id": 102, "utci_present": 35.01, "utci_2050": 39.52, "utci_2090": 43.07, "utci": 35.01}, "geometry": {"type": "Polygon", "coordinates": [[[-16.017041639660942, 18.09848117858549], [-16.020252820654683, 18.09846421627903], [-16.02187382043391, 18.101115181191883], [-16.020283596109053, 18.10378315042064], [-16.01707231829229, 18.103800118047538], [-16.01545136163452, 18.1011491111251], [-16.017041639660942, 18.09848117858549]]]}}, {"type": "Feature", "properties": {"hex_id": 63, "utci_present": 34.91, "utci_2050": 39.33, "utci_2090": 42.8, "utci": 34.91}, "geometry": {"type": "Polygon", "coordinates": [[[-16.021873820433914, 18.101115181191883], [-16.02508504453245, 18.101098136036367], [-16.026706141133964, 18.103749054764002], [-16.025115970544007, 18.106417060675028], [-16.02190464960652, 18.106434111176295], [-16.020283596109053, 18.10378315042064], [-16.021873820433914, 18.101115181191883]]]}}, {"type": "Feature", "properties": {"hex_id": 25, "utci_present": 33.75, "utci_2050": 37.97, "utci_2090": 41.23, "utci": 33.75}, "geometry": {"type": "Polygon", "coordinates": [[[-16.0267371208971, 18.109067975232396], [-16.025115970544007, 18.106417060675028], [-16.026706141133964, 18.103749054764002], [-16.026828090803956, 18.103748405294517], [-16.02682821505448, 18.103769739016126], [-16.02682863612145, 18.103842035682877], [-16.026829057190405, 18.10391433234907], [-16.026829478261323, 18.103986629014717], [-16.026829899334217, 18.104058925679812], [-16.02683032040908, 18.104131222344353], [-16.026830741485913, 18.104203519008355], [-16.02683116256471, 18.10427581567179], [-16.02683158364548, 18.104348112334684], [-16.026832004728227, 18.104420408997015], [-16.02683242581294, 18.104492705658807], [-16.026832846899627, 18.10456500232004], [-16.026833267988277, 18.104637298980734], [-16.026833689078902, 18.10470959564086], [-16.0268341101715, 18.10478189230045], [-16.026834531266065, 18.104854188959486], [-16.026834952362602, 18.104926485617966], [-16.02683537346111, 18.104998782275906], [-16.02683579456159, 18.105071078933282], [-16.026836215664037, 18.105143375590103], [-16.026836636768454, 18.105215672246388], [-16.026837057874847, 18.10528796890211], [-16.026837478983207, 18.10536026555729], [-16.026837900093536, 18.105432562211913], [-16.026838321205837, 18.105504858865995], [-16.02683874232011, 18.105577155519516], [-16.02683916343635, 18.105649452172486], [-16.02683958455457, 18.105721748824905], [-16.02684000567475, 18.10579404547678], [-16.026840426796902, 18.1058663421281], [-16.026840847921026, 18.10593863877887], [-16.02684126904712, 18.106010935429087], [-16.026841690175186, 18.10608323207875], [-16.026842111305225, 18.10615552872787], [-16.026842532437232, 18.10622782537644], [-16.02684295357121, 18.106300122024443], [-16.02684337470716, 18.106372418671903], [-16.026843795845075, 18.106444715318823], [-16.026844216984962, 18.10651701196518], [-16.02684463812682, 18.106589308610996], [-16.026845059270656, 18.106661605256257], [-16.026845480416455, 18.10673390190096], [-16.026845901564226, 18.106806198545122], [-16.026846322713972, 18.106878495188724], [-16.026846743865683, 18.10695079183178], [-16.02684716501937, 18.107023088474282], [-16.026847586175023, 18.10709538511624], [-16.026848007332646, 18.107167681757627], [-16.02684842849224, 18.10723997839849], [-16.026848849653806, 18.10731227503878], [-16.026849270817344, 18.107384571678537], [-16.02684969198285, 18.107456868317733], [-16.02685011315033, 18.10752916495638], [-16.026850534319777, 18.10760146159447], [-16.0268509554912, 18.10767375823202], [-16.026851376664588, 18.10774605486901], [-16.02685179783995, 18.107818351505458], [-16.02685221901728, 18.107890648141346], [-16.02685264019658, 18.107962944776684], [-16.026853061377857, 18.10803524141147], [-16.026853482561098, 18.108107538045708], [-16.02685390374631, 18.1081798346794], [-16.0268543249335, 18.108252131312547], [-16.026854746122655, 18.10832442794512], [-16.02685516731378, 18.10839672457716], [-16.026855588506876, 18.10846902120864], [-16.026856009701945, 18.10854131783957], [-16.026856430898984, 18.108613614469952], [-16.026856852097993, 18.108685911099784], [-16.026857273298972, 18.10875820772906], [-16.026857694501924, 18.108830504357787], [-16.026858115706844, 18.108902800985963], [-16.026858536913736, 18.10897509761359], [-16.0268589581226, 18.109047394240665], [-16.02685907424521, 18.109067325559245], [-16.0267371208971, 18.109067975232396]]]}}, {"type": "Feature", "properties": {"hex_id": 103, "utci_present": 34.49, "utci_2050": 38.85, "utci_2090": 42.24, "utci": 34.49}, "geometry": {"type": "Polygon", "coordinates": [[[-16.01707231829229, 18.103800118047538], [-16.020283596109053, 18.10378315042064], [-16.02190464960652, 18.106434111176295], [-16.02031438216094, 18.109102081580836], [-16.01710300748781, 18.1091190545285], [-16.015481997127733, 18.106468051750717], [-16.01707231829229, 18.103800118047538]]]}}, {"type": "Feature", "properties": {"hex_id": 64, "utci_present": 33.99, "utci_2050": 38.22, "utci_2090": 41.48, "utci": 33.99}, "geometry": {"type": "Polygon", "coordinates": [[[-16.02190464960652, 18.106434111176295], [-16.025115970544007, 18.106417060675028], [-16.0267371208971, 18.109067975232396], [-16.025146907203833, 18.111735982331446], [-16.02193548939405, 18.11175303817877], [-16.02031438216094, 18.109102081580836], [-16.02190464960652, 18.106434111176295]]]}}, {"type": "Feature", "properties": {"hex_id": 26, "utci_present": 34.03, "utci_2050": 38.27, "utci_2090": 41.56, "utci": 34.03}, "geometry": {"type": "Polygon", "coordinates": [[[-16.026768111325904, 18.114386892718013], [-16.025146907203833, 18.111735982331446], [-16.0267371208971, 18.109067975232396], [-16.02685907424521, 18.109067325559245], [-16.026859379333434, 18.109119690867182], [-16.026859800546237, 18.10919198749315], [-16.026860221761012, 18.10926428411858], [-16.026860642977756, 18.10933658074345], [-16.026861064196474, 18.10940887736777], [-16.02686148541716, 18.109481173991536], [-16.02686190663982, 18.109553470614763], [-16.02686232786445, 18.10962576723742], [-16.02686274909105, 18.109698063859533], [-16.02686317031962, 18.109770360481107], [-16.026863591550157, 18.109842657102107], [-16.02686401278267, 18.10991495372257], [-16.026864434017156, 18.109987250342485], [-16.02686485525361, 18.110059546961843], [-16.026865276492032, 18.110131843580653], [-16.02686569773243, 18.110204140198906], [-16.026866118974795, 18.110276436816612], [-16.026866540219128, 18.110348733433767], [-16.026866961465437, 18.11042103005038], [-16.026867382713718, 18.110493326666425], [-16.026867803963963, 18.11056562328192], [-16.026868225216184, 18.110637919896877], [-16.026868646470376, 18.110710216511276], [-16.026869067726537, 18.11078251312512], [-16.02686948898467, 18.11085480973842], [-16.026869910244773, 18.110927106351163], [-16.026870331506846, 18.110999402963355], [-16.02687075277089, 18.111071699575007], [-16.026871174036906, 18.11114399618609], [-16.026871595304897, 18.11121629279664], [-16.026872016574853, 18.111288589406627], [-16.02687243784678, 18.111360886016072], [-16.02687285912068, 18.111433182624946], [-16.02687328039655, 18.111505479233294], [-16.02687370167439, 18.11157777584108], [-16.0268741229542, 18.111650072448313], [-16.026874544235984, 18.111722369054995], [-16.02687496551974, 18.111794665661126], [-16.02687538680546, 18.1118669622667], [-16.026875808093155, 18.111939258871736], [-16.026876229382825, 18.112011555476215], [-16.02687665067446, 18.112083852080143], [-16.02687707196807, 18.112156148683518], [-16.026877493263648, 18.11222844528635], [-16.026877914561197, 18.112300741888617], [-16.026878335860715, 18.11237303849034], [-16.02687875716221, 18.112445335091508], [-16.026879178465673, 18.112517631692135], [-16.026879599771107, 18.112589928292206], [-16.026880021078508, 18.11266222489171], [-16.026880442387885, 18.11273452149068], [-16.02688086369923, 18.112806818089105], [-16.02688128501255, 18.11287911468697], [-16.026881706327835, 18.112951411284286], [-16.026882127645095, 18.113023707881045], [-16.026882548964323, 18.113096004477256], [-16.026882970285527, 18.113168301072918], [-16.0268833916087, 18.113240597668025], [-16.02688381293384, 18.113312894262577], [-16.026884234260955, 18.11338519085659], [-16.026884655590038, 18.113457487450045], [-16.026885076921094, 18.113529784042946], [-16.02688549825412, 18.113602080635303], [-16.02688591958912, 18.113674377227106], [-16.026886340926087, 18.113746673818355], [-16.026886762265026, 18.113818970409053], [-16.026887183605936, 18.1138912669992], [-16.026887604948822, 18.113963563588797], [-16.026888026293673, 18.11403586017784], [-16.026888447640495, 18.11410815676634], [-16.026888868989293, 18.11418045335428], [-16.02688929034006, 18.114252749941667], [-16.026889711692792, 18.114325046528513], [-16.02689006835341, 18.114386242841192], [-16.026768111325904, 18.114386892718013]]]}}, {"type": "Feature", "properties": {"hex_id": 104, "utci_present": 33.89, "utci_2050": 38.11, "utci_2090": 41.36, "utci": 33.89}, "geometry": {"type": "Polygon", "coordinates": [[[-16.01710300748781, 18.1091190545285], [-16.02031438216094, 18.109102081580836], [-16.02193548939405, 18.11175303817877], [-16.02034517881182, 18.114421009758885], [-16.01713370724898, 18.114437988027614], [-16.015512643169195, 18.111786989395014], [-16.01710300748781, 18.1091190545285]]]}}, {"type": "Feature", "properties": {"hex_id": 65, "utci_present": 33.88, "utci_2050": 38.09, "utci_2090": 41.34, "utci": 33.88}, "geometry": {"type": "Polygon", "coordinates": [[[-16.021966339797984, 18.11707196219855], [-16.02034517881182, 18.114421009758885], [-16.02193548939405, 18.11175303817877], [-16.025146907203833, 18.111735982331446], [-16.026768111325904, 18.114386892718013], [-16.026739858849336, 18.114434293292828], [-16.026701327839227, 18.11443449859318], [-16.026663735292544, 18.1144708483034], [-16.02662614273036, 18.114507198006923], [-16.026550536339382, 18.11450760080128], [-16.02647492994644, 18.114508003565973], [-16.026399323551523, 18.114508406301006], [-16.02636173092436, 18.114544755955936], [-16.0263241382817, 18.11458110560417], [-16.02624853185183, 18.11458150828162], [-16.026172925419992, 18.114581910929424], [-16.026135332728845, 18.114618260543022], [-16.026097740022188, 18.114654610149934], [-16.026022133555404, 18.11465501274013], [-16.025984540816754, 18.114691362326383], [-16.025946948062597, 18.11472771190594], [-16.025871341560862, 18.114728114438552], [-16.02579573505716, 18.1147285169415], [-16.025758142254517, 18.114764866486425], [-16.025720549436375, 18.114801216024656], [-16.02564494289772, 18.114801618470015], [-16.02560735004758, 18.114837967987587], [-16.025569757181938, 18.114874317498444], [-16.02549415060834, 18.11487471988622], [-16.025418544032767, 18.114875122244328], [-16.02538095111864, 18.114911471720568], [-16.025343358189005, 18.114947821190103], [-16.02526775157849, 18.114948223490632], [-16.02523015861686, 18.114984572939512], [-16.025192565639724, 18.115020922381692], [-16.025116958994264, 18.115021324624617], [-16.025079365985132, 18.115057674046135], [-16.025041772960495, 18.11509402346096], [-16.02496616628009, 18.115094425646284], [-16.02492857322346, 18.11513077504044], [-16.024890980151323, 18.11516712442791], [-16.02485338706368, 18.11520347380868], [-16.02481579396053, 18.11523982318274], [-16.024740187212203, 18.11524022528254], [-16.024702594077056, 18.115276574635946], [-16.02466500092641, 18.11531292398266], [-16.02458939414313, 18.115313326024854], [-16.024551800960488, 18.115349675350906], [-16.02451420776234, 18.11538602467025], [-16.024476614548686, 18.1154223739829], [-16.024439021319523, 18.115458723288864], [-16.024363414468326, 18.11545912524552], [-16.024325821207167, 18.11549547453082], [-16.024288227930505, 18.115531823809413], [-16.02425063463834, 18.115568173081304], [-16.024213041330665, 18.115604522346523], [-16.02413743441154, 18.115604924217628], [-16.024099841071873, 18.11564127346217], [-16.0240622477167, 18.1156776227], [-16.024024654346018, 18.11571397193116], [-16.02398706095983, 18.115750321155602], [-16.023911453972786, 18.11575072294118], [-16.023873860554602, 18.115787072144965], [-16.023836267120913, 18.115823421342053], [-16.023798673671717, 18.11585977053244], [-16.023761080207017, 18.115896119716137], [-16.023723486726805, 18.115932468893135], [-16.023685893231093, 18.11596881806344], [-16.02361028614315, 18.115969219735526], [-16.023572692615442, 18.116005568885157], [-16.023535099072223, 18.11604191802809], [-16.0234975055135, 18.116078267164337], [-16.02345991193927, 18.116114616293874], [-16.023422318349535, 18.11615096541672], [-16.023384724744293, 18.116187314532866], [-16.023347131123543, 18.116223663642327], [-16.023309537487286, 18.116260012745087], [-16.023233930265466, 18.116260414275732], [-16.023196336597213, 18.116296763357813], [-16.023158742913456, 18.11633311243321], [-16.02312114921419, 18.116369461501908], [-16.02308355549942, 18.116405810563904], [-16.02304596176914, 18.1164421596192], [-16.023008368023355, 18.11647850866781], [-16.02297077426206, 18.116514857709713], [-16.02293318048526, 18.116551206744923], [-16.022895586692957, 18.116587555773428], [-16.022857992885136, 18.116623904795247], [-16.022820399061814, 18.11666025381037], [-16.022782805222985, 18.116696602818788], [-16.02274521136865, 18.11673295182051], [-16.022707617498806, 18.116769300815534], [-16.022670023613454, 18.116805649803858], [-16.022632429712598, 18.116841998785496], [-16.022594835796234, 18.11687834776043], [-16.02255724186436, 18.116914696728664], [-16.02251964791698, 18.116951045690207], [-16.02248205395409, 18.116987394645047], [-16.022444459975695, 18.11702374359318], [-16.022406865981793, 18.117060092534626], [-16.02239695252201, 18.117069677672998], [-16.021966339797984, 18.11707196219855]]]}}, {"type": "Feature", "properties": {"hex_id": 105, "utci_present": 33.92, "utci_2050": 38.15, "utci_2090": 41.42, "utci": 33.92}, "geometry": {"type": "Polygon", "coordinates": [[[-16.01716441757728, 18.11975691854412], [-16.015543299760374, 18.117105924057245], [-16.01713370724898, 18.114437988027614], [-16.02034517881182, 18.114421009758885], [-16.021966339797984, 18.11707196219855], [-16.020974595996684, 18.1187357192261], [-16.020942364201616, 18.118766882783206], [-16.020904769529263, 18.11880323145902], [-16.0208671748414, 18.11883958012812], [-16.02086759383682, 18.118911876817148], [-16.020829999118916, 18.118948225480125], [-16.02079240438551, 18.118984574136412], [-16.020754809636585, 18.119020922786], [-16.020717214872157, 18.119057271428883], [-16.02071763381142, 18.11912956811967], [-16.02068003901695, 18.11916591675643], [-16.02064244420697, 18.11920226538649], [-16.02060484938148, 18.119238614009852], [-16.020567254540484, 18.119274962626513], [-16.02056767342358, 18.119347259319053], [-16.02053007855254, 18.119383607929578], [-16.02049248366599, 18.119419956533424], [-16.020454888763933, 18.11945630513056], [-16.020417293846364, 18.119492653721], [-16.0204177126733, 18.119564950415302], [-16.02038011772569, 18.119601298999612], [-16.02034252276257, 18.11963764757722], [-16.02030492778394, 18.119673996148126], [-16.0202673327898, 18.11971034471234], [-16.02026750751576, 18.119740509489763], [-16.01716441757728, 18.11975691854412]]]}}, {"type": "Feature", "properties": {"hex_id": 220, "utci_present": 34.9, "utci_2050": 39.34, "utci_2090": 42.82, "utci": 34.9}, "geometry": {"type": "Polygon", "coordinates": [[[-16.002636650066094, 18.106535291180005], [-16.00584799206673, 18.106518561538266], [-16.007468862381568, 18.109169652462167], [-16.00587834748541, 18.111837515019552], [-16.002666908609537, 18.11185424990676], [-16.001046081516176, 18.10920311699098], [-16.002636650066094, 18.106535291180005]]]}}, {"type": "Feature", "properties": {"hex_id": 182, "utci_present": 34.67, "utci_2050": 39.07, "utci_2090": 42.52, "utci": 34.67}, "geometry": {"type": "Polygon", "coordinates": [[[-16.007468862381568, 18.109169652462167], [-16.010680247587008, 18.109152839969422], [-16.01230121477635, 18.111803884763425], [-16.01071075356729, 18.114471784060367], [-16.007499271470675, 18.114488601823883], [-16.00587834748541, 18.111837515019552], [-16.007468862381568, 18.109169652462167]]]}}, {"type": "Feature", "properties": {"hex_id": 221, "utci_present": 34.84, "utci_2050": 39.27, "utci_2090": 42.76, "utci": 34.84}, "geometry": {"type": "Polygon", "coordinates": [[[-16.002666908609537, 18.11185424990676], [-16.00587834748541, 18.111837515019552], [-16.007499271470675, 18.114488601823883], [-16.00590871335377, 18.11715646551969], [-16.002697177569317, 18.11717320565266], [-16.00107629682147, 18.114522076843915], [-16.002666908609537, 18.11185424990676]]]}}, {"type": "Feature", "properties": {"hex_id": 143, "utci_present": 34.38, "utci_2050": 38.71, "utci_2090": 42.09, "utci": 34.38}, "geometry": {"type": "Polygon", "coordinates": [[[-16.01230121477635, 18.111803884763425], [-16.015512643169195, 18.111786989395014], [-16.01713370724898, 18.114437988027614], [-16.015543299760374, 18.117105924057245], [-16.01233177446041, 18.117122824721726], [-16.01071075356729, 18.114471784060367], [-16.01230121477635, 18.111803884763425]]]}}, {"type": "Feature", "properties": {"hex_id": 183, "utci_present": 34.52, "utci_2050": 38.9, "utci_2090": 42.33, "utci": 34.52}, "geometry": {"type": "Polygon", "coordinates": [[[-16.007499271470675, 18.114488601823883], [-16.01071075356729, 18.114471784060367], [-16.01233177446041, 18.117122824721726], [-16.010741270048015, 18.119790725169324], [-16.00752969102687, 18.11980754820391], [-16.00590871335377, 18.11715646551969], [-16.007499271470675, 18.114488601823883]]]}}, {"type": "Feature", "properties": {"hex_id": 222, "utci_present": 35.05, "utci_2050": 39.55, "utci_2090": 43.09, "utci": 35.05}, "geometry": {"type": "Polygon", "coordinates": [[[-16.002697177569317, 18.11717320565266], [-16.00590871335377, 18.11715646551969], [-16.00752969102687, 18.11980754820391], [-16.005939089673273, 18.122475413037918], [-16.00272745694689, 18.122492158416964], [-16.001106522527156, 18.119841033715787], [-16.002697177569317, 18.11717320565266]]]}}, {"type": "Feature", "properties": {"hex_id": 144, "utci_present": 34.24, "utci_2050": 38.54, "utci_2090": 41.89, "utci": 34.24}, "geometry": {"type": "Polygon", "coordinates": [[[-16.01233177446041, 18.117122824721726], [-16.015543299760374, 18.117105924057245], [-16.01716441757728, 18.11975691854412], [-16.015573966902743, 18.12242485573664], [-16.012362344662318, 18.1224417616975], [-16.010741270048015, 18.119790725169324], [-16.01233177446041, 18.117122824721726]]]}}, {"type": "Feature", "properties": {"hex_id": 184, "utci_present": 33.99, "utci_2050": 38.24, "utci_2090": 41.52, "utci": 33.99}, "geometry": {"type": "Polygon", "coordinates": [[[-16.00752969102687, 18.11980754820391], [-16.010741270048015, 18.119790725169324], [-16.012362344662314, 18.1224417616975], [-16.010771797030635, 18.125109663295532], [-16.007560121051615, 18.1251264916015], [-16.005939089673273, 18.122475413037918], [-16.00752969102687, 18.11980754820391]]]}}, {"type": "Feature", "properties": {"hex_id": 223, "utci_present": 34.63, "utci_2050": 39.01, "utci_2090": 42.43, "utci": 34.63}, "geometry": {"type": "Polygon", "coordinates": [[[-16.00272745694689, 18.122492158416964], [-16.005939089673273, 18.122475413037918], [-16.007560121051615, 18.1251264916015], [-16.00596947644538, 18.127794357573475], [-16.00275774674371, 18.127811108198905], [-16.001136758634683, 18.12515998760583], [-16.00272745694689, 18.122492158416964]]]}}, {"type": "Feature", "properties": {"hex_id": 145, "utci_present": 33.88, "utci_2050": 38.1, "utci_2090": 41.35, "utci": 33.88}, "geometry": {"type": "Polygon", "coordinates": [[[-16.01239292538353, 18.127760695689997], [-16.010771797030635, 18.125109663295532], [-16.012362344662318, 18.1224417616975], [-16.015573966902743, 18.12242485573664], [-16.017140748695166, 18.12498690781752], [-16.017122242861625, 18.12500479900029], [-16.01712266047206, 18.125077095727622], [-16.01708506369419, 18.12511344374049], [-16.0170474669008, 18.125149791746637], [-16.017047884484107, 18.125222088474562], [-16.017010287660664, 18.125258436474585], [-16.016972690821706, 18.125294784467897], [-16.016935093967227, 18.125331132454505], [-16.016897497097236, 18.125367480434406], [-16.01689791462434, 18.125439777164086], [-16.016860317724294, 18.125476125137855], [-16.01682272080873, 18.125512473104912], [-16.016823138308705, 18.12558476983519], [-16.016785541363085, 18.125621117796115], [-16.01674794440195, 18.12565746575033], [-16.016748361874797, 18.125729762481203], [-16.0167107648836, 18.1257661104293], [-16.016673167876892, 18.125802458370686], [-16.01667358532261, 18.12587475510215], [-16.016635988285845, 18.125911103037414], [-16.01659839123356, 18.125947450965956], [-16.016598808652148, 18.12601974769802], [-16.016561211569808, 18.126056095620434], [-16.01652361447195, 18.12609244353614], [-16.016486017358577, 18.12612879144515], [-16.016448420229686, 18.126165139347435], [-16.016448837592062, 18.126237436081247], [-16.01641124043311, 18.126273783977407], [-16.016373643258646, 18.126310131866866], [-16.016374060593897, 18.126382428601264], [-16.01633646338937, 18.126418776484588], [-16.016298866169326, 18.126455124361197], [-16.01629928347744, 18.126527421096206], [-16.016261686227338, 18.126563768966673], [-16.01622408896172, 18.12660011683046], [-16.016224506242704, 18.12667241356605], [-16.016186908947027, 18.126708761423696], [-16.016149311635836, 18.126745109274623], [-16.016149728889683, 18.126817406010815], [-16.01611213154843, 18.126853753855617], [-16.01607453419166, 18.126890101693704], [-16.01603693681937, 18.126926449525094], [-16.015999339431563, 18.12696279734977], [-16.015999756629192, 18.127035094087706], [-16.015962159211323, 18.12707144190624], [-16.015924561777943, 18.127107789718078], [-16.01592497894844, 18.12718008645661], [-16.015887381484994, 18.127216434262316], [-16.01584978400603, 18.127252782061305], [-16.01585020114939, 18.127325078800432], [-16.015812603640367, 18.12736142659328], [-16.015775006115827, 18.127397774379443], [-16.01577535036911, 18.127457442161962], [-16.015757480147524, 18.127487417763053], [-16.015737825677455, 18.12750641889917], [-16.01570022810733, 18.127542766672487], [-16.015662630521692, 18.12757911443909], [-16.015625032920536, 18.12761546219898], [-16.015625449980536, 18.127687758940443], [-16.01558785234932, 18.1277241066942], [-16.01556729420099, 18.12774398140821], [-16.01239292538353, 18.127760695689997]]]}}, {"type": "Feature", "properties": {"hex_id": 259, "utci_present": 35.19, "utci_2050": 39.7, "utci_2090": 43.26, "utci": 35.19}, "geometry": {"type": "Polygon", "coordinates": [[[-15.99780457783139, 18.103900800973115], [-16.001015876609824, 18.103884154157722], [-16.002636650066094, 18.106535291180005], [-16.001046081516176, 18.10920311699098], [-15.997834685878454, 18.10921976902653], [-15.996213955661055, 18.10656859003081], [-15.99780457783139, 18.103900800973115]]]}}, {"type": "Feature", "properties": {"hex_id": 298, "utci_present": 35.0, "utci_2050": 39.46, "utci_2090": 42.96, "utci": 35.0}, "geometry": {"type": "Polygon", "coordinates": [[[-15.993002603278882, 18.106585159239373], [-15.996213955661055, 18.10656859003081], [-15.997834685878454, 18.10921976902653], [-15.996244020452576, 18.111887559198188], [-15.993032571193712, 18.11190413360191], [-15.99141188424853, 18.109252912638674], [-15.993002603278882, 18.106585159239373]]]}}, {"type": "Feature", "properties": {"hex_id": 260, "utci_present": 35.23, "utci_2050": 39.76, "utci_2090": 43.34, "utci": 35.23}, "geometry": {"type": "Polygon", "coordinates": [[[-15.997834685878454, 18.10921976902653], [-16.001046081516176, 18.10920311699098], [-16.002666908609537, 18.11185424990676], [-16.00107629682147, 18.114522076843915], [-15.997864804291114, 18.114538734099934], [-15.996244020452576, 18.111887559198188], [-15.997834685878454, 18.10921976902653]]]}}, {"type": "Feature", "properties": {"hex_id": 299, "utci_present": 35.28, "utci_2050": 39.86, "utci_2090": 43.49, "utci": 35.28}, "geometry": {"type": "Polygon", "coordinates": [[[-15.993032571193712, 18.11190413360191], [-15.996244020452576, 18.111887559198188], [-15.997864804291114, 18.114538734099934], [-15.996274095593737, 18.117206525385328], [-15.993062549424842, 18.117223104984518], [-15.991441808874473, 18.114571888102706], [-15.993032571193712, 18.11190413360191]]]}}, {"type": "Feature", "properties": {"hex_id": 261, "utci_present": 35.1, "utci_2050": 39.58, "utci_2090": 43.11, "utci": 35.1}, "geometry": {"type": "Polygon", "coordinates": [[[-15.997864804291114, 18.114538734099934], [-16.00107629682147, 18.114522076843915], [-16.002697177569317, 18.11717320565266], [-16.001106522527152, 18.119841033715787], [-15.997894933070816, 18.119857696192575], [-15.996274095593737, 18.117206525385328], [-15.997864804291114, 18.114538734099934]]]}}, {"type": "Feature", "properties": {"hex_id": 300, "utci_present": 35.06, "utci_2050": 39.56, "utci_2090": 43.11, "utci": 35.06}, "geometry": {"type": "Polygon", "coordinates": [[[-15.993062549424842, 18.117223104984518], [-15.996274095593737, 18.117206525385328], [-15.997894933070816, 18.119857696192575], [-15.996304181085991, 18.12252548859147], [-15.993092537973716, 18.12254207338643], [-15.991471743800762, 18.11989086058659], [-15.993062549424842, 18.117223104984518]]]}}, {"type": "Feature", "properties": {"hex_id": 262, "utci_present": 35.18, "utci_2050": 39.7, "utci_2090": 43.27, "utci": 35.18}, "geometry": {"type": "Polygon", "coordinates": [[[-15.997894933070816, 18.119857696192575], [-16.001106522527152, 18.119841033715787], [-16.00272745694689, 18.122492158416964], [-16.001136758634683, 18.12515998760583], [-15.997925072219008, 18.12517665530369], [-15.996304181085991, 18.12252548859147], [-15.997894933070816, 18.119857696192575]]]}}, {"type": "Feature", "properties": {"hex_id": 301, "utci_present": 35.11, "utci_2050": 39.59, "utci_2090": 43.11, "utci": 35.11}, "geometry": {"type": "Polygon", "coordinates": [[[-15.993092537973716, 18.12254207338643], [-15.996304181085991, 18.12252548859147], [-15.997925072219008, 18.12517665530369], [-15.996334276930787, 18.127844448815868], [-15.993122536841774, 18.12786103880689], [-15.991501689028837, 18.12520983008954], [-15.993092537973716, 18.12254207338643]]]}}, {"type": "Feature", "properties": {"hex_id": 263, "utci_present": 35.06, "utci_2050": 39.56, "utci_2090": 43.1, "utci": 35.06}, "geometry": {"type": "Polygon", "coordinates": [[[-15.997925072219008, 18.12517665530369], [-16.001136758634683, 18.12515998760583], [-16.00275774674371, 18.127811108198905], [-16.00116700514551, 18.13047893851328], [-15.997955221737143, 18.13049561143252], [-15.996334276930787, 18.127844448815868], [-15.997925072219008, 18.12517665530369]]]}}, {"type": "Feature", "properties": {"hex_id": 302, "utci_present": 35.1, "utci_2050": 39.6, "utci_2090": 43.15, "utci": 35.1}, "geometry": {"type": "Polygon", "coordinates": [[[-15.993122536841774, 18.12786103880689], [-15.996334276930787, 18.127844448815868], [-15.997955221737143, 18.13049561143252], [-15.996364383129569, 18.13316340605774], [-15.993152546030458, 18.133180001245144], [-15.991531644560139, 18.130528796610815], [-15.993122536841774, 18.12786103880689]]]}}, {"type": "Feature", "properties": {"hex_id": 66, "utci_present": 33.88, "utci_2050": 38.1, "utci_2090": 41.34, "utci": 33.88}, "geometry": {"type": "Polygon", "coordinates": [[[-16.021966339797984, 18.11707196219855], [-16.02239695252201, 18.117069677672998], [-16.022369271972384, 18.117096441469375], [-16.022331677947463, 18.117132790397424], [-16.022294083907042, 18.11716913931878], [-16.022256489851106, 18.117205488233427], [-16.02221889577967, 18.117241837141385], [-16.022181301692715, 18.11727818604264], [-16.02214370759026, 18.117314534937197], [-16.022106113472297, 18.117350883825054], [-16.022068519338823, 18.11738723270623], [-16.022030925189846, 18.117423581580688], [-16.021993331025353, 18.117459930448454], [-16.021993750448782, 18.117532227122346], [-16.02195615625426, 18.117568575983988], [-16.021918562044227, 18.11760492483895], [-16.02188096781869, 18.11764127368719], [-16.021843373577642, 18.117677622528742], [-16.021805779321085, 18.11771397136359], [-16.02176818504902, 18.117750320191746], [-16.021730590761447, 18.1177866690132], [-16.021692996458366, 18.11782301782796], [-16.02165540213978, 18.117859366636022], [-16.02161780780568, 18.117895715437374], [-16.021618227085796, 18.117968012116503], [-16.02158063272166, 18.11800436091173], [-16.021543038342017, 18.118040709700274], [-16.021505443946864, 18.11807705848212], [-16.021467849536204, 18.11811340725725], [-16.021430255110033, 18.118149756025694], [-16.021392660668358, 18.118186104787444], [-16.02135506621117, 18.118222453542483], [-16.021317471738477, 18.11825880229082], [-16.021317890904324, 18.11833109897403], [-16.021280296401592, 18.118367447716256], [-16.021242701883352, 18.118403796451776], [-16.021205107349605, 18.118440145180596], [-16.021167512800343, 18.118476493902715], [-16.021129918235573, 18.11851284261816], [-16.021092323655296, 18.118549191326885], [-16.021092742735934, 18.118621488012995], [-16.02105514812562, 18.118657836715595], [-16.021017553499796, 18.1186941854115], [-16.020979958858458, 18.1187305341007], [-16.020974595996684, 18.1187357192261], [-16.021966339797984, 18.11707196219855]]]}}, {"type": "Feature", "properties": {"hex_id": 106, "utci_present": 33.88, "utci_2050": 38.09, "utci_2090": 41.34, "utci": 33.88}, "geometry": {"type": "Polygon", "coordinates": [[[-16.015573966902743, 18.12242485573664], [-16.01716441757728, 18.11975691854412], [-16.02026750751576, 18.119740509489763], [-16.02026775156057, 18.119782641408406], [-16.02023015653639, 18.119818989966486], [-16.020192561496696, 18.119855338517873], [-16.020154966441492, 18.11989168706256], [-16.02011737137078, 18.119928035600545], [-16.020117790085383, 18.120000332298353], [-16.020080194984626, 18.12003668083022], [-16.02004259986836, 18.12007302935537], [-16.020005004736586, 18.12010937787384], [-16.0199674095893, 18.120145726385594], [-16.019967828247733, 18.12021802308516], [-16.019930233070404, 18.1202543715908], [-16.019892637877565, 18.12029072008972], [-16.01989305650889, 18.120363016789895], [-16.01985546128601, 18.120399365282708], [-16.019817866047614, 18.12043571376881], [-16.01978027079371, 18.12047206224821], [-16.019742675524295, 18.120508410720916], [-16.019743094099454, 18.12058070742285], [-16.01970549879999, 18.120617055889415], [-16.019667903485022, 18.1206534043493], [-16.019668322033073, 18.120725701051825], [-16.019630726688057, 18.120762049505572], [-16.019593131327532, 18.120798397952623], [-16.019555535951493, 18.120834746392973], [-16.019517940559943, 18.120871094826615], [-16.01951835905182, 18.120943391530908], [-16.019480763630227, 18.120979739958425], [-16.01944316819312, 18.12101608837924], [-16.01944358665789, 18.12108838508413], [-16.019405991190737, 18.121124733498814], [-16.019368395708078, 18.121161081906813], [-16.019330800209904, 18.121197430308094], [-16.019293204696222, 18.121233778702685], [-16.01929362310481, 18.12130607540932], [-16.01925602756108, 18.121342423797778], [-16.01921843200184, 18.12137877217954], [-16.01921885038332, 18.121451068886785], [-16.01918125479403, 18.121487417262408], [-16.01914365918923, 18.121523765631334], [-16.019106063568916, 18.121560113993567], [-16.019068467933092, 18.121596462349093], [-16.019068886258395, 18.121668759058085], [-16.019031290592523, 18.121705107407482], [-16.018993694911142, 18.12174145575017], [-16.01899411320933, 18.121813752459776], [-16.018956517497898, 18.121850100796337], [-16.018918921770954, 18.1218864491262], [-16.018919340042036, 18.121958745836395], [-16.018881744285043, 18.121995094160138], [-16.018844148512542, 18.12203144247717], [-16.018806552724527, 18.122067790787504], [-16.018768956921, 18.122104139091135], [-16.018769375135896, 18.122176435803073], [-16.018731779302318, 18.12221278410058], [-16.01869418345323, 18.122249132391385], [-16.01869460164101, 18.122321429103927], [-16.018657005761874, 18.122357777388597], [-16.018619409867227, 18.122394125666567], [-16.018619828027887, 18.122466422379716], [-16.018582232103192, 18.122502770651558], [-16.018544636162982, 18.12253911891669], [-16.018507040207258, 18.122575467175125], [-16.018469444236022, 18.12261181542685], [-16.0184698623405, 18.122684112141755], [-16.018432266339214, 18.12272046038736], [-16.018394670322415, 18.12275680862626], [-16.018395088399775, 18.122829105341758], [-16.018357492352926, 18.122865453574523], [-16.018319896290567, 18.122901801800584], [-16.01832031434081, 18.1229740985167], [-16.018282718248397, 18.12301044673663], [-16.018245122140474, 18.123046794949857], [-16.0182455401636, 18.12311909166656], [-16.01820794402563, 18.123155439873663], [-16.018170347872136, 18.123191788074074], [-16.018132751703135, 18.123228136267763], [-16.018095155518616, 18.123264484454754], [-16.018095573485553, 18.1233367811732], [-16.018057977270985, 18.12337312935407], [-16.018020381040902, 18.123409477528227], [-16.01802079898072, 18.123481774247278], [-16.01798320272059, 18.12351812241531], [-16.017945606444943, 18.123554470576636], [-16.017946024357638, 18.123626767296273], [-16.01790842805194, 18.123663115451485], [-16.01787083173073, 18.123699463599973], [-16.017871249616306, 18.12377176032022], [-16.01783365326504, 18.123808108462587], [-16.017796056898263, 18.123844456598235], [-16.01775846051597, 18.123880804727197], [-16.017720864118164, 18.123917152849433], [-16.01772128194754, 18.12398944957143], [-16.017683685519685, 18.12402579768756], [-16.01764608907631, 18.124062145796966], [-16.01764650687857, 18.124134442519573], [-16.01760891040514, 18.124170790622856], [-16.0175713139162, 18.124207138719427], [-16.017571731691334, 18.124279435442617], [-16.01753413517234, 18.12431578353306], [-16.017496538637836, 18.124352131616806], [-16.01749695638584, 18.1244244283406], [-16.01745935982128, 18.124460776418214], [-16.017421763241202, 18.12449712448912], [-16.01738416664561, 18.124533472553328], [-16.0173465700345, 18.124569820610816], [-16.017346987726313, 18.124642117336357], [-16.017309391085153, 18.12467846538773], [-16.01727179442847, 18.124714813432394], [-16.017272212093157, 18.12478711015852], [-16.01723461540643, 18.124823458197056], [-16.01719701870418, 18.124859806228887], [-16.017197436341743, 18.124932102955615], [-16.01715983960944, 18.12496845098131], [-16.017140748695166, 18.12498690781752], [-16.015573966902743, 18.12242485573664]]]}}, {"type": "Feature", "properties": {"hex_id": 185, "utci_present": 33.91, "utci_2050": 38.14, "utci_2090": 41.39, "utci": 33.91}, "geometry": {"type": "Polygon", "coordinates": [[[-16.007560121051615, 18.1251264916015], [-16.010771797030635, 18.125109663295532], [-16.01239292538353, 18.127760695689997], [-16.010802334516622, 18.130428598438233], [-16.007590561546372, 18.13044543201588], [-16.00596947644538, 18.127794357573475], [-16.007560121051615, 18.1251264916015]]]}}, {"type": "Feature", "properties": {"hex_id": 146, "utci_present": 33.9, "utci_2050": 38.12, "utci_2090": 41.38, "utci": 33.9}, "geometry": {"type": "Polygon", "coordinates": [[[-16.010802334516622, 18.130428598438233], [-16.01239292538353, 18.127760695689997], [-16.01556729420099, 18.12774398140821], [-16.01555025470258, 18.127760454441248], [-16.015550671735447, 18.127832751183306], [-16.01551307405865, 18.127869098924222], [-16.01547547636633, 18.12790544665843], [-16.01547589337206, 18.12797774340108], [-16.01543829564968, 18.12801409112915], [-16.01540069791178, 18.128050438850508], [-16.01540111489037, 18.128122735593756], [-16.015363517122406, 18.12815908330898], [-16.015325919338927, 18.128195431017495], [-16.01532633629038, 18.128267727761344], [-16.015288738476833, 18.12830407546372], [-16.01525114064777, 18.128340423159404], [-16.01521354280319, 18.12837677084835], [-16.015175944943085, 18.12841311853062], [-16.01517636183831, 18.128485415276195], [-16.015138763948144, 18.128521762952314], [-16.015101166042463, 18.12855811062173], [-16.015101582910543, 18.128630407367904], [-16.015063984974795, 18.128666755031176], [-16.01502638702353, 18.128703102687744], [-16.01502680386447, 18.128775399434506], [-16.01498920588314, 18.128811747084942], [-16.014951607886285, 18.128848094728664], [-16.014952024700086, 18.128920391476022], [-16.01491442667317, 18.128956739113605], [-16.014876828630733, 18.128993086744487], [-16.01483923057278, 18.12902943436864], [-16.0148016324993, 18.129065781986096], [-16.01480204925687, 18.129138078735203], [-16.014764451153326, 18.129174426346523], [-16.014726853034265, 18.129210773951115], [-16.01472726976469, 18.129283070700822], [-16.014689671615564, 18.12931941829929], [-16.014652073450915, 18.129355765891045], [-16.014652490154198, 18.12942806264134], [-16.014614891959486, 18.129464410226966], [-16.014577293749248, 18.129500757805886], [-16.01457771042539, 18.12957305455676], [-16.014540112185088, 18.129609402129535], [-16.014502513929266, 18.129645749695605], [-16.014464915657925, 18.12968209725496], [-16.014427317371066, 18.12971844480762], [-16.014427733990964, 18.129790741560228], [-16.014390135674034, 18.12982708910674], [-16.014352537341587, 18.129863436646538], [-16.01435295393434, 18.129935733399748], [-16.01431535557182, 18.12997208093341], [-16.01427775719379, 18.130008428460364], [-16.014278173759394, 18.130080725214157], [-16.01424057535129, 18.13011707273498], [-16.014202976927663, 18.130153420249073], [-16.014165378488517, 18.130189767756473], [-16.01412778003385, 18.130226115257148], [-16.014128196543215, 18.13029841201269], [-16.01409059805848, 18.130334759507228], [-16.014052999558224, 18.130371106995064], [-16.01405341604044, 18.1304434037512], [-16.014015817510113, 18.130479751232887], [-16.013978218964265, 18.130516098707865], [-16.013978635419335, 18.130588395464603], [-16.01394103684342, 18.130624742933435], [-16.013903438251983, 18.13066109039557], [-16.013865839645025, 18.130697437850998], [-16.01382824102254, 18.130733785299707], [-16.013828657421364, 18.130806082058164], [-16.013791058768817, 18.130842429500728], [-16.013753460100745, 18.130878776936598], [-16.013753876472418, 18.13095107369565], [-16.013716277774275, 18.130987421125372], [-16.013678679060614, 18.131023768548374], [-16.013679095405134, 18.13109606530802], [-16.0136414966614, 18.131132412724895], [-16.013603897902144, 18.131168760135047], [-16.013566299127366, 18.131205107538495], [-16.01352870033707, 18.131241454935232], [-16.013529116625342, 18.131313751696617], [-16.013491517804972, 18.13135009908721], [-16.013453918969077, 18.13138644647109], [-16.0134543352302, 18.131458743233065], [-16.013416736364235, 18.1314950906108], [-16.01337913748275, 18.131531437981828], [-16.013341538585742, 18.13156778534615], [-16.01330393967321, 18.131604132703757], [-16.013304355878077, 18.13167642946746], [-16.013266756935476, 18.131712776818933], [-16.013229157977353, 18.131749124163683], [-16.013229574155066, 18.13182142092798], [-16.01319197516687, 18.131857768266595], [-16.01315437616315, 18.1318941155985], [-16.01315479231371, 18.131966412363386], [-16.013117193279914, 18.132002759689147], [-16.013079594230604, 18.132039107008193], [-16.01304199516576, 18.132075454320532], [-16.0130043960854, 18.132111801626166], [-16.01300481217971, 18.13218409839278], [-16.012967213069274, 18.13222044569226], [-16.012929613943317, 18.13225679298503], [-16.012930030010466, 18.132329089752236], [-16.012892430854436, 18.13236543703886], [-16.01285483168288, 18.132401784318787], [-16.012817232495802, 18.132438131591986], [-16.012779633293203, 18.132474478858473], [-16.012780049304094, 18.132546775627418], [-16.012742450071418, 18.132583122887773], [-16.01270485082322, 18.1326194701414], [-16.0126672515595, 18.13265581738833], [-16.012629652280253, 18.13269216462854], [-16.012630068234884, 18.132764461399223], [-16.012592468925565, 18.132800808633288], [-16.012554869600724, 18.132837155860646], [-16.012555285528194, 18.1329094526319], [-16.01251768617328, 18.13294579985311], [-16.01248008680283, 18.13298214706761], [-16.01244248741687, 18.133018494275408], [-16.012407069696554, 18.13305273245402], [-16.010802334516622, 18.130428598438233]]]}}, {"type": "Feature", "properties": {"hex_id": 224, "utci_present": 34.68, "utci_2050": 39.08, "utci_2090": 42.52, "utci": 34.68}, "geometry": {"type": "Polygon", "coordinates": [[[-16.00275774674371, 18.127811108198905], [-16.00596947644538, 18.127794357573475], [-16.007590561546372, 18.13044543201588], [-16.00599987367155, 18.13311329912561], [-16.002788046961236, 18.13313005499772], [-16.00116700514551, 18.13047893851328], [-16.00275774674371, 18.127811108198905]]]}}, {"type": "Feature", "properties": {"hex_id": 186, "utci_present": 33.9, "utci_2050": 38.12, "utci_2090": 41.37, "utci": 33.9}, "geometry": {"type": "Polygon", "coordinates": [[[-16.0076210125126, 18.135764369446317], [-16.00599987367155, 18.13311329912561], [-16.007590561546372, 18.13044543201588], [-16.010802334516622, 18.130428598438233], [-16.012407069696554, 18.13305273245402], [-16.01240488801538, 18.133054841476472], [-16.012405207239645, 18.133110336775136], [-16.012381431353745, 18.133150215718015], [-16.01236770445502, 18.133163485444403], [-16.012330105007933, 18.133199832632616], [-16.012330312786208, 18.133235956069655], [-16.012279123556873, 18.13332181484812], [-16.01225532188213, 18.133344823763633], [-16.01221772237391, 18.133381170932285], [-16.012180122850175, 18.133417518094223], [-16.012180523568325, 18.13348719458225], [-16.01217681556656, 18.133493413930662], [-16.012142939084143, 18.133526162025326], [-16.012105339514807, 18.133562509174403], [-16.012067739929943, 18.13359885631677], [-16.012030140329554, 18.133635203452418], [-16.01203055606107, 18.133707500229466], [-16.011992956430607, 18.133743847358964], [-16.011955356784615, 18.13378019448175], [-16.011917757123104, 18.13381654159783], [-16.011880157446065, 18.133852888707196], [-16.011880573121314, 18.133925185485978], [-16.011842973414197, 18.133961532589193], [-16.011805373691555, 18.133997879685705], [-16.011767773953387, 18.134034226775487], [-16.0117301741997, 18.134070573858573], [-16.011730589818676, 18.134142870639067], [-16.01169299003491, 18.134179217716003], [-16.011655390235614, 18.134215564786217], [-16.011617790420793, 18.13425191184973], [-16.011580190590454, 18.13428825890652], [-16.011580606153156, 18.13436055568875], [-16.01154300629273, 18.134396902739393], [-16.01150540641678, 18.134433249783324], [-16.01146780652531, 18.13446959682053], [-16.01143020661831, 18.134505943851046], [-16.01143062212474, 18.134578240634998], [-16.01139302218766, 18.13461458765935], [-16.011355422235056, 18.134650934676998], [-16.01131782226693, 18.134687281687928], [-16.011280222283276, 18.134723628692136], [-16.01128063773343, 18.13479592547781], [-16.011243037719694, 18.134832272475887], [-16.011205437690432, 18.13486861946724], [-16.011167837645647, 18.134904966451874], [-16.011130237585334, 18.134941313429795], [-16.01113065297921, 18.135013610217207], [-16.01109305288882, 18.135049957188976], [-16.0110554527829, 18.135086304154047], [-16.011017852661453, 18.13512265111239], [-16.010980252524483, 18.135158998064014], [-16.010980667862082, 18.135231294853153], [-16.01094306769503, 18.13526764179864], [-16.01090546751245, 18.135303988737405], [-16.010867867314353, 18.13534033566946], [-16.01083026710072, 18.13537668259479], [-16.010792666871563, 18.135413029513423], [-16.010755066626878, 18.135449376425328], [-16.010755481879087, 18.135521673217315], [-16.01071788160432, 18.135558020123085], [-16.01068028131403, 18.135594367022126], [-16.010642681008214, 18.135630713914455], [-16.01060508068687, 18.13566706080007], [-16.01060549588279, 18.13573935759379], [-16.01059575305922, 18.135748775625775], [-16.0076210125126, 18.135764369446317]]]}}, {"type": "Feature", "properties": {"hex_id": 225, "utci_present": 34.03, "utci_2050": 38.27, "utci_2090": 41.55, "utci": 34.03}, "geometry": {"type": "Polygon", "coordinates": [[[-16.002788046961236, 18.13313005499772], [-16.00599987367155, 18.13311329912561], [-16.0076210125126, 18.135764369446317], [-16.006030281353247, 18.138432237693568], [-16.002818357600926, 18.13844899881267], [-16.00119726206109, 18.13579788643739], [-16.002788046961236, 18.13313005499772]]]}}, {"type": "Feature", "properties": {"hex_id": 187, "utci_present": 33.65, "utci_2050": 37.86, "utci_2090": 41.11, "utci": 33.65}, "geometry": {"type": "Polygon", "coordinates": [[[-16.006030281353247, 18.138432237693568], [-16.0076210125126, 18.135764369446317], [-16.01059575305922, 18.135748775625775], [-16.010567895531363, 18.135775704473254], [-16.01053029516441, 18.135812051346004], [-16.01049269478193, 18.13584839821204], [-16.01045509438392, 18.13588474507136], [-16.01041749397039, 18.13592109192396], [-16.01037989354133, 18.135957438769847], [-16.010380308651854, 18.13602973556643], [-16.01034270819271, 18.136066082406177], [-16.01030510771804, 18.13610242923919], [-16.01026750722784, 18.1361387760655], [-16.010229906722117, 18.13617512288508], [-16.010192306200864, 18.13621146969796], [-16.010154705664085, 18.136247816504113], [-16.01015512068921, 18.13632011330356], [-16.010117520122346, 18.13635646010357], [-16.010079919539955, 18.136392806896858], [-16.010042318942038, 18.136429153683434], [-16.01000471832859, 18.13646550046329], [-16.00996711769962, 18.136501847236435], [-16.00992951705512, 18.136538194002856], [-16.00992993199484, 18.13661049080516], [-16.009892331320252, 18.13664683756543], [-16.009854730630142, 18.136683184318997], [-16.009817129924503, 18.136719531065836], [-16.009779529203335, 18.13675587780597], [-16.009741928466642, 18.136792224539374], [-16.009704327714417, 18.136828571266065], [-16.009666726946666, 18.136864917986035], [-16.009629126163393, 18.136901264699294], [-16.00962954098858, 18.136973561505595], [-16.00959194017522, 18.1370099082127], [-16.009554339346327, 18.137046254913088], [-16.009516738501908, 18.137082601606767], [-16.00947913764196, 18.137118948293722], [-16.009441536766484, 18.13715529497396], [-16.009403935875483, 18.137191641647476], [-16.009366334968952, 18.137227988314283], [-16.00932873404689, 18.137264334974372], [-16.00932914875755, 18.13733663178466], [-16.009291547805404, 18.137372978438595], [-16.009253946837735, 18.137409325085812], [-16.009216345854526, 18.13744567172632], [-16.00917874485579, 18.137482018360092], [-16.009141143841532, 18.13751836498715], [-16.009103542811747, 18.137554711607503], [-16.009065941766433, 18.13759105822114], [-16.009028340705584, 18.137627404828038], [-16.008990739629215, 18.137663751428235], [-16.008953138537308, 18.13770009802171], [-16.008953553104313, 18.13777239483712], [-16.00891595198232, 18.13780874142445], [-16.008878350844803, 18.137845088005054], [-16.008840749691753, 18.137881434578944], [-16.008803148523178, 18.13791778114612], [-16.00876554733907, 18.137954127706564], [-16.00872794613944, 18.137990474260288], [-16.008690344924272, 18.138026820807305], [-16.008652743693585, 18.138063167347603], [-16.00861514244736, 18.138099513881173], [-16.008577541185613, 18.13813586040804], [-16.00853993990833, 18.13817220692818], [-16.008502338615525, 18.13820855344159], [-16.00850275300974, 18.138280850263275], [-16.008465151686845, 18.138317196770537], [-16.008427550348415, 18.13835354327108], [-16.00838994899446, 18.13838988976492], [-16.008352347624974, 18.138426236252037], [-16.00831474623996, 18.138462582732426], [-16.008277144839415, 18.138498929206094], [-16.00823954342334, 18.138535275673053], [-16.00820194199174, 18.138571622133288], [-16.008164340544607, 18.138607968586808], [-16.008126739081945, 18.1386443150336], [-16.008089137603754, 18.13868066147367], [-16.00805153611003, 18.138717007907037], [-16.00801393460078, 18.138753354333684], [-16.007976333076, 18.138789700753602], [-16.007938731535692, 18.138826047166802], [-16.00790112997985, 18.138862393573277], [-16.007863528408482, 18.13889873997304], [-16.00782592682158, 18.138935086366082], [-16.00782634095563, 18.139007383197406], [-16.007788739338636, 18.1390437295843], [-16.00775113770612, 18.13908007596447], [-16.007713536058066, 18.139116422337914], [-16.007675934394484, 18.139152768704644], [-16.007638332715374, 18.139189115064653], [-16.007600731020734, 18.139225461417936], [-16.00756312931056, 18.139261807764505], [-16.00752552758486, 18.139298154104363], [-16.007487925843627, 18.13933450043749], [-16.007450324086864, 18.139370846763903], [-16.007412722314573, 18.13940719308359], [-16.007375120526753, 18.13944353939656], [-16.007337518723396, 18.139479885702805], [-16.007299916904515, 18.13951623200233], [-16.0072623150701, 18.139552578295145], [-16.007224713220157, 18.139588924581236], [-16.007187111354682, 18.139625270860595], [-16.007149509473678, 18.13966161713324], [-16.00711190757714, 18.13969796339917], [-16.007074305665075, 18.139734309658376], [-16.007036703737477, 18.13977065591086], [-16.00699910179435, 18.13980700215662], [-16.00696149983569, 18.13984334839567], [-16.0069238978615, 18.139879694627997], [-16.006918575599546, 18.13988483914786], [-16.006030281353247, 18.138432237693568]]]}}, {"type": "Feature", "properties": {"hex_id": 226, "utci_present": 33.91, "utci_2050": 38.13, "utci_2090": 41.38, "utci": 33.91}, "geometry": {"type": "Polygon", "coordinates": [[[-16.00122752938288, 18.141116831377392], [-16.002818357600926, 18.13844899881267], [-16.006030281353247, 18.138432237693568], [-16.006918575599546, 18.13988483914786], [-16.00688629587178, 18.13991604085359], [-16.00684869386653, 18.139952387072473], [-16.00681109184575, 18.139988733284635], [-16.00677348980944, 18.140025079490073], [-16.006735887757596, 18.1400614256888], [-16.00669828569022, 18.140097771880793], [-16.006660683607315, 18.14013411806607], [-16.006623081508877, 18.140170464244623], [-16.00658547939491, 18.140206810416455], [-16.00654787726541, 18.140243156581555], [-16.00651027512038, 18.14027950273996], [-16.006472672959823, 18.140315848891625], [-16.00643507078373, 18.140352195036574], [-16.006397468592105, 18.1403885411748], [-16.00635986638495, 18.140424887306313], [-16.006322264162264, 18.140461233431093], [-16.00628466192405, 18.140497579549148], [-16.006247059670297, 18.140533925660492], [-16.006209457401017, 18.14057027176511], [-16.006133839337185, 18.140570667097393], [-16.006096237035873, 18.14060701318128], [-16.006058634719036, 18.140643359258444], [-16.00602103238666, 18.14067970532888], [-16.005983430038757, 18.140716051392623], [-16.005945827675323, 18.140752397449617], [-16.005908225296352, 18.140788743499897], [-16.005870622901853, 18.14082508954345], [-16.005833020491824, 18.140861435580284], [-16.00579541806626, 18.140897781610388], [-16.005757815625163, 18.14093412763378], [-16.005720213168537, 18.140970473650448], [-16.00568261069638, 18.141006819660397], [-16.00564500820869, 18.141043165663632], [-16.005607405705465, 18.141079511660113], [-16.005569803186713, 18.141115857649897], [-16.005532200652432, 18.141152203632956], [-16.005494598102608, 18.14118854960929], [-16.005456995537255, 18.141224895578894], [-16.005419392956373, 18.141261241541784], [-16.00538179035996, 18.14129758749795], [-16.00530617196424, 18.14129798252034], [-16.005268569335797, 18.14133432845577], [-16.00523096669182, 18.141370674384472], [-16.00519336403231, 18.14140702030647], [-16.00515576135727, 18.141443366221736], [-16.005118158666697, 18.141479712130266], [-16.00508055596059, 18.141516058032085], [-16.00504295323895, 18.14155240392718], [-16.005005350501776, 18.141588749815554], [-16.004967747749074, 18.141625095697204], [-16.004930144980836, 18.141661441572122], [-16.004892542197066, 18.14169778744033], [-16.004854939397763, 18.141734133301803], [-16.004779320802147, 18.141734528126367], [-16.004741717970813, 18.14177087396711], [-16.00470411512395, 18.14180721980113], [-16.00466651226155, 18.141843565628424], [-16.00462890938362, 18.141879911449006], [-16.004591306490155, 18.141916257262853], [-16.00455370358116, 18.141952603069974], [-16.00451610065663, 18.141988948870377], [-16.00447849771657, 18.142025294664055], [-16.00440287898704, 18.14202568934682], [-16.004365276014948, 18.142062035119768], [-16.00432767302732, 18.142098380885994], [-16.00429007002416, 18.142134726645473], [-16.00425246700547, 18.142171072398245], [-16.004214863971246, 18.14220741814431], [-16.004177260921487, 18.14224376388362], [-16.004139657856197, 18.14228010961622], [-16.004102054775373, 18.142316455342097], [-16.004026435911932, 18.142316849883073], [-16.00398883279908, 18.14235319558821], [-16.00395122967069, 18.142389541286615], [-16.003913626526774, 18.14242588697831], [-16.00387602336731, 18.142462232663274], [-16.003838420192324, 18.14249857834152], [-16.0038008170018, 18.142534924013034], [-16.003763213795743, 18.142571269677816], [-16.003725610574154, 18.142607615335884], [-16.00364999157681, 18.14260800973506], [-16.00361238832319, 18.142644355372386], [-16.003574785054038, 18.14268070100299], [-16.00353718176935, 18.142717046626874], [-16.00349957846913, 18.14275339224403], [-16.003461975153375, 18.142789737854443], [-16.00342437182208, 18.142826083458164], [-16.003348752723827, 18.142826477743544], [-16.00331114936051, 18.142862823326514], [-16.003273545981653, 18.14289916890275], [-16.003235942587267, 18.142935514472267], [-16.003198339177345, 18.14297186003506], [-16.003160735751894, 18.143008205591123], [-16.003123132310897, 18.143044551140473], [-16.003047513111735, 18.143044945312077], [-16.00300990963871, 18.14308129084068], [-16.002972306150156, 18.14311763636255], [-16.00293470264607, 18.1431539818777], [-16.002897099126443, 18.143190327386126], [-16.002821479859367, 18.143190721471967], [-16.002783876307706, 18.14322706695965], [-16.002746272740517, 18.143263412440614], [-16.002708669157794, 18.143299757914853], [-16.00267106555954, 18.143336103382353], [-16.002633461945745, 18.143372448843127], [-16.002616725014803, 18.14338862577781], [-16.00122752938288, 18.141116831377392]]]}}, {"type": "Feature", "properties": {"hex_id": 264, "utci_present": 34.49, "utci_2050": 38.85, "utci_2090": 42.25, "utci": 34.49}, "geometry": {"type": "Polygon", "coordinates": [[[-15.997955221737143, 18.13049561143252], [-16.00116700514551, 18.13047893851328], [-16.002788046961236, 18.13313005499772], [-16.00119726206109, 18.13579788643739], [-15.997985381626668, 18.135814564578315], [-15.996364383129569, 18.13316340605774], [-15.997955221737143, 18.13049561143252]]]}}, {"type": "Feature", "properties": {"hex_id": 303, "utci_present": 34.64, "utci_2050": 39.04, "utci_2090": 42.48, "utci": 34.64}, "geometry": {"type": "Polygon", "coordinates": [[[-15.993152546030458, 18.133180001245144], [-15.996364383129569, 18.13316340605774], [-15.997985381626668, 18.135814564578315], [-15.996394499683785, 18.138482360316353], [-15.993182565541215, 18.138498960700435], [-15.991561610396106, 18.135847760149655], [-15.993152546030458, 18.133180001245144]]]}}, {"type": "Feature", "properties": {"hex_id": 265, "utci_present": 33.88, "utci_2050": 38.1, "utci_2090": 41.34, "utci": 33.88}, "geometry": {"type": "Polygon", "coordinates": [[[-15.997985381626668, 18.135814564578315], [-16.00119726206109, 18.13579788643739], [-16.002818357600926, 18.13844899881267], [-16.00122752938288, 18.141116831377392], [-15.998015551889038, 18.141133514740293], [-15.996394499683785, 18.138482360316353], [-15.997985381626668, 18.135814564578315]]]}}, {"type": "Feature", "properties": {"hex_id": 304, "utci_present": 34.35, "utci_2050": 38.69, "utci_2090": 42.06, "utci": 34.35}, "geometry": {"type": "Polygon", "coordinates": [[[-15.993182565541215, 18.138498960700435], [-15.996394499683785, 18.138482360316353], [-15.998015551889038, 18.141133514740293], [-15.996424626594887, 18.143801311590934], [-15.993212595375484, 18.143817917171994], [-15.991591586538185, 18.141166720705296], [-15.993182565541215, 18.138498960700435]]]}}, {"type": "Feature", "properties": {"hex_id": 266, "utci_present": 33.9, "utci_2050": 38.12, "utci_2090": 41.38, "utci": 33.9}, "geometry": {"type": "Polygon", "coordinates": [[[-15.996424626594887, 18.143801311590934], [-15.998015551889038, 18.141133514740293], [-16.00122752938288, 18.141116831377392], [-16.002616725014803, 18.14338862577781], [-16.002595858316422, 18.14340879429718], [-16.002520238948428, 18.14340918826925], [-16.00248263528707, 18.14344553370256], [-16.002445031610176, 18.143481879129148], [-16.00240742791775, 18.143518224549013], [-16.00236982420979, 18.14355456996215], [-16.002294204773886, 18.143554963848448], [-16.002256601033892, 18.14359130924084], [-16.002218997278366, 18.143627654626506], [-16.002181393507303, 18.143664000005447], [-16.00214378972071, 18.143700345377663], [-16.002068170216887, 18.14370073917819], [-16.00203056639826, 18.143737084529683], [-16.001992962564103, 18.14377342987442], [-16.001955358714397, 18.14380977521244], [-16.001917754849167, 18.143846120543735], [-16.001842135277435, 18.1438465142585], [-16.00180453138017, 18.143882859569057], [-16.00176692746737, 18.143919204872876], [-16.001729323539035, 18.143955550169977], [-16.001691719595172, 18.14399189546035], [-16.001616099955523, 18.14399228908935], [-16.001578495979626, 18.14402863435897], [-16.00154089198819, 18.144064979621877], [-16.001503287981215, 18.144101324878047], [-16.00146568395871, 18.1441376701275], [-16.001390064251154, 18.144138063670724], [-16.001352460196617, 18.14417440889943], [-16.001314856126545, 18.144210754121413], [-16.001239236384073, 18.1442111476069], [-16.001201632281965, 18.14424749280813], [-16.001164028164325, 18.144283838002643], [-16.00112642403115, 18.144320183190416], [-16.001088819882437, 18.144356528371468], [-16.001013200072055, 18.144356921771188], [-16.000975595891312, 18.144393266931488], [-16.000937991695036, 18.144429612085066], [-16.00086237184974, 18.14443000542705], [-16.000824767621424, 18.14446635055989], [-16.00078716337758, 18.144502695685997], [-16.000749559118198, 18.14453904080537], [-16.00071195484328, 18.14457538591801], [-16.000636334930075, 18.144575779174225], [-16.000598730623125, 18.144612124266125], [-16.00056112630064, 18.144648469351303], [-16.000485506352522, 18.144648862549772], [-16.000447901998, 18.144685207614202], [-16.000410297627948, 18.144721552671903], [-16.00037269324236, 18.144757897722883], [-16.00033508884123, 18.14479424276712], [-16.000259468825206, 18.14479463587982], [-16.00022186439205, 18.144830980903315], [-16.000184259943353, 18.144867325920078], [-16.000108639892414, 18.144867718975032], [-16.00007103541169, 18.144904063971055], [-16.000033430915426, 18.144940408960352], [-15.999957810829573, 18.144940801957564], [-15.999920206301278, 18.144977146926106], [-15.999882601757449, 18.145013491887926], [-15.999806981636683, 18.14501388482739], [-15.999769377060819, 18.145050229768458], [-15.999731772469422, 18.1450865747028], [-15.99965615231374, 18.145086967584515], [-15.999618547690309, 18.14512331249811], [-15.999580943051342, 18.14515965740498], [-15.999543338396839, 18.145196002305127], [-15.9995057337268, 18.14523234719853], [-15.999430113503216, 18.145232739994462], [-15.999392508801144, 18.145269084867124], [-15.999354904083534, 18.145305429733053], [-15.99927928382504, 18.145305822471244], [-15.999241679075396, 18.145342167316432], [-15.99920407431022, 18.14537851215488], [-15.999128454016814, 18.145378904835322], [-15.999090849219604, 18.145415249653034], [-15.999053244406857, 18.145451594464006], [-15.998977624078544, 18.1454519870867], [-15.998902003748306, 18.145452379679696], [-15.998864398887033, 18.1454887244559], [-15.99882679401022, 18.145525069225382], [-15.998751173645076, 18.14552546176062], [-15.998713568736232, 18.145561806509345], [-15.99867596381185, 18.145598151251342], [-15.998600343411793, 18.14559854372884], [-15.998562738455382, 18.145634888450083], [-15.998525133483431, 18.145671233164602], [-15.998449513048469, 18.145671625584352], [-15.998411908044487, 18.145707970278114], [-15.998374303024967, 18.145744314965157], [-15.998298682555095, 18.145744707327157], [-15.998261077503544, 18.145781051993435], [-15.998223472436456, 18.14581739665299], [-15.998147851931675, 18.145817788957235], [-15.998072231424974, 18.14581818123177], [-15.998034626309357, 18.145854525856553], [-15.997997021178204, 18.14589087047462], [-15.9979214006366, 18.1458912626914], [-15.997883795473411, 18.145927607288705], [-15.99784619029469, 18.145963951879267], [-15.997770569718176, 18.14596434403831], [-15.997747330931842, 18.145964464545838], [-15.996424626594887, 18.143801311590934]]]}}, {"type": "Feature", "properties": {"hex_id": 305, "utci_present": 33.98, "utci_2050": 38.23, "utci_2090": 41.5, "utci": 33.98}, "geometry": {"type": "Polygon", "coordinates": [[[-15.991621572987814, 18.146485678276985], [-15.993212595375484, 18.143817917171994], [-15.996424626594887, 18.143801311590934], [-15.997747330931842, 18.145964464545838], [-15.997694949139749, 18.14596473616765], [-15.997657343912497, 18.146001080723437], [-15.99761973866971, 18.146037425272507], [-15.997544118056375, 18.14603781734409], [-15.997506512781552, 18.146074161872402], [-15.997468907491196, 18.14611050639398], [-15.997393286842955, 18.146110898407812], [-15.997317666192796, 18.14611129039194], [-15.99728006085391, 18.14614763487874], [-15.997242455499492, 18.146183979358817], [-15.997166834814426, 18.146184371285184], [-15.99709121412745, 18.14618476318185], [-15.997053608724501, 18.146221107627145], [-15.997016003306014, 18.14625745206571], [-15.99694038258413, 18.146257843904625], [-15.996864761860332, 18.14625823571382], [-15.996827156393321, 18.1462945801176], [-15.99678955091077, 18.146330924514682], [-15.996713930152065, 18.146331316266124], [-15.996638309391448, 18.14633170798784], [-15.996600703860372, 18.146368052350137], [-15.996563098313757, 18.146404396705687], [-15.996487477518238, 18.146404788369665], [-15.996411856720803, 18.14640518000393], [-15.99637425112566, 18.146441524324715], [-15.996336645514985, 18.146477868638765], [-15.996261024682646, 18.14647826021527], [-15.996185403848397, 18.14647865176208], [-15.996109783012233, 18.146479043279165], [-15.996072177336533, 18.14651538754441], [-15.996034571645296, 18.14655173180292], [-15.995958950774229, 18.146552123262264], [-15.995883329901252, 18.14655251469189], [-15.995807709026359, 18.146552906091802], [-15.995770103270102, 18.14658925030152], [-15.99573249749831, 18.146625594504496], [-15.995656876588518, 18.146625985846658], [-15.995581255676813, 18.146626377159112], [-15.995505634763195, 18.14662676844185], [-15.995430013847667, 18.14662715969488], [-15.995392407994363, 18.146663503835025], [-15.995354802125513, 18.146699847968442], [-15.995279181175087, 18.146700239163717], [-15.995203560222748, 18.146700630329274], [-15.995127939268496, 18.146701021465127], [-15.995052318312332, 18.14670141257127], [-15.99497669735426, 18.146701803647687], [-15.99493909138741, 18.14673814770426], [-15.99490148540502, 18.146774491754105], [-15.994825864412046, 18.146774882772768], [-15.994750243417167, 18.14677527376173], [-15.994674622420371, 18.146775664720977], [-15.994599001421669, 18.146776055650523], [-15.994523380421057, 18.14677644655034], [-15.99444775941853, 18.14677683742046], [-15.994410153321647, 18.146813181379418], [-15.994372547209222, 18.146849525331636], [-15.9942969261718, 18.146849916143992], [-15.994221305132474, 18.14685030692664], [-15.994145684091233, 18.14685069767957], [-15.994070063048085, 18.146851088402805], [-15.993994442003029, 18.146851479096316], [-15.99391882095606, 18.14685186976012], [-15.993843199907184, 18.1468522603942], [-15.9937675788564, 18.146852650998582], [-15.993691957803705, 18.146853041573262], [-15.9936163367491, 18.14685343211821], [-15.99354071569259, 18.14685382263346], [-15.993465094634173, 18.146854213118996], [-15.993389473573846, 18.14685460357482], [-15.993313852511609, 18.146854994000932], [-15.993238231447465, 18.146855384397337], [-15.993162610381413, 18.14685577476403], [-15.993086989313458, 18.14685616510102], [-15.993011368243591, 18.14685655540828], [-15.992935747171819, 18.14685694568584], [-15.992860126098137, 18.146857335933692], [-15.99278450502255, 18.146857726151833], [-15.992708883945054, 18.146858116340255], [-15.992633262865654, 18.14685850649897], [-15.992557641784346, 18.146858896627972], [-15.992519627225859, 18.146822943125677], [-15.992481612682912, 18.14678698961497], [-15.992405991628868, 18.1467873796829], [-15.992330370572917, 18.146787769721104], [-15.992254749515062, 18.146788159729613], [-15.992179128455298, 18.146788549708393], [-15.99210350739363, 18.146788939657487], [-15.992027886330057, 18.146789329576848], [-15.991989871890155, 18.146753375963637], [-15.991951857465793, 18.146717422342046], [-15.991876236429485, 18.146717812200343], [-15.991800615391274, 18.146718202028914], [-15.991763862261008, 18.1467183914816], [-15.991621572987814, 18.146485678276985]]]}}, {"type": "Feature", "properties": {"hex_id": 336, "utci_present": 34.56, "utci_2050": 38.92, "utci_2090": 42.32, "utci": 34.56}, "geometry": {"type": "Polygon", "coordinates": [[[-15.988140853610092, 18.098631434009818], [-15.991352065891933, 18.09861495277315], [-15.99297264567891, 18.10126618189766], [-15.991381969921498, 18.103933934195236], [-15.98817066081226, 18.103950420601468], [-15.98655012429894, 18.101299149540424], [-15.988140853610092, 18.098631434009818]]]}}, {"type": "Feature", "properties": {"hex_id": 375, "utci_present": 34.76, "utci_2050": 39.15, "utci_2090": 42.58, "utci": 34.76}, "geometry": {"type": "Polygon", "coordinates": [[[-15.983338858480028, 18.101315553168984], [-15.98655012429894, 18.101299149540424], [-15.98817066081226, 18.103950420601468], [-15.986579888210782, 18.10661813722156], [-15.983368525547087, 18.106634545994687], [-15.981748032340763, 18.103983233003024], [-15.983338858480028, 18.101315553168984]]]}}, {"type": "Feature", "properties": {"hex_id": 337, "utci_present": 34.57, "utci_2050": 38.94, "utci_2090": 42.34, "utci": 34.57}, "geometry": {"type": "Polygon", "coordinates": [[[-15.98817066081226, 18.103950420601468], [-15.991381969921498, 18.103933934195236], [-15.99300260327888, 18.106585159239373], [-15.99141188424853, 18.109252912638674], [-15.988200478278559, 18.10926940421477], [-15.986579888210782, 18.10661813722156], [-15.98817066081226, 18.103950420601468]]]}}, {"type": "Feature", "properties": {"hex_id": 415, "utci_present": 35.14, "utci_2050": 39.66, "utci_2090": 43.23, "utci": 35.14}, "geometry": {"type": "Polygon", "coordinates": [[[-15.978536713000732, 18.103999558997856], [-15.981748032340763, 18.103983233003024], [-15.983368525547087, 18.106634545994687], [-15.98177765608416, 18.109302226905747], [-15.978566239881966, 18.109318558020146], [-15.976945790015979, 18.106667203103775], [-15.978536713000732, 18.103999558997856]]]}}, {"type": "Feature", "properties": {"hex_id": 376, "utci_present": 34.38, "utci_2050": 38.68, "utci_2090": 42.03, "utci": 34.38}, "geometry": {"type": "Polygon", "coordinates": [[[-15.983368525547087, 18.106634545994687], [-15.986579888210782, 18.10661813722156], [-15.988200478278559, 18.10926940421477], [-15.9866096623708, 18.11193712192412], [-15.983398202828983, 18.111953535842115], [-15.98177765608416, 18.109302226905747], [-15.983368525547087, 18.106634545994687]]]}}, {"type": "Feature", "properties": {"hex_id": 338, "utci_present": 34.68, "utci_2050": 39.04, "utci_2090": 42.45, "utci": 34.68}, "geometry": {"type": "Polygon", "coordinates": [[[-15.988200478278559, 18.10926940421477], [-15.99141188424853, 18.109252912638674], [-15.993032571193712, 18.11190413360191], [-15.99144180887447, 18.114571888102706], [-15.98823030601042, 18.114588384848965], [-15.9866096623708, 18.11193712192412], [-15.988200478278559, 18.10926940421477]]]}}, {"type": "Feature", "properties": {"hex_id": 416, "utci_present": 35.16, "utci_2050": 39.68, "utci_2090": 43.26, "utci": 35.16}, "geometry": {"type": "Polygon", "coordinates": [[[-15.978566239881966, 18.109318558020146], [-15.98177765608416, 18.109302226905747], [-15.983398202828983, 18.111953535842115], [-15.981807290026433, 18.114621217829978], [-15.978595776928731, 18.11463755406423], [-15.976975273540205, 18.11198620319062], [-15.978566239881966, 18.109318558020146]]]}}, {"type": "Feature", "properties": {"hex_id": 377, "utci_present": 35.05, "utci_2050": 39.55, "utci_2090": 43.1, "utci": 35.05}, "geometry": {"type": "Polygon", "coordinates": [[[-15.983398202828983, 18.111953535842115], [-15.9866096623708, 18.11193712192412], [-15.98823030601042, 18.114588384848965], [-15.98663944678043, 18.117256103647353], [-15.983427890327144, 18.117272522710508], [-15.981807290026435, 18.114621217829978], [-15.983398202828983, 18.111953535842115]]]}}, {"type": "Feature", "properties": {"hex_id": 417, "utci_present": 35.05, "utci_2050": 39.55, "utci_2090": 43.09, "utci": 35.05}, "geometry": {"type": "Polygon", "coordinates": [[[-15.978595776928731, 18.11463755406423], [-15.981807290026433, 18.114621217829978], [-15.983427890327144, 18.117272522710508], [-15.981836934169007, 18.119940205774938], [-15.978625324142449, 18.119956547129345], [-15.977004767213998, 18.11730520029904], [-15.978595776928731, 18.11463755406423]]]}}, {"type": "Feature", "properties": {"hex_id": 339, "utci_present": 34.92, "utci_2050": 39.38, "utci_2090": 42.9, "utci": 34.92}, "geometry": {"type": "Polygon", "coordinates": [[[-15.98823030601042, 18.114588384848965], [-15.99144180887447, 18.114571888102706], [-15.993062549424842, 18.117223104984518], [-15.991471743800762, 18.11989086058659], [-15.988260144009283, 18.119907362503305], [-15.98663944678043, 18.117256103647353], [-15.98823030601042, 18.114588384848965]]]}}, {"type": "Feature", "properties": {"hex_id": 532, "utci_present": 34.59, "utci_2050": 38.92, "utci_2090": 42.31, "utci": 34.59}, "geometry": {"type": "Polygon", "coordinates": [[[-15.964100278450065, 18.106731875566382], [-15.967311661376717, 18.106715787670787], [-15.96893197098878, 18.10936723043597], [-15.9673408542609, 18.11203480299102], [-15.964129374453293, 18.112050895930874], [-15.962509108265634, 18.109399411271283], [-15.964100278450065, 18.106731875566382]]]}}, {"type": "Feature", "properties": {"hex_id": 494, "utci_present": 34.8, "utci_2050": 39.2, "utci_2090": 42.65, "utci": 34.8}, "geometry": {"type": "Polygon", "coordinates": [[[-15.96893197098878, 18.10936723043597], [-15.97214339732316, 18.109351059785496], [-15.973763803815471, 18.11200245662065], [-15.972172740577491, 18.114670066019002], [-15.968961217346184, 18.114686241739033], [-15.9673408542609, 18.11203480299102], [-15.96893197098878, 18.10936723043597]]]}}, {"type": "Feature", "properties": {"hex_id": 455, "utci_present": 35.24, "utci_2050": 39.79, "utci_2090": 43.39, "utci": 35.24}, "geometry": {"type": "Polygon", "coordinates": [[[-15.973763803815471, 18.11200245662065], [-15.976975273540205, 18.11198620319062], [-15.978595776928731, 18.11463755406423], [-15.977004767213998, 18.11730520029904], [-15.973793200576376, 18.11732145882392], [-15.972172740577491, 18.114670066019002], [-15.973763803815471, 18.11200245662065]]]}}, {"type": "Feature", "properties": {"hex_id": 533, "utci_present": 34.75, "utci_2050": 39.19, "utci_2090": 42.67, "utci": 34.75}, "geometry": {"type": "Polygon", "coordinates": [[[-15.964129374453293, 18.112050895930874], [-15.9673408542609, 18.11203480299102], [-15.968961217346184, 18.114686241739033], [-15.967370057194607, 18.117353815333697], [-15.964158480472701, 18.1173699133181], [-15.962538160827789, 18.114718432663157], [-15.964129374453293, 18.112050895930874]]]}}, {"type": "Feature", "properties": {"hex_id": 495, "utci_present": 35.1, "utci_2050": 39.62, "utci_2090": 43.18, "utci": 35.1}, "geometry": {"type": "Polygon", "coordinates": [[[-15.968961217346184, 18.114686241739033], [-15.972172740577491, 18.114670066019002], [-15.973793200576372, 18.11732145882392], [-15.972202093932076, 18.119989069274133], [-15.968990473770496, 18.12000525006402], [-15.967370057194607, 18.117353815333697], [-15.968961217346184, 18.114686241739033]]]}}, {"type": "Feature", "properties": {"hex_id": 456, "utci_present": 35.07, "utci_2050": 39.55, "utci_2090": 43.08, "utci": 35.07}, "geometry": {"type": "Polygon", "coordinates": [[[-15.973793200576376, 18.11732145882392], [-15.977004767213998, 18.11730520029904], [-15.978625324142449, 18.119956547129345], [-15.977034271038782, 18.122624194428262], [-15.973822607454915, 18.1226404580483], [-15.972202093932076, 18.119989069274133], [-15.973793200576376, 18.11732145882392]]]}}, {"type": "Feature", "properties": {"hex_id": 534, "utci_present": 34.99, "utci_2050": 39.48, "utci_2090": 43.03, "utci": 34.99}, "geometry": {"type": "Polygon", "coordinates": [[[-15.964158480472701, 18.1173699133181], [-15.967370057194607, 18.117353815333697], [-15.968990473770496, 18.12000525006402], [-15.967399270179246, 18.122672824698075], [-15.964187596509689, 18.122688927727328], [-15.962567223390149, 18.120037451077543], [-15.964158480472701, 18.1173699133181]]]}}, {"type": "Feature", "properties": {"hex_id": 496, "utci_present": 35.17, "utci_2050": 39.7, "utci_2090": 43.28, "utci": 35.17}, "geometry": {"type": "Polygon", "coordinates": [[[-15.968990473770496, 18.12000525006402], [-15.972202093932076, 18.119989069274133], [-15.973822607454911, 18.1226404580483], [-15.972231457388324, 18.125308069550144], [-15.96901974026312, 18.12532425541017], [-15.967399270179246, 18.122672824698075], [-15.968990473770496, 18.12000525006402]]]}}, {"type": "Feature", "properties": {"hex_id": 457, "utci_present": 34.95, "utci_2050": 39.41, "utci_2090": 42.92, "utci": 34.95}, "geometry": {"type": "Polygon", "coordinates": [[[-15.973822607454915, 18.1226404580483], [-15.977034271038782, 18.122624194428262], [-15.97865488152454, 18.125275537214748], [-15.977063785015972, 18.127943185577525], [-15.973852024452503, 18.12795945429302], [-15.972231457388324, 18.125308069550144], [-15.973822607454915, 18.1226404580483]]]}}, {"type": "Feature", "properties": {"hex_id": 535, "utci_present": 34.7, "utci_2050": 39.09, "utci_2090": 42.52, "utci": 34.7}, "geometry": {"type": "Polygon", "coordinates": [[[-15.964187596509689, 18.122688927727328], [-15.967399270179246, 18.122672824698075], [-15.96901974026312, 18.12532425541017], [-15.967428493216223, 18.127991831083392], [-15.964216722565656, 18.128007939157783], [-15.962596295954109, 18.125356466513686], [-15.964187596509689, 18.122688927727328]]]}}, {"type": "Feature", "properties": {"hex_id": 571, "utci_present": 35.06, "utci_2050": 39.56, "utci_2090": 43.11, "utci": 35.06}, "geometry": {"type": "Polygon", "coordinates": [[[-15.959268726200733, 18.104096392068083], [-15.962480065702286, 18.104080386902684], [-15.964100278450065, 18.106731875566382], [-15.962509108265634, 18.109399411271283], [-15.959297671899098, 18.109415421455637], [-15.95767750259309, 18.106763890915996], [-15.959268726200733, 18.104096392068083]]]}}, {"type": "Feature", "properties": {"hex_id": 610, "utci_present": 35.28, "utci_2050": 39.89, "utci_2090": 43.55, "utci": 35.28}, "geometry": {"type": "Polygon", "coordinates": [[[-15.954466109684997, 18.106779818369535], [-15.95767750259309, 18.106763890915996], [-15.959297671899098, 18.109415421455637], [-15.957706404833017, 18.112082921318706], [-15.954494915042575, 18.112098853766195], [-15.952874789211684, 18.109447281356537], [-15.954466109684997, 18.106779818369535]]]}}, {"type": "Feature", "properties": {"hex_id": 572, "utci_present": 34.97, "utci_2050": 39.46, "utci_2090": 43.0, "utci": 34.97}, "geometry": {"type": "Polygon", "coordinates": [[[-15.959297671899098, 18.109415421455637], [-15.962509108265634, 18.109399411271283], [-15.964129374453293, 18.112050895930874], [-15.962538160827789, 18.114718432663157], [-15.959326627562929, 18.114734447866763], [-15.957706404833017, 18.112082921318706], [-15.959297671899098, 18.109415421455637]]]}}, {"type": "Feature", "properties": {"hex_id": 611, "utci_present": 34.95, "utci_2050": 39.47, "utci_2090": 43.04, "utci": 34.95}, "geometry": {"type": "Polygon", "coordinates": [[[-15.954494915042575, 18.112098853766195], [-15.957706404833017, 18.112082921318706], [-15.959326627562929, 18.114734447866763], [-15.957735317022424, 18.117401948744735], [-15.954523730316287, 18.117417886186473], [-15.95290355107747, 18.114766317755862], [-15.954494915042575, 18.112098853766195]]]}}, {"type": "Feature", "properties": {"hex_id": 573, "utci_present": 34.93, "utci_2050": 39.4, "utci_2090": 42.92, "utci": 34.93}, "geometry": {"type": "Polygon", "coordinates": [[[-15.959326627562929, 18.114734447866763], [-15.962538160827789, 18.114718432663157], [-15.964158480472701, 18.1173699133181], [-15.962567223390149, 18.120037451077543], [-15.959355593193614, 18.120053471300693], [-15.957735317022424, 18.117401948744735], [-15.959326627562929, 18.114734447866763]]]}}, {"type": "Feature", "properties": {"hex_id": 612, "utci_present": 34.89, "utci_2050": 39.35, "utci_2090": 42.86, "utci": 34.89}, "geometry": {"type": "Polygon", "coordinates": [[[-15.954523730316287, 18.117417886186473], [-15.957735317022424, 18.117401948744735], [-15.959355593193614, 18.120053471300693], [-15.957764239162707, 18.122720973193342], [-15.954552555507522, 18.122736915629623], [-15.952932322843411, 18.12008535117858], [-15.954523730316287, 18.117417886186473]]]}}, {"type": "Feature", "properties": {"hex_id": 574, "utci_present": 34.83, "utci_2050": 39.28, "utci_2090": 42.78, "utci": 34.83}, "geometry": {"type": "Polygon", "coordinates": [[[-15.959355593193614, 18.120053471300693], [-15.962567223390149, 18.120037451077543], [-15.964187596509689, 18.122688927727328], [-15.962596295954109, 18.125356466513686], [-15.959384568792544, 18.125372491756675], [-15.957764239162707, 18.122720973193342], [-15.959355593193614, 18.120053471300693]]]}}, {"type": "Feature", "properties": {"hex_id": 613, "utci_present": 34.61, "utci_2050": 38.99, "utci_2090": 42.42, "utci": 34.61}, "geometry": {"type": "Polygon", "coordinates": [[[-15.954552555507522, 18.122736915629623], [-15.957764239162707, 18.122720973193342], [-15.959384568792544, 18.125372491756675], [-15.957793171255256, 18.128039994663762], [-15.954581390617667, 18.12805594209487], [-15.952961104510893, 18.125404381623927], [-15.954552555507522, 18.122736915629623]]]}}, {"type": "Feature", "properties": {"hex_id": 575, "utci_present": 34.71, "utci_2050": 39.11, "utci_2090": 42.56, "utci": 34.71}, "geometry": {"type": "Polygon", "coordinates": [[[-15.959384568792544, 18.125372491756675], [-15.962596295954109, 18.125356466513686], [-15.964216722565656, 18.128007939157783], [-15.96262537852107, 18.130675478970822], [-15.959413554361115, 18.130691509233944], [-15.957793171255256, 18.128039994663762], [-15.959384568792544, 18.125372491756675]]]}}, {"type": "Feature", "properties": {"hex_id": 614, "utci_present": 34.27, "utci_2050": 38.59, "utci_2090": 41.94, "utci": 34.27}, "geometry": {"type": "Polygon", "coordinates": [[[-15.954581390617667, 18.12805594209487], [-15.957793171255256, 18.128039994663762], [-15.959413554361115, 18.130691509233944], [-15.957822113301459, 18.13335901315525], [-15.954610235648104, 18.133374965581474], [-15.952989896081291, 18.130723409091146], [-15.954581390617667, 18.12805594209487]]]}}, {"type": "Feature", "properties": {"hex_id": 378, "utci_present": 35.08, "utci_2050": 39.6, "utci_2090": 43.17, "utci": 35.08}, "geometry": {"type": "Polygon", "coordinates": [[[-15.983427890327144, 18.117272522710508], [-15.98663944678043, 18.117256103647353], [-15.988260144009283, 18.119907362503305], [-15.986669241441097, 18.1225750823905], [-15.983457588042992, 18.12259150659911], [-15.98183693416901, 18.119940205774938], [-15.983427890327144, 18.117272522710508]]]}}, {"type": "Feature", "properties": {"hex_id": 418, "utci_present": 34.92, "utci_2050": 39.38, "utci_2090": 42.88, "utci": 34.92}, "geometry": {"type": "Polygon", "coordinates": [[[-15.978625324142449, 18.119956547129345], [-15.981836934169007, 18.119940205774938], [-15.983457588042992, 18.12259150659911], [-15.98186658851331, 18.12525919073988], [-15.97865488152454, 18.125275537214748], [-15.977034271038782, 18.122624194428262], [-15.978625324142449, 18.119956547129345]]]}}, {"type": "Feature", "properties": {"hex_id": 340, "utci_present": 34.96, "utci_2050": 39.43, "utci_2090": 42.95, "utci": 34.96}, "geometry": {"type": "Polygon", "coordinates": [[[-15.988260144009283, 18.119907362503305], [-15.991471743800762, 18.11989086058659], [-15.993092537973716, 18.12254207338643], [-15.991501689028834, 18.12520983008954], [-15.988289992276577, 18.125226337177025], [-15.986669241441097, 18.1225750823905], [-15.988260144009283, 18.119907362503305]]]}}, {"type": "Feature", "properties": {"hex_id": 379, "utci_present": 34.83, "utci_2050": 39.27, "utci_2090": 42.76, "utci": 34.83}, "geometry": {"type": "Polygon", "coordinates": [[[-15.983457588042992, 18.12259150659911], [-15.986669241441097, 18.1225750823905], [-15.988289992276577, 18.125226337177025], [-15.98669904635424, 18.127894058152794], [-15.983487295977957, 18.12791048750717], [-15.98186658851331, 18.12525919073988], [-15.983457588042992, 18.12259150659911]]]}}, {"type": "Feature", "properties": {"hex_id": 341, "utci_present": 35.0, "utci_2050": 39.47, "utci_2090": 42.99, "utci": 35.0}, "geometry": {"type": "Polygon", "coordinates": [[[-15.988289992276577, 18.125226337177025], [-15.991501689028834, 18.12520983008954], [-15.993122536841774, 18.12786103880689], [-15.991531644560139, 18.130528796610815], [-15.98831985081374, 18.13054530886937], [-15.98669904635424, 18.127894058152794], [-15.988289992276577, 18.125226337177025]]]}}, {"type": "Feature", "properties": {"hex_id": 419, "utci_present": 34.34, "utci_2050": 38.67, "utci_2090": 42.04, "utci": 34.34}, "geometry": {"type": "Polygon", "coordinates": [[[-15.97865488152454, 18.125275537214748], [-15.98186658851331, 18.12525919073988], [-15.983487295977957, 18.12791048750717], [-15.981896253060764, 18.130578172724046], [-15.978684449076425, 18.130594524319672], [-15.977063785015972, 18.127943185577525], [-15.97865488152454, 18.125275537214748]]]}}, {"type": "Feature", "properties": {"hex_id": 380, "utci_present": 34.25, "utci_2050": 38.57, "utci_2090": 41.92, "utci": 34.25}, "geometry": {"type": "Polygon", "coordinates": [[[-15.983487295977957, 18.12791048750717], [-15.98669904635424, 18.127894058152794], [-15.98831985081374, 18.13054530886937], [-15.98672886152129, 18.133213030933486], [-15.983517014133472, 18.133229465433924], [-15.981896253060764, 18.130578172724046], [-15.983487295977957, 18.12791048750717]]]}}, {"type": "Feature", "properties": {"hex_id": 342, "utci_present": 34.94, "utci_2050": 39.4, "utci_2090": 42.92, "utci": 34.94}, "geometry": {"type": "Polygon", "coordinates": [[[-15.98831985081374, 18.13054530886937], [-15.991531644560139, 18.130528796610815], [-15.993152546030458, 18.133180001245144], [-15.991561610396106, 18.135847760149655], [-15.98834971962221, 18.13586427757958], [-15.98672886152129, 18.133213030933486], [-15.98831985081374, 18.13054530886937]]]}}, {"type": "Feature", "properties": {"hex_id": 420, "utci_present": 33.85, "utci_2050": 38.07, "utci_2090": 41.31, "utci": 33.85}, "geometry": {"type": "Polygon", "coordinates": [[[-15.978684449076425, 18.130594524319672], [-15.981896253060764, 18.130578172724046], [-15.983517014133472, 18.133229465433924], [-15.981925927812798, 18.135897151726677], [-15.978714026799528, 18.135913508443355], [-15.977093309146982, 18.13326217374609], [-15.978684449076425, 18.130594524319672]]]}}, {"type": "Feature", "properties": {"hex_id": 381, "utci_present": 34.0, "utci_2050": 38.25, "utci_2090": 41.53, "utci": 34.0}, "geometry": {"type": "Polygon", "coordinates": [[[-15.983517014133472, 18.133229465433924], [-15.98672886152129, 18.133213030933486], [-15.98834971962221, 18.13586427757958], [-15.986758686943677, 18.13853200073181], [-15.98354674251096, 18.13854844037861], [-15.981925927812798, 18.135897151726677], [-15.983517014133472, 18.133229465433924]]]}}, {"type": "Feature", "properties": {"hex_id": 497, "utci_present": 35.06, "utci_2050": 39.57, "utci_2090": 43.13, "utci": 35.06}, "geometry": {"type": "Polygon", "coordinates": [[[-15.96901974026312, 18.12532425541017], [-15.972231457388324, 18.125308069550144], [-15.973852024452503, 18.12795945429302], [-15.972260830947652, 18.130627066846262], [-15.96904901682546, 18.130643257776736], [-15.967428493216223, 18.127991831083392], [-15.96901974026312, 18.12532425541017]]]}}, {"type": "Feature", "properties": {"hex_id": 536, "utci_present": 35.07, "utci_2050": 39.59, "utci_2090": 43.16, "utci": 35.07}, "geometry": {"type": "Polygon", "coordinates": [[[-15.964216722565656, 18.128007939157783], [-15.967428493216223, 18.127991831083392], [-15.96904901682546, 18.130643257776736], [-15.967457726306941, 18.13331083448888], [-15.964245858642, 18.13332694760871], [-15.96262537852107, 18.130675478970822], [-15.964216722565656, 18.128007939157783]]]}}, {"type": "Feature", "properties": {"hex_id": 458, "utci_present": 34.33, "utci_2050": 38.65, "utci_2090": 42.02, "utci": 34.33}, "geometry": {"type": "Polygon", "coordinates": [[[-15.973852024452503, 18.12795945429302], [-15.977063785015972, 18.127943185577525], [-15.978684449076425, 18.130594524319672], [-15.977093309146982, 18.13326217374609], [-15.973881451570556, 18.133278447557334], [-15.972260830947652, 18.130627066846262], [-15.973852024452503, 18.12795945429302]]]}}, {"type": "Feature", "properties": {"hex_id": 498, "utci_present": 34.54, "utci_2050": 38.91, "utci_2090": 42.32, "utci": 34.54}, "geometry": {"type": "Polygon", "coordinates": [[[-15.96904901682546, 18.130643257776736], [-15.972260830947652, 18.130627066846262], [-15.973881451570556, 18.133278447557334], [-15.97229021461147, 18.135946061161746], [-15.969078303458927, 18.13596225716296], [-15.967457726306941, 18.13331083448888], [-15.96904901682546, 18.130643257776736]]]}}, {"type": "Feature", "properties": {"hex_id": 537, "utci_present": 34.64, "utci_2050": 39.04, "utci_2090": 42.47, "utci": 34.64}, "geometry": {"type": "Polygon", "coordinates": [[[-15.964245858642, 18.13332694760871], [-15.967457726306941, 18.13331083448888], [-15.969078303458927, 18.13596225716296], [-15.967486969452809, 18.1386298349138], [-15.964275004740133, 18.138645953079354], [-15.962654471092431, 18.13599448844821], [-15.964245858642, 18.13332694760871]]]}}, {"type": "Feature", "properties": {"hex_id": 459, "utci_present": 33.93, "utci_2050": 38.16, "utci_2090": 41.42, "utci": 33.93}, "geometry": {"type": "Polygon", "coordinates": [[[-15.973881451570556, 18.133278447557334], [-15.977093309146982, 18.13326217374609], [-15.978714026799528, 18.135913508443355], [-15.977122843433241, 18.138581158933185], [-15.973910888810488, 18.138597437840474], [-15.97229021461147, 18.135946061161746], [-15.973881451570556, 18.133278447557334]]]}}, {"type": "Feature", "properties": {"hex_id": 499, "utci_present": 34.21, "utci_2050": 38.52, "utci_2090": 41.86, "utci": 34.21}, "geometry": {"type": "Polygon", "coordinates": [[[-15.969078303458927, 18.13596225716296], [-15.97229021461147, 18.135946061161746], [-15.973910888810488, 18.138597437840474], [-15.97231960838119, 18.141265052495825], [-15.969107600164929, 18.141281253568074], [-15.967486969452809, 18.1386298349138], [-15.969078303458927, 18.13596225716296]]]}}, {"type": "Feature", "properties": {"hex_id": 538, "utci_present": 34.52, "utci_2050": 38.89, "utci_2090": 42.29, "utci": 34.52}, "geometry": {"type": "Polygon", "coordinates": [[[-15.964275004740133, 18.138645953079354], [-15.967486969452809, 18.1386298349138], [-15.969107600164929, 18.141281253568074], [-15.96751622265523, 18.14394883235738], [-15.964304160861444, 18.143964955568958], [-15.962683573669592, 18.141313494945074], [-15.964275004740133, 18.138645953079354]]]}}, {"type": "Feature", "properties": {"hex_id": 460, "utci_present": 33.85, "utci_2050": 38.06, "utci_2090": 41.3, "utci": 33.85}, "geometry": {"type": "Polygon", "coordinates": [[[-15.97231960838119, 18.141265052495825], [-15.973910888810488, 18.138597437840474], [-15.977122843433241, 18.138581158933185], [-15.978743614695269, 18.14123248958505], [-15.978665767461376, 18.141363000602343], [-15.978612356521296, 18.141363272203307], [-15.978536737482257, 18.14136365670974], [-15.978499129032693, 18.141399997680967], [-15.9784615205676, 18.141436338645445], [-15.978385901493734, 18.141436723094113], [-15.97831028241799, 18.14143710751308], [-15.978234663340368, 18.141437491902344], [-15.978159044260865, 18.141437876261904], [-15.978083425179486, 18.14143826059177], [-15.978007806096224, 18.141438644891927], [-15.97793218701109, 18.141439029162377], [-15.977856567924075, 18.141439413403134], [-15.97778094883518, 18.141439797614186], [-15.977705329744408, 18.141440181795527], [-15.97766772109906, 18.141476522612926], [-15.977630112438177, 18.14151286342358], [-15.977554493312585, 18.141513247547163], [-15.977478874185117, 18.141513631641033], [-15.97740325505577, 18.141514015705212], [-15.977327635924548, 18.141514399739684], [-15.977252016791446, 18.141514783744455], [-15.977214408032673, 18.141551124478198], [-15.977176799258368, 18.141587465205188], [-15.977101180090447, 18.141587849152188], [-15.977025560920648, 18.141588233069484], [-15.976949941748977, 18.14158861695708], [-15.976912332909723, 18.141624957635216], [-15.976874724054937, 18.1416612983066], [-15.976799104848444, 18.141661682136434], [-15.976723485640079, 18.141662065936547], [-15.976647866429834, 18.141662449706963], [-15.976610257510101, 18.141698790329503], [-15.976572648574836, 18.141735130945307], [-15.976497029329776, 18.14173551465795], [-15.97642141008284, 18.14173589834089], [-15.976345790834028, 18.141736281994138], [-15.976308181833817, 18.14177262256107], [-15.976270572818072, 18.14180896312127], [-15.976194953534444, 18.141809346716737], [-15.97611933424894, 18.141809730282496], [-15.976081725184722, 18.14184607080787], [-15.97604411610497, 18.141882411326502], [-15.975968496784649, 18.14188279483449], [-15.975892877462456, 18.14188317831278], [-15.97585526833423, 18.14191951879659], [-15.97581765919047, 18.141955859273647], [-15.975742039833461, 18.141956242694157], [-15.975704430657698, 18.141992583150437], [-15.975666821466397, 18.14202892359997], [-15.975591202074574, 18.14202930696271], [-15.975515582680877, 18.142029690295747], [-15.975477973441105, 18.14206603071045], [-15.975440364185799, 18.142102371118412], [-15.975364744757288, 18.142102754393665], [-15.975289125326904, 18.142103137639225], [-15.975251516023127, 18.14213947801236], [-15.975213906703813, 18.142175818378753], [-15.975138287238613, 18.142176201566535], [-15.975100677887296, 18.142212541912134], [-15.975063068520445, 18.142248882251003], [-15.974987449020436, 18.142249265380997], [-15.974949839621582, 18.142285605699072], [-15.974912230207194, 18.14232194601039], [-15.97483661067237, 18.142322329082628], [-15.974799001225978, 18.142358669373152], [-15.974761391764051, 18.14239500965694], [-15.974685772194416, 18.142395392671396], [-15.97461015262291, 18.142395775656134], [-15.974572543112508, 18.142432115905095], [-15.974534933586575, 18.142468456147313], [-15.974459313980258, 18.142468839074283], [-15.97442170442232, 18.14250517929571], [-15.974384094848848, 18.142541519510388], [-15.97430847520772, 18.142541902379577], [-15.974270865602243, 18.14257824257347], [-15.974233255981234, 18.142614582760608], [-15.974157636305295, 18.14261496557202], [-15.97412002665228, 18.14265130573837], [-15.974082416983734, 18.14268764589798], [-15.974006797272985, 18.142688028651605], [-15.973969187572433, 18.14272436879042], [-15.973931577856348, 18.142760708922488], [-15.973855958110786, 18.14276109161834], [-15.973818348362698, 18.142797431729615], [-15.973780738599075, 18.14283377183415], [-15.973705118818707, 18.142834154472215], [-15.973667509023079, 18.14287049455596], [-15.973629899211916, 18.14290683463295], [-15.97359228938522, 18.14294317470319], [-15.973554679542987, 18.142979514766687], [-15.973479059694872, 18.142979897318884], [-15.973441449820637, 18.1430162373616], [-15.97340914459271, 18.143047451842705], [-15.97231960838119, 18.141265052495825]]]}}, {"type": "Feature", "properties": {"hex_id": 500, "utci_present": 33.91, "utci_2050": 38.13, "utci_2090": 41.39, "utci": 33.91}, "geometry": {"type": "Polygon", "coordinates": [[[-15.96751622265523, 18.14394883235738], [-15.969107600164929, 18.141281253568074], [-15.97231960838119, 18.141265052495825], [-15.97340914459271, 18.143047451842705], [-15.973403839930867, 18.14305257739754], [-15.973328220047945, 18.14305295989197], [-15.973290610126169, 18.14308929990713], [-15.973253000188864, 18.143125639915546], [-15.97317738027113, 18.14312602235218], [-15.973139770301817, 18.14316236233981], [-15.973102160316971, 18.14319870232068], [-15.973026540364433, 18.143199084699535], [-15.972988930347581, 18.143235424659622], [-15.972951320315197, 18.143271764612958], [-15.972913710267276, 18.143308104559534], [-15.972876100203822, 18.143344444499366], [-15.972800480183535, 18.143344826792358], [-15.972762870088077, 18.143381166711393], [-15.972725259977084, 18.14341750662368], [-15.972649639921991, 18.14341788885889], [-15.972612029778992, 18.143454228750393], [-15.972574419620459, 18.143490568635137], [-15.972536809446394, 18.14352690851313], [-15.97249919925679, 18.14356324838438], [-15.972423579133954, 18.14356363053372], [-15.972385968912349, 18.143599970384177], [-15.972348358675205, 18.143636310227873], [-15.972272738517562, 18.143636692319426], [-15.972235128248416, 18.143673032142342], [-15.972197517963737, 18.143709371958494], [-15.972159907663519, 18.143745711767906], [-15.972122297347767, 18.143782051570557], [-15.972046677122384, 18.143782433576238], [-15.972009066774623, 18.1438187733581], [-15.971971456411334, 18.143855113133203], [-15.971895836151145, 18.1438554950811], [-15.971858225755849, 18.143891834835426], [-15.971820615345017, 18.143928174583003], [-15.971783004918649, 18.143964514323805], [-15.971745394476748, 18.144000854057875], [-15.971669774148818, 18.144001235919898], [-15.971632163674911, 18.144037575633174], [-15.971594553185467, 18.144073915339685], [-15.97155694268049, 18.14411025503945], [-15.971519332159975, 18.144146594732455], [-15.971443711764305, 18.144146976508612], [-15.971406101211787, 18.14418331618083], [-15.971368490643734, 18.14421965584629], [-15.971330880060142, 18.144255995505], [-15.971293269461016, 18.144292335156962], [-15.971217648997605, 18.14429271684724], [-15.971180038366473, 18.14432905647841], [-15.971142427719808, 18.144365396102828], [-15.971066807221595, 18.14436577773532], [-15.971029196542926, 18.144402117338924], [-15.970991585848719, 18.144438456935784], [-15.970953975138977, 18.144474796525905], [-15.970916364413698, 18.144511136109262], [-15.970840743847745, 18.14451151765587], [-15.97080313309046, 18.144547857218434], [-15.970765522317642, 18.144584196774247], [-15.970727911529286, 18.144620536323302], [-15.970690300725394, 18.144656875865607], [-15.970614680091703, 18.14465725732634], [-15.970577069255805, 18.144693596847848], [-15.970539458404373, 18.144729936362598], [-15.970501847537404, 18.144766275870605], [-15.970464236654898, 18.14480261537185], [-15.970388615953471, 18.144802996746712], [-15.970351005038959, 18.14483933622716], [-15.970313394108913, 18.144875675700842], [-15.97027578316333, 18.144912015167787], [-15.97023817220221, 18.144948354627974], [-15.970162551433045, 18.144948735916955], [-15.970124940439918, 18.144985075356345], [-15.970087329431259, 18.14502141478898], [-15.970049718407061, 18.14505775421486], [-15.970012107367324, 18.145094093633993], [-15.969936486530427, 18.1450944748371], [-15.969898875458687, 18.145130814235426], [-15.96986126437141, 18.145167153627003], [-15.969823653268596, 18.145203493011824], [-15.969786042150245, 18.145239832389894], [-15.96971042124561, 18.14524021350711], [-15.969672810095254, 18.14527655286437], [-15.969635198929364, 18.14531289221489], [-15.969597587747936, 18.145349231558647], [-15.969559976550968, 18.145385570895655], [-15.969522365338467, 18.145421910225906], [-15.969484754110425, 18.145458249549403], [-15.969409133105119, 18.145458630552643], [-15.969371521845074, 18.145494969855342], [-15.96933391056949, 18.14553130915129], [-15.969296299278371, 18.145567648440476], [-15.969258687971717, 18.145603987722907], [-15.969183066898674, 18.14560436864026], [-15.969145455560012, 18.145640707901883], [-15.969107844205814, 18.145677047156777], [-15.96907023283608, 18.145713386404893], [-15.969032621450804, 18.14574972564626], [-15.968957000310027, 18.145750106477728], [-15.968919388892749, 18.14578644569829], [-15.968881777459934, 18.145822784912102], [-15.968844166011579, 18.145859124119163], [-15.968806554547687, 18.145895463319466], [-15.968730933339181, 18.145895844065034], [-15.968715466998479, 18.145910787215172], [-15.96751622265523, 18.14394883235738]]]}}, {"type": "Feature", "properties": {"hex_id": 576, "utci_present": 34.35, "utci_2050": 38.66, "utci_2090": 42.01, "utci": 34.35}, "geometry": {"type": "Polygon", "coordinates": [[[-15.959413554361115, 18.130691509233944], [-15.96262537852107, 18.130675478970822], [-15.964245858642, 18.13332694760871], [-15.962654471092431, 18.13599448844821], [-15.95944254990072, 18.136010523731755], [-15.957822113301459, 18.13335901315525], [-15.959413554361115, 18.130691509233944]]]}}, {"type": "Feature", "properties": {"hex_id": 615, "utci_present": 33.98, "utci_2050": 38.22, "utci_2090": 41.49, "utci": 33.98}, "geometry": {"type": "Polygon", "coordinates": [[[-15.954610235648104, 18.133374965581474], [-15.957822113301459, 18.13335901315525], [-15.95944254990072, 18.136010523731755], [-15.957851065302714, 18.138678028667034], [-15.954639090600223, 18.13869398608867], [-15.953018697555999, 18.136042433579487], [-15.954610235648104, 18.133374965581474]]]}}, {"type": "Feature", "properties": {"hex_id": 577, "utci_present": 34.31, "utci_2050": 38.61, "utci_2090": 41.95, "utci": 34.31}, "geometry": {"type": "Polygon", "coordinates": [[[-15.95944254990072, 18.136010523731755], [-15.962654471092431, 18.13599448844821], [-15.964275004740133, 18.138645953079354], [-15.962683573669588, 18.141313494945074], [-15.959471555412758, 18.141329535249337], [-15.957851065302714, 18.138678028667034], [-15.95944254990072, 18.136010523731755]]]}}, {"type": "Feature", "properties": {"hex_id": 616, "utci_present": 33.99, "utci_2050": 38.23, "utci_2090": 41.5, "utci": 33.99}, "geometry": {"type": "Polygon", "coordinates": [[[-15.954639090600223, 18.13869398608867], [-15.957851065302714, 18.138678028667034], [-15.959471555412758, 18.141329535249337], [-15.957880027260408, 18.14399704119836], [-15.954667955475413, 18.144013003615704], [-15.953047508936393, 18.14136145508818], [-15.954639090600223, 18.13869398608867]]]}}, {"type": "Feature", "properties": {"hex_id": 578, "utci_present": 34.22, "utci_2050": 38.52, "utci_2090": 41.85, "utci": 34.22}, "geometry": {"type": "Polygon", "coordinates": [[[-15.959471555412758, 18.141329535249337], [-15.962683573669588, 18.141313494945074], [-15.964304160861444, 18.143964955568958], [-15.962712686253948, 18.14663249846066], [-15.95950057089862, 18.146648543785936], [-15.957880027260408, 18.14399704119836], [-15.959471555412758, 18.141329535249337]]]}}, {"type": "Feature", "properties": {"hex_id": 617, "utci_present": 34.21, "utci_2050": 38.5, "utci_2090": 41.83, "utci": 34.21}, "geometry": {"type": "Polygon", "coordinates": [[[-15.954667955475413, 18.144013003615704], [-15.957880027260408, 18.14399704119836], [-15.95950057089862, 18.146648543785936], [-15.957908999175938, 18.149316050748478], [-15.95469683027506, 18.149332018161807], [-15.95307633022387, 18.146680473616478], [-15.954667955475413, 18.144013003615704]]]}}, {"type": "Feature", "properties": {"hex_id": 579, "utci_present": 34.47, "utci_2050": 38.81, "utci_2090": 42.2, "utci": 34.47}, "geometry": {"type": "Polygon", "coordinates": [[[-15.959529596359701, 18.1519675493408], [-15.957908999175938, 18.149316050748478], [-15.95950057089862, 18.146648543785936], [-15.962712686253948, 18.14663249846066], [-15.96418921967216, 18.149048191624903], [-15.964173089881749, 18.14906377475503], [-15.964135476753997, 18.149100113107735], [-15.964097863610705, 18.149136451453682], [-15.964060250451872, 18.149172789792875], [-15.963984627727893, 18.149173168739217], [-15.963947014537052, 18.149209507057606], [-15.963909401330671, 18.14924584536922], [-15.963871788108749, 18.149282183674078], [-15.963834174871284, 18.14931852197217], [-15.963796561618278, 18.149354860263504], [-15.963758948349732, 18.149391198548074], [-15.963683325525102, 18.149391577380392], [-15.963645712224546, 18.14942791564415], [-15.963608098908452, 18.149464253901137], [-15.963570485576817, 18.149500592151373], [-15.963532872229639, 18.149536930394852], [-15.96345724933729, 18.149537309141245], [-15.963419635958102, 18.149573647363905], [-15.963382022563378, 18.149609985579794], [-15.963344409153107, 18.149646323788936], [-15.963306795727298, 18.149682661991317], [-15.963231172767232, 18.149683040651777], [-15.963193559309415, 18.149719378833325], [-15.963155945836055, 18.14975571700813], [-15.963118332347154, 18.149792055176164], [-15.963080718842713, 18.14982839333744], [-15.96300509581493, 18.14982877191197], [-15.962967482278481, 18.149865110052417], [-15.962929868726487, 18.149901448186114], [-15.962892255158954, 18.14993778631305], [-15.962854641575879, 18.14997412443322], [-15.962817027977263, 18.15001046254663], [-15.962779414363101, 18.150046800653275], [-15.96270379123467, 18.150047179113773], [-15.962666177588504, 18.150083517199597], [-15.962628563926794, 18.150119855278668], [-15.962590950249544, 18.150156193350963], [-15.96255333655675, 18.150192531416508], [-15.962477713360606, 18.150192909791066], [-15.962440099635803, 18.15022924783579], [-15.96240248589546, 18.15026558587375], [-15.962364872139574, 18.15030192390496], [-15.962327258368148, 18.150338261929388], [-15.962251635104288, 18.150338640218006], [-15.962214021300854, 18.15037497822162], [-15.962176407481873, 18.150411316218488], [-15.962138793647352, 18.150447654208573], [-15.96210117979729, 18.15048399219191], [-15.962025556465717, 18.150484370394583], [-15.961987942583646, 18.150520708357096], [-15.961950328686033, 18.15055704631285], [-15.961912714772879, 18.15059338426184], [-15.96187510084418, 18.150629722204055], [-15.961799477444893, 18.1506301003208], [-15.961761863484188, 18.150666438242204], [-15.961724249507938, 18.15070277615684], [-15.961686635516147, 18.150739114064724], [-15.961649021508812, 18.150775451965835], [-15.961573398041814, 18.150775829996636], [-15.961535784002471, 18.150812167876932], [-15.961498169947584, 18.15084850575046], [-15.961422546445807, 18.150848883723427], [-15.961384932358914, 18.150885221576146], [-15.961347318256477, 18.150921559422084], [-15.961309704138499, 18.15095789726127], [-15.961272090004975, 18.150994235093684], [-15.961196466435487, 18.15099461298071], [-15.961158852269955, 18.151030950792315], [-15.961121238088879, 18.151067288597144], [-15.961083623892264, 18.151103626395216], [-15.961046009680105, 18.151139964186523], [-15.960970386042906, 18.15114034198761], [-15.960932771798738, 18.151176679758095], [-15.960895157539023, 18.151213017521815], [-15.96085754326377, 18.15124935527877], [-15.960819928972974, 18.151285693028957], [-15.960744305268063, 18.15128607074409], [-15.960706690945257, 18.151322408473465], [-15.960669076606905, 18.15135874619607], [-15.960593452867222, 18.151359123853368], [-15.960555838496862, 18.15139546155516], [-15.96051822411096, 18.151431799250183], [-15.960480609709517, 18.151468136938433], [-15.960442995292526, 18.151504474619923], [-15.960367371485132, 18.151504852191277], [-15.960329757036133, 18.151541189851944], [-15.960292142571594, 18.151577527505843], [-15.960216518729425, 18.15157790501936], [-15.960178904232873, 18.151614242652446], [-15.96014128972078, 18.15165058027875], [-15.960103675193144, 18.151686917898303], [-15.960066060649963, 18.151723255511083], [-15.959990436740084, 18.151723632938648], [-15.959952822164897, 18.151759970530616], [-15.959915207574163, 18.15179630811581], [-15.95983958362951, 18.15179668548554], [-15.959801969006765, 18.151833023049903], [-15.959764354368483, 18.151869360607513], [-15.959726739714652, 18.151905698158355], [-15.959689125045276, 18.15194203570243], [-15.959613501032921, 18.15194241298621], [-15.959587781654404, 18.151967259085442], [-15.959529596359701, 18.1519675493408]]]}}, {"type": "Feature", "properties": {"hex_id": 618, "utci_present": 34.37, "utci_2050": 38.69, "utci_2090": 42.05, "utci": 34.37}, "geometry": {"type": "Polygon", "coordinates": [[[-15.953105161419808, 18.151999489163625], [-15.95469683027506, 18.149332018161807], [-15.957908999175938, 18.149316050748478], [-15.959529596359701, 18.1519675493408], [-15.95950112147312, 18.15201527334104], [-15.959462647567479, 18.15201546525187], [-15.95942503281854, 18.152051802747536], [-15.959387418054062, 18.152088140236433], [-15.959311793972155, 18.152088517404533], [-15.959274179175669, 18.152124854872604], [-15.959236564363634, 18.152161192333903], [-15.959198949536058, 18.15219752978843], [-15.959161334692936, 18.152233867236216], [-15.959085710543324, 18.152234244318358], [-15.959048095668194, 18.152270581745302], [-15.959010480777518, 18.15230691916548], [-15.958934856593137, 18.152307296189775], [-15.958897241670451, 18.152343633589126], [-15.958859626732222, 18.152379970981723], [-15.958784002513069, 18.15238034794818], [-15.95874638754283, 18.152416685319942], [-15.95870877255705, 18.152453022684934], [-15.958633148303122, 18.15245339959356], [-15.958595533285331, 18.15248973693772], [-15.958557918251994, 18.152526074275123], [-15.958482293963296, 18.152526451125894], [-15.958444678897951, 18.152562788442477], [-15.958407063817061, 18.15259912575228], [-15.958331439493591, 18.152599502545215], [-15.958293824380693, 18.152635839834197], [-15.958256209252248, 18.15267217711641], [-15.958218594108262, 18.152708514391843], [-15.958180978948727, 18.15274485166052], [-15.958105354557558, 18.152745228367497], [-15.958067739366015, 18.15278156561535], [-15.958030124158928, 18.152817902856427], [-15.957954499732988, 18.152818279505567], [-15.957916884493892, 18.15285461672581], [-15.95787926923925, 18.152890953939302], [-15.957803644778542, 18.152891330530593], [-15.95776602949189, 18.152927667723237], [-15.957728414189694, 18.15296400490913], [-15.957652789694215, 18.152964381442573], [-15.957615174360011, 18.153000718607643], [-15.957577559010259, 18.153037055765935], [-15.957501934480012, 18.153037432241526], [-15.957464319098252, 18.153073769378995], [-15.957426703700948, 18.153110106509693], [-15.95735107913593, 18.153110482927445], [-15.957313463706617, 18.15314682003731], [-15.957275848261759, 18.15318315714041], [-15.957200223661975, 18.153183533500318], [-15.957162608185106, 18.153219870582582], [-15.957124992692695, 18.15325620765808], [-15.95704936805814, 18.15325658396014], [-15.957011752533715, 18.15329292101481], [-15.956974136993749, 18.153329258062705], [-15.956898512324427, 18.153329634306925], [-15.95686089675245, 18.153365971333987], [-15.956823281164928, 18.1534023083543], [-15.95674765646084, 18.153402684540662], [-15.956710040841308, 18.153439021540137], [-15.956672425206229, 18.15347535853283], [-15.956596800467379, 18.153475734661352], [-15.956559184800291, 18.153512071633223], [-15.956521569117657, 18.153548408598322], [-15.956445944344038, 18.153548784668995], [-15.956408328629395, 18.153585121613258], [-15.956370712899204, 18.153621458550756], [-15.956295088090824, 18.15362183456358], [-15.9562194632806, 18.153622210546676], [-15.95618184750194, 18.153658547449282], [-15.956144231707732, 18.15369488434512], [-15.956068606862745, 18.153695260270368], [-15.956030991036528, 18.153731597145363], [-15.955993375194767, 18.153767934013597], [-15.955917750315015, 18.153768309881], [-15.955880134441244, 18.153804646728396], [-15.955842518551925, 18.153840983569033], [-15.955766893637408, 18.15384135937858], [-15.955729277716083, 18.153877696198368], [-15.955691661779209, 18.153914033011404], [-15.955616036829932, 18.153914408763097], [-15.955578420861048, 18.153950745555292], [-15.95554080487662, 18.15398708234071], [-15.95546517989258, 18.153987458034564], [-15.95542756387614, 18.154023794799144], [-15.955389947844157, 18.154060131556967], [-15.955314322825354, 18.154060507192963], [-15.955238697804715, 18.154060882799232], [-15.955201081724256, 18.154097219522146], [-15.955163465628251, 18.154133556238296], [-15.955087840572853, 18.15413393178671], [-15.95505022444484, 18.15417026848203], [-15.95501260830128, 18.154206605170565], [-15.954936983211116, 18.154206980661137], [-15.954899367035548, 18.15424331732885], [-15.954861750844435, 18.154279653989786], [-15.954786125719508, 18.154280029422495], [-15.954748509496387, 18.1543163660626], [-15.954710893257715, 18.154352702695927], [-15.954635268098032, 18.154353078070777], [-15.954559642936514, 18.1543534534159], [-15.954549707045583, 18.154363051294528], [-15.953105161419808, 18.151999489163625]]]}}, {"type": "Feature", "properties": {"hex_id": 421, "utci_present": 33.85, "utci_2050": 38.06, "utci_2090": 41.3, "utci": 33.85}, "geometry": {"type": "Polygon", "coordinates": [[[-15.978714026799528, 18.135913508443355], [-15.981925927812798, 18.135897151726677], [-15.98354674251096, 18.13854844037861], [-15.98195561277084, 18.141216127747015], [-15.978743614695269, 18.14123248958505], [-15.977122843433241, 18.138581158933185], [-15.978714026799528, 18.135913508443355]]]}}, {"type": "Feature", "properties": {"hex_id": 343, "utci_present": 34.43, "utci_2050": 38.78, "utci_2090": 42.17, "utci": 34.43}, "geometry": {"type": "Polygon", "coordinates": [[[-15.98834971962221, 18.13586427757958], [-15.991561610396106, 18.135847760149655], [-15.993182565541213, 18.138498960700435], [-15.991591586538185, 18.141166720705296], [-15.988379598703421, 18.14118324330689], [-15.986758686943677, 18.13853200073181], [-15.98834971962221, 18.13586427757958]]]}}, {"type": "Feature", "properties": {"hex_id": 382, "utci_present": 33.88, "utci_2050": 38.1, "utci_2090": 41.34, "utci": 33.88}, "geometry": {"type": "Polygon", "coordinates": [[[-15.98195561277084, 18.141216127747015], [-15.98354674251096, 18.13854844037861], [-15.986758686943677, 18.13853200073181], [-15.988379598703421, 18.14118324330689], [-15.986788522622843, 18.143850967547014], [-15.985355532189828, 18.143858310698697], [-15.985318605460419, 18.14382338264425], [-15.985280592995647, 18.143787427597577], [-15.98520497306625, 18.143787814773766], [-15.9851669606316, 18.14375185970303], [-15.985128948212491, 18.14371590462391], [-15.98509093580891, 18.143679949536402], [-15.98505292342087, 18.1436439944405], [-15.984977303547936, 18.143644381524282], [-15.984939291190019, 18.143608426404317], [-15.984901278847635, 18.143572471275967], [-15.984863266520788, 18.14353651613924], [-15.984825254209474, 18.143500560994106], [-15.984749634393003, 18.143500947985476], [-15.984711622111814, 18.143464992816284], [-15.98467360984616, 18.143429037638715], [-15.984597990056978, 18.14342942456903], [-15.984559977821446, 18.14339346936739], [-15.984521965601452, 18.143357514157362], [-15.984483953396989, 18.14332155893895], [-15.984445941208065, 18.14328560371215], [-15.984370321475348, 18.14328599055006], [-15.984332309316544, 18.143250035299204], [-15.984294297173278, 18.143214080039943], [-15.984256285045545, 18.143178124772312], [-15.984218272933347, 18.143142169496297], [-15.984142653257095, 18.143142556241795], [-15.984104641175021, 18.143106600941714], [-15.984066629108481, 18.143070645633234], [-15.98399100945952, 18.14307103231768], [-15.983952997423104, 18.143035076985154], [-15.983914985402222, 18.14299912164424], [-15.983876973396875, 18.142963166294933], [-15.983838961407061, 18.14292721093724], [-15.983763341814566, 18.142927597529283], [-15.98372532985488, 18.14289164214753], [-15.983687317910725, 18.142855686757397], [-15.98361169834552, 18.14285607328838], [-15.98357368643149, 18.142820117874187], [-15.983535674532991, 18.1427841624516], [-15.98346005499508, 18.14278454892153], [-15.983422043126708, 18.1427485934749], [-15.983384031273868, 18.142712638019862], [-15.983346019436564, 18.142676682556445], [-15.983308007614792, 18.142640727084643], [-15.98323238813335, 18.14264111346218], [-15.983194376341704, 18.142605157966315], [-15.983156364565588, 18.142569202462067], [-15.983080745111439, 18.142569588778553], [-15.983042733365448, 18.142533633250252], [-15.983004721634993, 18.142497677713568], [-15.982929102208132, 18.142498063968997], [-15.982891090507803, 18.142462108408242], [-15.982853078823004, 18.142426152839107], [-15.982777459423435, 18.14242653903349], [-15.982739447768763, 18.142390583440292], [-15.982701436129624, 18.14235462783872], [-15.98265178475852, 18.142354881375635], [-15.98195561277084, 18.141216127747015]]]}}, {"type": "Feature", "properties": {"hex_id": 344, "utci_present": 34.15, "utci_2050": 38.43, "utci_2090": 41.74, "utci": 34.15}, "geometry": {"type": "Polygon", "coordinates": [[[-15.986788522622843, 18.143850967547014], [-15.988379598703421, 18.14118324330689], [-15.991591586538185, 18.141166720705296], [-15.993212595375484, 18.143817917171994], [-15.991621572987814, 18.146485678276985], [-15.990723296308751, 18.146490305758018], [-15.99070268463706, 18.14647081116889], [-15.990664670526614, 18.146434857276255], [-15.990589049582244, 18.146435246622833], [-15.990513428635966, 18.146435635939696], [-15.990475414570232, 18.1463996820073], [-15.990437400520037, 18.146363728066508], [-15.990361779601031, 18.1463641173223], [-15.990286158680124, 18.146364506548384], [-15.99024814467464, 18.14632855256783], [-15.990210130684689, 18.14629259857889], [-15.990134509791053, 18.14629298774389], [-15.990058888895517, 18.14629337687918], [-15.990020874950279, 18.14625742285048], [-15.989982861020579, 18.146221468813383], [-15.989907240152313, 18.146221857887603], [-15.989831619282148, 18.146222246932115], [-15.989793605397159, 18.146186292855262], [-15.989755591527707, 18.14615033877001], [-15.989679970684813, 18.146150727753454], [-15.989641956845484, 18.14611477364412], [-15.989603943021695, 18.1460788195264], [-15.989528322206075, 18.146079208448768], [-15.989490308412408, 18.14604325430698], [-15.98945229463428, 18.146007300156803], [-15.989376673845932, 18.14600768901809], [-15.989301053055685, 18.14600807784966], [-15.98926303932227, 18.14597212365972], [-15.98922502560439, 18.145936169461404], [-15.989149404841417, 18.145936558231906], [-15.98911139115366, 18.1459006040095], [-15.989073377481445, 18.14586464977871], [-15.988997756745745, 18.145865038488136], [-15.988959743103651, 18.145829084233274], [-15.988921729477095, 18.145793129970006], [-15.988846108768671, 18.145793518618373], [-15.988808095172242, 18.14575756433104], [-15.988770081591346, 18.14572161003531], [-15.988694460910198, 18.145721998622598], [-15.988656447359428, 18.145686044302806], [-15.988618433824195, 18.145650089974612], [-15.988542813170321, 18.145650478500837], [-15.988504799665215, 18.14561452414857], [-15.988466786175643, 18.14557856978792], [-15.988391165549048, 18.14557895825307], [-15.988353152089601, 18.14554300386834], [-15.988315138645689, 18.14550704947522], [-15.988239518046374, 18.145507437879303], [-15.988201504632588, 18.145471483462117], [-15.988163491234339, 18.145435529036526], [-15.988087870662296, 18.145435917379537], [-15.988049857294174, 18.145399962929893], [-15.988011843941583, 18.145364008471848], [-15.987936223396822, 18.145364396753784], [-15.98789821007436, 18.145328442271676], [-15.987860196767429, 18.145292487781166], [-15.98782218347604, 18.14525653328228], [-15.987784170200188, 18.145220578774993], [-15.987708549711877, 18.14522096696451], [-15.987670536466148, 18.14518501243315], [-15.987632523235956, 18.1451490578934], [-15.987582324158419, 18.14514931554775], [-15.986788522622843, 18.143850967547014]]]}}, {"type": "Feature", "properties": {"hex_id": 422, "utci_present": 33.84, "utci_2050": 38.05, "utci_2090": 41.29, "utci": 33.84}, "geometry": {"type": "Polygon", "coordinates": [[[-15.978743614695269, 18.14123248958505], [-15.98195561277084, 18.141216127747015], [-15.98265178475852, 18.142354881375635], [-15.982625816757349, 18.142355013972054], [-15.982587805148333, 18.142319058346413], [-15.98254979355485, 18.142283102712394], [-15.982474174209868, 18.14228348878468], [-15.982436162646511, 18.142247533126593], [-15.982398151098684, 18.14221157746013], [-15.982322531780998, 18.142211963471365], [-15.982284520263297, 18.142176007780836], [-15.982246508761127, 18.142140052081928], [-15.982170889470735, 18.142140438032122], [-15.98213287799869, 18.14210448230915], [-15.982094866542178, 18.142068526577802], [-15.982019247279082, 18.142068912466947], [-15.981943628014097, 18.142069298326376], [-15.981905616602301, 18.142033342555298], [-15.981867605206038, 18.141997386775845], [-15.981791985968348, 18.14199777257423], [-15.981753974602208, 18.141961816770706], [-15.981715963251604, 18.141925860958803], [-15.981640344041212, 18.141926246696144], [-15.98156472482893, 18.141926632403788], [-15.98152671352304, 18.14189067655215], [-15.981488702232685, 18.141854720692145], [-15.981413083047702, 18.14185510633873], [-15.981375071787467, 18.14181915045466], [-15.981337060542767, 18.141783194562205], [-15.981261441385083, 18.14178358014775], [-15.98118582222551, 18.141783965703592], [-15.981147811025526, 18.141748009771415], [-15.981109799841073, 18.141712053830855], [-15.981034180708802, 18.14171243932565], [-15.980958561574646, 18.141712824790737], [-15.980882942438605, 18.14171321022614], [-15.98084493131346, 18.141677254230178], [-15.980806920203845, 18.141641298225835], [-15.980731301095103, 18.141641683600177], [-15.98065568198448, 18.141642068944826], [-15.980617670919584, 18.14160611290076], [-15.980579659870218, 18.141570156848307], [-15.980504040786892, 18.141570542131902], [-15.980428421701685, 18.141570927385803], [-15.980352802614593, 18.141571312610004], [-15.980277183525615, 18.141571697804505], [-15.980239172550153, 18.141535741680986], [-15.98020116159022, 18.14149978554908], [-15.980125542528548, 18.141500170682544], [-15.980049923464989, 18.141500555786287], [-15.979974304399551, 18.141500940860332], [-15.979898685332229, 18.14150132590469], [-15.979823066263029, 18.141501710919325], [-15.97978505539159, 18.141465754700697], [-15.979747044535682, 18.14142979847368], [-15.979671425493782, 18.141430183427286], [-15.979595806450002, 18.141430568351183], [-15.979520187404336, 18.141430953245372], [-15.979444568356792, 18.14143133810988], [-15.979368949307368, 18.141431722944677], [-15.979293330256061, 18.141432107749768], [-15.979217711202875, 18.14143249252516], [-15.979142092147809, 18.141432877270844], [-15.97906647309086, 18.141433261986833], [-15.97902846238182, 18.14139730561041], [-15.978990451688308, 18.141361349225605], [-15.978914832658667, 18.141361733880544], [-15.978839213627143, 18.141362118505786], [-15.978763594593742, 18.141362503101334], [-15.97868797555846, 18.141362887667174], [-15.978665767461376, 18.141363000602343], [-15.978743614695269, 18.14123248958505]]]}}, {"type": "Feature", "properties": {"hex_id": 383, "utci_present": 33.86, "utci_2050": 38.07, "utci_2090": 41.31, "utci": 33.86}, "geometry": {"type": "Polygon", "coordinates": [[[-15.986788522622843, 18.143850967547014], [-15.987582324158419, 18.14514931554775], [-15.987556902774928, 18.145149446021854], [-15.98751888957486, 18.145113491458037], [-15.987480876390327, 18.145077536885825], [-15.987405255956576, 18.145077924953206], [-15.98736724280217, 18.145041970356935], [-15.987329229663299, 18.14500601575226], [-15.987291216539964, 18.14497006113921], [-15.987253203432164, 18.14493410651776], [-15.987177583054873, 18.14493449449271], [-15.987139569977197, 18.144898539847194], [-15.987101556915059, 18.14486258519329], [-15.987025936565045, 18.14486297310718], [-15.986987923533034, 18.144827018429208], [-15.986949910516556, 18.144791063742844], [-15.986911897515615, 18.144755109048088], [-15.986873884530208, 18.14471915434494], [-15.986798264236656, 18.144719542166406], [-15.986760251281375, 18.144683587439197], [-15.986722238341628, 18.144647632703595], [-15.986646618075355, 18.144648020463993], [-15.986608605165735, 18.14461206570433], [-15.98657059227165, 18.144576110936274], [-15.9865325793931, 18.144540156159824], [-15.986494566530087, 18.144504201374982], [-15.986418946320272, 18.144504589042963], [-15.986380933487386, 18.14446863423406], [-15.986342920670033, 18.144432679416763], [-15.986304907868217, 18.14439672459109], [-15.986266895081934, 18.14436076975701], [-15.986191274928577, 18.144361157332575], [-15.986153262172422, 18.144325202474434], [-15.9861152494318, 18.144289247607915], [-15.98603962930573, 18.14428963512241], [-15.986001616595233, 18.144253680231817], [-15.985963603900272, 18.144217725332833], [-15.985925591220846, 18.14418177042547], [-15.985887578556955, 18.144145815509713], [-15.985811958487343, 18.14414620293179], [-15.985773945853577, 18.14411024799197], [-15.985735933235347, 18.144074293043754], [-15.985697920632653, 18.144038338087146], [-15.985659908045491, 18.14400238312216], [-15.985584288032344, 18.144002770451827], [-15.985546275475306, 18.143966815462772], [-15.985508262933806, 18.143930860465325], [-15.98547025040784, 18.143894905459497], [-15.98543223789741, 18.14385895044528], [-15.985356617940726, 18.14385933768253], [-15.985355532189828, 18.143858310698697], [-15.986788522622843, 18.143850967547014]]]}}, {"type": "Feature", "properties": {"hex_id": 345, "utci_present": 33.86, "utci_2050": 38.07, "utci_2090": 41.32, "utci": 33.86}, "geometry": {"type": "Polygon", "coordinates": [[[-15.991621572987814, 18.146485678276985], [-15.991763862261008, 18.1467183914816], [-15.991724994351152, 18.14671859182779], [-15.99164937330913, 18.146718981596933], [-15.991573752265204, 18.146719371336378], [-15.991535737929306, 18.146683417627965], [-15.991497723608948, 18.14664746391117], [-15.991422102592287, 18.146647853589524], [-15.991346481573721, 18.14664824323819], [-15.991270860553254, 18.146648632857133], [-15.991232846292188, 18.14661267908488], [-15.991194832046663, 18.14657672530422], [-15.991119211053462, 18.146577114862097], [-15.991043590058355, 18.146577504390244], [-15.990967969061348, 18.146577893888693], [-15.990929954875115, 18.146541940052604], [-15.990891940704424, 18.14650598620812], [-15.990816319734686, 18.146506375645487], [-15.990740698763043, 18.146506765053132], [-15.990723296308751, 18.146490305758018], [-15.991621572987814, 18.146485678276985]]]}}, {"type": "Feature", "properties": {"hex_id": 539, "utci_present": 34.09, "utci_2050": 38.35, "utci_2090": 41.65, "utci": 34.09}, "geometry": {"type": "Polygon", "coordinates": [[[-15.962712686253948, 18.14663249846066], [-15.964304160861444, 18.143964955568958], [-15.96751622265523, 18.14394883235738], [-15.968715466998479, 18.145910787215172], [-15.968693321843283, 18.145932183244536], [-15.96865571033185, 18.145968522417277], [-15.968618098804878, 18.146004861583272], [-15.968580487262368, 18.14604120074251], [-15.968542875704319, 18.146077539894993], [-15.968505264130735, 18.14611387904071], [-15.968429642821558, 18.1461142596723], [-15.96839203121597, 18.146150598797217], [-15.96835441959484, 18.146186937915385], [-15.968316807958173, 18.146223277026788], [-15.96827919630597, 18.14625961613145], [-15.968203574929063, 18.146259996677134], [-15.968165963244854, 18.146296335760983], [-15.968128351545104, 18.14633267483808], [-15.96809073982982, 18.14636901390843], [-15.968053128098994, 18.146405352972], [-15.967977506654357, 18.146405733431806], [-15.967939894891527, 18.146442072474574], [-15.967902283113162, 18.146478411510603], [-15.967864671319255, 18.146514750539875], [-15.96782705950981, 18.14655108956238], [-15.96778944768483, 18.146587428578126], [-15.96775183584431, 18.146623767587126], [-15.967676214299004, 18.14662414793294], [-15.967638602426481, 18.146660486921128], [-15.967600990538413, 18.146696825902563], [-15.967563378634813, 18.146733164877237], [-15.967525766715669, 18.14676950384517], [-15.967450145102637, 18.14676988410507], [-15.96741253315149, 18.14680622305219], [-15.967374921184806, 18.14684256199255], [-15.967337309202579, 18.146878900926154], [-15.967299697204817, 18.14691523985301], [-15.967262085191516, 18.1469515787731], [-15.967224473162675, 18.146987917686435], [-15.967148851448979, 18.146988297832344], [-15.967111239388135, 18.147024636724876], [-15.967073627311747, 18.14706097561064], [-15.967036015219826, 18.14709731448965], [-15.96699840311236, 18.1471336533619], [-15.966922781330938, 18.14713403342191], [-15.966885169191471, 18.14717037227336], [-15.966847557036463, 18.14720671111806], [-15.966809944865915, 18.147243049955993], [-15.96677233267983, 18.14727938878717], [-15.966734720478204, 18.14731572761158], [-15.966697108261041, 18.14735206642925], [-15.966621486378958, 18.147352446375255], [-15.966583874129787, 18.147388785172115], [-15.966546261865078, 18.14742512396221], [-15.96650864958483, 18.147461462745547], [-15.966471037289041, 18.147497801522128], [-15.966395415339234, 18.147498181382225], [-15.966357803011439, 18.147534520137995], [-15.966320190668105, 18.147570858887022], [-15.966282578309233, 18.147607197629274], [-15.96624496593482, 18.147643536364775], [-15.96620735354487, 18.14767987509351], [-15.966169741139378, 18.147716213815496], [-15.966094119088911, 18.14771659356159], [-15.966056506651412, 18.14775293226276], [-15.966018894198376, 18.14778927095718], [-15.965981281729801, 18.14782560964483], [-15.965943669245686, 18.147861948325733], [-15.96586804712749, 18.147862327985916], [-15.965830434611368, 18.14789866664601], [-15.965792822079706, 18.147935005299342], [-15.965755209532505, 18.147971343945912], [-15.965717596969762, 18.148007682585725], [-15.965679984391482, 18.14804402121878], [-15.96564237179766, 18.148080359845068], [-15.96556674957881, 18.14808073939124], [-15.96552913695298, 18.14811707799673], [-15.965491524311613, 18.14815341659546], [-15.965453911654706, 18.148189755187428], [-15.965416298982257, 18.14822609377264], [-15.96537868629427, 18.14826243235109], [-15.965341073590741, 18.148298770922775], [-15.965265451271232, 18.148299150354926], [-15.965227838535698, 18.148335488905804], [-15.965190225784625, 18.14837182744993], [-15.96515261301801, 18.14840816598729], [-15.965115000235857, 18.1484445045179], [-15.965039377848624, 18.148444883864133], [-15.965001765034463, 18.14848122237393], [-15.964964152204761, 18.148517560876947], [-15.964926539359519, 18.148553899373223], [-15.964888926498736, 18.148590237862734], [-15.964851313622413, 18.148626576345496], [-15.964813700730547, 18.148662914821475], [-15.96473807824266, 18.148663294053694], [-15.96470046531879, 18.148699632508876], [-15.964662852379378, 18.1487359709573], [-15.964625239424427, 18.14877230939896], [-15.964587626453934, 18.148808647833853], [-15.964512003898326, 18.148809026980146], [-15.964474390895829, 18.148845365394244], [-15.96443677787779, 18.14888170380157], [-15.964399164844208, 18.14891804220214], [-15.964361551795085, 18.148954380595942], [-15.964323938730422, 18.148990718982994], [-15.96428632565022, 18.14902705736328], [-15.964210702993961, 18.14902743639555], [-15.96418921967216, 18.149048191624903], [-15.962712686253948, 18.14663249846066]]]}}, {"type": "Feature", "properties": {"hex_id": 625, "utci_present": 33.82, "utci_2050": 38.03, "utci_2090": 41.27, "utci": 33.82}, "geometry": {"type": "Polygon", "coordinates": [[[-15.953777752351453, 17.979122077907597], [-15.95312821674572, 17.98021157918025], [-15.953127899944977, 17.980152546546968], [-15.95312751195036, 17.980080247340858], [-15.953127123957563, 17.9800079481342], [-15.953126735966595, 17.979935648927007], [-15.953164317256558, 17.979899313673616], [-15.953201898531152, 17.979862978413536], [-15.953201510513088, 17.979790679206832], [-15.953201122496848, 17.97971837999959], [-15.953200734482433, 17.97964608079179], [-15.953200346469842, 17.97957378158346], [-15.953199958459075, 17.979501482374562], [-15.953199570450135, 17.979429183165138], [-15.953199182443019, 17.97935688395516], [-15.953198794437727, 17.979284584744633], [-15.953236375581277, 17.97924824948202], [-15.953273956709458, 17.979211914212737], [-15.953273568677073, 17.979139615002723], [-15.953273180646514, 17.979067315792143], [-15.953272792617778, 17.978995016581024], [-15.953272404590868, 17.978922717369368], [-15.953272016565782, 17.97885041815716], [-15.953271628542518, 17.978778118944387], [-15.953271240521081, 17.97870581973108], [-15.95327085250147, 17.978633520517228], [-15.953270464483683, 17.978561221302833], [-15.95327007646772, 17.978488922087898], [-15.953269688453583, 17.978416622872405], [-15.953307269407356, 17.97838028760217], [-15.953318354285768, 17.978369570146466], [-15.953777752351453, 17.979122077907597]]]}}, {"type": "Feature", "properties": {"hex_id": 626, "utci_present": 33.84, "utci_2050": 38.05, "utci_2090": 41.28, "utci": 33.84}, "geometry": {"type": "Polygon", "coordinates": [[[-15.953806320135957, 17.98444118450982], [-15.952215995567279, 17.98710862437072], [-15.951125264541881, 17.987113978411994], [-15.951125207258821, 17.987103286216524], [-15.951162790420433, 17.987066951287254], [-15.951200373566671, 17.98703061635129], [-15.951199986198398, 17.986958317155743], [-15.951237569314786, 17.986921982213598], [-15.951275152415796, 17.986885647264742], [-15.951274765020413, 17.986813348069703], [-15.951312348091577, 17.98677701311467], [-15.951349931147362, 17.986740678152945], [-15.951349543724863, 17.986668378958385], [-15.951387126750802, 17.98663204399049], [-15.951424709761364, 17.98659570901588], [-15.951424322311752, 17.98652340982182], [-15.951461905292463, 17.98648707484103], [-15.9514994882578, 17.98645073985355], [-15.951499100781074, 17.98637844065999], [-15.951536683716569, 17.98634210566633], [-15.95157426663668, 17.98630577066596], [-15.951573879132841, 17.986233471472893], [-15.95161146202311, 17.98619713646636], [-15.951649044898002, 17.986160801453114], [-15.95164865736705, 17.98608850226054], [-15.951648269837921, 17.98601620306742], [-15.951685852668499, 17.985979868048524], [-15.951723435483704, 17.985943533022937], [-15.95172304792746, 17.98587123383032], [-15.951760630712819, 17.985834898798537], [-15.951798213482801, 17.985798563760067], [-15.951797825899446, 17.985726264567944], [-15.951797438317918, 17.98565396537528], [-15.951835021043587, 17.985617630331138], [-15.951872603753882, 17.985581295280316], [-15.951872216145242, 17.985508996088136], [-15.95190979882569, 17.985472661031125], [-15.951947381490765, 17.985436325967417], [-15.951946993855017, 17.98536402677575], [-15.951946606221089, 17.98529172758353], [-15.951984188841855, 17.985255392514162], [-15.952021771447242, 17.985219057438105], [-15.952021383786207, 17.98514675824638], [-15.952020996126993, 17.9850744590541], [-15.95205857868807, 17.985038123972394], [-15.952096161233776, 17.985001788883974], [-15.952095773547454, 17.9849294896922], [-15.952095385862956, 17.984857190499874], [-15.952132968364351, 17.984820855405808], [-15.952170550850372, 17.984784520305038], [-15.952170163138765, 17.98471222111322], [-15.952169775428981, 17.984639921920852], [-15.952207357870694, 17.984603586814423], [-15.952244940297032, 17.984567251701307], [-15.952244552560144, 17.98449495250943], [-15.952244164825073, 17.984422653317022], [-15.952281747207106, 17.984386318198233], [-15.952319329573761, 17.984349983072754], [-15.95231894181159, 17.984277683880837], [-15.952318554051239, 17.98420538468838], [-15.952318166292711, 17.984133085495365], [-15.9523557486006, 17.98409675036475], [-15.95239333089311, 17.984060415227443], [-15.952392943107478, 17.983988116034936], [-15.95239255532367, 17.983915816841872], [-15.952430137571877, 17.983879481698914], [-15.952467719804707, 17.98384314654925], [-15.952467331993795, 17.983770847356684], [-15.952466944184703, 17.983698548163584], [-15.952466556377438, 17.98362624896993], [-15.952504138551504, 17.983589913815127], [-15.952541720710192, 17.983553578653645], [-15.952541332875823, 17.983481279460488], [-15.952540945043275, 17.98340898026679], [-15.952540557212554, 17.983336681072533], [-15.952578139312477, 17.983300345905914], [-15.952615721397029, 17.983264010732594], [-15.9526153335392, 17.98319171153884], [-15.9526149456832, 17.983119412344543], [-15.95261455782902, 17.9830471131497], [-15.952652139854807, 17.983010777971256], [-15.95268972186522, 17.982974442786105], [-15.952689333983937, 17.982902143591765], [-15.95268894610448, 17.982829844396868], [-15.952688558226848, 17.982757545201423], [-15.952688170351037, 17.98268524600544], [-15.952717183864126, 17.982657194991816], [-15.953806320135957, 17.98444118450982]]]}}, {"type": "Feature", "properties": {"hex_id": 627, "utci_present": 33.86, "utci_2050": 38.08, "utci_2090": 41.32, "utci": 33.86}, "geometry": {"type": "Polygon", "coordinates": [[[-15.952215995567279, 17.98710862437072], [-15.953834897803514, 17.989760288153867], [-15.952244530110084, 17.992427729022843], [-15.949035207176784, 17.99244346949505], [-15.948011852328884, 17.990767216686532], [-15.948046811125117, 17.990733420738295], [-15.948084395678181, 17.990697086353958], [-15.948121980215863, 17.99066075196293], [-15.948159564738164, 17.99062441756519], [-15.94819714924508, 17.990588083160755], [-15.948234733736617, 17.990551748749606], [-15.94827231821277, 17.990515414331753], [-15.948309902673538, 17.990479079907207], [-15.948347487118928, 17.990442745475942], [-15.948385071548936, 17.990406411037977], [-15.948460626692864, 17.990406041369972], [-15.9484982110912, 17.990369706911373], [-15.948535795474152, 17.990333372446084], [-15.948573379841722, 17.990297037974077], [-15.948610964193911, 17.990260703495366], [-15.948648548530716, 17.990224369009947], [-15.948686132852142, 17.99018803451784], [-15.948723717158185, 17.99015170001902], [-15.948761301448844, 17.990115365513486], [-15.948798885724123, 17.99007903100126], [-15.948836469984023, 17.990042696482334], [-15.948874054228538, 17.9900063619567], [-15.948911638457671, 17.989970027424356], [-15.948949222671423, 17.98993369288531], [-15.948986806869796, 17.989897358339565], [-15.949024391052781, 17.98986102378711], [-15.94906197522039, 17.98982468922796], [-15.949099559372614, 17.9897883546621], [-15.949137143509459, 17.98975202008954], [-15.949174727630924, 17.989715685510276], [-15.949212311737005, 17.989679350924302], [-15.949249895827705, 17.989643016331627], [-15.949287479903024, 17.989606681732262], [-15.949325063962961, 17.98957034712618], [-15.949362648007519, 17.989534012513403], [-15.949400232036693, 17.989497677893922], [-15.949437816050487, 17.989461343267724], [-15.9494754000489, 17.989425008634836], [-15.949512984031932, 17.989388673995236], [-15.949550567999582, 17.989352339348944], [-15.949588151951852, 17.98931600469595], [-15.94962573588874, 17.989279670036243], [-15.94966331981025, 17.98924333536984], [-15.949700903716376, 17.98920700069673], [-15.949700516908706, 17.989134701485828], [-15.949738100784982, 17.989098366806537], [-15.949775684645875, 17.989062032120543], [-15.949813268491388, 17.98902569742785], [-15.949850852321518, 17.988989362728454], [-15.94988843613627, 17.988953028022344], [-15.94992601993564, 17.98891669330954], [-15.949963603719633, 17.988880358590038], [-15.950001187488242, 17.988844023863827], [-15.95000080056662, 17.988771724656544], [-15.950038384305376, 17.98873538992414], [-15.950075968028754, 17.98869905518506], [-15.950113551736754, 17.988662720439265], [-15.950151135429369, 17.988626385686768], [-15.950188719106606, 17.98859005092756], [-15.950226302768463, 17.988553716161665], [-15.950225915761836, 17.98848141695695], [-15.950263499393843, 17.988445082184864], [-15.950301083010467, 17.98840874740608], [-15.950338666611712, 17.988372412620595], [-15.950376250197579, 17.98833607782841], [-15.950413833768064, 17.988299743029522], [-15.95045141732317, 17.98826340822393], [-15.950451030231541, 17.988191109021795], [-15.950488613756795, 17.988154774210024], [-15.950526197266672, 17.988118439391535], [-15.950563780761167, 17.988082104566367], [-15.950601364240285, 17.988045769734494], [-15.950600977092593, 17.987973470533888], [-15.950638560541861, 17.98793713569583], [-15.950676143975748, 17.987900800851072], [-15.950675756800939, 17.987828501650966], [-15.950713340204976, 17.98779216680002], [-15.950750923593636, 17.987755831942387], [-15.950788506966918, 17.987719497078043], [-15.950826090324817, 17.987683162206995], [-15.950825703093948, 17.987610863008427], [-15.950863286422003, 17.987574528131205], [-15.950900869734674, 17.987538193247282], [-15.950900482476689, 17.987465894049205], [-15.950938065759514, 17.987429559159104], [-15.95097564902696, 17.987393224262284], [-15.951013232279026, 17.987356889358782], [-15.951050815515712, 17.987320554448573], [-15.951050428201675, 17.987248255252048], [-15.951088011408515, 17.987211920335653], [-15.951125594599977, 17.98717558541257], [-15.951125264541881, 17.987113978411994], [-15.952215995567279, 17.98710862437072]]]}}, {"type": "Feature", "properties": {"hex_id": 745, "utci_present": 33.94, "utci_2050": 38.18, "utci_2090": 41.44, "utci": 33.94}, "geometry": {"type": "Polygon", "coordinates": [[[-15.939435378490609, 17.99780949362612], [-15.937844722293622, 18.000476827546137], [-15.934635240428442, 18.00049233630183], [-15.9343592505434, 18.000040211918048], [-15.934382035237974, 18.000018189425894], [-15.934419624594335, 17.99998185750592], [-15.934457213935307, 17.999945525579218], [-15.934494803260888, 17.999909193645795], [-15.934532392571077, 17.999872861705647], [-15.934569981865872, 17.99983652975878], [-15.934607571145275, 17.999800197805193], [-15.934645160409287, 17.99976386584489], [-15.93468274965791, 17.999727533877856], [-15.934720338891136, 17.99969120190411], [-15.934757928108976, 17.999654869923642], [-15.93479551731142, 17.999618537936463], [-15.934833106498475, 17.999582205942563], [-15.934870695670137, 17.99954587394193], [-15.93490828482641, 17.99950954193459], [-15.934945873967287, 17.999473209920524], [-15.934983463092776, 17.999436877899733], [-15.935021052202876, 17.99940054587224], [-15.93505864129758, 17.999364213838003], [-15.935096230376894, 17.999327881797065], [-15.935133819440818, 17.99929154974941], [-15.93517140848935, 17.999255217695026], [-15.935208997522489, 17.999218885633915], [-15.93524658654024, 17.9991825535661], [-15.935284175542597, 17.99914622149156], [-15.935321764529563, 17.999109889410303], [-15.935359353501143, 17.99907355732233], [-15.935396942457327, 17.99903722522763], [-15.935434531398123, 17.999000893126215], [-15.935472120323523, 17.998964561018084], [-15.935509709233536, 17.998928228903228], [-15.935547298128158, 17.99889189678165], [-15.93558488700739, 17.998855564653358], [-15.93562247587123, 17.99881923251835], [-15.935660064719679, 17.998782900376625], [-15.935697653552738, 17.998746568228174], [-15.935735242370408, 17.998710236073016], [-15.935772831172683, 17.998673903911126], [-15.93581041995957, 17.99863757174252], [-15.935848008731066, 17.998601239567197], [-15.935885597487173, 17.998564907385152], [-15.935923186227887, 17.998528575196396], [-15.935960774953212, 17.998492243000914], [-15.935998363663147, 17.99845591079872], [-15.93603595235769, 17.9984195785898], [-15.936073541036846, 17.998383246374175], [-15.936111129700608, 17.998346914151835], [-15.936148718348981, 17.998310581922755], [-15.936186306981966, 17.99827424968697], [-15.936223895599559, 17.99823791744447], [-15.936261484201761, 17.998201585195243], [-15.93633704292882, 17.99820122009966], [-15.936374631499346, 17.998164887829766], [-15.936412220054484, 17.99812855555316], [-15.93644980859423, 17.99809222326984], [-15.936487397118583, 17.998055890979803], [-15.936524985627551, 17.998019558683048], [-15.936562574121128, 17.997983226379567], [-15.93660016259931, 17.997946894069376], [-15.93663775106211, 17.99791056175247], [-15.936675339509513, 17.997874229428845], [-15.936712927941532, 17.997837897098496], [-15.936750516358158, 17.997801564761442], [-15.936788104759396, 17.997765232417667], [-15.936825693145245, 17.99772890006716], [-15.936863281515702, 17.997692567709944], [-15.936938840012957, 17.997692202389683], [-15.936976428351738, 17.997655870011812], [-15.93701401667513, 17.997619537627223], [-15.937051604983134, 17.997583205235912], [-15.937089193275748, 17.997546872837884], [-15.937126781552971, 17.997510540433147], [-15.937164369814806, 17.99747420802169], [-15.93720195806125, 17.997437875603513], [-15.937239546292304, 17.99740154317861], [-15.93727713450797, 17.99736521074701], [-15.93731472270825, 17.997328878308682], [-15.937352310893136, 17.997292545863626], [-15.937389899062634, 17.99725621341188], [-15.937465457362656, 17.997255847894838], [-15.937503045500478, 17.997219515422426], [-15.937540633622913, 17.997183182943285], [-15.937578221729957, 17.997146850457437], [-15.937615809821613, 17.997110517964867], [-15.93765339789788, 17.99707418546558], [-15.937690985958756, 17.997037852959583], [-15.937728574004247, 17.99700152044686], [-15.937766162034347, 17.996965187927426], [-15.937841720202277, 17.996964822269398], [-15.937879308200703, 17.996928489729314], [-15.93791689618374, 17.996892157182504], [-15.937954484151387, 17.996855824628984], [-15.937992072103642, 17.99681949206874], [-15.938029660040513, 17.99678315950178], [-15.938067247961994, 17.99674682692811], [-15.938142806030408, 17.99674646115698], [-15.938180393920213, 17.99671012856266], [-15.93821798179463, 17.996673795961605], [-15.93825556965366, 17.996637463353853], [-15.938293157497299, 17.996601130739375], [-15.93833074532555, 17.99656479811818], [-15.938368333138413, 17.99652846549027], [-15.938405920935887, 17.996492132855657], [-15.93844350871797, 17.996455800214314], [-15.938519066654296, 17.996455434302195], [-15.938556654404708, 17.996419101640214], [-15.938575495125287, 17.996400890019927], [-15.939435378490609, 17.99780949362612]]]}}, {"type": "Feature", "properties": {"hex_id": 825, "utci_present": 33.84, "utci_2050": 38.05, "utci_2090": 41.28, "utci": 33.84}, "geometry": {"type": "Polygon", "coordinates": [[[-15.929862843725576, 18.008494196137754], [-15.92827195179943, 18.0111614595464], [-15.92531873559653, 18.01117559323942], [-15.925335003889368, 18.01115987160569], [-15.925372597435286, 18.011123541290196], [-15.925410190965799, 18.011087210967972], [-15.925409813560949, 18.011014911415714], [-15.925447407061545, 18.010978581087258], [-15.925485000546736, 18.010942250752052], [-15.925522594016526, 18.010905920410124], [-15.925560187470913, 18.010869590061464], [-15.925597780909898, 18.010833259706065], [-15.925635374333478, 18.010796929343936], [-15.9256349968433, 18.01072462979415], [-15.92567259023696, 18.010688299425794], [-15.92571018361522, 18.010651969050702], [-15.925747776978076, 18.010615638668877], [-15.92578537032553, 18.01057930828031], [-15.925822963657579, 18.01054297788502], [-15.925860556974229, 18.010506647482995], [-15.925860179398725, 18.010434347935675], [-15.925897772685454, 18.010398017527407], [-15.92593536595678, 18.010361687112425], [-15.925972959212704, 18.010325356690704], [-15.926010552453226, 18.010289026262253], [-15.926048145678346, 18.010252695827074], [-15.926085738888066, 18.01021636538516], [-15.92608536122724, 18.010144065840276], [-15.92612295440704, 18.01010773539214], [-15.92616054757144, 18.010071404937257], [-15.926198140720436, 18.010035074475645], [-15.926235733854028, 18.00999874400731], [-15.926273326972217, 18.00996241353223], [-15.926310920075009, 18.00992608305043], [-15.926310542328869, 18.009853783508007], [-15.926348135401742, 18.009817453019966], [-15.926385728459211, 18.009781122525204], [-15.92642332150128, 18.009744792023703], [-15.926460914527945, 18.00970846151549], [-15.926498507539211, 18.009672131000524], [-15.926536100535076, 18.00963580047883], [-15.92653572270362, 18.009563500938864], [-15.926573315669568, 18.00952717041094], [-15.926610908620114, 18.009490839876285], [-15.92664850155526, 18.0094545093349], [-15.926686094475, 18.00941817878679], [-15.926685716587265, 18.009345879248276], [-15.92672330947709, 18.00930954869393], [-15.92676090235152, 18.009273218132858], [-15.92679849521054, 18.009236887565052], [-15.926836088054165, 18.009200556990518], [-15.926873680882386, 18.009164226409244], [-15.926911273695207, 18.009127895821248], [-15.926910895722163, 18.009055596285194], [-15.92694848850507, 18.009019265690963], [-15.926986081272576, 18.008982935090007], [-15.92702367402468, 18.008946604482322], [-15.927061266761381, 18.008910273867897], [-15.927098859482683, 18.008873943246744], [-15.927136452188584, 18.008837612618866], [-15.927136074130237, 18.008765313085274], [-15.927173666806224, 18.008728982451164], [-15.927211259466812, 18.00869265181032], [-15.927248852111994, 18.008656321162757], [-15.927286444741778, 18.008619990508453], [-15.927324037356165, 18.008583659847424], [-15.927361629955147, 18.00854732917967], [-15.9273612518115, 18.00847502964853], [-15.927398844380571, 18.00843869897454], [-15.92743643693424, 18.008402368293826], [-15.927474029472508, 18.008366037606375], [-15.927511621995377, 18.0083297069122], [-15.927549214502847, 18.008293376211295], [-15.927586806994915, 18.008257045503655], [-15.92758642876597, 18.00818474597498], [-15.927624021228125, 18.00814841526111], [-15.92766161367488, 18.00811208454052], [-15.927699206106237, 18.00807575381319], [-15.927736798522192, 18.008039423079143], [-15.927774390922746, 18.008003092338356], [-15.9278119833079, 18.00796676159084], [-15.927811604993666, 18.007894462064627], [-15.927849197348909, 18.007858131310897], [-15.927886789688753, 18.00782180055042], [-15.927924382013197, 18.007785469783226], [-15.92796197432224, 18.0077491390093], [-15.927999566615883, 18.007712808228643], [-15.928037158894126, 18.007676477441244], [-15.928036780494601, 18.00760417791751], [-15.928074372742934, 18.00756784712389], [-15.928111964975866, 18.007531516323553], [-15.928149557193402, 18.007495185516472], [-15.928187149395537, 18.007458854702683], [-15.928224741582273, 18.007422523882145], [-15.928262333753608, 18.007386193054884], [-15.928261955268793, 18.007313893533613], [-15.928299547410221, 18.00727756270012], [-15.928337139536245, 18.007241231859908], [-15.928374731646873, 18.007204901012965], [-15.928412323742103, 18.007168570159294], [-15.928411945201026, 18.007096270639476], [-15.928449537266342, 18.007059939779584], [-15.928487129316263, 18.007023608912952], [-15.928524721350783, 18.006987278039606], [-15.928562313369905, 18.006950947159527], [-15.928599905373629, 18.00691461627271], [-15.928637497361951, 18.006878285379177], [-15.928637118735596, 18.006805985861828], [-15.928674710694008, 18.006769654962067], [-15.928712302637027, 18.006733324055567], [-15.928749894564643, 18.006696993142356], [-15.928759897137223, 18.006687326100614], [-15.929862843725576, 18.008494196137754]]]}}, {"type": "Feature", "properties": {"hex_id": 666, "utci_present": 33.9, "utci_2050": 38.13, "utci_2090": 41.38, "utci": 33.9}, "geometry": {"type": "Polygon", "coordinates": [[[-15.949035207176784, 17.99244346949505], [-15.947444743332808, 17.99511087474588], [-15.944235367406272, 17.99512653800483], [-15.943267028411176, 17.99354033485716], [-15.94333939672324, 17.993539982640034], [-15.943376982851806, 17.993503649106515], [-15.943414568964982, 17.9934673155663], [-15.943490125520677, 17.9934669477751], [-15.943527711602181, 17.993430614214226], [-15.943565297668298, 17.993394280646662], [-15.943640854189606, 17.99339391279815], [-15.943678440224051, 17.99335757920994], [-15.943716026243113, 17.993321245615007], [-15.94375361224679, 17.993284912013372], [-15.943791198235077, 17.993248578405026], [-15.943866754689427, 17.993248210471332], [-15.943904340646041, 17.99321187684235], [-15.943941926587273, 17.99317554320665], [-15.944017483007237, 17.99317517521564], [-15.944055068916795, 17.993138841559304], [-15.944092654810968, 17.993102507896257], [-15.944168211196546, 17.993102139847934], [-15.944205797059045, 17.99306580616425], [-15.944243382906159, 17.993029472473847], [-15.944318939257352, 17.993029104368212], [-15.944356525072793, 17.992992770657164], [-15.944394110872851, 17.992956436939423], [-15.944469667189656, 17.992956068776483], [-15.944507252958038, 17.992919735038093], [-15.944544838711037, 17.992883401292996], [-15.94458242444865, 17.992847067541163], [-15.944620010170878, 17.992810733782655], [-15.944695566420721, 17.992810365534538], [-15.944733152111276, 17.992774031755378], [-15.944770737786447, 17.992737697969506], [-15.944846294001902, 17.992737329664088], [-15.944883879645399, 17.992700995857568], [-15.944921465273513, 17.99266466204435], [-15.944997021454583, 17.992664293681628], [-15.94503460705102, 17.99262795984777], [-15.945072192632074, 17.9925916260072], [-15.945109778197747, 17.992555292159913], [-15.945147363748031, 17.992518958305933], [-15.945222919862134, 17.99251858985803], [-15.945260505380748, 17.992482255983408], [-15.945298090883977, 17.992445922102075], [-15.945373646963692, 17.99244555359687], [-15.945411232435244, 17.992409219694892], [-15.945448817891418, 17.992372885786214], [-15.945524373936744, 17.992372517223696], [-15.94556195936124, 17.992336183294377], [-15.945599544770355, 17.992299849358343], [-15.945637130164084, 17.992263515415615], [-15.945674715542431, 17.992227181466166], [-15.945750271520787, 17.992226812818487], [-15.94578785686746, 17.992190478848407], [-15.945825442198748, 17.992154144871627], [-15.945900998142719, 17.992153776166635], [-15.945938583442333, 17.992117442169206], [-15.945976168726563, 17.992081108165063], [-15.94601375399541, 17.992044774154227], [-15.946051339248873, 17.992008440136683], [-15.946126895125875, 17.992008071346532], [-15.946164480347663, 17.991971737308337], [-15.94620206555407, 17.991935403263444], [-15.946277621396682, 17.991935034415985], [-15.946315206571416, 17.99189870035046], [-15.946352791730764, 17.99186236627822], [-15.94639037687473, 17.99182603219927], [-15.94642796200331, 17.991789698113617], [-15.946503517778952, 17.991789329181003], [-15.94654110287586, 17.991752995074716], [-15.946578687957388, 17.99171666096172], [-15.946616273023531, 17.99168032684202], [-15.946653858074288, 17.991643992715616], [-15.94672941378296, 17.991643623697826], [-15.946766998802044, 17.991607289550785], [-15.946804583805747, 17.991570955397027], [-15.946842168794067, 17.991534621236568], [-15.946879753767002, 17.991498287069415], [-15.9469553094087, 17.991497917966484], [-15.946992894349963, 17.991461583778666], [-15.947030479275844, 17.991425249584164], [-15.947068064186338, 17.991388915382952], [-15.947105649081452, 17.991352581175036], [-15.94718120465618, 17.99135221198694], [-15.94721878951962, 17.99131587775839], [-15.947256374367678, 17.991279543523127], [-15.947293959200353, 17.99124320928116], [-15.947331544017645, 17.991206875032493], [-15.947407099525398, 17.99120650575924], [-15.947444684311016, 17.991170171489934], [-15.94748226908125, 17.99113383721392], [-15.947519853836106, 17.991097502931208], [-15.947557438575574, 17.991061168641796], [-15.947595023299662, 17.991024834345666], [-15.94763260800837, 17.990988500042835], [-15.947708163416568, 17.990988130656554], [-15.947745748093599, 17.990951796333093], [-15.94778333275525, 17.990915462002924], [-15.947820917401517, 17.990879127666048], [-15.947858502032403, 17.990842793322475], [-15.947896086647903, 17.99080645897219], [-15.947933671248023, 17.990770124615203], [-15.94800922655667, 17.990769755115913], [-15.948011852328884, 17.990767216686532], [-15.949035207176784, 17.99244346949505]]]}}, {"type": "Feature", "properties": {"hex_id": 706, "utci_present": 34.06, "utci_2050": 38.33, "utci_2090": 41.63, "utci": 34.06}, "geometry": {"type": "Polygon", "coordinates": [[[-15.944235367406272, 17.99512653800483], [-15.942644807394439, 17.997793907606013], [-15.939435378490609, 17.99780949362612], [-15.938575495125287, 17.996400890019927], [-15.938594242139729, 17.996382768971504], [-15.938631829859366, 17.99634643629608], [-15.938669417563611, 17.996310103613936], [-15.93870700525247, 17.996273770925082], [-15.938744592925937, 17.99623743822951], [-15.938820150762743, 17.996237072204302], [-15.938857738404538, 17.996200739488078], [-15.938895326030947, 17.996164406765143], [-15.938932913641963, 17.99612807403548], [-15.938970501237593, 17.99609174129911], [-15.939046059007454, 17.99609137518869], [-15.93908364657141, 17.996055042431664], [-15.93912123411998, 17.99601870966793], [-15.939158821653159, 17.995982376897473], [-15.939196409170952, 17.995946044120306], [-15.939233996673355, 17.99590971133642], [-15.93927158416037, 17.995873378545824], [-15.939347141830712, 17.99587301232231], [-15.939384729286054, 17.995836679511065], [-15.939422316726008, 17.995800346693095], [-15.939459904150574, 17.995764013868403], [-15.939497491559754, 17.995727681037025], [-15.939573049163146, 17.9957273147283], [-15.93961063654065, 17.995690981876255], [-15.939648223902767, 17.99565464901749], [-15.939685811249495, 17.995618316152015], [-15.939723398580837, 17.99558198327981], [-15.939798956117281, 17.995581616885893], [-15.93983654341695, 17.995545283993046], [-15.939874130701229, 17.995508951093495], [-15.939911717970121, 17.995472618187218], [-15.939949305223628, 17.99543628527423], [-15.940024862693123, 17.9954359187951], [-15.940062449914953, 17.995399585861467], [-15.940100037121397, 17.99536325292112], [-15.940137624312454, 17.99532691997405], [-15.940175211488123, 17.995290587020268], [-15.94025076889067, 17.99529022045594], [-15.940288356034664, 17.995253887481496], [-15.940325943163273, 17.995217554500368], [-15.940363530276493, 17.99518122151251], [-15.940401117374327, 17.995144888517935], [-15.940476674709926, 17.995144521868397], [-15.940514261776082, 17.995108188853177], [-15.940551848826853, 17.995071855831245], [-15.940627406128076, 17.99507148912439], [-15.940664993147173, 17.9950351560818], [-15.940702580150885, 17.994998823032503], [-15.94074016713921, 17.994962489976494], [-15.94077775411215, 17.994926156913767], [-15.940853311346418, 17.99492579012171], [-15.940890898287684, 17.994889457038333], [-15.940928485213558, 17.994853123948243], [-15.941004042413452, 17.99485275709885], [-15.941041629307655, 17.99481642398812], [-15.94107921618647, 17.994780090870666], [-15.941116803049898, 17.994743757746512], [-15.941154389897942, 17.994707424615623], [-15.941229947030884, 17.99470705768105], [-15.941267533847252, 17.994670724529524], [-15.941305120648234, 17.994634391371296], [-15.941342707433831, 17.99459805820635], [-15.94138029420404, 17.994561725034682], [-15.941455851270028, 17.99456135801491], [-15.941493438008562, 17.994525024822597], [-15.941531024731711, 17.99448869162358], [-15.941606581763322, 17.99448832454648], [-15.941644168454797, 17.994451991326812], [-15.941681755130887, 17.994415658100426], [-15.941757312128118, 17.994415290966018], [-15.941794898772534, 17.994378957718986], [-15.94183248540156, 17.99434262446524], [-15.941870072015204, 17.994306291204783], [-15.94190765861346, 17.994269957937618], [-15.941983215543736, 17.994269590718016], [-15.942020802110317, 17.994233257430196], [-15.942058388661513, 17.994196924135668], [-15.942133945557412, 17.994196556858743], [-15.942171532076934, 17.994160223543567], [-15.94220911858107, 17.994123890221687], [-15.94228467544259, 17.994123522887445], [-15.942322261915052, 17.994087189544906], [-15.942359848372126, 17.994050856195674], [-15.942397434813815, 17.994014522839716], [-15.94243502124012, 17.993978189477044], [-15.942510578034684, 17.993977822057616], [-15.942548164429315, 17.993941488674306], [-15.94258575080856, 17.993905155284292], [-15.942661307568741, 17.99390478780753], [-15.942698893916312, 17.993868454396868], [-15.942736480248495, 17.99383212097949], [-15.942812036974296, 17.993831753445424], [-15.94284962327481, 17.99379542000741], [-15.942887209559933, 17.99375908656267], [-15.942924795829676, 17.993722753111218], [-15.94296238208403, 17.993686419653063], [-15.94303793874287, 17.9936860520338], [-15.943075524965552, 17.993649718555012], [-15.943113111172849, 17.9936133850695], [-15.943188667797306, 17.993613017392928], [-15.943226253972929, 17.99357668388678], [-15.943263840133165, 17.99354035037391], [-15.943267028411176, 17.99354033485716], [-15.944235367406272, 17.99512653800483]]]}}, {"type": "Feature", "properties": {"hex_id": 628, "utci_present": 34.0, "utci_2050": 38.24, "utci_2090": 41.52, "utci": 34.0}, "geometry": {"type": "Polygon", "coordinates": [[[-15.949035207176784, 17.99244346949505], [-15.952244530110084, 17.992427729022843], [-15.953863485355496, 17.99507938883899], [-15.95227307452138, 17.997746830715798], [-15.949063655420908, 17.99776257615062], [-15.947444743332808, 17.99511087474588], [-15.949035207176784, 17.99244346949505]]]}}, {"type": "Feature", "properties": {"hex_id": 667, "utci_present": 34.26, "utci_2050": 38.57, "utci_2090": 41.92, "utci": 34.26}, "geometry": {"type": "Polygon", "coordinates": [[[-15.944235367406272, 17.99512653800483], [-15.947444743332808, 17.99511087474588], [-15.949063655420908, 17.99776257615062], [-15.947473148402997, 18.000429982396817], [-15.944263676291984, 18.000445650593395], [-15.942644807394439, 17.997793907606013], [-15.944235367406272, 17.99512653800483]]]}}, {"type": "Feature", "properties": {"hex_id": 629, "utci_present": 34.63, "utci_2050": 39.02, "utci_2090": 42.45, "utci": 34.63}, "geometry": {"type": "Polygon", "coordinates": [[[-15.949063655420908, 17.99776257615062], [-15.95227307452138, 17.997746830715798], [-15.953892082793274, 18.000398486564425], [-15.952301628802532, 18.003065929448837], [-15.949092113501644, 18.00308167984655], [-15.947473148402997, 18.000429982396817], [-15.949063655420908, 17.99776257615062]]]}}, {"type": "Feature", "properties": {"hex_id": 668, "utci_present": 34.94, "utci_2050": 39.41, "utci_2090": 42.92, "utci": 34.94}, "geometry": {"type": "Polygon", "coordinates": [[[-15.944263676291984, 18.000445650593395], [-15.947473148402997, 18.000429982396817], [-15.949092113501644, 18.00308167984655], [-15.947501563293855, 18.00574908708789], [-15.944291994965113, 18.005764760222377], [-15.94267307307297, 18.003113021177484], [-15.944263676291984, 18.000445650593395]]]}}, {"type": "Feature", "properties": {"hex_id": 630, "utci_present": 34.85, "utci_2050": 39.3, "utci_2090": 42.8, "utci": 34.85}, "geometry": {"type": "Polygon", "coordinates": [[[-15.949092113501644, 18.00308167984655], [-15.952301628802532, 18.003065929448837], [-15.953920690118226, 18.005717581329414], [-15.95233019295492, 18.00838502522118], [-15.949120581420354, 18.00840078058208], [-15.947501563293855, 18.00574908708789], [-15.949092113501644, 18.00308167984655]]]}}, {"type": "Feature", "properties": {"hex_id": 669, "utci_present": 34.91, "utci_2050": 39.39, "utci_2090": 42.91, "utci": 34.91}, "geometry": {"type": "Polygon", "coordinates": [[[-15.944291994965113, 18.005764760222377], [-15.947501563293855, 18.00574908708789], [-15.949120581420354, 18.00840078058208], [-15.947529988006746, 18.011068188818317], [-15.94432032342702, 18.011083866891013], [-15.942701348522968, 18.00843213178914], [-15.944291994965113, 18.005764760222377]]]}}, {"type": "Feature", "properties": {"hex_id": 631, "utci_present": 34.75, "utci_2050": 39.19, "utci_2090": 42.67, "utci": 34.75}, "geometry": {"type": "Polygon", "coordinates": [[[-15.949120581420354, 18.00840078058208], [-15.95233019295492, 18.00838502522118], [-15.95394930733172, 18.011036673133198], [-15.952358766979907, 18.013704118032095], [-15.949149059178412, 18.013719878356458], [-15.947529988006746, 18.011068188818317], [-15.949120581420354, 18.00840078058208]]]}}, {"type": "Feature", "properties": {"hex_id": 707, "utci_present": 34.13, "utci_2050": 38.41, "utci_2090": 41.72, "utci": 34.13}, "geometry": {"type": "Polygon", "coordinates": [[[-15.939435378490609, 17.99780949362612], [-15.942644807394439, 17.997793907606013], [-15.944263676291984, 18.000445650593395], [-15.942673073072967, 18.003113021177484], [-15.939463547967355, 18.003128612110245], [-15.937844722293622, 18.000476827546137], [-15.939435378490609, 17.99780949362612]]]}}, {"type": "Feature", "properties": {"hex_id": 785, "utci_present": 34.0, "utci_2050": 38.24, "utci_2090": 41.52, "utci": 34.0}, "geometry": {"type": "Polygon", "coordinates": [[[-15.934635240428442, 18.00049233630183], [-15.933044488028994, 18.003159634509164], [-15.931575577622041, 18.003166703639423], [-15.931602658631029, 18.00314052976569], [-15.931640249213514, 18.003104198340118], [-15.931677839780606, 18.00306786690781], [-15.9317154303323, 18.003031535468775], [-15.931715050537811, 18.002959235986157], [-15.931752641059607, 18.00292290454091], [-15.931790231566008, 18.002886573088933], [-15.931827822057018, 18.002850241630238], [-15.93186541253263, 18.002813910164818], [-15.931903002992849, 18.002777578692676], [-15.93194059343767, 18.00274124721381], [-15.931978183867098, 18.002704915728216], [-15.932015774281131, 18.00266858423591], [-15.932053364679772, 18.002632252736863], [-15.932090955063014, 18.002595921231098], [-15.932090575125285, 18.002523621752996], [-15.932128165478634, 18.002487290241007], [-15.93216575581659, 18.002450958722314], [-15.932203346139147, 18.002414627196885], [-15.932240936446311, 18.002378295664737], [-15.93227852673808, 18.002341964125865], [-15.932316117014457, 18.002305632580264], [-15.932353707275439, 18.002269301027948], [-15.932391297521024, 18.00223296946891], [-15.932390917469068, 18.002160669994286], [-15.93242850768476, 18.002124338429027], [-15.932466097885056, 18.002088006857054], [-15.93250368806996, 18.002051675278345], [-15.93254127823947, 18.00201534369292], [-15.932578868393586, 18.001979012100772], [-15.932616458532307, 18.0019426805019], [-15.932654048655635, 18.0019063488963], [-15.93269163876357, 18.00187001728398], [-15.93272922885611, 18.001833685664945], [-15.932766818933256, 18.001797354039176], [-15.932804408995008, 18.00176102240669], [-15.932841999041367, 18.00172469076749], [-15.932841618817184, 18.001652391298386], [-15.932879208833647, 18.001616059652953], [-15.932916798834718, 18.001579728000813], [-15.932954388820395, 18.00154339634195], [-15.932991978790682, 18.001507064676353], [-15.933029568745571, 18.00147073300403], [-15.933067158685068, 18.001434401325003], [-15.93310474860917, 18.00139806963925], [-15.93314233851788, 18.00136173794677], [-15.933179928411196, 18.001325406247567], [-15.933217518289123, 18.001289074541642], [-15.933255108151652, 18.001252742829003], [-15.93329269799879, 18.001216411109635], [-15.933292317602396, 18.001144111646052], [-15.933329907419639, 18.001107779920485], [-15.93336749722149, 18.001071448188178], [-15.933405087007948, 18.00103511644915], [-15.933442676779014, 18.0009987847034], [-15.933480266534685, 18.000962452950926], [-15.933517856274968, 18.00092612119174], [-15.93355544599985, 18.000889789425827], [-15.933593035709347, 18.000853457653196], [-15.933630625403447, 18.000817125873844], [-15.933668215082156, 18.000780794087767], [-15.93370580474547, 18.000744462294957], [-15.933743394393394, 18.000708130495447], [-15.933780984025924, 18.0006717986892], [-15.93381857364306, 18.00063546687624], [-15.933856163244807, 18.000599135056564], [-15.933893752831159, 18.000562803230167], [-15.933931342402119, 18.000526471397034], [-15.933968931957686, 18.0004901395572], [-15.9339685513021, 18.00041784010219], [-15.934006140827774, 18.00038150825614], [-15.934043730338061, 18.00034517640336], [-15.934081319832952, 18.000308844543856], [-15.934118909312453, 18.00027251267763], [-15.934156498776561, 18.000236180804688], [-15.934194088225277, 18.000199848925032], [-15.9342316776586, 18.000163517038647], [-15.934269267076532, 18.00012718514554], [-15.934306856479072, 18.000090853245723], [-15.93434444586622, 18.000054521339173], [-15.934359250543396, 18.000040211918048], [-15.934635240428442, 18.00049233630183]]]}}, {"type": "Feature", "properties": {"hex_id": 746, "utci_present": 34.22, "utci_2050": 38.52, "utci_2090": 41.86, "utci": 34.22}, "geometry": {"type": "Polygon", "coordinates": [[[-15.934635240428442, 18.00049233630183], [-15.937844722293622, 18.000476827546137], [-15.939463547967355, 18.003128612110245], [-15.937872848529935, 18.005795947000703], [-15.93466327044567, 18.00581146064406], [-15.933044488028997, 18.003159634509164], [-15.934635240428442, 18.00049233630183]]]}}, {"type": "Feature", "properties": {"hex_id": 708, "utci_present": 34.63, "utci_2050": 39.02, "utci_2090": 42.45, "utci": 34.63}, "geometry": {"type": "Polygon", "coordinates": [[[-15.939463547967355, 18.003128612110245], [-15.942673073072967, 18.003113021177484], [-15.944291994965113, 18.005764760222377], [-15.942701348522968, 18.00843213178914], [-15.93949172718232, 18.00844772763483], [-15.937872848529935, 18.005795947000703], [-15.939463547967355, 18.003128612110245]]]}}, {"type": "Feature", "properties": {"hex_id": 786, "utci_present": 33.92, "utci_2050": 38.14, "utci_2090": 41.4, "utci": 33.92}, "geometry": {"type": "Polygon", "coordinates": [[[-15.933044488028994, 18.003159634509164], [-15.93466327044567, 18.00581146064406], [-15.933072474772537, 18.008478759809375], [-15.929862843725576, 18.008494196137754], [-15.928759897137223, 18.006687326100614], [-15.928787486476864, 18.006660662222394], [-15.928825078373682, 18.006624331295725], [-15.928862670255103, 18.006588000362324], [-15.92886229154347, 18.006515700847437], [-15.928899883394982, 18.006479369907808], [-15.928937475231098, 18.006443038961446], [-15.928975067051816, 18.006406708008367], [-15.929012658857133, 18.00637037704855], [-15.929050250647055, 18.00633404608201], [-15.929087842421573, 18.006297715108744], [-15.929087463624665, 18.006225415596333], [-15.92912505536928, 18.006189084616842], [-15.929162647098495, 18.00615275363062], [-15.929200238812314, 18.006116422637675], [-15.929237830510734, 18.006080091637994], [-15.929275422193756, 18.006043760631588], [-15.92931301386138, 18.006007429618464], [-15.929350605513607, 18.005971098598614], [-15.929388197150434, 18.005934767572032], [-15.929387818239238, 18.005862468063096], [-15.92942540984616, 18.005826137030276], [-15.929463001437687, 18.00578980599075], [-15.929500593013813, 18.005753474944488], [-15.929538184574541, 18.005717143891495], [-15.92957577611987, 18.00568081283178], [-15.929613367649804, 18.005644481765344], [-15.929612988653343, 18.00557218225887], [-15.929650580153371, 18.00553585118621], [-15.929688171638002, 18.005499520106817], [-15.929725763107234, 18.0054631890207], [-15.92976335456107, 18.005426857927848], [-15.929800945999506, 18.00539052682828], [-15.92983853742255, 18.005354195721978], [-15.929838158340823, 18.005281896217983], [-15.92987574973396, 18.005245565105458], [-15.929913341111698, 18.00520923398621], [-15.92995093247404, 18.005172902860238], [-15.929988523820985, 18.005136571727537], [-15.930026115152533, 18.005100240588103], [-15.930063706468681, 18.00506390944196], [-15.9300633273017, 18.004991609940436], [-15.930100918587947, 18.004955278788064], [-15.930138509858796, 18.004918947628955], [-15.930176101114249, 18.004882616463135], [-15.930213692354304, 18.004846285290576], [-15.930251283578967, 18.0048099541113], [-15.930288874788229, 18.00477362292528], [-15.93028849553599, 18.004701323426247], [-15.930326086715349, 18.00466499223402], [-15.930363677879312, 18.004628661035063], [-15.930401269027879, 18.00459232982939], [-15.930438860161049, 18.004555998616983], [-15.930476451278823, 18.004519667397854], [-15.930514042381198, 18.004483336171994], [-15.930551633468177, 18.004447004939415], [-15.930589224539762, 18.004410673700107], [-15.93058884517326, 18.00433837420454], [-15.93062643621494, 18.00430204295901], [-15.930664027241228, 18.004265711706758], [-15.930701618252115, 18.00422938044778], [-15.930739209247612, 18.004193049182074], [-15.930776800227708, 18.00415671790964], [-15.930814391192406, 18.004120386630493], [-15.93081401174066, 18.00404808713741], [-15.930851602675459, 18.004011755852023], [-15.930889193594863, 18.003975424559926], [-15.93092678449887, 18.00393909326111], [-15.930964375387482, 18.00390276195554], [-15.931001966260698, 18.003866430643267], [-15.931039557118519, 18.003830099324283], [-15.931077147960945, 18.00379376799855], [-15.931114738787974, 18.0037574366661], [-15.93111435922197, 18.003685137176504], [-15.9311519500191, 18.003648805837827], [-15.931189540800833, 18.00361247449244], [-15.931227131567171, 18.00357614314032], [-15.931264722318112, 18.003539811781476], [-15.931302313053658, 18.003503480415908], [-15.931339903773807, 18.003467149043605], [-15.931377494478562, 18.00343081766459], [-15.931415085167925, 18.003394486278847], [-15.931414705487677, 18.00332218679274], [-15.931452296147139, 18.00328585540079], [-15.931489886791203, 18.0032495240021], [-15.931527477419873, 18.003213192596693], [-15.93156506803315, 18.003176861184553], [-15.931575577622041, 18.003166703639423], [-15.933044488028994, 18.003159634509164]]]}}, {"type": "Feature", "properties": {"hex_id": 747, "utci_present": 34.42, "utci_2050": 38.77, "utci_2090": 42.16, "utci": 34.42}, "geometry": {"type": "Polygon", "coordinates": [[[-15.93466327044567, 18.00581146064406], [-15.937872848529935, 18.005795947000703], [-15.93949172718232, 18.00844772763483], [-15.937900984488515, 18.01111506349549], [-15.934691310151909, 18.011130582026805], [-15.933072474772537, 18.008478759809375], [-15.93466327044567, 18.00581146064406]]]}}, {"type": "Feature", "properties": {"hex_id": 709, "utci_present": 34.71, "utci_2050": 39.13, "utci_2090": 42.59, "utci": 34.71}, "geometry": {"type": "Polygon", "coordinates": [[[-15.93949172718232, 18.00844772763483], [-15.942701348522968, 18.00843213178914], [-15.94432032342702, 18.011083866891013], [-15.942729633745795, 18.013751239440204], [-15.939519916136854, 18.013766840199118], [-15.937900984488515, 18.01111506349549], [-15.93949172718232, 18.00844772763483]]]}}, {"type": "Feature", "properties": {"hex_id": 787, "utci_present": 34.34, "utci_2050": 38.67, "utci_2090": 42.03, "utci": 34.34}, "geometry": {"type": "Polygon", "coordinates": [[[-15.929862843725576, 18.008494196137754], [-15.933072474772537, 18.008478759809375], [-15.934691310151909, 18.011130582026805], [-15.93310047118913, 18.01379788214985], [-15.929890743872527, 18.013813323341193], [-15.92827195179943, 18.0111614595464], [-15.929862843725576, 18.008494196137754]]]}}, {"type": "Feature", "properties": {"hex_id": 748, "utci_present": 34.58, "utci_2050": 38.98, "utci_2090": 42.42, "utci": 34.58}, "geometry": {"type": "Polygon", "coordinates": [[[-15.934691310151909, 18.011130582026805], [-15.937900984488515, 18.01111506349549], [-15.939519916136854, 18.013766840199118], [-15.937929130170707, 18.016434177029744], [-15.934719359548499, 18.016449700449293], [-15.93310047118913, 18.01379788214985], [-15.934691310151909, 18.011130582026805]]]}}, {"type": "Feature", "properties": {"hex_id": 710, "utci_present": 34.67, "utci_2050": 39.08, "utci_2090": 42.53, "utci": 34.67}, "geometry": {"type": "Polygon", "coordinates": [[[-15.939519916136854, 18.013766840199118], [-15.942729633745795, 18.013751239440204], [-15.944348661679065, 18.016402970598545], [-15.942757928742811, 18.01907034412993], [-15.93954811483231, 18.01908594980235], [-15.937929130170707, 18.016434177029744], [-15.939519916136854, 18.013766840199118]]]}}, {"type": "Feature", "properties": {"hex_id": 865, "utci_present": 33.85, "utci_2050": 38.06, "utci_2090": 41.29, "utci": 33.85}, "geometry": {"type": "MultiPolygon", "coordinates": [[[[-15.923471279609275, 18.01384404615469], [-15.923232997716712, 18.01384518244784], [-15.923233129877548, 18.01384505473264], [-15.923232753298883, 18.0137727551564], [-15.923270347823612, 18.013736425214027], [-15.923307942332935, 18.01370009526492], [-15.923345536826853, 18.013663765309072], [-15.923383131305366, 18.0136274353465], [-15.923420725768471, 18.013591105377174], [-15.923458320216174, 18.013554775401126], [-15.923495914648466, 18.013518445418335], [-15.923533509065354, 18.01348211542882], [-15.923533132372286, 18.01340981585601], [-15.92357072675925, 18.013373485860253], [-15.923608321130807, 18.013337155857755], [-15.923645915486958, 18.013300825848532], [-15.923683509827704, 18.01326449583257], [-15.923721104153048, 18.013228165809867], [-15.923758698462981, 18.013191835780432], [-15.923758321684556, 18.01311953621007], [-15.923795915964567, 18.013083206174397], [-15.923833510229171, 18.013046876131998], [-15.92387110447837, 18.013010546082853], [-15.923908698712163, 18.01297421602698], [-15.923946292930554, 18.012937885964366], [-15.923983887133538, 18.01290155589502], [-15.924021481321114, 18.01286522581893], [-15.92405907549329, 18.012828895736124], [-15.924058698600472, 18.012756596169197], [-15.924096292742721, 18.012720266080148], [-15.924133886869566, 18.012683935984366], [-15.924171480981004, 18.01264760588184], [-15.92420329705862, 18.012616859524172], [-15.923471279609275, 18.01384404615469]]], [[[-15.924283966048208, 18.012481621278862], [-15.924283886244728, 18.0124663159694], [-15.924305628980424, 18.01244530422415], [-15.924283966048208, 18.012481621278862]]]]}}, {"type": "Feature", "properties": {"hex_id": 826, "utci_present": 34.07, "utci_2050": 38.33, "utci_2090": 41.62, "utci": 34.07}, "geometry": {"type": "Polygon", "coordinates": [[[-15.92827195179943, 18.0111614595464], [-15.929890743872527, 18.013813323341193], [-15.928299808623475, 18.01648058769511], [-15.925090028342831, 18.01649595152091], [-15.923471279609275, 18.01384404615469], [-15.924203297058622, 18.012616859524172], [-15.924209075077039, 18.012611275772592], [-15.92424666915767, 18.012574945656603], [-15.924284263222894, 18.01253861553388], [-15.924283966048208, 18.012481621278862], [-15.924305628980424, 18.012445304224148], [-15.92432148028003, 18.012429985840438], [-15.924359074299925, 18.01239365570475], [-15.924396668304418, 18.012357325562316], [-15.924434262293506, 18.012320995413152], [-15.924471856267191, 18.012284665257262], [-15.92450945022547, 18.012248335094633], [-15.924509073161959, 18.0121760355326], [-15.924546667090315, 18.012139705363737], [-15.924584261003265, 18.01210337518814], [-15.924621854900813, 18.012067045005796], [-15.924659448782956, 18.012030714816735], [-15.924697042649695, 18.01199438462094], [-15.92473463650103, 18.011958054418397], [-15.92473425935218, 18.011885754858824], [-15.92477185317359, 18.011849424650052], [-15.9248094469796, 18.011813094434554], [-15.924847040770205, 18.01177676421232], [-15.924884634545405, 18.01174043398334], [-15.924922228305201, 18.011704103747633], [-15.924959822049594, 18.011667773505213], [-15.924959444815405, 18.011595473948066], [-15.924997038529877, 18.011559143699404], [-15.925034632228945, 18.011522813444003], [-15.925072225912608, 18.011486483181855], [-15.925109819580868, 18.011450152912992], [-15.925147413233724, 18.011413822637387], [-15.92518500687118, 18.011377492355056], [-15.925184629551657, 18.01130519280038], [-15.92522222315919, 18.011268862511802], [-15.925259816751318, 18.011232532216493], [-15.925297410328044, 18.011196201914462], [-15.92531873559653, 18.01117559323942], [-15.92827195179943, 18.0111614595464]]]}}, {"type": "Feature", "properties": {"hex_id": 866, "utci_present": 33.85, "utci_2050": 38.06, "utci_2090": 41.3, "utci": 33.85}, "geometry": {"type": "Polygon", "coordinates": [[[-15.923471279609275, 18.01384404615469], [-15.925090028342831, 18.01649595152091], [-15.923498996790201, 18.01916318007417], [-15.920289163561486, 18.01917846650885], [-15.919584803569572, 18.018024516023996], [-15.919589762946638, 18.018019723763736], [-15.919627359111203, 18.017983394470004], [-15.919664955260359, 18.017947065169512], [-15.919702551394103, 18.017910735862312], [-15.919740147512439, 18.017874406548348], [-15.919777743615365, 18.01783807722765], [-15.919815339702879, 18.01780174790021], [-15.919852935774985, 18.01776541856603], [-15.919852560487707, 18.01769311895004], [-15.919890156529872, 18.01765678960961], [-15.919927752556628, 18.01762046026245], [-15.919965348567978, 18.017584130908553], [-15.920002944563914, 18.017547801547913], [-15.92004054054444, 18.01751147218052], [-15.920078136509558, 18.01747514280639], [-15.920115732459266, 18.017438813425528], [-15.920153328393566, 18.017402484037927], [-15.920190924312452, 18.017366154643582], [-15.920228520215932, 18.017329825242495], [-15.920266116104003, 18.017293495834675], [-15.920303711976661, 18.01725716642012], [-15.920341307833912, 18.017220836998806], [-15.920378903675752, 18.01718450757076], [-15.920416499502185, 18.017148178135972], [-15.92045409531321, 18.017111848694462], [-15.920453719795239, 18.017039549085833], [-15.920491315576324, 18.017003219638074], [-15.920528911342002, 18.016966890183575], [-15.920566507092268, 18.016930560722326], [-15.920604102827127, 18.016894231254334], [-15.920641698546575, 18.016857901779616], [-15.920679294250615, 18.016821572298152], [-15.920716889939246, 18.01678524280994], [-15.92075448561247, 18.016748913315002], [-15.920792081270282, 18.01671258381333], [-15.920829676912685, 18.016676254304915], [-15.920867272539681, 18.016639924789747], [-15.920904868151268, 18.016603595267853], [-15.920904492460737, 18.016531295664638], [-15.92094208804239, 18.01649496613649], [-15.92097968360863, 18.01645863660162], [-15.921017279159463, 18.01642230706], [-15.921054874694889, 18.016385977511643], [-15.921092470214907, 18.016349647956545], [-15.921130065719513, 18.016313318394715], [-15.921167661208713, 18.016276988826142], [-15.921205256682505, 18.016240659250837], [-15.921242852140889, 18.016204329668778], [-15.921280447583863, 18.016168000079993], [-15.921318043011427, 18.016131670484462], [-15.921355638423584, 18.016095340882192], [-15.921355262560505, 18.016023041284395], [-15.921392857942728, 18.015986711675883], [-15.921430453309544, 18.015950382060634], [-15.921468048660952, 18.015914052438653], [-15.921505643996948, 18.015877722809925], [-15.921543239317542, 18.015841393174473], [-15.921580834622725, 18.015805063532273], [-15.9216184299125, 18.01576873388334], [-15.921656025186868, 18.015732404227666], [-15.921693620445827, 18.015696074565263], [-15.921731215689379, 18.0156597448961], [-15.921730839682807, 18.01558744530271], [-15.921768434896428, 18.015551115627325], [-15.92180603009464, 18.015514785945186], [-15.921843625277441, 18.01547845625632], [-15.921881220444837, 18.015442126560718], [-15.921918815596825, 18.015405796858385], [-15.921956410733408, 18.015369467149302], [-15.921994005854579, 18.015333137433483], [-15.922031600960345, 18.01529680771093], [-15.922069196050703, 18.015260477981645], [-15.922106791125653, 18.0152241482456], [-15.922106414975604, 18.015151848656636], [-15.922144010020624, 18.015115518914374], [-15.922181605050238, 18.015079189165366], [-15.922219200064442, 18.015042859409622], [-15.922256795063237, 18.015006529647138], [-15.922294390046629, 18.014970199877926], [-15.922331985014612, 18.01493387010197], [-15.922369579967187, 18.014897540319275], [-15.922407174904357, 18.014861210529848], [-15.922406798639882, 18.014788910944308], [-15.922444393547119, 18.014752581148635], [-15.922481988438951, 18.01471625134623], [-15.922519583315378, 18.01467992153709], [-15.922557178176396, 18.014643591721214], [-15.922594773022007, 18.014607261898597], [-15.92263236785221, 18.01457093206925], [-15.922669962667008, 18.014534602233162], [-15.922707557466397, 18.01449827239033], [-15.922707181087508, 18.014425972808223], [-15.922744775856968, 18.01438964295916], [-15.922782370611024, 18.01435331310336], [-15.922819965349671, 18.01431698324082], [-15.922857560072915, 18.014280653371543], [-15.922895154780749, 18.01424432349555], [-15.922932749473178, 18.014207993612793], [-15.922970344150201, 18.01417166372331], [-15.923007938811818, 18.0141353338271], [-15.923007562318515, 18.014063034248416], [-15.923045156950202, 18.01402670434596], [-15.923082751566485, 18.013990374436773], [-15.923120346167359, 18.013954044520837], [-15.923157940752827, 18.01391771459817], [-15.923195535322892, 18.013881384668778], [-15.923232997716712, 18.01384518244784], [-15.923471279609275, 18.01384404615469]]]}}, {"type": "Feature", "properties": {"hex_id": 827, "utci_present": 34.46, "utci_2050": 38.81, "utci_2090": 42.19, "utci": 34.46}, "geometry": {"type": "Polygon", "coordinates": [[[-15.925090028342831, 18.01649595152091], [-15.928299808623475, 18.01648058769511], [-15.929918653660609, 18.019132447584433], [-15.928327675072685, 18.02179971288336], [-15.925117798471835, 18.021815081547434], [-15.923498996790201, 18.01916318007417], [-15.925090028342831, 18.01649595152091]]]}}, {"type": "Feature", "properties": {"hex_id": 905, "utci_present": 33.85, "utci_2050": 38.06, "utci_2090": 41.3, "utci": 33.85}, "geometry": {"type": "Polygon", "coordinates": [[[-15.920289163561486, 18.01917846650885], [-15.918698035687983, 18.02184565922994], [-15.91569073525516, 18.02185990993406], [-15.915717649142845, 18.02183390457677], [-15.915755246909397, 18.021797575977082], [-15.915792844660535, 18.02176124737064], [-15.915830442396256, 18.021724918757457], [-15.915868040116564, 18.021688590137522], [-15.91590563782146, 18.02165226151085], [-15.91594323551094, 18.02161593287743], [-15.915980833185007, 18.021579604237267], [-15.91601843084366, 18.021543275590357], [-15.916056028486901, 18.021506946936697], [-15.916093626114725, 18.021470618276293], [-15.916131223727136, 18.021434289609143], [-15.916168821324135, 18.02139796093526], [-15.916206418905718, 18.021361632254624], [-15.91624401647189, 18.021325303567238], [-15.916281614022646, 18.02128897487312], [-15.91631921155799, 18.021252646172247], [-15.91635680907792, 18.02121631746463], [-15.916394406582434, 18.021179988750276], [-15.91643200407154, 18.021143660029164], [-15.916469601545227, 18.021107331301323], [-15.916507199003503, 18.02107100256673], [-15.916544796446368, 18.021034673825383], [-15.916582393873815, 18.020998345077302], [-15.916619991285852, 18.02096201632248], [-15.916657588682476, 18.0209256875609], [-15.916695186063686, 18.020889358792594], [-15.916732783429483, 18.020853030017527], [-15.916770380779864, 18.020816701235713], [-15.916807978114837, 18.020780372447177], [-15.916845575434396, 18.02074404365188], [-15.916883172738538, 18.020707714849845], [-15.916920770027271, 18.020671386041062], [-15.916958367300591, 18.02063505722554], [-15.916995964558494, 18.020598728403264], [-15.917033561800988, 18.020562399574246], [-15.917071159028069, 18.02052607073849], [-15.917108756239735, 18.02048974189599], [-15.917146353435989, 18.02045341304675], [-15.917183950616831, 18.02041708419076], [-15.91722154778226, 18.020380755328024], [-15.917259144932276, 18.020344426458557], [-15.917296742066883, 18.02030809758233], [-15.917334339186073, 18.02027176869937], [-15.91737193628985, 18.02023543980966], [-15.917409533378217, 18.02019911091321], [-15.91744713045117, 18.02016278201002], [-15.917484727508713, 18.020126453100076], [-15.917522324550841, 18.020090124183398], [-15.91755992157756, 18.020053795259972], [-15.917597518588863, 18.02001746632981], [-15.917635115584755, 18.0199811373929], [-15.917672712565235, 18.019944808449242], [-15.917710309530301, 18.01990847949885], [-15.91774790647996, 18.01987215054171], [-15.917785503414203, 18.019835821577832], [-15.917823100333035, 18.0197994926072], [-15.917860697236453, 18.01976316362983], [-15.917898294124461, 18.019726834645713], [-15.917935890997056, 18.01969050565487], [-15.917973487854239, 18.019654176657273], [-15.918011084696012, 18.019617847652935], [-15.918048681522372, 18.019581518641857], [-15.918086278333321, 18.019545189624026], [-15.918123875128854, 18.01950886059946], [-15.918161471908979, 18.019472531568145], [-15.918199068673692, 18.0194362025301], [-15.918236665422993, 18.019399873485302], [-15.918274262156883, 18.019363544433762], [-15.918311858875361, 18.019327215375487], [-15.918349455578426, 18.019290886310458], [-15.918387052266082, 18.0192545572387], [-15.918424648938325, 18.019218228160188], [-15.918462245595158, 18.01918189907495], [-15.918499842236578, 18.019145569982946], [-15.918537438862588, 18.019109240884216], [-15.918575035473184, 18.01907291177875], [-15.918612632068372, 18.01903658266654], [-15.918650228648147, 18.019000253547578], [-15.918687825212512, 18.018963924421872], [-15.918725421761463, 18.018927595289426], [-15.918763018295005, 18.018891266150245], [-15.918800614813133, 18.018854937004324], [-15.918838211315856, 18.018818607851653], [-15.918875807803163, 18.01878227869225], [-15.91891340427506, 18.018745949526092], [-15.918951000731544, 18.018709620353206], [-15.91895062579122, 18.018637320725887], [-15.918988222217765, 18.018600991546748], [-15.919025818628901, 18.018564662360877], [-15.919063415024622, 18.018528333168252], [-15.919101011404935, 18.018492003968888], [-15.919138607769838, 18.018455674762787], [-15.919176204119326, 18.01841934554994], [-15.919213800453406, 18.018383016330354], [-15.919251396772077, 18.018346687104028], [-15.919288993075337, 18.018310357870963], [-15.919326589363187, 18.018274028631154], [-15.919364185635624, 18.0182376993846], [-15.919401781892653, 18.01820137013131], [-15.919439378134271, 18.018165040871274], [-15.919476974360474, 18.018128711604504], [-15.919514570571273, 18.01809238233099], [-15.919552166766659, 18.018056053050728], [-15.919584803569572, 18.018024516023996], [-15.920289163561486, 18.01917846650885]]]}}, {"type": "Feature", "properties": {"hex_id": 867, "utci_present": 34.01, "utci_2050": 38.26, "utci_2090": 41.54, "utci": 34.01}, "geometry": {"type": "Polygon", "coordinates": [[[-15.920289163561486, 18.01917846650885], [-15.923498996790201, 18.01916318007417], [-15.925117798471835, 18.021815081547434], [-15.923526723547067, 18.02448231103324], [-15.920316793980842, 18.024497602281194], [-15.918698035687983, 18.02184565922994], [-15.920289163561486, 18.01917846650885]]]}}, {"type": "Feature", "properties": {"hex_id": 906, "utci_present": 33.96, "utci_2050": 38.2, "utci_2090": 41.47, "utci": 33.96}, "geometry": {"type": "Polygon", "coordinates": [[[-15.918698035687983, 18.02184565922994], [-15.920316793980842, 18.024497602281194], [-15.918725622701926, 18.027164795922356], [-15.915515640186298, 18.027180009728617], [-15.913896925315486, 18.024528025105308], [-15.915213781245527, 18.022320761597967], [-15.915228876774993, 18.022306175758917], [-15.915266474741927, 18.02226984724692], [-15.91530407269345, 18.022233518728168], [-15.915341670629559, 18.022197190202686], [-15.915379268550252, 18.02216086167046], [-15.915416866455532, 18.022124533131475], [-15.915454464345396, 18.022088204585742], [-15.915492062219844, 18.022051876033267], [-15.915529660078882, 18.022015547474044], [-15.915567257922504, 18.021979218908086], [-15.91560485575071, 18.02194289033537], [-15.915642453563503, 18.02190656175592], [-15.915680051360882, 18.02187023316972], [-15.91569073525516, 18.02185990993406], [-15.918698035687983, 18.02184565922994]]]}}, {"type": "Feature", "properties": {"hex_id": 828, "utci_present": 34.83, "utci_2050": 39.27, "utci_2090": 42.76, "utci": 34.83}, "geometry": {"type": "Polygon", "coordinates": [[[-15.925117798471835, 18.021815081547434], [-15.928327675072685, 18.02179971288336], [-15.929946573091163, 18.02445156886669], [-15.928355551148405, 18.02711883511041], [-15.925145578194071, 18.02713420861302], [-15.923526723547067, 18.02448231103324], [-15.925117798471835, 18.021815081547434]]]}}, {"type": "Feature", "properties": {"hex_id": 788, "utci_present": 34.8, "utci_2050": 39.24, "utci_2090": 42.72, "utci": 34.8}, "geometry": {"type": "Polygon", "coordinates": [[[-15.929890743872527, 18.013813323341193], [-15.93310047118913, 18.01379788214985], [-15.934719359548499, 18.016449700449293], [-15.933128477280118, 18.019117001529832], [-15.929918653660609, 18.019132447584433], [-15.928299808623475, 18.01648058769511], [-15.929890743872527, 18.013813323341193]]]}}, {"type": "Feature", "properties": {"hex_id": 749, "utci_present": 34.77, "utci_2050": 39.2, "utci_2090": 42.67, "utci": 34.77}, "geometry": {"type": "Polygon", "coordinates": [[[-15.934719359548499, 18.016449700449293], [-15.937929130170707, 18.016434177029744], [-15.93954811483231, 18.01908594980235], [-15.937957285577864, 18.021753287602703], [-15.93474741863679, 18.021768815910768], [-15.933128477280118, 18.019117001529832], [-15.934719359548499, 18.016449700449293]]]}}, {"type": "Feature", "properties": {"hex_id": 789, "utci_present": 34.31, "utci_2050": 38.63, "utci_2090": 41.99, "utci": 34.31}, "geometry": {"type": "Polygon", "coordinates": [[[-15.929918653660609, 18.019132447584433], [-15.933128477280118, 18.019117001529832], [-15.93474741863679, 18.021768815910768], [-15.933156493046848, 18.024436117948564], [-15.929946573091163, 18.02445156886669], [-15.928327675072685, 18.02179971288336], [-15.929918653660609, 18.019132447584433]]]}}, {"type": "Feature", "properties": {"hex_id": 711, "utci_present": 34.88, "utci_2050": 39.34, "utci_2090": 42.84, "utci": 34.88}, "geometry": {"type": "Polygon", "coordinates": [[[-15.93954811483231, 18.01908594980235], [-15.942757928742811, 18.01907034412993], [-15.944377009722604, 18.02172207134421], [-15.94278623351537, 18.024389445857555], [-15.939576323270042, 18.024405056443758], [-15.937957285577864, 18.021753287602703], [-15.93954811483231, 18.01908594980235]]]}}, {"type": "Feature", "properties": {"hex_id": 750, "utci_present": 34.57, "utci_2050": 38.95, "utci_2090": 42.37, "utci": 34.57}, "geometry": {"type": "Polygon", "coordinates": [[[-15.93474741863679, 18.021768815910768], [-15.937957285577864, 18.021753287602703], [-15.939576323270042, 18.024405056443758], [-15.937985450711347, 18.0270723952136], [-15.934775487418134, 18.02708792841047], [-15.933156493046848, 18.024436117948564], [-15.93474741863679, 18.021768815910768]]]}}, {"type": "Feature", "properties": {"hex_id": 790, "utci_present": 34.72, "utci_2050": 39.14, "utci_2090": 42.6, "utci": 34.72}, "geometry": {"type": "Polygon", "coordinates": [[[-15.929946573091163, 18.02445156886669], [-15.933156493046848, 18.024436117948564], [-15.934775487418134, 18.02708792841047], [-15.933184518490664, 18.029755231405286], [-15.92997450216553, 18.029770687187227], [-15.928355551148405, 18.02711883511041], [-15.929946573091163, 18.02445156886669]]]}}, {"type": "Feature", "properties": {"hex_id": 712, "utci_present": 34.51, "utci_2050": 38.88, "utci_2090": 42.29, "utci": 34.51}, "geometry": {"type": "Polygon", "coordinates": [[[-15.939576323270042, 18.024405056443758], [-15.94278623351537, 18.024389445857555], [-15.944405367559007, 18.027041169127248], [-15.942814548064833, 18.029708544622316], [-15.939604541451407, 18.029724160122598], [-15.937985450711347, 18.0270723952136], [-15.939576323270042, 18.024405056443758]]]}}, {"type": "Feature", "properties": {"hex_id": 751, "utci_present": 34.86, "utci_2050": 39.32, "utci_2090": 42.82, "utci": 34.86}, "geometry": {"type": "Polygon", "coordinates": [[[-15.934775487418134, 18.02708792841047], [-15.937985450711347, 18.0270723952136], [-15.939604541451407, 18.029724160122598], [-15.938013625572498, 18.032391499861685], [-15.934803565893873, 18.03240703794764], [-15.933184518490664, 18.029755231405286], [-15.934775487418134, 18.02708792841047]]]}}, {"type": "Feature", "properties": {"hex_id": 713, "utci_present": 34.68, "utci_2050": 39.09, "utci_2090": 42.55, "utci": 34.68}, "geometry": {"type": "Polygon", "coordinates": [[[-15.939604541451407, 18.029724160122598], [-15.942814548064833, 18.029708544622316], [-15.94443373518963, 18.032360263946906], [-15.94284287239256, 18.035027640423458], [-15.939632769377761, 18.035043260838094], [-15.938013625572498, 18.032391499861685], [-15.939604541451407, 18.029724160122598]]]}}, {"type": "Feature", "properties": {"hex_id": 791, "utci_present": 34.82, "utci_2050": 39.26, "utci_2090": 42.76, "utci": 34.82}, "geometry": {"type": "Polygon", "coordinates": [[[-15.92997450216553, 18.029770687187227], [-15.933184518490664, 18.029755231405286], [-15.934803565893873, 18.03240703794764], [-15.933212553612913, 18.035074341899243], [-15.930002440885051, 18.03508980254528], [-15.928383436851972, 18.032437954375496], [-15.92997450216553, 18.029770687187227]]]}}, {"type": "Feature", "properties": {"hex_id": 670, "utci_present": 34.83, "utci_2050": 39.28, "utci_2090": 42.78, "utci": 34.83}, "geometry": {"type": "Polygon", "coordinates": [[[-15.94432032342702, 18.011083866891013], [-15.947529988006746, 18.011068188818317], [-15.949149059178412, 18.013719878356458], [-15.947558422543038, 18.016387287587357], [-15.944348661679065, 18.016402970598545], [-15.942729633745795, 18.013751239440204], [-15.94432032342702, 18.011083866891013]]]}}, {"type": "Feature", "properties": {"hex_id": 632, "utci_present": 34.67, "utci_2050": 39.08, "utci_2090": 42.53, "utci": 34.67}, "geometry": {"type": "Polygon", "coordinates": [[[-15.949149059178412, 18.013719878356458], [-15.952358766979907, 18.013704118032095], [-15.953977934435132, 18.016355761975017], [-15.95238735087887, 18.019023207880807], [-15.949177546777179, 18.01903897316892], [-15.947558422543038, 18.016387287587357], [-15.949149059178412, 18.013719878356458]]]}}, {"type": "Feature", "properties": {"hex_id": 671, "utci_present": 34.21, "utci_2050": 38.51, "utci_2090": 41.84, "utci": 34.21}, "geometry": {"type": "Polygon", "coordinates": [[[-15.944348661679065, 18.016402970598545], [-15.947558422543038, 18.016387287587357], [-15.949177546777179, 18.01903897316892], [-15.94758686690409, 18.02170638339425], [-15.944377009722604, 18.02172207134421], [-15.942757928742811, 18.01907034412993], [-15.944348661679065, 18.016402970598545]]]}}, {"type": "Feature", "properties": {"hex_id": 633, "utci_present": 34.07, "utci_2050": 38.34, "utci_2090": 41.64, "utci": 34.07}, "geometry": {"type": "Polygon", "coordinates": [[[-15.949177546777179, 18.01903897316892], [-15.95238735087887, 18.019023207880807], [-15.954006571429838, 18.021674847854104], [-15.952415944653179, 18.02434229476655], [-15.949206044218027, 18.024358065018713], [-15.94758686690409, 18.02170638339425], [-15.949177546777179, 18.01903897316892]]]}}, {"type": "Feature", "properties": {"hex_id": 672, "utci_present": 34.88, "utci_2050": 39.34, "utci_2090": 42.84, "utci": 34.88}, "geometry": {"type": "Polygon", "coordinates": [[[-15.944377009722604, 18.02172207134421], [-15.94758686690409, 18.02170638339425], [-15.949206044218027, 18.024358065018713], [-15.947615321091273, 18.02702547623823], [-15.944405367559007, 18.027041169127248], [-15.94278623351537, 18.024389445857555], [-15.944377009722604, 18.02172207134421]]]}}, {"type": "Feature", "properties": {"hex_id": 634, "utci_present": 34.4, "utci_2050": 38.74, "utci_2090": 42.12, "utci": 34.4}, "geometry": {"type": "Polygon", "coordinates": [[[-15.949206044218027, 18.024358065018713], [-15.952415944653179, 18.02434229476655], [-15.954035218317212, 18.026993930769706], [-15.952444548304207, 18.029661378688573], [-15.949234551502325, 18.02967715390507], [-15.947615321091273, 18.02702547623823], [-15.949206044218027, 18.024358065018713]]]}}, {"type": "Feature", "properties": {"hex_id": 673, "utci_present": 34.56, "utci_2050": 38.95, "utci_2090": 42.37, "utci": 34.56}, "geometry": {"type": "Polygon", "coordinates": [[[-15.944405367559007, 18.027041169127248], [-15.947615321091273, 18.02702547623823], [-15.949234551502325, 18.02967715390507], [-15.947643785105948, 18.032344566118542], [-15.94443373518963, 18.032360263946906], [-15.942814548064833, 18.029708544622316], [-15.944405367559007, 18.027041169127248]]]}}, {"type": "Feature", "properties": {"hex_id": 635, "utci_present": 34.98, "utci_2050": 39.46, "utci_2090": 42.99, "utci": 34.98}, "geometry": {"type": "Polygon", "coordinates": [[[-15.949234551502325, 18.02967715390507], [-15.952444548304207, 18.029661378688573], [-15.954063875098633, 18.03231301072107], [-15.952473161833332, 18.03498045964612], [-15.94926306863144, 18.03499623982723], [-15.947643785105948, 18.032344566118542], [-15.949234551502325, 18.02967715390507]]]}}, {"type": "Feature", "properties": {"hex_id": 674, "utci_present": 34.92, "utci_2050": 39.39, "utci_2090": 42.91, "utci": 34.92}, "geometry": {"type": "Polygon", "coordinates": [[[-15.94443373518963, 18.032360263946906], [-15.947643785105948, 18.032344566118542], [-15.94926306863144, 18.03499623982723], [-15.94767225894949, 18.037663653034425], [-15.944462112615838, 18.03767935580242], [-15.94284287239256, 18.035027640423458], [-15.94443373518963, 18.032360263946906]]]}}, {"type": "Feature", "properties": {"hex_id": 636, "utci_present": 35.02, "utci_2050": 39.51, "utci_2090": 43.05, "utci": 35.02}, "geometry": {"type": "Polygon", "coordinates": [[[-15.94926306863144, 18.03499623982723], [-15.952473161833332, 18.03498045964612], [-15.954092541775472, 18.037632087707422], [-15.952501785241926, 18.04029953763843], [-15.949291595606743, 18.040315322784448], [-15.94767225894949, 18.037663653034425], [-15.94926306863144, 18.03499623982723]]]}}, {"type": "Feature", "properties": {"hex_id": 868, "utci_present": 34.61, "utci_2050": 39.0, "utci_2090": 42.43, "utci": 34.61}, "geometry": {"type": "Polygon", "coordinates": [[[-15.920316793980842, 18.024497602281194], [-15.923526723547067, 18.02448231103324], [-15.925145578194071, 18.02713420861302], [-15.923554459881197, 18.029801439031143], [-15.920344433944186, 18.02981673509265], [-15.918725622701926, 18.027164795922356], [-15.920316793980842, 18.024497602281194]]]}}, {"type": "Feature", "properties": {"hex_id": 829, "utci_present": 34.48, "utci_2050": 38.84, "utci_2090": 42.24, "utci": 34.48}, "geometry": {"type": "Polygon", "coordinates": [[[-15.925145578194071, 18.02713420861302], [-15.928355551148405, 18.02711883511041], [-15.92997450216553, 18.029770687187227], [-15.928383436851972, 18.032437954375496], [-15.925173367510881, 18.032453332716926], [-15.923554459881197, 18.029801439031143], [-15.925145578194071, 18.02713420861302]]]}}, {"type": "Feature", "properties": {"hex_id": 907, "utci_present": 34.31, "utci_2050": 38.63, "utci_2090": 41.99, "utci": 34.31}, "geometry": {"type": "Polygon", "coordinates": [[[-15.915515640186298, 18.027180009728617], [-15.918725622701926, 18.027164795922356], [-15.920344433944186, 18.02981673509265], [-15.91875321924389, 18.032483929653644], [-15.915543140340175, 18.032499148248473], [-15.913924372535934, 18.029847167493607], [-15.915515640186298, 18.027180009728617]]]}}, {"type": "Feature", "properties": {"hex_id": 869, "utci_present": 34.88, "utci_2050": 39.33, "utci_2090": 42.83, "utci": 34.88}, "geometry": {"type": "Polygon", "coordinates": [[[-15.920344433944186, 18.02981673509265], [-15.923554459881197, 18.029801439031143], [-15.925173367510881, 18.032453332716926], [-15.92358220579393, 18.035120564067117], [-15.920372083452854, 18.035135864942454], [-15.91875321924389, 18.032483929653644], [-15.920344433944186, 18.02981673509265]]]}}, {"type": "Feature", "properties": {"hex_id": 830, "utci_present": 34.6, "utci_2050": 39.0, "utci_2090": 42.43, "utci": 34.6}, "geometry": {"type": "Polygon", "coordinates": [[[-15.925173367510881, 18.032453332716926], [-15.928383436851972, 18.032437954375496], [-15.930002440885051, 18.03508980254528], [-15.928411332184726, 18.03775707067785], [-15.925201166423596, 18.037772453858388], [-15.92358220579393, 18.035120564067117], [-15.925173367510881, 18.032453332716926]]]}}, {"type": "Feature", "properties": {"hex_id": 908, "utci_present": 34.86, "utci_2050": 39.29, "utci_2090": 42.78, "utci": 34.86}, "geometry": {"type": "Polygon", "coordinates": [[[-15.915543140340175, 18.032499148248473], [-15.91875321924389, 18.032483929653644], [-15.920372083452854, 18.035135864942454], [-15.918780825315197, 18.037803060423048], [-15.915570649990112, 18.03781828380671], [-15.91395182923515, 18.035166306920818], [-15.915543140340175, 18.032499148248473]]]}}, {"type": "Feature", "properties": {"hex_id": 870, "utci_present": 34.67, "utci_2050": 39.07, "utci_2090": 42.51, "utci": 34.67}, "geometry": {"type": "Polygon", "coordinates": [[[-15.920372083452854, 18.035135864942454], [-15.92358220579393, 18.035120564067117], [-15.925201166423596, 18.037772453858388], [-15.923609961286592, 18.04043968614041], [-15.92039974250817, 18.04045499182986], [-15.918780825315197, 18.037803060423048], [-15.920372083452854, 18.035135864942454]]]}}, {"type": "Feature", "properties": {"hex_id": 831, "utci_present": 34.91, "utci_2050": 39.38, "utci_2090": 42.9, "utci": 34.91}, "geometry": {"type": "Polygon", "coordinates": [[[-15.925201166423596, 18.037772453858388], [-15.928411332184726, 18.03775707067785], [-15.93003038925107, 18.040408914940084], [-15.928439237148002, 18.043076184016723], [-15.925228974933553, 18.043091572036648], [-15.923609961286592, 18.04043968614041], [-15.925201166423596, 18.037772453858388]]]}}, {"type": "Feature", "properties": {"hex_id": 909, "utci_present": 34.42, "utci_2050": 38.76, "utci_2090": 42.14, "utci": 34.42}, "geometry": {"type": "Polygon", "coordinates": [[[-15.915570649990112, 18.03781828380671], [-15.918780825315197, 18.037803060423048], [-15.92039974250817, 18.04045499182986], [-15.918808440917175, 18.04312218822981], [-15.91559816913744, 18.04313741640259], [-15.913979295414446, 18.040485443386178], [-15.915570649990112, 18.03781828380671]]]}}, {"type": "Feature", "properties": {"hex_id": 871, "utci_present": 34.48, "utci_2050": 38.84, "utci_2090": 42.23, "utci": 34.48}, "geometry": {"type": "Polygon", "coordinates": [[[-15.92039974250817, 18.04045499182986], [-15.923609961286592, 18.04043968614041], [-15.925228974933553, 18.043091572036648], [-15.923637726360518, 18.045758805250266], [-15.920427411111465, 18.045774115754107], [-15.918808440917175, 18.04312218822981], [-15.92039974250817, 18.04045499182986]]]}}, {"type": "Feature", "properties": {"hex_id": 945, "utci_present": 33.92, "utci_2050": 38.14, "utci_2090": 41.41, "utci": 33.92}, "geometry": {"type": "Polygon", "coordinates": [[[-15.913896925315486, 18.024528025105308], [-15.912849024924848, 18.02453297073576], [-15.912859801195188, 18.024522558705506], [-15.912897400118776, 18.0244862306191], [-15.912934999026946, 18.024449902525948], [-15.9129725979197, 18.024413574426045], [-15.913010196797034, 18.024377246319393], [-15.913047795658954, 18.024340918205983], [-15.913085394505456, 18.024304590085833], [-15.913122993336541, 18.024268261958934], [-15.913160592152211, 18.024231933825284], [-15.913198190952464, 18.024195605684888], [-15.913235789737302, 18.02415927753774], [-15.913273388506719, 18.02412294938384], [-15.913310987260724, 18.0240866212232], [-15.913348585999309, 18.024050293055804], [-15.913386184722482, 18.024013964881668], [-15.913423783430234, 18.02397763670078], [-15.913461382122572, 18.023941308513148], [-15.913498980799496, 18.023904980318765], [-15.913536579461, 18.02386865211762], [-15.913574178107089, 18.023832323909737], [-15.913611776737762, 18.02379599569511], [-15.913649375353017, 18.023759667473726], [-15.913686973952862, 18.023723339245603], [-15.913724572537285, 18.02368701101073], [-15.913762171106294, 18.023650682769098], [-15.913799769659889, 18.023614354520735], [-15.913837368198063, 18.023578026265604], [-15.913874966720826, 18.023541698003744], [-15.91391256522817, 18.02350536973513], [-15.9139501637201, 18.023469041459766], [-15.913987762196614, 18.02343271317765], [-15.914025360657712, 18.023396384888795], [-15.914062959103394, 18.023360056593194], [-15.91410055753366, 18.023323728290837], [-15.914138155948512, 18.023287399981744], [-15.914175754347946, 18.023251071665886], [-15.914213352731966, 18.02321474334329], [-15.91425095110057, 18.023178415013952], [-15.914288549453758, 18.023142086677854], [-15.914326147791533, 18.023105758335014], [-15.914363746113892, 18.02306942998543], [-15.914401344420835, 18.023033101629103], [-15.914438942712362, 18.02299677326602], [-15.914476540988472, 18.022960444896192], [-15.914514139249171, 18.022924116519615], [-15.914551737494453, 18.0228877881363], [-15.914589335724317, 18.02285145974623], [-15.91462693393877, 18.022815131349414], [-15.914664532137806, 18.02277880294586], [-15.914702130321425, 18.022742474535548], [-15.914739728489632, 18.02270614611849], [-15.914777326642424, 18.022669817694688], [-15.9148149247798, 18.022633489264134], [-15.91485252290176, 18.022597160826834], [-15.914890121008305, 18.0225608323828], [-15.914927719099435, 18.022524503932004], [-15.914965317175152, 18.022488175474475], [-15.915002915235455, 18.022451847010192], [-15.915078484753096, 18.022451489739442], [-15.915116082781692, 18.022415161254436], [-15.915153680794873, 18.022378832762676], [-15.91519127879264, 18.022342504264163], [-15.915213781245523, 18.02232076159797], [-15.913896925315486, 18.024528025105308]]]}}, {"type": "Feature", "properties": {"hex_id": 946, "utci_present": 34.12, "utci_2050": 38.39, "utci_2090": 41.69, "utci": 34.12}, "geometry": {"type": "Polygon", "coordinates": [[[-15.913896925315486, 18.024528025105308], [-15.915515640186298, 18.027180009728617], [-15.913924372535934, 18.029847167493607], [-15.910714337086882, 18.0298623038326], [-15.909487953186822, 18.02785300927587], [-15.909513806538016, 18.027828031110197], [-15.909551406848395, 18.027791703624157], [-15.909589007143353, 18.02775537613137], [-15.909626607422892, 18.027719048631837], [-15.909664207687012, 18.027682721125547], [-15.909701807935711, 18.027646393612493], [-15.909739408168992, 18.027610066092684], [-15.90977700838685, 18.02757373856614], [-15.90981460858929, 18.027537411032835], [-15.909852208776309, 18.02750108349278], [-15.90988980894791, 18.027464755945964], [-15.90992740910409, 18.027428428392394], [-15.909927037653206, 18.027356128647373], [-15.90996463777942, 18.027319801087547], [-15.910002237890211, 18.027283473520953], [-15.910039837985584, 18.02724714594762], [-15.910077438065539, 18.027210818367532], [-15.910115038130073, 18.0271744907807], [-15.910152638179186, 18.027138163187082], [-15.910190238212879, 18.027101835586745], [-15.910227838231153, 18.02706550797964], [-15.91026543823401, 18.027029180365794], [-15.910303038221446, 18.02699285274519], [-15.910340638193464, 18.026956525117836], [-15.910378238150058, 18.02692019748372], [-15.910415838091238, 18.02688386984286], [-15.910453438016996, 18.026847542195238], [-15.910491037927336, 18.026811214540885], [-15.910528637822257, 18.026774886879764], [-15.910566237701758, 18.026738559211893], [-15.91060383756584, 18.026702231537254], [-15.910641437414503, 18.02666590385589], [-15.910679037247746, 18.02662957616777], [-15.91071663706557, 18.02659324847289], [-15.910754236867978, 18.026556920771256], [-15.910791836654964, 18.026520593062873], [-15.910829436426532, 18.026484265347747], [-15.910867036182683, 18.02644793762586], [-15.910904635923412, 18.02641160989722], [-15.910942235648724, 18.026375282161826], [-15.910979835358615, 18.026338954419693], [-15.911017435053092, 18.02630262667081], [-15.911055034732145, 18.02626629891516], [-15.911092634395782, 18.02622997115276], [-15.911130234044004, 18.02619364338362], [-15.911167833676801, 18.026157315607723], [-15.911205433294183, 18.026120987825074], [-15.911243032896147, 18.02608466003567], [-15.91128063248269, 18.02604833223952], [-15.911318232053814, 18.026012004436616], [-15.911355831609523, 18.025975676626967], [-15.911393431149811, 18.02593934881056], [-15.911431030674684, 18.02590302098741], [-15.911468630184137, 18.025866693157493], [-15.91150622967817, 18.025830365320843], [-15.911543829156786, 18.025794037477443], [-15.911581428619984, 18.02575770962728], [-15.911619028067763, 18.02572138177037], [-15.911656627500127, 18.02568505390671], [-15.91169422691707, 18.025648726036295], [-15.911731826318599, 18.025612398159137], [-15.911769425704707, 18.02557607027522], [-15.911807025075396, 18.025539742384566], [-15.911844624430667, 18.025503414487154], [-15.911882223770522, 18.02546708658299], [-15.911919823094959, 18.02543075867208], [-15.911957422403978, 18.025394430754407], [-15.911995021697578, 18.025358102829994], [-15.912032620975761, 18.025321774898828], [-15.912070220238528, 18.025285446960915], [-15.912107819485874, 18.02524911901625], [-15.912145418717806, 18.025212791064835], [-15.912183017934316, 18.025176463106675], [-15.912220617135413, 18.02514013514176], [-15.912258216321092, 18.025103807170098], [-15.912295815491351, 18.025067479191673], [-15.912333414646195, 18.02503115120652], [-15.91237101378562, 18.024994823214602], [-15.912408612909628, 18.02495849521594], [-15.912446212018219, 18.02492216721052], [-15.912483811111393, 18.02488583919835], [-15.91252141018915, 18.02484951117945], [-15.91255900925149, 18.024813183153785], [-15.912596608298411, 18.024776855121377], [-15.912634207329916, 18.024740527082205], [-15.912671806346005, 18.024704199036304], [-15.912709405346675, 18.024667870983638], [-15.912747004331928, 18.02463154292423], [-15.912784603301764, 18.02459521485807], [-15.912822202256185, 18.024558886785165], [-15.912849024924848, 18.02453297073576], [-15.913896925315486, 18.024528025105308]]]}}, {"type": "Feature", "properties": {"hex_id": 985, "utci_present": 33.96, "utci_2050": 38.2, "utci_2090": 41.46, "utci": 33.96}, "geometry": {"type": "Polygon", "coordinates": [[[-15.910714337086882, 18.0298623038326], [-15.909122973047772, 18.032529425689898], [-15.905912884681275, 18.032544484536043], [-15.905354052196836, 18.031628867262423], [-15.905376569182668, 18.03160711392128], [-15.905414171145825, 18.03157078717985], [-15.905451773093558, 18.031534460431658], [-15.905489375025866, 18.031498133676717], [-15.905526976942747, 18.031461806915008], [-15.905602550504153, 18.03146145317321], [-15.90564015238932, 18.031425126390747], [-15.905677754259067, 18.031388799601526], [-15.905715356113387, 18.031352472805555], [-15.905752957952283, 18.031316146002812], [-15.905790559775754, 18.031279819193323], [-15.905828161583804, 18.03124349237707], [-15.905903735045724, 18.031243138521756], [-15.905941336822057, 18.031206811684754], [-15.905978938582967, 18.031170484840988], [-15.906016540328453, 18.031134157990454], [-15.906054142058515, 18.031097831133174], [-15.906091743773155, 18.031061504269136], [-15.906129345472372, 18.03102517739834], [-15.906166947156164, 18.030988850520785], [-15.906204548824533, 18.03095252363648], [-15.90624215047748, 18.030916196745405], [-15.906279752115001, 18.030879869847574], [-15.906355325412267, 18.03087951582276], [-15.906392927018075, 18.030843188904168], [-15.906430528608457, 18.03080686197883], [-15.90646813018342, 18.030770535046738], [-15.906505731742957, 18.030734208107884], [-15.906543333287072, 18.030697881162272], [-15.90658093481576, 18.0306615542099], [-15.906618536329031, 18.030625227250763], [-15.906656137826875, 18.030588900284886], [-15.906693739309299, 18.030552573312253], [-15.906731340776298, 18.030516246332848], [-15.90676894222787, 18.030479919346693], [-15.906806543664025, 18.030443592353784], [-15.906844145084756, 18.03040726535412], [-15.906881746490061, 18.030370938347684], [-15.906919347879947, 18.030334611334506], [-15.90695694925441, 18.03029828431456], [-15.907032522289269, 18.030297930036276], [-15.90707012363202, 18.030261602995584], [-15.90710772495934, 18.03022527594813], [-15.907145326271243, 18.03018894889393], [-15.907182927567723, 18.030152621832965], [-15.90722052884878, 18.030116294765246], [-15.907258130114416, 18.03007996769077], [-15.907295731364627, 18.030043640609538], [-15.907333332599418, 18.030007313521548], [-15.907370933818784, 18.029970986426807], [-15.907408535022727, 18.02993465932531], [-15.907446136211249, 18.02989833221706], [-15.907483737384348, 18.029862005102046], [-15.907521338542029, 18.029825677980284], [-15.907558939684282, 18.029789350851754], [-15.907596540811115, 18.029753023716474], [-15.907634141922525, 18.029716696574436], [-15.907671743018515, 18.02968036942565], [-15.90770934409908, 18.0296440422701], [-15.907746945164225, 18.029607715107804], [-15.907784546213948, 18.02957138793874], [-15.907822147248249, 18.02953506076293], [-15.907859748267127, 18.029498733580358], [-15.907897349270584, 18.02946240639103], [-15.907934950258618, 18.029426079194955], [-15.90797255123123, 18.02938975199211], [-15.908010152188421, 18.02935342478252], [-15.908047753130191, 18.029317097566175], [-15.908085354056539, 18.029280770343078], [-15.908122954967466, 18.029244443113214], [-15.90816055586297, 18.02920811587661], [-15.908198156743051, 18.029171788633235], [-15.908235757607713, 18.029135461383113], [-15.90827335845695, 18.02909913412624], [-15.908310959290771, 18.029062806862612], [-15.908348560109165, 18.029026479592222], [-15.90838616091214, 18.028990152315068], [-15.908423761699694, 18.028953825031188], [-15.908461362471828, 18.02891749774053], [-15.908498963228539, 18.02888117044313], [-15.908498592328794, 18.028808870680177], [-15.90853619305553, 18.0287725433765], [-15.908573793766848, 18.028736216066072], [-15.908611394462747, 18.02869988874889], [-15.90864899514322, 18.028663561424942], [-15.908686595808275, 18.02862723409425], [-15.908724196457909, 18.028590906756808], [-15.90876179709212, 18.0285545794126], [-15.908799397710913, 18.028518252061644], [-15.908836998314284, 18.028481924703936], [-15.908874598902232, 18.028445597339466], [-15.90891219947476, 18.028409269968247], [-15.908949800031868, 18.02837294259027], [-15.908987400573555, 18.028336615205546], [-15.909025001099822, 18.028300287814066], [-15.909062601610668, 18.028263960415824], [-15.909100202106092, 18.028227633010836], [-15.909137802586098, 18.02819130559909], [-15.909175403050682, 18.02815497818059], [-15.909213003499845, 18.028118650755346], [-15.909250603933588, 18.028082323323332], [-15.90928820435191, 18.028045995884572], [-15.909325804754813, 18.02800966843907], [-15.909363405142292, 18.02797334098679], [-15.909401005514354, 18.027937013527776], [-15.909438605870992, 18.027900686062008], [-15.909476206212215, 18.027864358589472], [-15.909487953186822, 18.02785300927587], [-15.910714337086882, 18.0298623038326]]]}}, {"type": "Feature", "properties": {"hex_id": 947, "utci_present": 34.35, "utci_2050": 38.65, "utci_2090": 42.0, "utci": 34.35}, "geometry": {"type": "Polygon", "coordinates": [[[-15.910714337086882, 18.0298623038326], [-15.913924372535934, 18.029847167493607], [-15.915543140340175, 18.032499148248473], [-15.913951829235147, 18.035166306920818], [-15.91074169738071, 18.03518144802338], [-15.909122973047772, 18.032529425689898], [-15.910714337086882, 18.0298623038326]]]}}, {"type": "Feature", "properties": {"hex_id": 986, "utci_present": 34.21, "utci_2050": 38.5, "utci_2090": 41.82, "utci": 34.21}, "geometry": {"type": "Polygon", "coordinates": [[[-15.905912884681275, 18.032544484536043], [-15.909122973047772, 18.032529425689898], [-15.91074169738071, 18.03518144802338], [-15.909150289853656, 18.037848570775555], [-15.905940105064474, 18.037863634360278], [-15.90432142423612, 18.03521157045412], [-15.905912884681275, 18.032544484536043]]]}}, {"type": "Feature", "properties": {"hex_id": 1025, "utci_present": 33.97, "utci_2050": 38.2, "utci_2090": 41.47, "utci": 33.97}, "geometry": {"type": "Polygon", "coordinates": [[[-15.905912884681275, 18.032544484536043], [-15.90432142423612, 18.03521157045412], [-15.901111282968163, 18.035226551781854], [-15.900020725504485, 18.03343964455347], [-15.900095599716895, 18.033439296183676], [-15.900171174235815, 18.03343894452615], [-15.900246748753009, 18.03343859283911], [-15.900322323268478, 18.03343824112257], [-15.900359926687065, 18.033401915307316], [-15.90039753009023, 18.033365589485292], [-15.900473104571397, 18.033365237711205], [-15.900548679050836, 18.033364885907623], [-15.900624253528552, 18.033364534074508], [-15.900699828004537, 18.033364182211873], [-15.900775402478803, 18.033363830319733], [-15.900850976951338, 18.033363478398076], [-15.900926551422149, 18.0333631264469], [-15.900964154695865, 18.03332680052008], [-15.901001757954155, 18.033290474586494], [-15.90107733239066, 18.033290122577792], [-15.90115290682544, 18.033289770539582], [-15.90122848125849, 18.03328941847184], [-15.901304055689815, 18.033289066374603], [-15.901379630119411, 18.03328871424783], [-15.90141723328083, 18.033252388237457], [-15.90145483642682, 18.033216062220326], [-15.901530410822112, 18.033215710036043], [-15.901605985215674, 18.033215357822236], [-15.901681559607512, 18.03321500557892], [-15.901757133997618, 18.03321465330608], [-15.901794737063028, 18.033178327226167], [-15.901832340113009, 18.03314200113949], [-15.90190791446881, 18.03314164880913], [-15.901983488822882, 18.033141296449262], [-15.902059063175223, 18.03314094405987], [-15.902096666160912, 18.033104617924415], [-15.902134269131171, 18.0330682917822], [-15.902209843449207, 18.03306793933529], [-15.902285417765514, 18.033067586858866], [-15.902360992080089, 18.03306723435292], [-15.902398594986053, 18.03303090816193], [-15.902436197876595, 18.032994581964175], [-15.902511772156862, 18.032994229400714], [-15.902587346435398, 18.03299387680774], [-15.902624949277934, 18.03295755057521], [-15.90266255210504, 18.03292122433593], [-15.902738126349268, 18.032920871685434], [-15.902813700591766, 18.032920519005422], [-15.902851303370868, 18.03288419273137], [-15.902888906134544, 18.032847866450567], [-15.902964480342733, 18.03284751371303], [-15.903040054549189, 18.03284716094597], [-15.903077657264857, 18.0328108346304], [-15.903115259965103, 18.03277450830806], [-15.903190834137249, 18.032774155483477], [-15.903228436805778, 18.032737829140373], [-15.903266039458881, 18.032701502790523], [-15.903341613596714, 18.03270114990843], [-15.903417187732813, 18.032700796996828], [-15.903454790337909, 18.0326644706122], [-15.903492392927584, 18.0326281442208], [-15.903567967029371, 18.03262779125168], [-15.903605569587329, 18.032591464839527], [-15.903643172129858, 18.032555138420616], [-15.903718746197333, 18.03255478539397], [-15.903756348708148, 18.03251845895429], [-15.903793951203538, 18.032482132507862], [-15.903869525236699, 18.032481779423694], [-15.903907127700375, 18.03244545295649], [-15.903944730148622, 18.032409126482538], [-15.90402030414747, 18.032408773340862], [-15.904057906564002, 18.032372446846146], [-15.90409550896511, 18.032336120344667], [-15.904171082929643, 18.03233576714547], [-15.904208685299036, 18.03229944062322], [-15.904246287653002, 18.032263114094224], [-15.90432186158322, 18.032262760837508], [-15.904359463905474, 18.03222643428774], [-15.904397066212299, 18.032190107731225], [-15.904472640108201, 18.032189754416997], [-15.904510242383314, 18.03215342783971], [-15.904547844642998, 18.032117101255665], [-15.904623418504586, 18.032116747883922], [-15.904661020732556, 18.03208042127912], [-15.904698622945102, 18.03204409466757], [-15.904736225142226, 18.03200776804923], [-15.90477382732392, 18.031971441424158], [-15.904849401118609, 18.031971087966895], [-15.904887003268591, 18.031934761321057], [-15.904924605403147, 18.031898434668463], [-15.90496220752228, 18.031862108009104], [-15.904999809625988, 18.031825781342988], [-15.905075383353774, 18.0318254278002], [-15.905112985425768, 18.031789101113336], [-15.905150587482334, 18.031752774419694], [-15.90518818952348, 18.0317164477193], [-15.905225791549197, 18.03168012101215], [-15.905301365210086, 18.03167976738385], [-15.90533896720409, 18.03164344065595], [-15.905354052196836, 18.031628867262423], [-15.905912884681275, 18.032544484536043]]]}}, {"type": "Feature", "properties": {"hex_id": 1103, "utci_present": 33.8, "utci_2050": 37.99, "utci_2090": 41.22, "utci": 33.8}, "geometry": {"type": "Polygon", "coordinates": [[[-15.894690991096393, 18.035256354660884], [-15.891480840514774, 18.035271176211744], [-15.890346380681306, 18.03341211117037], [-15.890421683485984, 18.033411764573362], [-15.890497258193655, 18.033411416695387], [-15.89057283289962, 18.0334110687879], [-15.89064840760388, 18.033410720850892], [-15.89072398230643, 18.03341037288437], [-15.890799557007274, 18.03341002488833], [-15.890875131706414, 18.033409676862775], [-15.890950706403842, 18.0334093288077], [-15.891026281099565, 18.033408980723113], [-15.89110185579358, 18.033408632609007], [-15.89117743048589, 18.03340828446539], [-15.89125300517649, 18.03340793629226], [-15.891328579865382, 18.033407588089613], [-15.891404154552566, 18.03340723985744], [-15.891479729238041, 18.033406891595753], [-15.891555303921809, 18.033406543304544], [-15.89163087860387, 18.033406194983836], [-15.891706453284218, 18.033405846633606], [-15.891782027962863, 18.03340549825386], [-15.891857602639792, 18.033405149844587], [-15.891933177315018, 18.03340480140581], [-15.892008751988532, 18.033404452937518], [-15.892084326660338, 18.03340410443971], [-15.892159901330434, 18.033403755912367], [-15.89223547599882, 18.03340340735553], [-15.892311050665496, 18.03340305876917], [-15.89238662533046, 18.033402710153293], [-15.892462199993718, 18.0334023615079], [-15.892537774655263, 18.033402012832994], [-15.8926133493151, 18.033401664128554], [-15.892688923973223, 18.033401315394624], [-15.892764498629639, 18.033400966631167], [-15.892840073284344, 18.033400617838197], [-15.892915647937336, 18.0334002690157], [-15.892991222588615, 18.0333999201637], [-15.893066797238186, 18.033399571282178], [-15.893142371886045, 18.033399222371138], [-15.893217946532195, 18.03339887343058], [-15.893293521176629, 18.033398524460516], [-15.89336909581935, 18.03339817546093], [-15.893444670460363, 18.033397826431827], [-15.893520245099664, 18.033397477373214], [-15.89359581973725, 18.033397128285078], [-15.893671394373126, 18.03339677916743], [-15.89374696900729, 18.033396430020257], [-15.89382254363974, 18.033396080843577], [-15.893898118270474, 18.03339573163738], [-15.8939736928995, 18.03339538240167], [-15.89404926752681, 18.03339503313644], [-15.894124842152408, 18.033394683841692], [-15.894200416776293, 18.03339433451743], [-15.894275991398464, 18.033393985163656], [-15.89435156601892, 18.033393635780364], [-15.894427140637662, 18.03339328636755], [-15.894502715254692, 18.03339293692522], [-15.894578289870005, 18.033392587453385], [-15.894653864483606, 18.033392237952025], [-15.894729439095494, 18.03339188842115], [-15.894805013705664, 18.033391538860762], [-15.89488058831412, 18.03339118927086], [-15.894956162920865, 18.033390839651428], [-15.894994132966412, 18.033426814829955], [-15.895032103027386, 18.0334627900002], [-15.895107677661551, 18.033462440320246], [-15.895183252293997, 18.03346209061079], [-15.895258826924733, 18.033461740871807], [-15.89533440155375, 18.033461391103316], [-15.895409976181051, 18.033461041305298], [-15.895485550806638, 18.033460691477764], [-15.895561125430506, 18.033460341620714], [-15.89563670005266, 18.03345999173416], [-15.895712274673098, 18.033459641818087], [-15.895763373524067, 18.033459405209893], [-15.894690991096393, 18.035256354660884]]]}}, {"type": "Feature", "properties": {"hex_id": 1064, "utci_present": 33.89, "utci_2050": 38.1, "utci_2090": 41.35, "utci": 33.89}, "geometry": {"type": "Polygon", "coordinates": [[[-15.901111282968163, 18.035226551781854], [-15.89951972609967, 18.037893601729184], [-15.89630953194625, 18.03790850551292], [-15.894690991096393, 18.035256354660884], [-15.895763373524067, 18.033459405209893], [-15.89578784929182, 18.033459291872493], [-15.895863423908825, 18.03345894189738], [-15.895938998524109, 18.033458591892753], [-15.896014573137682, 18.033458241858607], [-15.896090147749536, 18.033457891794953], [-15.89616572235967, 18.033457541701782], [-15.89624129696809, 18.033457191579082], [-15.896316871574795, 18.033456841426872], [-15.896392446179778, 18.03345649124516], [-15.896468020783042, 18.03345614103392], [-15.896543595384593, 18.03345579079316], [-15.896619169984422, 18.033455440522893], [-15.896694744582536, 18.033455090223107], [-15.896770319178927, 18.03345473989381], [-15.896845893773602, 18.033454389534995], [-15.896921468366559, 18.033454039146655], [-15.896997042957798, 18.03345368872881], [-15.897072617547318, 18.03345333828143], [-15.897148192135118, 18.03345298780456], [-15.897186162619406, 18.033488962532363], [-15.897224133119122, 18.0335249372519], [-15.897299707734337, 18.033524586714485], [-15.89737528234783, 18.033524236147557], [-15.897450856959605, 18.03352388555111], [-15.897526431569661, 18.033523534925145], [-15.897602006177994, 18.033523184269672], [-15.89767758078461, 18.033522833584673], [-15.897753155389502, 18.03352248287017], [-15.897828729992675, 18.033522132126134], [-15.897904304594132, 18.033521781352604], [-15.897979879193862, 18.033521430549538], [-15.898055453791876, 18.03352107971696], [-15.898131028388166, 18.033520728854867], [-15.898206602982736, 18.033520377963264], [-15.898282177575584, 18.03352002704214], [-15.898357752166714, 18.033519676091505], [-15.898433326756118, 18.033519325111346], [-15.898508901343801, 18.033518974101675], [-15.898584475929763, 18.033518623062488], [-15.898660050514005, 18.033518271993785], [-15.898735625096524, 18.033517920895566], [-15.898811199677318, 18.03351756976782], [-15.898886774256392, 18.033517218610573], [-15.898962348833741, 18.033516867423813], [-15.899037923409372, 18.03351651620752], [-15.899113497983278, 18.033516164961718], [-15.89915110167704, 18.033479839370084], [-15.899188705355376, 18.03344351377169], [-15.899264279894986, 18.033443162468355], [-15.899339854432869, 18.03344281113551], [-15.89941542896903, 18.03344245977315], [-15.899491003503467, 18.033442108381273], [-15.899566578036179, 18.033441756959878], [-15.899642152567168, 18.03344140550897], [-15.899717727096435, 18.033441054028536], [-15.899793301623975, 18.033440702518607], [-15.899868876149792, 18.033440350979145], [-15.899944450673884, 18.03343999941018], [-15.900020025196252, 18.033439647811687], [-15.900020725504485, 18.03343964455347], [-15.901111282968163, 18.035226551781854]]]}}, {"type": "Feature", "properties": {"hex_id": 1181, "utci_present": 33.8, "utci_2050": 38.0, "utci_2090": 41.24, "utci": 33.8}, "geometry": {"type": "Polygon", "coordinates": [[[-15.885060530115526, 18.035300659535025], [-15.883440318497126, 18.03530806619081], [-15.883440215719697, 18.035287471233126], [-15.883439854912563, 18.03521517102074], [-15.883439494107124, 18.035142870807825], [-15.883439133303378, 18.035070570594353], [-15.883438772501325, 18.034998270380335], [-15.883438411700965, 18.034925970165773], [-15.8834380509023, 18.034853669950664], [-15.883437690105325, 18.034781369735], [-15.883437329310043, 18.0347090695188], [-15.883436968516456, 18.03463676930204], [-15.883436607724558, 18.034564469084753], [-15.883436246934357, 18.034492168866908], [-15.883435886145849, 18.034419868648516], [-15.883435525359031, 18.034347568429578], [-15.883435164573909, 18.03427526821008], [-15.88343480379048, 18.034202967990055], [-15.883434443008742, 18.034130667769485], [-15.883434082228698, 18.034058367548365], [-15.883433721450347, 18.033986067326687], [-15.883433360673687, 18.033913767104462], [-15.883432999898723, 18.033841466881707], [-15.88343263912545, 18.03376916665839], [-15.883470246233811, 18.03373284397341], [-15.883545821221272, 18.033732498805023], [-15.883621396207037, 18.033732153607126], [-15.88369697119111, 18.033731808379713], [-15.883772546173487, 18.033731463122784], [-15.883848121154173, 18.033731117836332], [-15.883923696133166, 18.033730772520364], [-15.883999271110461, 18.03373042717488], [-15.884074846086069, 18.03373008179988], [-15.884150421059976, 18.033729736395365], [-15.88422599603219, 18.033729390961334], [-15.884301571002712, 18.033729045497772], [-15.884377145971538, 18.033728700004712], [-15.88445272093867, 18.033728354482125], [-15.884528295904106, 18.033728008930026], [-15.884565902769213, 18.03369168604199], [-15.884603509618893, 18.03365536314716], [-15.884679084550086, 18.033655017537505], [-15.884754659479583, 18.033654671898336], [-15.884830234407385, 18.03365432622965], [-15.884905809333492, 18.033653980531447], [-15.884981384257902, 18.033653634803716], [-15.885056959180618, 18.03365328904647], [-15.885132534101636, 18.03365294325972], [-15.88520810902096, 18.033652597443446], [-15.885283683938585, 18.03365225159765], [-15.885359258854518, 18.033651905722348], [-15.885434833768748, 18.03365155981752], [-15.885510408681284, 18.033651213883175], [-15.885585983592126, 18.033650867919324], [-15.885661558501267, 18.03365052192595], [-15.885737133408714, 18.03365017590305], [-15.88581270831446, 18.033649829850653], [-15.885888283218513, 18.033649483768723], [-15.885963858120865, 18.033649137657285], [-15.886039433021518, 18.033648791516324], [-15.886056004075538, 18.033632785967363], [-15.885060530115526, 18.035300659535025]]]}}, {"type": "Feature", "properties": {"hex_id": 1142, "utci_present": 34.02, "utci_2050": 38.27, "utci_2090": 41.56, "utci": 34.02}, "geometry": {"type": "Polygon", "coordinates": [[[-15.891480840514774, 18.035271176211744], [-15.889889134352822, 18.037938153277818], [-15.886678930935014, 18.03795289725854], [-15.88506053011553, 18.035300659535025], [-15.886056004075538, 18.033632785967363], [-15.886077039546553, 18.033612468348373], [-15.886114646056159, 18.033576145173658], [-15.886190220922565, 18.033575798975146], [-15.886265795787274, 18.03357545274712], [-15.886341370650282, 18.03357510648958], [-15.886416945511595, 18.033574760202523], [-15.886492520371208, 18.033574413885933], [-15.886568095229121, 18.033574067539845], [-15.886643670085334, 18.033573721164235], [-15.88671924493985, 18.03357337475911], [-15.88679481979267, 18.03357302832446], [-15.886870394643784, 18.033572681860306], [-15.886945969493203, 18.03357233536663], [-15.88702154434092, 18.03357198884343], [-15.887097119186937, 18.033571642290728], [-15.887172694031255, 18.0335712957085], [-15.887248268873874, 18.03357094909676], [-15.887323843714789, 18.033570602455494], [-15.887361449948555, 18.03353427904972], [-15.887399056166894, 18.03349795563717], [-15.887474630973559, 18.033497608938358], [-15.88755020577852, 18.03349726221003], [-15.887625780581782, 18.03349691545219], [-15.887701355383346, 18.033496568664834], [-15.887776930183207, 18.03349622184795], [-15.887852504981364, 18.033495875001567], [-15.887928079777822, 18.03349552812566], [-15.888003654572579, 18.03349518122024], [-15.888079229365635, 18.033494834285296], [-15.888154804156988, 18.033494487320837], [-15.888230378946636, 18.033494140326866], [-15.888305953734587, 18.03349379330338], [-15.888381528520833, 18.03349344625037], [-15.888457103305377, 18.03349309916784], [-15.888532678088216, 18.033492752055803], [-15.888608252869357, 18.03349240491426], [-15.888683827648793, 18.033492057743192], [-15.888759402426524, 18.0334917105426], [-15.888834977202553, 18.033491363312496], [-15.8888725830962, 18.033455039626865], [-15.88891018897442, 18.033418715934452], [-15.888985763716187, 18.0334183686468], [-15.889061338456255, 18.033418021329638], [-15.889136913194621, 18.033417673982953], [-15.889212487931278, 18.033417326606752], [-15.889288062666234, 18.033416979201036], [-15.889363637399486, 18.033416631765807], [-15.889439212131032, 18.03341628430105], [-15.889514786860873, 18.033415936806794], [-15.889590361589013, 18.033415589283013], [-15.889665936315446, 18.033415241729717], [-15.889741511040173, 18.033414894146908], [-15.889817085763195, 18.033414546534576], [-15.889892660484517, 18.03341419889273], [-15.889968235204126, 18.03341385122137], [-15.890043809922034, 18.033413503520492], [-15.890119384638238, 18.033413155790093], [-15.890194959352733, 18.03341280803019], [-15.89027053406552, 18.03341246024076], [-15.890346108776606, 18.03341211242181], [-15.890346380681306, 18.03341211117037], [-15.891480840514774, 18.035271176211744]]]}}, {"type": "Feature", "properties": {"hex_id": 1182, "utci_present": 34.04, "utci_2050": 38.29, "utci_2090": 41.58, "utci": 34.04}, "geometry": {"type": "Polygon", "coordinates": [[[-15.885060530115526, 18.035300659535025], [-15.886678930935014, 18.03795289725854], [-15.885087128331143, 18.04061983827177], [-15.883466868036905, 18.040627247257916], [-15.883466559213389, 18.040565385259832], [-15.883466198282656, 18.040493085087384], [-15.883465837353619, 18.040420784914364], [-15.883465476426275, 18.040348484740818], [-15.883465115500625, 18.040276184566714], [-15.883464754576668, 18.040203884392067], [-15.883464393654403, 18.04013158421687], [-15.883464032733832, 18.040059284041117], [-15.883463671814955, 18.03998698386483], [-15.883463310897769, 18.039914683687993], [-15.883462949982277, 18.03984238351061], [-15.883462589068479, 18.039770083332684], [-15.883462228156372, 18.03969778315421], [-15.88346186724596, 18.039625482975193], [-15.883461506337241, 18.03955318279562], [-15.883461145430218, 18.039480882615496], [-15.883460784524882, 18.03940858243484], [-15.883460423621246, 18.039336282253622], [-15.883460062719298, 18.03926398207187], [-15.883459701819044, 18.03919168188957], [-15.883459340920487, 18.039119381706715], [-15.883458980023619, 18.03904708152331], [-15.883458619128445, 18.038974781339373], [-15.883458258234967, 18.038902481154878], [-15.883457897343177, 18.03883018096984], [-15.883457536453086, 18.03875788078426], [-15.883457175564685, 18.038685580598123], [-15.883456814677979, 18.038613280411443], [-15.883456453792963, 18.038540980224216], [-15.883456092909643, 18.03846868003644], [-15.883455732028013, 18.038396379848123], [-15.88345537114808, 18.038324079659255], [-15.883455010269838, 18.038251779469835], [-15.88345464939329, 18.038179479279883], [-15.883454288518434, 18.03810717908938], [-15.883453927645274, 18.038034878898323], [-15.883453566773804, 18.037962578706722], [-15.883453205904027, 18.03789027851457], [-15.883452845035944, 18.037817978321883], [-15.883452484169554, 18.037745678128644], [-15.88345212330486, 18.03767337793485], [-15.883451762441855, 18.037601077740522], [-15.883451401580544, 18.037528777545628], [-15.883451040720926, 18.037456477350208], [-15.883450679863005, 18.037384177154234], [-15.883450319006773, 18.03731187695771], [-15.883449958152235, 18.037239576760644], [-15.883449597299391, 18.037167276563036], [-15.88344923644824, 18.03709497636487], [-15.88344887559878, 18.03702267616616], [-15.883448514751013, 18.036950375966903], [-15.883448153904942, 18.036878075767103], [-15.883447793060562, 18.03680577556675], [-15.883447432217878, 18.036733475365857], [-15.883447071376885, 18.036661175164408], [-15.883446710537584, 18.036588874962426], [-15.883446349699975, 18.03651657475988], [-15.883445988864063, 18.036444274556814], [-15.883445628029842, 18.036371974353177], [-15.883445267197315, 18.036299674149003], [-15.883444906366481, 18.03622737394427], [-15.883444545537339, 18.036155073739014], [-15.883444184709889, 18.036082773533185], [-15.883443823884134, 18.036010473326833], [-15.883443463060072, 18.035938173119924], [-15.8834431022377, 18.035865872912463], [-15.883442741417026, 18.035793572704456], [-15.883442380598042, 18.035721272495913], [-15.883442019780752, 18.03564897228681], [-15.883441658965156, 18.03557667207717], [-15.883441298151249, 18.03550437186698], [-15.88344093733904, 18.035432071656242], [-15.883440576528521, 18.03535977144496], [-15.883440318497126, 18.03530806619081], [-15.885060530115526, 18.035300659535025]]]}}, {"type": "Feature", "properties": {"hex_id": 1143, "utci_present": 34.78, "utci_2050": 39.21, "utci_2090": 42.69, "utci": 34.78}, "geometry": {"type": "Polygon", "coordinates": [[[-15.886678930935014, 18.03795289725854], [-15.889889134352822, 18.037938153277818], [-15.891507631614228, 18.04059034567214], [-15.889915881847186, 18.0432573235834], [-15.886705581970816, 18.04327207220243], [-15.885087128331143, 18.04061983827177], [-15.886678930935014, 18.03795289725854]]]}}, {"type": "Feature", "properties": {"hex_id": 1183, "utci_present": 34.58, "utci_2050": 38.95, "utci_2090": 42.37, "utci": 34.58}, "geometry": {"type": "Polygon", "coordinates": [[[-15.885087128331143, 18.04061983827177], [-15.886705581970816, 18.04327207220243], [-15.885113735728567, 18.045939014048365], [-15.883493426741685, 18.045946425365006], [-15.88349327278645, 18.04591559650428], [-15.883492911730412, 18.045843296372286], [-15.883492550676069, 18.045770996239753], [-15.883492189623412, 18.04569869610667], [-15.883491828572456, 18.04562639597305], [-15.883491467523188, 18.045554095838867], [-15.883491106475615, 18.04548179570414], [-15.883490745429738, 18.045409495568872], [-15.883490384385551, 18.045337195433056], [-15.883490023343057, 18.045264895296697], [-15.88348966230226, 18.04519259515978], [-15.883489301263154, 18.04512029502232], [-15.883488940225742, 18.045047994884314], [-15.883488579190024, 18.044975694745766], [-15.883488218156, 18.044903394606674], [-15.883487857123669, 18.044831094467032], [-15.883487496093029, 18.04475879432683], [-15.883487135064085, 18.044686494186095], [-15.883486774036836, 18.044614194044804], [-15.883486413011275, 18.044541893902977], [-15.883486051987411, 18.0444695937606], [-15.88348569096524, 18.044397293617664], [-15.883485329944763, 18.044324993474184], [-15.88348496892598, 18.044252693330165], [-15.88348460790889, 18.044180393185595], [-15.883484246893492, 18.044108093040485], [-15.883483885879789, 18.044035792894817], [-15.883483524867778, 18.04396349274861], [-15.883483163857461, 18.043891192601865], [-15.883482802848839, 18.04381889245455], [-15.883482441841906, 18.04374659230671], [-15.88348208083667, 18.043674292158315], [-15.883481719833126, 18.043601992009368], [-15.883481358831276, 18.04352969185987], [-15.88348099783112, 18.04345739170983], [-15.883480636832656, 18.043385091559244], [-15.883480275835888, 18.04331279140811], [-15.883479914840809, 18.043240491256437], [-15.883479553847428, 18.04316819110422], [-15.883479192855736, 18.043095890951438], [-15.883478831865741, 18.043023590798118], [-15.883478470877439, 18.04295129064425], [-15.883478109890827, 18.042878990489832], [-15.88347774890591, 18.042806690334874], [-15.883477387922687, 18.04273439017937], [-15.883477026941158, 18.042662090023317], [-15.883476665961322, 18.042589789866717], [-15.883476304983178, 18.042517489709557], [-15.883475944006728, 18.04244518955187], [-15.883475583031972, 18.042372889393626], [-15.883475222058909, 18.042300589234838], [-15.883474861087539, 18.042228289075506], [-15.883474500117865, 18.04215598891562], [-15.883474139149882, 18.04208368875519], [-15.88347377818359, 18.042011388594215], [-15.883473417218996, 18.041939088432684], [-15.883473056256094, 18.041866788270614], [-15.883472695294882, 18.041794488108007], [-15.883472334335366, 18.041722187944842], [-15.883471973377542, 18.04164988778113], [-15.883471612421413, 18.041577587616878], [-15.883471251466975, 18.041505287452065], [-15.883470890514232, 18.041432987286715], [-15.883470529563182, 18.04136068712081], [-15.883470168613824, 18.04128838695437], [-15.883469807666163, 18.041216086787376], [-15.883469446720193, 18.041143786619838], [-15.883469085775914, 18.04107148645175], [-15.883468724833332, 18.040999186283116], [-15.883468363892442, 18.04092688611394], [-15.883468002953244, 18.04085458594422], [-15.88346764201574, 18.040782285773933], [-15.883467281079929, 18.04070998560312], [-15.883466920145812, 18.04063768543175], [-15.883466868036905, 18.040627247257916], [-15.885087128331143, 18.04061983827177]]]}}, {"type": "Feature", "properties": {"hex_id": 752, "utci_present": 34.92, "utci_2050": 39.39, "utci_2090": 42.91, "utci": 34.92}, "geometry": {"type": "Polygon", "coordinates": [[[-15.934803565893873, 18.03240703794764], [-15.938013625572498, 18.032391499861685], [-15.939632769377761, 18.035043260838094], [-15.938041810162675, 18.037710601546205], [-15.93483165406536, 18.03772614452153], [-15.933212553612913, 18.035074341899243], [-15.934803565893873, 18.03240703794764]]]}}, {"type": "Feature", "properties": {"hex_id": 714, "utci_present": 35.01, "utci_2050": 39.5, "utci_2090": 43.03, "utci": 35.01}, "geometry": {"type": "Polygon", "coordinates": [[[-15.939632769377761, 18.035043260838094], [-15.94284287239256, 18.035027640423458], [-15.944462112615838, 18.03767935580242], [-15.942871206499913, 18.04034673326022], [-15.939661007050455, 18.0403623585895], [-15.938041810162675, 18.037710601546205], [-15.939632769377761, 18.035043260838094]]]}}, {"type": "Feature", "properties": {"hex_id": 792, "utci_present": 34.81, "utci_2050": 39.25, "utci_2090": 42.74, "utci": 34.81}, "geometry": {"type": "Polygon", "coordinates": [[[-15.930002440885051, 18.03508980254528], [-15.933212553612913, 18.035074341899243], [-15.93483165406536, 18.03772614452153], [-15.93324059841494, 18.040393449429665], [-15.93003038925107, 18.040408914940084], [-15.928411332184726, 18.03775707067785], [-15.930002440885051, 18.03508980254528]]]}}, {"type": "Feature", "properties": {"hex_id": 753, "utci_present": 35.07, "utci_2050": 39.59, "utci_2090": 43.15, "utci": 35.07}, "geometry": {"type": "Polygon", "coordinates": [[[-15.93483165406536, 18.03772614452153], [-15.938041810162675, 18.037710601546205], [-15.939661007050455, 18.0403623585895], [-15.938070004483233, 18.043029700266395], [-15.93485975193394, 18.043045248131364], [-15.93324059841494, 18.040393449429665], [-15.93483165406536, 18.03772614452153]]]}}, {"type": "Feature", "properties": {"hex_id": 715, "utci_present": 35.03, "utci_2050": 39.53, "utci_2090": 43.08, "utci": 35.03}, "geometry": {"type": "Polygon", "coordinates": [[[-15.939661007050455, 18.0403623585895], [-15.942871206499913, 18.04034673326022], [-15.94449049983899, 18.042998444693037], [-15.94289955038825, 18.045665823131856], [-15.939689254470851, 18.04568145337606], [-15.938070004483233, 18.043029700266395], [-15.939661007050455, 18.0403623585895]]]}}, {"type": "Feature", "properties": {"hex_id": 793, "utci_present": 34.94, "utci_2050": 39.42, "utci_2090": 42.94, "utci": 34.94}, "geometry": {"type": "Polygon", "coordinates": [[[-15.93003038925107, 18.040408914940084], [-15.93324059841494, 18.040393449429665], [-15.93485975193394, 18.043045248131364], [-15.933268652898095, 18.045712553995813], [-15.930058347264934, 18.045728024370888], [-15.928439237148002, 18.043076184016723], [-15.93003038925107, 18.040408914940084]]]}}, {"type": "Feature", "properties": {"hex_id": 754, "utci_present": 34.98, "utci_2050": 39.47, "utci_2090": 43.01, "utci": 34.98}, "geometry": {"type": "Polygon", "coordinates": [[[-15.93485975193394, 18.043045248131364], [-15.938070004483233, 18.043029700266395], [-15.939689254470851, 18.04568145337606], [-15.938098208535521, 18.048348796021493], [-15.934887859500966, 18.0483643487764], [-15.933268652898095, 18.045712553995813], [-15.93485975193394, 18.043045248131364]]]}}, {"type": "Feature", "properties": {"hex_id": 716, "utci_present": 35.22, "utci_2050": 39.79, "utci_2090": 43.41, "utci": 35.22}, "geometry": {"type": "Polygon", "coordinates": [[[-15.939689254470851, 18.04568145337606], [-15.94289955038825, 18.045665823131856], [-15.944518896860455, 18.048317530617993], [-15.942927904058935, 18.050984910037585], [-15.939717511640302, 18.051000545197006], [-15.938098208535521, 18.048348796021493], [-15.939689254470851, 18.04568145337606]]]}}, {"type": "Feature", "properties": {"hex_id": 794, "utci_present": 34.82, "utci_2050": 39.25, "utci_2090": 42.74, "utci": 34.82}, "geometry": {"type": "Polygon", "coordinates": [[[-15.930058347264934, 18.045728024370888], [-15.933268652898095, 18.045712553995813], [-15.934887859500963, 18.0483643487764], [-15.933296717063724, 18.051031655596912], [-15.930086314927976, 18.051047130836928], [-15.928467151743149, 18.048395294391362], [-15.930058347264934, 18.045728024370888]]]}}, {"type": "Feature", "properties": {"hex_id": 755, "utci_present": 34.84, "utci_2050": 39.28, "utci_2090": 42.77, "utci": 34.84}, "geometry": {"type": "Polygon", "coordinates": [[[-15.934887859500966, 18.0483643487764], [-15.938098208535521, 18.048348796021493], [-15.939717511640302, 18.051000545197006], [-15.938126422320904, 18.05366788881074], [-15.934915976767785, 18.053683446455867], [-15.933296717063724, 18.051031655596912], [-15.934887859500966, 18.0483643487764]]]}}, {"type": "Feature", "properties": {"hex_id": 675, "utci_present": 35.14, "utci_2050": 39.67, "utci_2090": 43.25, "utci": 35.14}, "geometry": {"type": "Polygon", "coordinates": [[[-15.944462112615838, 18.03767935580242], [-15.94767225894949, 18.037663653034425], [-15.949291595606743, 18.040315322784448], [-15.947700742623262, 18.04298273698512], [-15.94449049983899, 18.042998444693037], [-15.942871206499913, 18.04034673326022], [-15.944462112615838, 18.03767935580242]]]}}, {"type": "Feature", "properties": {"hex_id": 637, "utci_present": 34.7, "utci_2050": 39.12, "utci_2090": 42.57, "utci": 34.7}, "geometry": {"type": "Polygon", "coordinates": [[[-15.949291595606743, 18.040315322784448], [-15.952501785241926, 18.04029953763843], [-15.95412121834911, 18.042951161728016], [-15.95253041853136, 18.045618612664736], [-15.949320132429603, 18.045634402775953], [-15.947700742623262, 18.04298273698512], [-15.949291595606743, 18.040315322784448]]]}}, {"type": "Feature", "properties": {"hex_id": 676, "utci_present": 34.99, "utci_2050": 39.5, "utci_2090": 43.05, "utci": 34.99}, "geometry": {"type": "Polygon", "coordinates": [[[-15.94449049983899, 18.042998444693037], [-15.947700742623262, 18.04298273698512], [-15.949320132429603, 18.045634402775953], [-15.947729236128634, 18.04830181796988], [-15.944518896860455, 18.048317530617993], [-15.94289955038825, 18.045665823131856], [-15.94449049983899, 18.042998444693037]]]}}, {"type": "Feature", "properties": {"hex_id": 638, "utci_present": 34.95, "utci_2050": 39.42, "utci_2090": 42.93, "utci": 34.95}, "geometry": {"type": "Polygon", "coordinates": [[[-15.949320132429603, 18.045634402775953], [-15.95253041853136, 18.045618612664736], [-15.954149904820923, 18.04827023278209], [-15.952559061703017, 18.050937684724293], [-15.949348679101393, 18.050953479800988], [-15.947729236128634, 18.04830181796988], [-15.949320132429603, 18.045634402775953]]]}}, {"type": "Feature", "properties": {"hex_id": 677, "utci_present": 34.96, "utci_2050": 39.44, "utci_2090": 42.96, "utci": 34.96}, "geometry": {"type": "Polygon", "coordinates": [[[-15.944518896860455, 18.048317530617993], [-15.947729236128634, 18.04830181796988], [-15.949348679101393, 18.050953479800988], [-15.947757739466972, 18.053620895987923], [-15.944547303681597, 18.053636613576533], [-15.942927904058935, 18.050984910037585], [-15.944518896860455, 18.048317530617993]]]}}, {"type": "Feature", "properties": {"hex_id": 639, "utci_present": 35.13, "utci_2050": 39.65, "utci_2090": 43.22, "utci": 35.13}, "geometry": {"type": "Polygon", "coordinates": [[[-15.949348679101393, 18.050953479800988], [-15.952559061703017, 18.050937684724293], [-15.954178601192288, 18.053589300868882], [-15.952587714758268, 18.056256753816328], [-15.949377235623482, 18.0562725538588], [-15.947757739466972, 18.053620895987923], [-15.949348679101393, 18.050953479800988]]]}}, {"type": "Feature", "properties": {"hex_id": 678, "utci_present": 35.12, "utci_2050": 39.68, "utci_2090": 43.27, "utci": 35.12}, "geometry": {"type": "Polygon", "coordinates": [[[-15.944547303681597, 18.053636613576533], [-15.947757739466972, 18.053620895987923], [-15.949377235623482, 18.0562725538588], [-15.94778625263965, 18.05893997103851], [-15.944575720303778, 18.058955693567896], [-15.942956267513331, 18.056303993976663], [-15.944547303681597, 18.053636613576533]]]}}, {"type": "Feature", "properties": {"hex_id": 640, "utci_present": 35.39, "utci_2050": 40.02, "utci_2090": 43.7, "utci": 35.39}, "geometry": {"type": "Polygon", "coordinates": [[[-15.949377235623482, 18.0562725538588], [-15.952587714758268, 18.056256753816328], [-15.954207307464587, 18.058908365987634], [-15.952616377698494, 18.061575819940096], [-15.949405801997242, 18.061591624948623], [-15.94778625263965, 18.05893997103851], [-15.949377235623482, 18.0562725538588]]]}}, {"type": "Feature", "properties": {"hex_id": 679, "utci_present": 35.22, "utci_2050": 39.81, "utci_2090": 43.44, "utci": 35.22}, "geometry": {"type": "Polygon", "coordinates": [[[-15.944575720303778, 18.058955693567896], [-15.94778625263965, 18.05893997103851], [-15.949405801997242, 18.061591624948623], [-15.947814775648036, 18.06425904312087], [-15.944604146728363, 18.06427477059132], [-15.9429846407528, 18.061623074948333], [-15.944575720303778, 18.058955693567896]]]}}, {"type": "Feature", "properties": {"hex_id": 641, "utci_present": 35.23, "utci_2050": 39.84, "utci_2090": 43.49, "utci": 35.23}, "geometry": {"type": "Polygon", "coordinates": [[[-15.949405801997242, 18.061591624948623], [-15.952616377698494, 18.061575819940096], [-15.954236023639197, 18.064227428137595], [-15.952645050525065, 18.066894883094825], [-15.949434378224048, 18.066910693069705], [-15.947814775648036, 18.06425904312087], [-15.949405801997242, 18.061591624948623]]]}}, {"type": "Feature", "properties": {"hex_id": 832, "utci_present": 33.9, "utci_2050": 38.07, "utci_2090": 41.28, "utci": 33.9}, "geometry": {"type": "Polygon", "coordinates": [[[-15.925228974933553, 18.043091572036648], [-15.928439237148002, 18.043076184016723], [-15.930058347264934, 18.045728024370888], [-15.928467151743149, 18.048395294391362], [-15.92525679304209, 18.04841068725095], [-15.923637726360518, 18.045758805250266], [-15.925228974933553, 18.043091572036648]]]}}, {"type": "Feature", "properties": {"hex_id": 910, "utci_present": 33.86, "utci_2050": 38.08, "utci_2090": 41.32, "utci": 33.86}, "geometry": {"type": "Polygon", "coordinates": [[[-15.91559816913744, 18.04313741640259], [-15.918808440917175, 18.04312218822981], [-15.920427411111465, 18.045774115754107], [-15.918836066051151, 18.048441313073173], [-15.915625697783472, 18.04845654603535], [-15.914006771075144, 18.04580457688893], [-15.91559816913744, 18.04313741640259]]]}}, {"type": "Feature", "properties": {"hex_id": 872, "utci_present": 32.32, "utci_2050": 36.0, "utci_2090": 38.72, "utci": 32.32}, "geometry": {"type": "Polygon", "coordinates": [[[-15.920427411111465, 18.045774115754107], [-15.923637726360518, 18.045758805250266], [-15.925256793042086, 18.04841068725095], [-15.923665501017044, 18.05107792139592], [-15.920455089264065, 18.05109323671443], [-15.918836066051151, 18.048441313073173], [-15.920427411111465, 18.045774115754107]]]}}, {"type": "Feature", "properties": {"hex_id": 833, "utci_present": 34.99, "utci_2050": 39.49, "utci_2090": 43.05, "utci": 34.99}, "geometry": {"type": "Polygon", "coordinates": [[[-15.92525679304209, 18.04841068725095], [-15.928467151743149, 18.048395294391362], [-15.930086314927976, 18.051047130836928], [-15.928495075971501, 18.053714401800995], [-15.925284620750535, 18.05372979950053], [-15.923665501017048, 18.05107792139592], [-15.92525679304209, 18.04841068725095]]]}}, {"type": "Feature", "properties": {"hex_id": 911, "utci_present": 32.86, "utci_2050": 36.73, "utci_2090": 39.64, "utci": 32.86}, "geometry": {"type": "Polygon", "coordinates": [[[-15.915625697783472, 18.04845654603535], [-15.918836066051151, 18.048441313073173], [-15.920455089264065, 18.05109323671443], [-15.91886370071845, 18.05376043495237], [-15.915653235929534, 18.053775672704216], [-15.914034256218567, 18.051123707428328], [-15.915625697783472, 18.04845654603535]]]}}, {"type": "Feature", "properties": {"hex_id": 873, "utci_present": 33.86, "utci_2050": 38.0, "utci_2090": 41.19, "utci": 33.86}, "geometry": {"type": "Polygon", "coordinates": [[[-15.920455089264065, 18.05109323671443], [-15.923665501017044, 18.05107792139592], [-15.925284620750535, 18.05372979950053], [-15.923693285257508, 18.05639703457662], [-15.920482776967306, 18.05641235471008], [-15.91886370071845, 18.05376043495237], [-15.920455089264065, 18.05109323671443]]]}}, {"type": "Feature", "properties": {"hex_id": 912, "utci_present": 33.39, "utci_2050": 37.42, "utci_2090": 40.49, "utci": 33.39}, "geometry": {"type": "Polygon", "coordinates": [[[-15.915653235929534, 18.053775672704216], [-15.91886370071845, 18.05376043495237], [-15.920482776967306, 18.05641235471008], [-15.918891344920405, 18.059079553866656], [-15.915680783576951, 18.059094796408456], [-15.914061750846031, 18.056442835003594], [-15.915653235929534, 18.053775672704216]]]}}, {"type": "Feature", "properties": {"hex_id": 834, "utci_present": 34.58, "utci_2050": 38.98, "utci_2090": 42.41, "utci": 34.58}, "geometry": {"type": "Polygon", "coordinates": [[[-15.925284620750535, 18.05372979950053], [-15.928495075971501, 18.053714401800995], [-15.930114292241543, 18.056366234337453], [-15.928523009834404, 18.059033506244877], [-15.925312458060233, 18.059048908784636], [-15.923693285257508, 18.05639703457662], [-15.925284620750535, 18.05372979950053]]]}}, {"type": "Feature", "properties": {"hex_id": 874, "utci_present": 35.0, "utci_2050": 39.48, "utci_2090": 43.02, "utci": 35.0}, "geometry": {"type": "Polygon", "coordinates": [[[-15.920482776967306, 18.05641235471008], [-15.923693285257508, 18.05639703457662], [-15.925312458060233, 18.059048908784636], [-15.923721079083238, 18.0617161447916], [-15.920510474222512, 18.061731469740295], [-15.918891344920405, 18.059079553866656], [-15.920482776967306, 18.05641235471008]]]}}, {"type": "Feature", "properties": {"hex_id": 913, "utci_present": 34.87, "utci_2050": 39.33, "utci_2090": 42.83, "utci": 34.87}, "geometry": {"type": "Polygon", "coordinates": [[[-15.915680783576951, 18.059094796408456], [-15.918891344920405, 18.059079553866656], [-15.920510474222512, 18.061731469740295], [-15.91891899865834, 18.064398669815265], [-15.915708340727043, 18.064413917147295], [-15.914089254958862, 18.061761959613985], [-15.915680783576951, 18.059094796408456]]]}}, {"type": "Feature", "properties": {"hex_id": 717, "utci_present": 34.95, "utci_2050": 39.46, "utci_2090": 43.02, "utci": 34.95}, "geometry": {"type": "Polygon", "coordinates": [[[-15.939717511640302, 18.051000545197006], [-15.942927904058935, 18.050984910037585], [-15.944547303681597, 18.053636613576533], [-15.942956267513331, 18.056303993976663], [-15.93974577856017, 18.056319634051587], [-15.938126422320904, 18.05366788881074], [-15.939717511640302, 18.051000545197006]]]}}, {"type": "Feature", "properties": {"hex_id": 795, "utci_present": 34.91, "utci_2050": 39.38, "utci_2090": 42.9, "utci": 34.91}, "geometry": {"type": "Polygon", "coordinates": [[[-15.930086314927976, 18.051047130836928], [-15.933296717063724, 18.051031655596912], [-15.934915976767785, 18.053683446455867], [-15.933324790913176, 18.056350754232213], [-15.930114292241543, 18.056366234337453], [-15.928495075971501, 18.053714401800995], [-15.930086314927976, 18.051047130836928]]]}}, {"type": "Feature", "properties": {"hex_id": 756, "utci_present": 35.17, "utci_2050": 39.76, "utci_2090": 43.41, "utci": 35.17}, "geometry": {"type": "Polygon", "coordinates": [[[-15.934915976767785, 18.053683446455867], [-15.938126422320904, 18.05366788881074], [-15.93974577856017, 18.056319634051587], [-15.938154645840727, 18.05898697863338], [-15.934944103735752, 18.059002541169015], [-15.933324790913176, 18.056350754232213], [-15.934915976767785, 18.053683446455867]]]}}, {"type": "Feature", "properties": {"hex_id": 718, "utci_present": 35.32, "utci_2050": 39.95, "utci_2090": 43.64, "utci": 35.32}, "geometry": {"type": "Polygon", "coordinates": [[[-15.93974577856017, 18.056319634051587], [-15.942956267513331, 18.056303993976663], [-15.944575720303778, 18.058955693567896], [-15.9429846407528, 18.061623074948333], [-15.939774055231808, 18.061638719939033], [-15.938154645840727, 18.05898697863338], [-15.93974577856017, 18.056319634051587]]]}}, {"type": "Feature", "properties": {"hex_id": 796, "utci_present": 35.14, "utci_2050": 39.69, "utci_2090": 43.3, "utci": 35.14}, "geometry": {"type": "Polygon", "coordinates": [[[-15.930114292241543, 18.056366234337453], [-15.933324790913176, 18.056350754232213], [-15.934944103735749, 18.059002541169015], [-15.933352874447797, 18.06166984990096], [-15.930142279206983, 18.0616853348717], [-15.928523009834404, 18.059033506244877], [-15.930114292241543, 18.056366234337453]]]}}, {"type": "Feature", "properties": {"hex_id": 757, "utci_present": 35.28, "utci_2050": 39.89, "utci_2090": 43.55, "utci": 35.28}, "geometry": {"type": "Polygon", "coordinates": [[[-15.934944103735752, 18.059002541169015], [-15.938154645840727, 18.05898697863338], [-15.939774055231808, 18.061638719939033], [-15.938182879096352, 18.064306065488665], [-15.934972240406216, 18.064321632915085], [-15.9333528744478, 18.06166984990096], [-15.934944103735752, 18.059002541169015]]]}}, {"type": "Feature", "properties": {"hex_id": 719, "utci_present": 35.25, "utci_2050": 39.86, "utci_2090": 43.51, "utci": 35.25}, "geometry": {"type": "Polygon", "coordinates": [[[-15.939774055231808, 18.061638719939033], [-15.9429846407528, 18.061623074948333], [-15.944604146728363, 18.06427477059132], [-15.943013023778704, 18.066942152951828], [-15.939802341656577, 18.0669578028586], [-15.938182879096352, 18.064306065488665], [-15.939774055231808, 18.061638719939033]]]}}, {"type": "Feature", "properties": {"hex_id": 797, "utci_present": 35.17, "utci_2050": 39.73, "utci_2090": 43.34, "utci": 35.17}, "geometry": {"type": "Polygon", "coordinates": [[[-15.930142279206983, 18.0616853348717], [-15.933352874447797, 18.06166984990096], [-15.934972240406216, 18.064321632915085], [-15.933380967668942, 18.06698894260238], [-15.930170275825636, 18.067004432438914], [-15.928550953333193, 18.06435260772224], [-15.930142279206983, 18.0616853348717]]]}}, {"type": "Feature", "properties": {"hex_id": 758, "utci_present": 35.21, "utci_2050": 39.77, "utci_2090": 43.39, "utci": 35.21}, "geometry": {"type": "Polygon", "coordinates": [[[-15.934972240406216, 18.064321632915085], [-15.938182879096352, 18.064306065488665], [-15.939802341656577, 18.0669578028586], [-15.938211122089132, 18.069625149375828], [-15.93500038678053, 18.06964072169332], [-15.933380967668942, 18.06698894260238], [-15.934972240406216, 18.064321632915085]]]}}, {"type": "Feature", "properties": {"hex_id": 798, "utci_present": 35.1, "utci_2050": 39.62, "utci_2090": 43.19, "utci": 35.1}, "geometry": {"type": "Polygon", "coordinates": [[[-15.930170275825636, 18.067004432438914], [-15.933380967668942, 18.06698894260238], [-15.93500038678053, 18.06964072169332], [-15.933409070577957, 18.072308032335727], [-15.930198282098853, 18.072323527038336], [-15.928578906469225, 18.06967170623233], [-15.930170275825636, 18.067004432438914]]]}}, {"type": "Feature", "properties": {"hex_id": 835, "utci_present": 35.07, "utci_2050": 39.6, "utci_2090": 43.17, "utci": 35.07}, "geometry": {"type": "Polygon", "coordinates": [[[-15.925312458060233, 18.059048908784636], [-15.928523009834404, 18.059033506244877], [-15.930142279206983, 18.0616853348717], [-15.928550953333193, 18.06435260772224], [-15.925340304972519, 18.06436801510251], [-15.923721079083238, 18.0617161447916], [-15.925312458060233, 18.059048908784636]]]}}, {"type": "Feature", "properties": {"hex_id": 875, "utci_present": 35.15, "utci_2050": 39.68, "utci_2090": 43.25, "utci": 35.15}, "geometry": {"type": "Polygon", "coordinates": [[[-15.920510474222512, 18.061731469740295], [-15.923721079083238, 18.0617161447916], [-15.925340304972519, 18.06436801510251], [-15.92374888249557, 18.067035252040114], [-15.920538181031013, 18.06705058180431], [-15.91891899865834, 18.064398669815265], [-15.920510474222512, 18.061731469740295]]]}}, {"type": "Feature", "properties": {"hex_id": 914, "utci_present": 34.74, "utci_2050": 39.13, "utci_2090": 42.58, "utci": 34.74}, "geometry": {"type": "Polygon", "coordinates": [[[-15.915708340727043, 18.064413917147295], [-15.91891899865834, 18.064398669815265], [-15.920538181031013, 18.06705058180431], [-15.918946661933582, 18.069717782797444], [-15.915735907381137, 18.069733034919974], [-15.914116768558376, 18.067081081258742], [-15.915708340727043, 18.064413917147295]]]}}, {"type": "Feature", "properties": {"hex_id": 836, "utci_present": 35.24, "utci_2050": 39.81, "utci_2090": 43.42, "utci": 35.24}, "geometry": {"type": "Polygon", "coordinates": [[[-15.925340304972519, 18.06436801510251], [-15.928550953333193, 18.06435260772224], [-15.930170275825636, 18.067004432438914], [-15.928578906469225, 18.06967170623233], [-15.92536816148873, 18.069687118453395], [-15.92374888249557, 18.067035252040114], [-15.925340304972519, 18.06436801510251]]]}}, {"type": "Feature", "properties": {"hex_id": 876, "utci_present": 35.12, "utci_2050": 39.63, "utci_2090": 43.18, "utci": 35.12}, "geometry": {"type": "Polygon", "coordinates": [[[-15.920538181031013, 18.06705058180431], [-15.92374888249557, 18.067035252040114], [-15.92536816148873, 18.069687118453395], [-15.923776695495846, 18.072354356321394], [-15.92056589739415, 18.072369690901382], [-15.918946661933582, 18.069717782797444], [-15.920538181031013, 18.06705058180431]]]}}, {"type": "Feature", "properties": {"hex_id": 915, "utci_present": 35.18, "utci_2050": 39.7, "utci_2090": 43.29, "utci": 35.18}, "geometry": {"type": "Polygon", "coordinates": [[[-15.915735907381137, 18.069733034919974], [-15.918946661933582, 18.069717782797444], [-15.92056589739415, 18.072369690901382], [-15.918974334747466, 18.075036892812438], [-15.915763483540559, 18.075052149725753], [-15.914144291645899, 18.072400199937103], [-15.915735907381137, 18.069733034919974]]]}}, {"type": "Feature", "properties": {"hex_id": 837, "utci_present": 35.07, "utci_2050": 39.57, "utci_2090": 43.13, "utci": 35.07}, "geometry": {"type": "Polygon", "coordinates": [[[-15.92536816148873, 18.069687118453395], [-15.928578906469225, 18.06967170623233], [-15.930198282098853, 18.072323527038336], [-15.928606869243827, 18.074990801774398], [-15.925396027610207, 18.075006218836528], [-15.923776695495846, 18.072354356321394], [-15.92536816148873, 18.069687118453395]]]}}, {"type": "Feature", "properties": {"hex_id": 877, "utci_present": 33.89, "utci_2050": 37.99, "utci_2090": 41.15, "utci": 33.89}, "geometry": {"type": "Polygon", "coordinates": [[[-15.92056589739415, 18.072369690901382], [-15.923776695495846, 18.072354356321394], [-15.925396027610207, 18.075006218836528], [-15.923804518085396, 18.0776734576347], [-15.920593623313243, 18.07768879703075], [-15.918974334747466, 18.075036892812438], [-15.92056589739415, 18.072369690901382]]]}}, {"type": "Feature", "properties": {"hex_id": 838, "utci_present": 33.53, "utci_2050": 37.55, "utci_2090": 40.61, "utci": 33.53}, "geometry": {"type": "Polygon", "coordinates": [[[-15.925396027610207, 18.075006218836528], [-15.928606869243827, 18.074990801774398], [-15.930226298027979, 18.077642618669213], [-15.928634841658354, 18.08030989434767], [-15.92542390333829, 18.08032531625116], [-15.923804518085396, 18.0776734576347], [-15.925396027610207, 18.075006218836528]]]}}, {"type": "Feature", "properties": {"hex_id": 916, "utci_present": 34.0, "utci_2050": 38.18, "utci_2090": 41.41, "utci": 34.0}, "geometry": {"type": "Polygon", "coordinates": [[[-15.915763483540559, 18.075052149725753], [-15.918974334747466, 18.075036892812438], [-15.920593623313243, 18.07768879703075], [-15.919002017101318, 18.08035599985948], [-15.915791069206628, 18.080371261563865], [-15.914171824222754, 18.07771931564832], [-15.915763483540559, 18.075052149725753]]]}}, {"type": "Feature", "properties": {"hex_id": 680, "utci_present": 35.17, "utci_2050": 39.74, "utci_2090": 43.35, "utci": 35.17}, "geometry": {"type": "Polygon", "coordinates": [[[-15.944604146728363, 18.06427477059132], [-15.947814775648036, 18.06425904312087], [-15.949434378224048, 18.066910693069705], [-15.947843308493498, 18.069578112234257], [-15.94463258295672, 18.06959384464606], [-15.943013023778704, 18.066942152951828], [-15.944604146728363, 18.06427477059132]]]}}, {"type": "Feature", "properties": {"hex_id": 642, "utci_present": 35.24, "utci_2050": 39.87, "utci_2090": 43.55, "utci": 35.24}, "geometry": {"type": "Polygon", "coordinates": [[[-15.949434378224048, 18.066910693069705], [-15.952645050525065, 18.066894883094825], [-15.954264749717499, 18.06954648731799], [-15.952673733239365, 18.072213943279763], [-15.949462964305276, 18.072229758221276], [-15.947843308493498, 18.069578112234257], [-15.949434378224048, 18.066910693069705]]]}}, {"type": "Feature", "properties": {"hex_id": 720, "utci_present": 35.29, "utci_2050": 39.87, "utci_2090": 43.51, "utci": 35.29}, "geometry": {"type": "Polygon", "coordinates": [[[-15.939802341656577, 18.0669578028586], [-15.943013023778704, 18.066942152951828], [-15.94463258295672, 18.06959384464606], [-15.943041416592408, 18.072261227986402], [-15.93983063783584, 18.072276882809522], [-15.938211122089132, 18.069625149375828], [-15.939802341656577, 18.0669578028586]]]}}, {"type": "Feature", "properties": {"hex_id": 681, "utci_present": 35.11, "utci_2050": 39.68, "utci_2090": 43.3, "utci": 35.11}, "geometry": {"type": "Polygon", "coordinates": [[[-15.94463258295672, 18.06959384464606], [-15.947843308493498, 18.069578112234257], [-15.949462964305276, 18.072229758221276], [-15.947871851177409, 18.07489717837791], [-15.944661028990215, 18.07491291573135], [-15.943041416592408, 18.072261227986402], [-15.94463258295672, 18.06959384464606]]]}}, {"type": "Feature", "properties": {"hex_id": 643, "utci_present": 35.17, "utci_2050": 39.79, "utci_2090": 43.47, "utci": 35.17}, "geometry": {"type": "Polygon", "coordinates": [[[-15.949462964305276, 18.072229758221276], [-15.952673733239365, 18.072213943279763], [-15.954293485700873, 18.074865543528077], [-15.952702425842771, 18.07753300049416], [-15.949491560242292, 18.077548820402598], [-15.947871851177409, 18.07489717837791], [-15.949462964305276, 18.072229758221276]]]}}, {"type": "Feature", "properties": {"hex_id": 721, "utci_present": 35.0, "utci_2050": 39.52, "utci_2090": 43.09, "utci": 35.0}, "geometry": {"type": "Polygon", "coordinates": [[[-15.93983063783584, 18.072276882809522], [-15.943041416592408, 18.072261227986402], [-15.944661028990215, 18.07491291573135], [-15.943069819195275, 18.077580300051284], [-15.939858943770952, 18.077595959791047], [-15.938239374820428, 18.074944230294115], [-15.93983063783584, 18.072276882809522]]]}}, {"type": "Feature", "properties": {"hex_id": 682, "utci_present": 35.23, "utci_2050": 39.85, "utci_2090": 43.53, "utci": 35.23}, "geometry": {"type": "Polygon", "coordinates": [[[-15.944661028990215, 18.07491291573135], [-15.947871851177409, 18.07489717837791], [-15.949491560242292, 18.077548820402598], [-15.947900403701144, 18.08021624155106], [-15.944689484830215, 18.08023198384643], [-15.943069819195278, 18.077580300051284], [-15.944661028990215, 18.07491291573135]]]}}, {"type": "Feature", "properties": {"hex_id": 644, "utci_present": 34.46, "utci_2050": 38.82, "utci_2090": 42.22, "utci": 34.46}, "geometry": {"type": "Polygon", "coordinates": [[[-15.949491560242292, 18.077548820402598], [-15.952702425842771, 18.07753300049416], [-15.9543222315907, 18.080184596767094], [-15.95273112833666, 18.08285205473725], [-15.949520166036475, 18.082867879612902], [-15.947900403701144, 18.08021624155106], [-15.949491560242292, 18.077548820402598]]]}}, {"type": "Feature", "properties": {"hex_id": 722, "utci_present": 33.62, "utci_2050": 37.7, "utci_2090": 40.82, "utci": 33.62}, "geometry": {"type": "Polygon", "coordinates": [[[-15.939858943770952, 18.077595959791047], [-15.943069819195275, 18.077580300051284], [-15.944689484830215, 18.08023198384643], [-15.943098231588674, 18.082899369145725], [-15.93988725946327, 18.08291503380242], [-15.938267637291595, 18.080263308242756], [-15.939858943770952, 18.077595959791047]]]}}, {"type": "Feature", "properties": {"hex_id": 683, "utci_present": 35.0, "utci_2050": 39.49, "utci_2090": 43.04, "utci": 35.0}, "geometry": {"type": "Polygon", "coordinates": [[[-15.944689484830215, 18.08023198384643], [-15.947900403701144, 18.08021624155106], [-15.949520166036475, 18.082867879612902], [-15.947928966066069, 18.085535301752962], [-15.944717950478088, 18.085551048990542], [-15.943098231588674, 18.082899369145725], [-15.944689484830215, 18.08023198384643]]]}}, {"type": "Feature", "properties": {"hex_id": 759, "utci_present": 35.13, "utci_2050": 39.71, "utci_2090": 43.34, "utci": 35.13}, "geometry": {"type": "Polygon", "coordinates": [[[-15.93500038678053, 18.06964072169332], [-15.938211122089132, 18.069625149375828], [-15.93983063783584, 18.072276882809522], [-15.938239374820428, 18.074944230294115], [-15.935028542860044, 18.074959807502957], [-15.933409070577957, 18.072308032335727], [-15.93500038678053, 18.06964072169332]]]}}, {"type": "Feature", "properties": {"hex_id": 799, "utci_present": 34.94, "utci_2050": 39.42, "utci_2090": 42.94, "utci": 34.94}, "geometry": {"type": "Polygon", "coordinates": [[[-15.930198282098853, 18.072323527038336], [-15.933409070577957, 18.072308032335727], [-15.935028542860044, 18.074959807502957], [-15.933437183176196, 18.077627119100253], [-15.930226298027979, 18.077642618669213], [-15.928606869243827, 18.074990801774398], [-15.930198282098853, 18.072323527038336]]]}}, {"type": "Feature", "properties": {"hex_id": 760, "utci_present": 33.32, "utci_2050": 37.28, "utci_2090": 40.31, "utci": 33.32}, "geometry": {"type": "Polygon", "coordinates": [[[-15.935028542860044, 18.074959807502957], [-15.938239374820428, 18.074944230294115], [-15.939858943770952, 18.077595959791047], [-15.938267637291595, 18.080263308242756], [-15.935056708646115, 18.080278890343244], [-15.933437183176196, 18.077627119100253], [-15.935028542860044, 18.074959807502957]]]}}, {"type": "Feature", "properties": {"hex_id": 800, "utci_present": 35.12, "utci_2050": 39.64, "utci_2090": 43.2, "utci": 35.12}, "geometry": {"type": "Polygon", "coordinates": [[[-15.930226298027979, 18.077642618669213], [-15.933437183176196, 18.077627119100253], [-15.935056708646115, 18.080278890343244], [-15.933465305465004, 18.08294620289518], [-15.930254323614353, 18.08296170733078], [-15.928634841658354, 18.08030989434767], [-15.930226298027979, 18.077642618669213]]]}}, {"type": "Feature", "properties": {"hex_id": 761, "utci_present": 33.95, "utci_2050": 38.12, "utci_2090": 41.35, "utci": 33.95}, "geometry": {"type": "Polygon", "coordinates": [[[-15.935056708646115, 18.080278890343244], [-15.938267637291595, 18.080263308242756], [-15.93988725946327, 18.08291503380242], [-15.938295909503992, 18.08558238322101], [-15.935084884140096, 18.085597970213417], [-15.933465305465004, 18.08294620289518], [-15.935056708646115, 18.080278890343244]]]}}, {"type": "Feature", "properties": {"hex_id": 839, "utci_present": 34.6, "utci_2050": 38.99, "utci_2090": 42.42, "utci": 34.6}, "geometry": {"type": "Polygon", "coordinates": [[[-15.92542390333829, 18.08032531625116], [-15.928634841658354, 18.08030989434767], [-15.930254323614353, 18.08296170733078], [-15.928662823714149, 18.085628983951406], [-15.92545178867431, 18.08564441069652], [-15.923832350265561, 18.082992555979242], [-15.92542390333829, 18.08032531625116]]]}}, {"type": "Feature", "properties": {"hex_id": 801, "utci_present": 33.94, "utci_2050": 38.09, "utci_2090": 41.29, "utci": 33.94}, "geometry": {"type": "Polygon", "coordinates": [[[-15.930254323614353, 18.08296170733078], [-15.933465305465004, 18.08294620289518], [-15.935084884140096, 18.085597970213417], [-15.933493437445737, 18.088265283719764], [-15.93028235885933, 18.088280793022285], [-15.928662823714149, 18.085628983951406], [-15.930254323614353, 18.08296170733078]]]}}, {"type": "Feature", "properties": {"hex_id": 762, "utci_present": 34.22, "utci_2050": 38.45, "utci_2090": 41.73, "utci": 34.22}, "geometry": {"type": "Polygon", "coordinates": [[[-15.935084884140096, 18.085597970213417], [-15.938295909503992, 18.08558238322101], [-15.939915584914162, 18.088234104842865], [-15.938324191458982, 18.090901455228106], [-15.93511306934334, 18.090917047112725], [-15.933493437445737, 18.088265283719764], [-15.935084884140096, 18.085597970213417]]]}}, {"type": "Feature", "properties": {"hex_id": 840, "utci_present": 35.0, "utci_2050": 39.5, "utci_2090": 43.06, "utci": 35.0}, "geometry": {"type": "Polygon", "coordinates": [[[-15.92545178867431, 18.08564441069652], [-15.928662823714149, 18.085628983951406], [-15.93028235885933, 18.088280793022285], [-15.92869081541255, 18.09094807058484], [-15.925479683619622, 18.090963502171867], [-15.923860192037678, 18.088311651354296], [-15.92545178867431, 18.08564441069652]]]}}, {"type": "Feature", "properties": {"hex_id": 802, "utci_present": 34.65, "utci_2050": 39.03, "utci_2090": 42.46, "utci": 34.65}, "geometry": {"type": "Polygon", "coordinates": [[[-15.93028235885933, 18.088280793022285], [-15.933493437445737, 18.088265283719764], [-15.93511306934334, 18.090917047112725], [-15.933521579119747, 18.093584361573242], [-15.930310403764254, 18.093599875742964], [-15.92869081541255, 18.09094807058484], [-15.93028235885933, 18.088280793022285]]]}}, {"type": "Feature", "properties": {"hex_id": 878, "utci_present": 32.74, "utci_2050": 36.5, "utci_2090": 39.3, "utci": 32.74}, "geometry": {"type": "Polygon", "coordinates": [[[-15.920593623313243, 18.07768879703075], [-15.923804518085396, 18.0776734576347], [-15.925423903338286, 18.08032531625116], [-15.923832350265561, 18.082992555979242], [-15.920621358789633, 18.083007900191646], [-15.919002017101318, 18.08035599985948], [-15.920593623313243, 18.07768879703075]]]}}, {"type": "Feature", "properties": {"hex_id": 917, "utci_present": 34.27, "utci_2050": 38.53, "utci_2090": 41.85, "utci": 34.27}, "geometry": {"type": "Polygon", "coordinates": [[[-15.915791069206628, 18.080371261563865], [-15.919002017101318, 18.08035599985948], [-15.920621358789633, 18.083007900191646], [-15.919029708996469, 18.08567510393782], [-15.915818664380678, 18.08569037043355], [-15.914199366290262, 18.08303842839162], [-15.915791069206628, 18.080371261563865]]]}}, {"type": "Feature", "properties": {"hex_id": 879, "utci_present": 34.5, "utci_2050": 38.86, "utci_2090": 42.28, "utci": 34.5}, "geometry": {"type": "Polygon", "coordinates": [[[-15.920621358789633, 18.083007900191646], [-15.923832350265561, 18.082992555979242], [-15.92545178867431, 18.08564441069652], [-15.923860192037676, 18.088311651354296], [-15.920649103824651, 18.088327000383327], [-15.919029708996469, 18.08567510393782], [-15.920621358789633, 18.083007900191646]]]}}, {"type": "Feature", "properties": {"hex_id": 918, "utci_present": 34.36, "utci_2050": 38.7, "utci_2090": 42.08, "utci": 34.36}, "geometry": {"type": "Polygon", "coordinates": [[[-15.915818664380678, 18.08569037043355], [-15.919029708996469, 18.08567510393782], [-15.920649103824651, 18.088327000383327], [-15.91905741043425, 18.09099420504671], [-15.915846269064032, 18.091009476334047], [-15.914226917849748, 18.088357538166267], [-15.915818664380678, 18.08569037043355]]]}}, {"type": "Feature", "properties": {"hex_id": 880, "utci_present": 34.68, "utci_2050": 39.09, "utci_2090": 42.54, "utci": 34.68}, "geometry": {"type": "Polygon", "coordinates": [[[-15.920649103824651, 18.088327000383327], [-15.923860192037676, 18.088311651354296], [-15.925479683619622, 18.090963502171867], [-15.923888043403084, 18.093630743759093], [-15.920676858419629, 18.093646097605028], [-15.91905741043425, 18.09099420504671], [-15.920649103824651, 18.088327000383327]]]}}, {"type": "Feature", "properties": {"hex_id": 919, "utci_present": 34.13, "utci_2050": 38.4, "utci_2090": 41.72, "utci": 34.13}, "geometry": {"type": "Polygon", "coordinates": [[[-15.915846269064032, 18.091009476334047], [-15.91905741043425, 18.09099420504671], [-15.920676858419629, 18.093646097605028], [-15.919085121415996, 18.096313303185376], [-15.915873883258012, 18.096328579264615], [-15.914254478902535, 18.09367664497149], [-15.915846269064032, 18.091009476334047]]]}}, {"type": "Feature", "properties": {"hex_id": 881, "utci_present": 34.97, "utci_2050": 39.45, "utci_2090": 42.98, "utci": 34.97}, "geometry": {"type": "Polygon", "coordinates": [[[-15.920676858419629, 18.093646097605028], [-15.923888043403084, 18.093630743759093], [-15.925507588175556, 18.096282590676438], [-15.923915904363119, 18.098949833192865], [-15.9207046225759, 18.098965191855996], [-15.919085121415996, 18.096313303185376], [-15.920676858419629, 18.093646097605028]]]}}, {"type": "Feature", "properties": {"hex_id": 920, "utci_present": 34.59, "utci_2050": 38.97, "utci_2090": 42.4, "utci": 34.59}, "geometry": {"type": "Polygon", "coordinates": [[[-15.915873883258012, 18.096328579264615], [-15.919085121415996, 18.096313303185376], [-15.9207046225759, 18.098965191855996], [-15.919112841943035, 18.101632398353065], [-15.915901506963953, 18.101647679224484], [-15.914282049449948, 18.098995748806537], [-15.915873883258012, 18.096328579264615]]]}}, {"type": "Feature", "properties": {"hex_id": 882, "utci_present": 35.19, "utci_2050": 39.77, "utci_2090": 43.41, "utci": 35.19}, "geometry": {"type": "Polygon", "coordinates": [[[-15.9207046225759, 18.098965191855996], [-15.923915904363119, 18.098949833192865], [-15.925535502343456, 18.101601676209476], [-15.923943774919126, 18.10426891965488], [-15.920732396294806, 18.104284283135474], [-15.919112841943035, 18.101632398353065], [-15.9207046225759, 18.098965191855996]]]}}, {"type": "Feature", "properties": {"hex_id": 921, "utci_present": 35.08, "utci_2050": 39.61, "utci_2090": 43.18, "utci": 35.08}, "geometry": {"type": "Polygon", "coordinates": [[[-15.915901506963953, 18.101647679224484], [-15.919112841943035, 18.101632398353065], [-15.920732396294806, 18.104284283135474], [-15.9191405720167, 18.10695149054903], [-15.915929140183179, 18.106966776212914], [-15.914309629493317, 18.104314849670647], [-15.915901506963953, 18.101647679224484]]]}}, {"type": "Feature", "properties": {"hex_id": 645, "utci_present": 34.37, "utci_2050": 38.7, "utci_2090": 42.06, "utci": 34.37}, "geometry": {"type": "Polygon", "coordinates": [[[-15.949520166036475, 18.082867879612902], [-15.95273112833666, 18.08285205473725], [-15.95435098738836, 18.085503647034276], [-15.952759840722415, 18.088171106008264], [-15.949548781689199, 18.08818693585142], [-15.947928966066069, 18.085535301752962], [-15.949520166036475, 18.082867879612902]]]}}, {"type": "Feature", "properties": {"hex_id": 723, "utci_present": 35.15, "utci_2050": 39.71, "utci_2090": 43.33, "utci": 35.15}, "geometry": {"type": "Polygon", "coordinates": [[[-15.93988725946327, 18.08291503380242], [-15.943098231588674, 18.082899369145725], [-15.944717950478088, 18.085551048990542], [-15.943126653773966, 18.088218435268963], [-15.939915584914162, 18.088234104842865], [-15.938295909503992, 18.08558238322101], [-15.93988725946327, 18.08291503380242]]]}}, {"type": "Feature", "properties": {"hex_id": 684, "utci_present": 34.37, "utci_2050": 38.72, "utci_2090": 42.1, "utci": 34.37}, "geometry": {"type": "Polygon", "coordinates": [[[-15.944717950478088, 18.085551048990542], [-15.947928966066069, 18.085535301752962], [-15.949548781689199, 18.08818693585142], [-15.947957538273563, 18.09085435898285], [-15.944746425935202, 18.090870111162932], [-15.943126653773966, 18.088218435268963], [-15.944717950478088, 18.085551048990542]]]}}, {"type": "Feature", "properties": {"hex_id": 646, "utci_present": 34.03, "utci_2050": 38.28, "utci_2090": 41.56, "utci": 34.03}, "geometry": {"type": "Polygon", "coordinates": [[[-15.949548781689199, 18.08818693585142], [-15.952759840722415, 18.088171106008264], [-15.954379753095235, 18.090822694328867], [-15.952788563001413, 18.09349015430646], [-15.949577407201843, 18.093505989117414], [-15.947957538273563, 18.09085435898285], [-15.949548781689199, 18.08818693585142]]]}}, {"type": "Feature", "properties": {"hex_id": 724, "utci_present": 34.94, "utci_2050": 39.43, "utci_2090": 42.96, "utci": 34.94}, "geometry": {"type": "Polygon", "coordinates": [[[-15.939915584914162, 18.088234104842865], [-15.943126653773966, 18.088218435268963], [-15.944746425935202, 18.090870111162932], [-15.94315508575252, 18.093537498420236], [-15.939943920124989, 18.093553172911644], [-15.938324191458982, 18.090901455228106], [-15.939915584914162, 18.088234104842865]]]}}, {"type": "Feature", "properties": {"hex_id": 685, "utci_present": 33.91, "utci_2050": 38.13, "utci_2090": 41.38, "utci": 33.91}, "geometry": {"type": "Polygon", "coordinates": [[[-15.944746425935202, 18.090870111162932], [-15.947957538273563, 18.09085435898285], [-15.949577407201843, 18.093505989117414], [-15.947986120324996, 18.096173413239967], [-15.944774911202925, 18.096189170362837], [-15.94315508575252, 18.093537498420236], [-15.944746425935202, 18.090870111162932]]]}}, {"type": "Feature", "properties": {"hex_id": 725, "utci_present": 34.21, "utci_2050": 38.5, "utci_2090": 41.83, "utci": 34.21}, "geometry": {"type": "Polygon", "coordinates": [[[-15.939943920124989, 18.093553172911644], [-15.94315508575252, 18.093537498420236], [-15.944774911202925, 18.096189170362837], [-15.943183527525703, 18.098856558598804], [-15.939972265097113, 18.098872238007996], [-15.938352483157917, 18.0962205242633], [-15.939943920124989, 18.093553172911644]]]}}, {"type": "Feature", "properties": {"hex_id": 647, "utci_present": 34.13, "utci_2050": 38.39, "utci_2090": 41.67, "utci": 34.13}, "geometry": {"type": "Polygon", "coordinates": [[[-15.949577407201843, 18.093505989117414], [-15.952788563001413, 18.09349015430646], [-15.954408528712714, 18.09614173865011], [-15.952817295175036, 18.098809199631074], [-15.949606042575777, 18.09882503941011], [-15.947986120324996, 18.096173413239967], [-15.949577407201843, 18.093505989117414]]]}}, {"type": "Feature", "properties": {"hex_id": 686, "utci_present": 34.38, "utci_2050": 38.7, "utci_2090": 42.05, "utci": 34.38}, "geometry": {"type": "Polygon", "coordinates": [[[-15.944774911202925, 18.096189170362837], [-15.947986120324996, 18.096173413239967], [-15.949606042575777, 18.09882503941011], [-15.948014712221743, 18.101492464523556], [-15.944803406282627, 18.101508226589505], [-15.943183527525703, 18.098856558598804], [-15.944774911202925, 18.096189170362837]]]}}, {"type": "Feature", "properties": {"hex_id": 648, "utci_present": 34.95, "utci_2050": 39.41, "utci_2090": 42.92, "utci": 34.95}, "geometry": {"type": "Polygon", "coordinates": [[[-15.949606042575777, 18.09882503941011], [-15.952817295175036, 18.098809199631074], [-15.954437314242174, 18.101460779997254], [-15.952846037244665, 18.104128241981357], [-15.949634687812383, 18.104144086728756], [-15.948014712221743, 18.101492464523556], [-15.949606042575777, 18.09882503941011]]]}}, {"type": "Feature", "properties": {"hex_id": 763, "utci_present": 34.93, "utci_2050": 39.41, "utci_2090": 42.94, "utci": 34.93}, "geometry": {"type": "Polygon", "coordinates": [[[-15.93511306934334, 18.090917047112725], [-15.938324191458982, 18.090901455228106], [-15.939943920124989, 18.093553172911644], [-15.938352483157917, 18.0962205242633], [-15.935141264257203, 18.096236121040402], [-15.933521579119747, 18.093584361573242], [-15.93511306934334, 18.090917047112725]]]}}, {"type": "Feature", "properties": {"hex_id": 841, "utci_present": 35.19, "utci_2050": 39.76, "utci_2090": 43.37, "utci": 35.19}, "geometry": {"type": "Polygon", "coordinates": [[[-15.925479683619622, 18.090963502171867], [-15.92869081541255, 18.09094807058484], [-15.930310403764254, 18.093599875742964], [-15.928718816754909, 18.096267154247208], [-15.925507588175556, 18.096282590676438], [-15.923888043403084, 18.093630743759093], [-15.925479683619622, 18.090963502171867]]]}}, {"type": "Feature", "properties": {"hex_id": 803, "utci_present": 35.25, "utci_2050": 39.88, "utci_2090": 43.55, "utci": 35.25}, "geometry": {"type": "Polygon", "coordinates": [[[-15.930310403764254, 18.093599875742964], [-15.933521579119747, 18.093584361573242], [-15.935141264257203, 18.096236121040402], [-15.933549730488386, 18.098903436454854], [-15.930338458330477, 18.09891895549207], [-15.928718816754909, 18.096267154247208], [-15.930310403764254, 18.093599875742964]]]}}, {"type": "Feature", "properties": {"hex_id": 764, "utci_present": 34.83, "utci_2050": 39.29, "utci_2090": 42.79, "utci": 34.83}, "geometry": {"type": "Polygon", "coordinates": [[[-15.935141264257203, 18.096236121040402], [-15.938352483157917, 18.0962205242633], [-15.939972265097113, 18.098872238007996], [-15.938380784602161, 18.101539590325817], [-15.935169468883037, 18.101555191995708], [-15.933549730488386, 18.098903436454854], [-15.935141264257203, 18.096236121040402]]]}}, {"type": "Feature", "properties": {"hex_id": 842, "utci_present": 35.23, "utci_2050": 39.86, "utci_2090": 43.53, "utci": 35.23}, "geometry": {"type": "Polygon", "coordinates": [[[-15.925507588175556, 18.096282590676438], [-15.928718816754909, 18.096267154247208], [-15.930338458330477, 18.09891895549207], [-15.928746827742573, 18.101586234937766], [-15.92553550234346, 18.101601676209476], [-15.923915904363119, 18.098949833192865], [-15.925507588175556, 18.096282590676438]]]}}, {"type": "Feature", "properties": {"hex_id": 804, "utci_present": 35.25, "utci_2050": 39.88, "utci_2090": 43.55, "utci": 35.25}, "geometry": {"type": "Polygon", "coordinates": [[[-15.930338458330477, 18.09891895549207], [-15.933549730488386, 18.098903436454854], [-15.935169468883037, 18.101555191995708], [-15.933577891553007, 18.104222508363854], [-15.930366522559341, 18.104238032268835], [-15.928746827742573, 18.101586234937766], [-15.930338458330477, 18.09891895549207]]]}}, {"type": "Feature", "properties": {"hex_id": 765, "utci_present": 33.98, "utci_2050": 38.23, "utci_2090": 41.5, "utci": 33.98}, "geometry": {"type": "Polygon", "coordinates": [[[-15.935169468883037, 18.101555191995708], [-15.938380784602161, 18.101539590325817], [-15.940000619831892, 18.104191300131156], [-15.938409095793077, 18.106858653414925], [-15.935197683222203, 18.106874259977875], [-15.933577891553007, 18.104222508363854], [-15.935169468883037, 18.101555191995708]]]}}, {"type": "Feature", "properties": {"hex_id": 843, "utci_present": 35.21, "utci_2050": 39.81, "utci_2090": 43.46, "utci": 35.21}, "geometry": {"type": "Polygon", "coordinates": [[[-15.92553550234346, 18.101601676209476], [-15.928746827742573, 18.101586234937766], [-15.930366522559341, 18.104238032268835], [-15.928774848376882, 18.106905312655755], [-15.925563426124668, 18.106920758770222], [-15.923943774919126, 18.10426891965488], [-15.92553550234346, 18.101601676209476]]]}}, {"type": "Feature", "properties": {"hex_id": 805, "utci_present": 34.28, "utci_2050": 38.62, "utci_2090": 41.99, "utci": 34.28}, "geometry": {"type": "Polygon", "coordinates": [[[-15.930366522559341, 18.104238032268835], [-15.933577891553007, 18.104222508363854], [-15.935197683222203, 18.106874259977875], [-15.933606062314965, 18.10954157729948], [-15.9303945964522, 18.109557106072515], [-15.928774848376882, 18.106905312655755], [-15.930366522559341, 18.104238032268835]]]}}, {"type": "Feature", "properties": {"hex_id": 844, "utci_present": 35.09, "utci_2050": 39.67, "utci_2090": 43.3, "utci": 35.09}, "geometry": {"type": "Polygon", "coordinates": [[[-15.925563426124668, 18.106920758770222], [-15.928774848376882, 18.106905312655755], [-15.9303945964522, 18.109557106072515], [-15.92880287865919, 18.11222438740041], [-15.92559135952053, 18.112239838357922], [-15.923971655072437, 18.109588003144356], [-15.925563426124668, 18.106920758770222]]]}}, {"type": "Feature", "properties": {"hex_id": 1026, "utci_present": 33.98, "utci_2050": 38.22, "utci_2090": 41.5, "utci": 33.98}, "geometry": {"type": "Polygon", "coordinates": [[[-15.901111282968163, 18.035226551781854], [-15.90432142423612, 18.03521157045412], [-15.905940105064474, 18.037863634360278], [-15.904348601098095, 18.040530721160746], [-15.901138363390155, 18.040545707202053], [-15.89951972609967, 18.037893601729184], [-15.901111282968163, 18.035226551781854]]]}}, {"type": "Feature", "properties": {"hex_id": 1104, "utci_present": 34.34, "utci_2050": 38.66, "utci_2090": 42.02, "utci": 34.34}, "geometry": {"type": "Polygon", "coordinates": [[[-15.891480840514774, 18.035271176211744], [-15.894690991096393, 18.035256354660884], [-15.896309531946246, 18.03790850551292], [-15.894717878637127, 18.040575519457978], [-15.891507631614228, 18.04059034567214], [-15.889889134352822, 18.037938153277818], [-15.891480840514774, 18.035271176211744]]]}}, {"type": "Feature", "properties": {"hex_id": 1065, "utci_present": 34.52, "utci_2050": 38.88, "utci_2090": 42.29, "utci": 34.52}, "geometry": {"type": "Polygon", "coordinates": [[[-15.89630953194625, 18.03790850551292], [-15.89951972609967, 18.037893601729184], [-15.901138363390155, 18.040545707202053], [-15.899546762967152, 18.043212758019298], [-15.896336472356452, 18.04322766649161], [-15.894717878637127, 18.040575519457978], [-15.89630953194625, 18.03790850551292]]]}}, {"type": "Feature", "properties": {"hex_id": 1027, "utci_present": 34.48, "utci_2050": 38.86, "utci_2090": 42.29, "utci": 34.48}, "geometry": {"type": "Polygon", "coordinates": [[[-15.901138363390155, 18.040545707202053], [-15.904348601098095, 18.040530721160746], [-15.9059673348452, 18.043182781222963], [-15.904375787341603, 18.045849868905602], [-15.901165453160397, 18.045864859660753], [-15.899546762967152, 18.043212758019298], [-15.901138363390155, 18.040545707202053]]]}}, {"type": "Feature", "properties": {"hex_id": 1105, "utci_present": 34.9, "utci_2050": 39.35, "utci_2090": 42.85, "utci": 34.9}, "geometry": {"type": "Polygon", "coordinates": [[[-15.891507631614228, 18.04059034567214], [-15.894717878637127, 18.040575519457978], [-15.896336472356452, 18.04322766649161], [-15.894744775459532, 18.0458946812941], [-15.891534431962066, 18.04590951217185], [-15.889915881847186, 18.0432573235834], [-15.891507631614228, 18.04059034567214]]]}}, {"type": "Feature", "properties": {"hex_id": 1066, "utci_present": 34.66, "utci_2050": 39.04, "utci_2090": 42.47, "utci": 34.66}, "geometry": {"type": "Polygon", "coordinates": [[[-15.896336472356452, 18.04322766649161], [-15.899546762967152, 18.043212758019298], [-15.901165453160397, 18.045864859660753], [-15.899573809166888, 18.04853191134767], [-15.896363422065622, 18.048546824508833], [-15.894744775459532, 18.0458946812941], [-15.896336472356452, 18.04322766649161]]]}}, {"type": "Feature", "properties": {"hex_id": 1028, "utci_present": 34.76, "utci_2050": 39.21, "utci_2090": 42.7, "utci": 34.76}, "geometry": {"type": "Polygon", "coordinates": [[[-15.901165453160397, 18.045864859660753], [-15.904375787341603, 18.045849868905602], [-15.905994574024765, 18.048501925123364], [-15.90440298296796, 18.051169013687907], [-15.901192552280191, 18.051184009157186], [-15.899573809166888, 18.04853191134767], [-15.901165453160397, 18.045864859660753]]]}}, {"type": "Feature", "properties": {"hex_id": 1106, "utci_present": 34.8, "utci_2050": 39.22, "utci_2090": 42.69, "utci": 34.8}, "geometry": {"type": "Polygon", "coordinates": [[[-15.891534431962066, 18.04590951217185], [-15.894744775459532, 18.0458946812941], [-15.896363422065622, 18.048546824508833], [-15.8947716815649, 18.051213840168508], [-15.891561241559579, 18.051228675710107], [-15.889942638573933, 18.048576490928053], [-15.891534431962066, 18.04590951217185]]]}}, {"type": "Feature", "properties": {"hex_id": 1067, "utci_present": 34.92, "utci_2050": 39.38, "utci_2090": 42.89, "utci": 34.92}, "geometry": {"type": "Polygon", "coordinates": [[[-15.896363422065622, 18.048546824508833], [-15.899573809166888, 18.04853191134767], [-15.901192552280191, 18.051184009157186], [-15.899600864700178, 18.05385106171353], [-15.896390381075053, 18.053865979563813], [-15.8947716815649, 18.051213840168508], [-15.896363422065622, 18.048546824508833]]]}}, {"type": "Feature", "properties": {"hex_id": 1107, "utci_present": 34.84, "utci_2050": 39.29, "utci_2090": 42.8, "utci": 34.84}, "geometry": {"type": "Polygon", "coordinates": [[[-15.891561241559579, 18.051228675710107], [-15.8947716815649, 18.051213840168508], [-15.896390381075053, 18.053865979563813], [-15.894798596954526, 18.056532996080435], [-15.891588060408044, 18.056547836286153], [-15.889969404534348, 18.053895655311006], [-15.891561241559579, 18.051228675710107]]]}}, {"type": "Feature", "properties": {"hex_id": 948, "utci_present": 34.77, "utci_2050": 39.19, "utci_2090": 42.65, "utci": 34.77}, "geometry": {"type": "Polygon", "coordinates": [[[-15.91074169738071, 18.03518144802338], [-15.913951829235147, 18.035166306920818], [-15.915570649990112, 18.03781828380671], [-15.913979295414446, 18.040485443386178], [-15.910769067121334, 18.040500589252584], [-15.909150289853656, 18.037848570775555], [-15.91074169738071, 18.03518144802338]]]}}, {"type": "Feature", "properties": {"hex_id": 987, "utci_present": 34.14, "utci_2050": 38.41, "utci_2090": 41.73, "utci": 34.14}, "geometry": {"type": "Polygon", "coordinates": [[[-15.905940105064474, 18.037863634360278], [-15.909150289853656, 18.037848570775555], [-15.910769067121334, 18.040500589252584], [-15.909177616090355, 18.043167712899397], [-15.9059673348452, 18.043182781222963], [-15.904348601098095, 18.040530721160746], [-15.905940105064474, 18.037863634360278]]]}}, {"type": "Feature", "properties": {"hex_id": 949, "utci_present": 34.11, "utci_2050": 38.38, "utci_2090": 41.69, "utci": 34.11}, "geometry": {"type": "Polygon", "coordinates": [[[-15.910769067121334, 18.040500589252584], [-15.913979295414446, 18.040485443386178], [-15.91559816913744, 18.04313741640259], [-15.914006771075144, 18.04580457688893], [-15.910796446310078, 18.045819727519465], [-15.909177616090355, 18.043167712899397], [-15.910769067121334, 18.040500589252584]]]}}, {"type": "Feature", "properties": {"hex_id": 988, "utci_present": 34.68, "utci_2050": 39.12, "utci_2090": 42.61, "utci": 34.68}, "geometry": {"type": "Polygon", "coordinates": [[[-15.9059673348452, 18.043182781222963], [-15.909177616090355, 18.043167712899397], [-15.910796446310078, 18.045819727519465], [-15.90920495175918, 18.048486852060673], [-15.905994574024765, 18.048501925123364], [-15.904375787341603, 18.045849868905602], [-15.9059673348452, 18.043182781222963]]]}}, {"type": "Feature", "properties": {"hex_id": 950, "utci_present": 33.43, "utci_2050": 37.49, "utci_2090": 40.59, "utci": 33.43}, "geometry": {"type": "Polygon", "coordinates": [[[-15.910796446310078, 18.045819727519465], [-15.914006771075144, 18.04580457688893], [-15.915625697783472, 18.04845654603535], [-15.914034256218567, 18.051123707428328], [-15.910823834948248, 18.051138862823247], [-15.90920495175918, 18.048486852060673], [-15.910796446310078, 18.045819727519465]]]}}, {"type": "Feature", "properties": {"hex_id": 989, "utci_present": 34.05, "utci_2050": 38.31, "utci_2090": 41.61, "utci": 34.05}, "geometry": {"type": "Polygon", "coordinates": [[[-15.905994574024765, 18.048501925123364], [-15.90920495175918, 18.048486852060673], [-15.910823834948248, 18.051138862823247], [-15.909232296861445, 18.053805988258613], [-15.906021822604474, 18.053821066060703], [-15.90440298296796, 18.051169013687907], [-15.905994574024765, 18.048501925123364]]]}}, {"type": "Feature", "properties": {"hex_id": 951, "utci_present": 33.91, "utci_2050": 38.12, "utci_2090": 41.37, "utci": 33.91}, "geometry": {"type": "Polygon", "coordinates": [[[-15.910823834948248, 18.051138862823247], [-15.914034256218567, 18.051123707428328], [-15.915653235929534, 18.053775672704216], [-15.914061750846031, 18.056442835003594], [-15.910851233037164, 18.056457995163193], [-15.909232296861445, 18.053805988258613], [-15.910823834948248, 18.051138862823247]]]}}, {"type": "Feature", "properties": {"hex_id": 990, "utci_present": 33.94, "utci_2050": 38.17, "utci_2090": 41.44, "utci": 33.94}, "geometry": {"type": "Polygon", "coordinates": [[[-15.906021822604474, 18.053821066060703], [-15.909232296861445, 18.053805988258613], [-15.910851233037164, 18.056457995163193], [-15.909259651398465, 18.059125121492468], [-15.906049080585637, 18.059140204034236], [-15.904430187978466, 18.05648815550692], [-15.906021822604474, 18.053821066060703]]]}}, {"type": "Feature", "properties": {"hex_id": 952, "utci_present": 33.84, "utci_2050": 38.04, "utci_2090": 41.27, "utci": 33.84}, "geometry": {"type": "Polygon", "coordinates": [[[-15.910851233037164, 18.056457995163193], [-15.914061750846031, 18.056442835003594], [-15.915680783576951, 18.059094796408456], [-15.914089254958862, 18.061761959613985], [-15.910878640578144, 18.061777124538537], [-15.909259651398465, 18.059125121492468], [-15.910851233037164, 18.056457995163193]]]}}, {"type": "Feature", "properties": {"hex_id": 991, "utci_present": 33.8, "utci_2050": 37.99, "utci_2090": 41.21, "utci": 33.8}, "geometry": {"type": "Polygon", "coordinates": [[[-15.906049080585637, 18.059140204034236], [-15.909259651398465, 18.059125121492468], [-15.910878640578144, 18.061777124538537], [-15.909287015371552, 18.06444425176149], [-15.906076347969567, 18.0644593390432], [-15.904457402374431, 18.06180729436188], [-15.906049080585637, 18.059140204034236]]]}}, {"type": "Feature", "properties": {"hex_id": 1144, "utci_present": 34.73, "utci_2050": 39.14, "utci_2090": 42.6, "utci": 34.73}, "geometry": {"type": "Polygon", "coordinates": [[[-15.886705581970816, 18.04327207220243], [-15.889915881847186, 18.0432573235834], [-15.891534431962066, 18.04590951217185], [-15.889942638573933, 18.048576490928053], [-15.886732242205706, 18.048591244185655], [-15.885113735728567, 18.045939014048365], [-15.886705581970816, 18.04327207220243]]]}}, {"type": "Feature", "properties": {"hex_id": 1184, "utci_present": 34.52, "utci_2050": 38.88, "utci_2090": 42.29, "utci": 34.52}, "geometry": {"type": "Polygon", "coordinates": [[[-15.885113735728567, 18.045939014048365], [-15.886732242205706, 18.048591244185655], [-15.88514035230907, 18.051258186864043], [-15.883519994612746, 18.05126560051131], [-15.88351963445169, 18.05119350466179], [-15.883519273272018, 18.05112120456974], [-15.883518912094036, 18.05104890447714], [-15.883518550917753, 18.050976604383987], [-15.883518189743162, 18.0509043042903], [-15.883517828570263, 18.050832004196067], [-15.883517467399058, 18.050759704101274], [-15.883517106229545, 18.05068740400594], [-15.883516745061728, 18.050615103910065], [-15.883516383895607, 18.050542803813634], [-15.883516022731177, 18.050470503716653], [-15.88351566156844, 18.05039820361913], [-15.883515300407398, 18.050325903521063], [-15.88351493924805, 18.050253603422455], [-15.883514578090395, 18.050181303323278], [-15.883514216934433, 18.050109003223575], [-15.883513855780166, 18.050036703123315], [-15.883513494627593, 18.049964403022518], [-15.883513133476713, 18.049892102921163], [-15.883512772327528, 18.049819802819265], [-15.883512411180034, 18.04974750271681], [-15.883512050034232, 18.04967520261382], [-15.883511688890128, 18.049602902510273], [-15.883511327747716, 18.04953060240619], [-15.883510966606998, 18.049458302301552], [-15.883510605467974, 18.04938600219637], [-15.883510244330644, 18.04931370209064], [-15.883509883195003, 18.049241401984368], [-15.88350952206106, 18.04916910187754], [-15.883509160928812, 18.049096801770173], [-15.883508799798255, 18.049024501662256], [-15.88350843866939, 18.048952201553785], [-15.883508077542224, 18.048879901444778], [-15.883507716416746, 18.04880760133522], [-15.883507355292965, 18.04873530122511], [-15.883506994170878, 18.04866300111446], [-15.883506633050482, 18.048590701003267], [-15.883506271931779, 18.048518400891513], [-15.883505910814772, 18.04844610077922], [-15.88350554969946, 18.048373800666372], [-15.88350518858584, 18.048301500552988], [-15.883504827473912, 18.048229200439053], [-15.883504466363679, 18.04815690032457], [-15.883504105255138, 18.04808460020954], [-15.883503744148292, 18.04801230009397], [-15.883503383043141, 18.047939999977842], [-15.88350302193968, 18.04786769986117], [-15.883502660837918, 18.047795399743954], [-15.883502299737845, 18.04772309962619], [-15.883501938639467, 18.04765079950788], [-15.883501577542784, 18.04757849938902], [-15.883501216447792, 18.04750619926961], [-15.883500855354493, 18.04743389914965], [-15.88350049426289, 18.047361599029152], [-15.883500133172978, 18.04728929890811], [-15.883499772084761, 18.04721699878651], [-15.883499410998239, 18.047144698664376], [-15.883499049913409, 18.047072398541687], [-15.883498688830274, 18.04700009841845], [-15.883498327748832, 18.046927798294668], [-15.883497966669081, 18.04685549817034], [-15.883497605591026, 18.046783198045464], [-15.883497244514663, 18.04671089792004], [-15.883496883439996, 18.046638597794068], [-15.88349652236702, 18.046566297667553], [-15.883496161295739, 18.046493997540484], [-15.88349580022615, 18.046421697412875], [-15.883495439158256, 18.046349397284718], [-15.883495078092055, 18.046277097156008], [-15.88349471702755, 18.046204797026757], [-15.883494355964736, 18.046132496896956], [-15.883493994903613, 18.046060196766618], [-15.883493633844186, 18.045987896635722], [-15.883493426741685, 18.045946425365006], [-15.885113735728567, 18.045939014048365]]]}}, {"type": "Feature", "properties": {"hex_id": 1145, "utci_present": 34.83, "utci_2050": 39.27, "utci_2090": 42.76, "utci": 34.83}, "geometry": {"type": "Polygon", "coordinates": [[[-15.886732242205706, 18.048591244185655], [-15.889942638573933, 18.048576490928053], [-15.891561241559579, 18.051228675710107], [-15.889969404534348, 18.053895655311006], [-15.88675891164097, 18.05391041320746], [-15.88514035230907, 18.051258186864043], [-15.886732242205706, 18.048591244185655]]]}}, {"type": "Feature", "properties": {"hex_id": 1185, "utci_present": 34.66, "utci_2050": 39.07, "utci_2090": 42.53, "utci": 34.66}, "geometry": {"type": "Polygon", "coordinates": [[[-15.88514035230907, 18.051258186864043], [-15.886758911640966, 18.05391041320746], [-15.885166978073936, 18.05657735671806], [-15.883546571651358, 18.056584772696088], [-15.883546366447789, 18.056543709955108], [-15.883546005142772, 18.056471409903555], [-15.883545643839447, 18.056399109851455], [-15.883545282537819, 18.056326809798797], [-15.883544921237885, 18.056254509745607], [-15.883544559939642, 18.05618220969185], [-15.883544198643092, 18.056109909637563], [-15.883543837348242, 18.05603760958272], [-15.883543476055081, 18.05596530952734], [-15.883543114763615, 18.055893009471394], [-15.883542753473845, 18.055820709414913], [-15.883542392185765, 18.055748409357882], [-15.883542030899385, 18.0556761093003], [-15.883541669614694, 18.05560380924218], [-15.883541308331697, 18.055531509183513], [-15.883540947050394, 18.05545920912429], [-15.883540585770788, 18.055386909064527], [-15.883540224492872, 18.05531460900421], [-15.883539863216653, 18.055242308943352], [-15.883539501942126, 18.05517000888194], [-15.883539140669292, 18.05509770881999], [-15.883538779398156, 18.055025408757484], [-15.88353841812871, 18.054953108694438], [-15.88353805686096, 18.054880808630838], [-15.883537695594903, 18.054808508566698], [-15.88353733433054, 18.054736208502007], [-15.88353697306787, 18.054663908436762], [-15.883536611806894, 18.054591608370977], [-15.883536250547614, 18.054519308304645], [-15.883535889290027, 18.054447008237762], [-15.883535528034134, 18.054374708170336], [-15.883535166779932, 18.054302408102362], [-15.883534805527427, 18.05423010803384], [-15.883534444276613, 18.054157807964774], [-15.883534083027495, 18.054085507895156], [-15.883533721780072, 18.054013207824998], [-15.883533360534342, 18.053940907754278], [-15.883532999290306, 18.053868607683025], [-15.883532638047962, 18.053796307611204], [-15.883532276807314, 18.053724007538857], [-15.883531915568357, 18.053651707465956], [-15.883531554331096, 18.05357940739251], [-15.88353119309553, 18.053507107318524], [-15.883530831861657, 18.05343480724398], [-15.883530470629475, 18.0533625071689], [-15.883530109398988, 18.05329020709325], [-15.883529748170197, 18.053217907017068], [-15.883529386943097, 18.053145606940344], [-15.883529025717694, 18.053073306863066], [-15.883528664493982, 18.05300100678524], [-15.883528303271964, 18.05292870670686], [-15.883527942051643, 18.05285640662795], [-15.883527580833015, 18.052784106548483], [-15.883527219616077, 18.052711806468473], [-15.883526858400835, 18.05263950638791], [-15.883526497187288, 18.0525672063068], [-15.883526135975433, 18.05249490622515], [-15.883525774765273, 18.052422606142944], [-15.883525413556805, 18.052350306060195], [-15.883525052350034, 18.052278005976902], [-15.883524691144952, 18.052205705893055], [-15.883524329941569, 18.052133405808664], [-15.883523968739878, 18.052061105723723], [-15.88352360753988, 18.051988805638242], [-15.883523246341575, 18.051916505552203], [-15.883522885144965, 18.051844205465624], [-15.883522523950049, 18.051771905378498], [-15.883522162756826, 18.051699605290825], [-15.883521801565294, 18.051627305202615], [-15.883521440375462, 18.051555005113844], [-15.883521079187318, 18.05148270502453], [-15.88352071800087, 18.051410404934657], [-15.883520356816117, 18.05133810484425], [-15.883519995633058, 18.0512658047533], [-15.883519994612746, 18.05126560051131], [-15.88514035230907, 18.051258186864043]]]}}, {"type": "Feature", "properties": {"hex_id": 1146, "utci_present": 34.94, "utci_2050": 39.44, "utci_2090": 42.99, "utci": 34.94}, "geometry": {"type": "Polygon", "coordinates": [[[-15.88675891164097, 18.05391041320746], [-15.889969404534348, 18.053895655311006], [-15.891588060408044, 18.056547836286153], [-15.88999617972971, 18.05921481673151], [-15.886785590277881, 18.059229579267082], [-15.885166978073936, 18.05657735671806], [-15.88675891164097, 18.05391041320746]]]}}, {"type": "Feature", "properties": {"hex_id": 1186, "utci_present": 34.83, "utci_2050": 39.27, "utci_2090": 42.76, "utci": 34.83}, "geometry": {"type": "Polygon", "coordinates": [[[-15.885166978073936, 18.05657735671806], [-15.88678559027788, 18.059229579267082], [-15.885193613024443, 18.06189652360964], [-15.883573157858809, 18.061903941918576], [-15.883573107720004, 18.061893912251485], [-15.883572746289625, 18.061821612240436], [-15.883572384860939, 18.061749312228834], [-15.883572023433953, 18.06167701221669], [-15.883571662008654, 18.06160471220399], [-15.883571300585054, 18.061532412190754], [-15.883570939163144, 18.061460112176956], [-15.883570577742931, 18.061387812162625], [-15.883570216324411, 18.06131551214774], [-15.883569854907584, 18.061243212132307], [-15.883569493492455, 18.061170912116324], [-15.88356913207902, 18.061098612099798], [-15.883568770667276, 18.06102631208272], [-15.883568409257228, 18.060954012065103], [-15.883568047848872, 18.060881712046935], [-15.883567686442213, 18.060809412028217], [-15.883567325037246, 18.060737112008955], [-15.883566963633973, 18.06066481198914], [-15.883566602232396, 18.060592511968785], [-15.883566240832511, 18.06052021194788], [-15.883565879434322, 18.060447911926428], [-15.883565518037829, 18.060375611904426], [-15.883565156643025, 18.06030331188188], [-15.88356479524992, 18.06023101185878], [-15.883564433858508, 18.060158711835143], [-15.883564072468786, 18.060086411810943], [-15.883563711080761, 18.06001411178621], [-15.88356334969443, 18.059941811760925], [-15.883562988309794, 18.05986951173509], [-15.883562626926851, 18.059797211708712], [-15.883562265545603, 18.05972491168179], [-15.88356190416605, 18.05965261165431], [-15.88356154278819, 18.05958031162629], [-15.883561181412025, 18.05950801159771], [-15.883560820037552, 18.059435711568604], [-15.883560458664773, 18.05936341153894], [-15.88356009729369, 18.059291111508724], [-15.8835597359243, 18.05921881147797], [-15.883559374556603, 18.059146511446663], [-15.883559013190602, 18.059074211414806], [-15.883558651826295, 18.05900191138241], [-15.88355829046368, 18.058929611349456], [-15.88355792910276, 18.058857311315965], [-15.883557567743537, 18.058785011281923], [-15.883557206386003, 18.05871271124733], [-15.883556845030169, 18.058640411212185], [-15.883556483676026, 18.058568111176506], [-15.883556122323574, 18.058495811140276], [-15.88355576097282, 18.0584235111035], [-15.883555399623761, 18.05835121106616], [-15.883555038276391, 18.058278911028296], [-15.883554676930718, 18.058206610989878], [-15.88355431558674, 18.058134310950894], [-15.883553954244457, 18.058062010911392], [-15.883553592903866, 18.057989710871322], [-15.883553231564967, 18.057917410830708], [-15.883552870227767, 18.057845110789547], [-15.883552508892254, 18.05777281074785], [-15.883552147558442, 18.057700510705597], [-15.88355178622632, 18.05762821066279], [-15.883551424895895, 18.057555910619453], [-15.883551063567161, 18.057483610575545], [-15.883550702240122, 18.057411310531105], [-15.883550340914779, 18.05733901048612], [-15.883549979591127, 18.057266710440587], [-15.883549618269168, 18.0571944103945], [-15.883549256948907, 18.05712211034787], [-15.883548895630339, 18.057049810300693], [-15.883548534313462, 18.056977510252967], [-15.883548172998283, 18.05690521020469], [-15.883547811684794, 18.056832910155872], [-15.883547450373003, 18.056760610106497], [-15.883547089062903, 18.056688310056582], [-15.883546727754497, 18.056616010006124], [-15.883546571651358, 18.056584772696088], [-15.885166978073936, 18.05657735671806]]]}}, {"type": "Feature", "properties": {"hex_id": 1147, "utci_present": 34.84, "utci_2050": 39.28, "utci_2090": 42.78, "utci": 34.84}, "geometry": {"type": "Polygon", "coordinates": [[[-15.886785590277881, 18.059229579267082], [-15.88999617972971, 18.05921481673151], [-15.89161488850876, 18.06186699389924], [-15.890022964161314, 18.06453397518881], [-15.886812278117727, 18.06454874236377], [-15.885193613024443, 18.06189652360964], [-15.886785590277881, 18.059229579267082]]]}}, {"type": "Feature", "properties": {"hex_id": 1029, "utci_present": 34.79, "utci_2050": 39.23, "utci_2090": 42.72, "utci": 34.79}, "geometry": {"type": "Polygon", "coordinates": [[[-15.901192552280191, 18.051184009157186], [-15.90440298296796, 18.051169013687907], [-15.906021822604473, 18.053821066060703], [-15.904430187978466, 18.05648815550692], [-15.901219660750838, 18.056503155690596], [-15.899600864700178, 18.05385106171353], [-15.901192552280191, 18.051184009157186]]]}}, {"type": "Feature", "properties": {"hex_id": 1068, "utci_present": 34.9, "utci_2050": 39.37, "utci_2090": 42.88, "utci": 34.9}, "geometry": {"type": "Polygon", "coordinates": [[[-15.896390381075053, 18.053865979563813], [-15.899600864700178, 18.05385106171353], [-15.901219660750838, 18.056503155690596], [-15.89962792956832, 18.05917020911613], [-15.896417349386033, 18.05918513165581], [-15.894798596954526, 18.056532996080435], [-15.896390381075053, 18.053865979563813]]]}}, {"type": "Feature", "properties": {"hex_id": 1030, "utci_present": 34.86, "utci_2050": 39.33, "utci_2090": 42.85, "utci": 34.86}, "geometry": {"type": "Polygon", "coordinates": [[[-15.901219660750838, 18.056503155690596], [-15.904430187978466, 18.05648815550692], [-15.906049080585637, 18.059140204034236], [-15.904457402374431, 18.06180729436188], [-15.901246778573638, 18.061822299260236], [-15.89962792956832, 18.05917020911613], [-15.901219660750838, 18.056503155690596]]]}}, {"type": "Feature", "properties": {"hex_id": 1108, "utci_present": 34.93, "utci_2050": 39.41, "utci_2090": 42.94, "utci": 34.93}, "geometry": {"type": "Polygon", "coordinates": [[[-15.891588060408044, 18.056547836286153], [-15.894798596954526, 18.056532996080435], [-15.896417349386033, 18.05918513165581], [-15.894825521629704, 18.061852149029132], [-15.89161488850876, 18.06186699389924], [-15.88999617972971, 18.05921481673151], [-15.891588060408044, 18.056547836286153]]]}}, {"type": "Feature", "properties": {"hex_id": 1069, "utci_present": 35.07, "utci_2050": 39.56, "utci_2090": 43.11, "utci": 35.07}, "geometry": {"type": "Polygon", "coordinates": [[[-15.896417349386033, 18.05918513165581], [-15.89962792956832, 18.05917020911613], [-15.901246778573638, 18.061822299260236], [-15.899655003772619, 18.06448935355471], [-15.896444326999866, 18.06450428078406], [-15.894825521629704, 18.061852149029132], [-15.896417349386033, 18.05918513165581]]]}}, {"type": "Feature", "properties": {"hex_id": 1031, "utci_present": 34.92, "utci_2050": 39.38, "utci_2090": 42.9, "utci": 34.92}, "geometry": {"type": "Polygon", "coordinates": [[[-15.901246778573638, 18.061822299260236], [-15.904457402374431, 18.06180729436188], [-15.906076347969567, 18.0644593390432], [-15.90448462615716, 18.06712643025204], [-15.901273905749902, 18.067141439865324], [-15.899655003772619, 18.06448935355471], [-15.901246778573638, 18.061822299260236]]]}}, {"type": "Feature", "properties": {"hex_id": 1109, "utci_present": 35.02, "utci_2050": 39.51, "utci_2090": 43.05, "utci": 35.02}, "geometry": {"type": "Polygon", "coordinates": [[[-15.89161488850876, 18.06186699389924], [-15.894825521629704, 18.061852149029132], [-15.896444326999863, 18.06450428078406], [-15.894852455591725, 18.067171299013843], [-15.891641725863012, 18.067186148548604], [-15.890022964161314, 18.06453397518881], [-15.89161488850876, 18.06186699389924]]]}}, {"type": "Feature", "properties": {"hex_id": 1070, "utci_present": 35.13, "utci_2050": 39.63, "utci_2090": 43.19, "utci": 35.13}, "geometry": {"type": "Polygon", "coordinates": [[[-15.896444326999866, 18.06450428078406], [-15.899655003772619, 18.06448935355471], [-15.901273905749902, 18.067141439865324], [-15.899682087314371, 18.06980849502851], [-15.896471313917843, 18.069823426947803], [-15.894852455591725, 18.067171299013843], [-15.896444326999866, 18.06450428078406]]]}}, {"type": "Feature", "properties": {"hex_id": 1032, "utci_present": 35.09, "utci_2050": 39.61, "utci_2090": 43.17, "utci": 35.09}, "geometry": {"type": "Polygon", "coordinates": [[[-15.901273905749902, 18.067141439865324], [-15.90448462615716, 18.06712643025204], [-15.906103624757568, 18.06977847108684], [-15.904511859327963, 18.072445563176625], [-15.901301042280924, 18.072460577505133], [-15.899682087314371, 18.06980849502851], [-15.901273905749902, 18.067141439865324]]]}}, {"type": "Feature", "properties": {"hex_id": 1110, "utci_present": 35.11, "utci_2050": 39.63, "utci_2090": 43.2, "utci": 35.11}, "geometry": {"type": "Polygon", "coordinates": [[[-15.891641725863012, 18.067186148548604], [-15.894852455591725, 18.067171299013843], [-15.896471313917843, 18.069823426947803], [-15.89487939884188, 18.072490446033797], [-15.891668572472092, 18.072505300233498], [-15.890049757830447, 18.069853130682148], [-15.891641725863012, 18.067186148548604]]]}}, {"type": "Feature", "properties": {"hex_id": 1187, "utci_present": 34.23, "utci_2050": 38.5, "utci_2090": 41.82, "utci": 34.23}, "geometry": {"type": "Polygon", "coordinates": [[[-15.885193613024443, 18.06189652360964], [-15.886812278117727, 18.06454874236377], [-15.885220257161869, 18.067215687538045], [-15.883599753236362, 18.067223108178016], [-15.883599496713883, 18.067171811579602], [-15.88359913515982, 18.06709951160853], [-15.88359877360745, 18.067027211636894], [-15.883598412056775, 18.06695491166471], [-15.883598050507794, 18.066882611691977], [-15.88359768896051, 18.0668103117187], [-15.883597327414918, 18.066738011744878], [-15.88359696587102, 18.06666571177052], [-15.883596604328817, 18.066593411795598], [-15.88359624278831, 18.066521111820126], [-15.883595881249496, 18.066448811844108], [-15.883595519712376, 18.066376511867553], [-15.883595158176954, 18.06630421189044], [-15.883594796643221, 18.066231911912787], [-15.883594435111185, 18.066159611934577], [-15.883594073580843, 18.066087311955833], [-15.883593712052194, 18.06601501197653], [-15.883593350525242, 18.065942711996687], [-15.883592988999986, 18.06587041201629], [-15.883592627476421, 18.06579811203535], [-15.883592265954551, 18.065725812053863], [-15.883591904434375, 18.065653512071826], [-15.883591542915893, 18.065581212089235], [-15.883591181399106, 18.06550891210612], [-15.883590819884013, 18.065436612122433], [-15.883590458370618, 18.065364312138197], [-15.883590096858912, 18.06529201215343], [-15.883589735348902, 18.065219712168105], [-15.883589373840588, 18.06514741218224], [-15.883589012333966, 18.065075112195824], [-15.883588650829042, 18.065002812208864], [-15.883588289325811, 18.06493051222135], [-15.883587927824271, 18.06485821223329], [-15.88358756632443, 18.064785912244684], [-15.883587204826279, 18.06471361225553], [-15.883586843329823, 18.064641312265834], [-15.883586481835064, 18.06456901227558], [-15.883586120341997, 18.064496712284782], [-15.883585758850625, 18.064424412293437], [-15.88358539736095, 18.06435211230155], [-15.883585035872965, 18.06427981230911], [-15.883584674386675, 18.064207512316116], [-15.883584312902082, 18.064135212322594], [-15.88358395141918, 18.064062912328506], [-15.883583589937974, 18.06399061233388], [-15.883583228458463, 18.0639183123387], [-15.883582866980646, 18.063846012342978], [-15.883582505504522, 18.063773712346705], [-15.883582144030093, 18.063701412349886], [-15.88358178255736, 18.063629112352526], [-15.883581421086319, 18.063556812354605], [-15.883581059616972, 18.063484512356144], [-15.883580698149322, 18.06341221235713], [-15.883580336683362, 18.063339912357577], [-15.8835799752191, 18.06326761235748], [-15.883579613756531, 18.063195312356825], [-15.883579252295657, 18.06312301235563], [-15.883578890836477, 18.063050712353878], [-15.88357852937899, 18.062978412351587], [-15.883578167923197, 18.06290611234875], [-15.883577806469102, 18.062833812345346], [-15.883577445016698, 18.06276151234142], [-15.883577083565987, 18.06268921233694], [-15.883576722116974, 18.0626169123319], [-15.883576360669654, 18.062544612326338], [-15.883575999224025, 18.06247231232021], [-15.883575637780094, 18.06240001231352], [-15.883575276337856, 18.062327712306313], [-15.88357491489731, 18.06225541229854], [-15.88357455345846, 18.062183112290217], [-15.883574192021305, 18.06211081228136], [-15.883573830585846, 18.062038512271954], [-15.883573469152077, 18.061966212261996], [-15.883573157858809, 18.061903941918576], [-15.885193613024443, 18.06189652360964]]]}}, {"type": "Feature", "properties": {"hex_id": 1148, "utci_present": 34.7, "utci_2050": 39.1, "utci_2090": 42.55, "utci": 34.7}, "geometry": {"type": "Polygon", "coordinates": [[[-15.886812278117727, 18.06454874236377], [-15.890022964161314, 18.06453397518881], [-15.891641725863012, 18.067186148548604], [-15.890049757830447, 18.069853130682148], [-15.88683897516179, 18.069867902496753], [-15.885220257161873, 18.067215687538045], [-15.886812278117727, 18.06454874236377]]]}}, {"type": "Feature", "properties": {"hex_id": 1188, "utci_present": 33.31, "utci_2050": 37.33, "utci_2090": 40.38, "utci": 33.31}, "geometry": {"type": "Polygon", "coordinates": [[[-15.885220257161869, 18.067215687538045], [-15.88683897516179, 18.069867902496753], [-15.885246910487497, 18.072534848502517], [-15.88362635778531, 18.072542271473658], [-15.883626256416845, 18.0725220079203], [-15.883625894737383, 18.072449707989744], [-15.883625533059616, 18.07237740805863], [-15.883625171383546, 18.072305108126972], [-15.883624809709172, 18.072232808194777], [-15.88362444803649, 18.072160508262016], [-15.883624086365502, 18.072088208328726], [-15.88362372469621, 18.072015908394885], [-15.883623363028615, 18.071943608460487], [-15.88362300136271, 18.071871308525537], [-15.883622639698501, 18.071799008590048], [-15.883622278035986, 18.071726708654015], [-15.883621916375168, 18.07165440871743], [-15.883621554716045, 18.07158210878029], [-15.883621193058616, 18.071509808842613], [-15.88362083140288, 18.071437508904385], [-15.88362046974884, 18.071365208965602], [-15.883620108096494, 18.071292909026283], [-15.883619746445843, 18.07122060908641], [-15.883619384796887, 18.071148309146004], [-15.883619023149624, 18.07107600920503], [-15.883618661504057, 18.07100370926352], [-15.883618299860183, 18.070931409321446], [-15.883617938218006, 18.070859109378844], [-15.883617576577524, 18.070786809435692], [-15.883617214938733, 18.070714509491985], [-15.883616853301639, 18.070642209547724], [-15.883616491666238, 18.070569909602934], [-15.883616130032534, 18.07049760965758], [-15.883615768400524, 18.07042530971169], [-15.883615406770208, 18.07035300976525], [-15.883615045141585, 18.070280709818256], [-15.88361468351466, 18.07020840987071], [-15.883614321889427, 18.070136109922633], [-15.88361396026589, 18.070063809974], [-15.883613598644047, 18.06999151002482], [-15.883613237023898, 18.069919210075092], [-15.883612875405444, 18.06984691012481], [-15.883612513788686, 18.069774610173994], [-15.883612152173619, 18.069702310222613], [-15.883611790560249, 18.069630010270693], [-15.883611428948571, 18.06955771031822], [-15.883611067338592, 18.069485410365214], [-15.883610705730305, 18.06941311041165], [-15.883610344123712, 18.069340810457543], [-15.883609982518815, 18.069268510502877], [-15.88360962091561, 18.069196210547673], [-15.883609259314103, 18.069123910591923], [-15.883608897714288, 18.069051610635633], [-15.88360853611617, 18.06897931067878], [-15.883608174519741, 18.06890701072138], [-15.883607812925012, 18.06883471076344], [-15.883607451331976, 18.068762410804947], [-15.883607089740634, 18.068690110845907], [-15.883606728150987, 18.068617810886323], [-15.883606366563034, 18.068545510926192], [-15.883606004976777, 18.068473210965514], [-15.883605643392212, 18.06840091100428], [-15.883605281809343, 18.068328611042503], [-15.883604920228168, 18.068256311080184], [-15.883604558648688, 18.068184011117303], [-15.883604197070902, 18.068111711153893], [-15.88360383549481, 18.068039411189922], [-15.883603473920413, 18.067967111225407], [-15.88360311234771, 18.06789481126035], [-15.883602750776705, 18.06782251129474], [-15.883602389207391, 18.06775021132857], [-15.883602027639771, 18.067677911361884], [-15.883601666073849, 18.067605611394622], [-15.883601304509616, 18.067533311426825], [-15.88360094294708, 18.067461011458477], [-15.883600581386238, 18.06738871148959], [-15.883600219827093, 18.06731641152013], [-15.883599858269639, 18.067244111550146], [-15.883599753236362, 18.067223108178016], [-15.885220257161869, 18.067215687538045]]]}}, {"type": "Feature", "properties": {"hex_id": 1149, "utci_present": 34.56, "utci_2050": 38.93, "utci_2090": 42.35, "utci": 34.56}, "geometry": {"type": "Polygon", "coordinates": [[[-15.88683897516179, 18.069867902496753], [-15.890049757830447, 18.069853130682148], [-15.891668572472092, 18.072505300233498], [-15.890076560738393, 18.075172283210772], [-15.88686568141135, 18.0751870596653], [-15.885246910487501, 18.072534848502517], [-15.88683897516179, 18.069867902496753]]]}}, {"type": "Feature", "properties": {"hex_id": 1189, "utci_present": 33.83, "utci_2050": 38.02, "utci_2090": 41.25, "utci": 33.83}, "geometry": {"type": "Polygon", "coordinates": [[[-15.885246910487497, 18.072534848502517], [-15.88686568141135, 18.0751870596653], [-15.885273573002609, 18.0778540065023], [-15.88365297150692, 18.07786143180475], [-15.883652663594932, 18.07779990137173], [-15.883652301791754, 18.077727601481147], [-15.88365193999027, 18.07765530159003], [-15.883651578190479, 18.077583001698365], [-15.883651216392385, 18.077510701806148], [-15.883650854595984, 18.077438401913376], [-15.883650492801282, 18.077366102020072], [-15.883650131008272, 18.077293802126203], [-15.883649769216955, 18.077221502231797], [-15.883649407427336, 18.07714920233684], [-15.88364904563941, 18.077076902441338], [-15.88364868385318, 18.077004602545287], [-15.883648322068643, 18.076932302648693], [-15.883647960285803, 18.076860002751545], [-15.883647598504657, 18.07678770285385], [-15.883647236725206, 18.07671540295561], [-15.883646874947452, 18.07664310305682], [-15.883646513171389, 18.076570803157477], [-15.883646151397024, 18.076498503257596], [-15.883645789624351, 18.07642620335716], [-15.883645427853374, 18.076353903456177], [-15.883645066084092, 18.076281603554655], [-15.883644704316506, 18.076209303652572], [-15.883644342550614, 18.076137003749945], [-15.883643980786417, 18.076064703846768], [-15.883643619023912, 18.075992403943054], [-15.883643257263108, 18.075920104038786], [-15.883642895503993, 18.075847804133975], [-15.883642533746574, 18.075775504228613], [-15.883642171990852, 18.075703204322703], [-15.883641810236824, 18.07563090441623], [-15.883641448484491, 18.07555860450923], [-15.88364108673385, 18.075486304601675], [-15.883640724984907, 18.075414004693574], [-15.883640363237657, 18.075341704784915], [-15.883640001492102, 18.075269404875723], [-15.883639639748242, 18.07519710496597], [-15.883639278006077, 18.075124805055683], [-15.883638916265609, 18.075052505144843], [-15.883638554526835, 18.074980205233455], [-15.883638192789752, 18.074907905321513], [-15.883637831054365, 18.074835605409028], [-15.883637469320677, 18.074763305496003], [-15.88363710758868, 18.074691005582416], [-15.883636745858379, 18.074618705668293], [-15.883636384129769, 18.074546405753615], [-15.88363602240286, 18.07447410583838], [-15.88363566067764, 18.07440180592262], [-15.88363529895412, 18.074329506006297], [-15.883634937232292, 18.074257206089424], [-15.88363457551216, 18.074184906172007], [-15.883634213793721, 18.074112606254058], [-15.883633852076976, 18.074040306335544], [-15.883633490361929, 18.07396800641649], [-15.883633128648574, 18.07389570649688], [-15.883632766936914, 18.07382340657673], [-15.88363240522695, 18.073751106656022], [-15.883632043518679, 18.073678806734776], [-15.883631681812105, 18.07360650681298], [-15.883631320107225, 18.07353420689063], [-15.883630958404039, 18.073461906967736], [-15.883630596702547, 18.073389607044298], [-15.883630235002752, 18.07331730712032], [-15.88362987330465, 18.07324500719578], [-15.883629511608245, 18.073172707270693], [-15.88362914991353, 18.073100407345066], [-15.883628788220514, 18.073028107418885], [-15.88362842652919, 18.072955807492168], [-15.883628064839563, 18.07288350756489], [-15.88362770315163, 18.072811207637066], [-15.883627341465392, 18.072738907708693], [-15.883626979780846, 18.07266660777978], [-15.883626618097995, 18.072594307850306], [-15.88362635778531, 18.072542271473658], [-15.885246910487497, 18.072534848502517]]]}}, {"type": "Feature", "properties": {"hex_id": 1150, "utci_present": 33.83, "utci_2050": 38.03, "utci_2090": 41.27, "utci": 33.83}, "geometry": {"type": "Polygon", "coordinates": [[[-15.88686568141135, 18.0751870596653], [-15.890076560738393, 18.075172283210772], [-15.891695428337284, 18.07782444895316], [-15.890103372886438, 18.080491432773908], [-15.886892396867697, 18.08050621386864], [-15.88527357300261, 18.0778540065023], [-15.88686568141135, 18.0751870596653]]]}}, {"type": "Feature", "properties": {"hex_id": 953, "utci_present": 33.85, "utci_2050": 38.05, "utci_2090": 41.3, "utci": 33.85}, "geometry": {"type": "Polygon", "coordinates": [[[-15.910878640578144, 18.061777124538537], [-15.914089254958862, 18.061761959613985], [-15.915708340727043, 18.064413917147295], [-15.914116768558376, 18.067081081258742], [-15.910906057572502, 18.067096250948513], [-15.909287015371552, 18.06444425176149], [-15.910878640578144, 18.061777124538537]]]}}, {"type": "Feature", "properties": {"hex_id": 992, "utci_present": 34.54, "utci_2050": 38.9, "utci_2090": 42.3, "utci": 34.54}, "geometry": {"type": "Polygon", "coordinates": [[[-15.906076347969567, 18.0644593390432], [-15.909287015371552, 18.06444425176149], [-15.910906057572502, 18.067096250948513], [-15.909314388782025, 18.069763379064902], [-15.906103624757568, 18.06977847108684], [-15.90448462615716, 18.06712643025204], [-15.906076347969567, 18.0644593390432]]]}}, {"type": "Feature", "properties": {"hex_id": 954, "utci_present": 34.32, "utci_2050": 38.62, "utci_2090": 41.97, "utci": 34.32}, "geometry": {"type": "Polygon", "coordinates": [[[-15.910906057572502, 18.067096250948513], [-15.914116768558376, 18.067081081258742], [-15.915735907381137, 18.069733034919974], [-15.914144291645899, 18.072400199937103], [-15.910933484021559, 18.07241537439238], [-15.909314388782025, 18.069763379064902], [-15.910906057572502, 18.067096250948513]]]}}, {"type": "Feature", "properties": {"hex_id": 993, "utci_present": 35.04, "utci_2050": 39.55, "utci_2090": 43.1, "utci": 35.04}, "geometry": {"type": "Polygon", "coordinates": [[[-15.906103624757568, 18.06977847108684], [-15.909314388782025, 18.069763379064902], [-15.910933484021559, 18.07241537439238], [-15.909341771631196, 18.07508250340197], [-15.906130910950955, 18.0750976001644], [-15.904511859327966, 18.072445563176625], [-15.906103624757568, 18.06977847108684]]]}}, {"type": "Feature", "properties": {"hex_id": 1033, "utci_present": 33.9, "utci_2050": 37.98, "utci_2090": 41.11, "utci": 33.9}, "geometry": {"type": "Polygon", "coordinates": [[[-15.901301042280924, 18.072460577505133], [-15.904511859327963, 18.072445563176625], [-15.906130910950955, 18.0750976001644], [-15.904539101888153, 18.077764693134892], [-15.901328188168014, 18.0777797121789], [-15.899709180194883, 18.075127633536788], [-15.901301042280924, 18.072460577505133]]]}}, {"type": "Feature", "properties": {"hex_id": 955, "utci_present": 35.08, "utci_2050": 39.6, "utci_2090": 43.17, "utci": 35.08}, "geometry": {"type": "Polygon", "coordinates": [[[-15.910933484021559, 18.07241537439238], [-15.914144291645899, 18.072400199937103], [-15.915763483540555, 18.075052149725753], [-15.914171824222754, 18.07771931564832], [-15.910960919926627, 18.07773449486938], [-15.909341771631196, 18.07508250340197], [-15.910933484021559, 18.07241537439238]]]}}, {"type": "Feature", "properties": {"hex_id": 994, "utci_present": 35.01, "utci_2050": 39.48, "utci_2090": 43.02, "utci": 35.01}, "geometry": {"type": "Polygon", "coordinates": [[[-15.906130910950955, 18.0750976001644], [-15.909341771631196, 18.07508250340197], [-15.910960919926627, 18.07773449486938], [-15.909369163920383, 18.08040162477191], [-15.90615820655104, 18.080416726275118], [-15.904539101888153, 18.077764693134892], [-15.906130910950955, 18.0750976001644]]]}}, {"type": "Feature", "properties": {"hex_id": 956, "utci_present": 34.97, "utci_2050": 39.46, "utci_2090": 43.0, "utci": 34.97}, "geometry": {"type": "Polygon", "coordinates": [[[-15.910960919926627, 18.07773449486938], [-15.914171824222754, 18.07771931564832], [-15.915791069206628, 18.080371261563865], [-15.914199366290262, 18.08303842839162], [-15.910988365289034, 18.08305361237874], [-15.909369163920383, 18.08040162477191], [-15.910960919926627, 18.07773449486938]]]}}, {"type": "Feature", "properties": {"hex_id": 1034, "utci_present": 33.78, "utci_2050": 37.89, "utci_2090": 41.05, "utci": 33.78}, "geometry": {"type": "Polygon", "coordinates": [[[-15.901328188168014, 18.0777797121789], [-15.904539101888153, 18.077764693134892], [-15.90615820655104, 18.080416726275118], [-15.904566353839032, 18.08308382012608], [-15.901355343412474, 18.08309884388585], [-15.899736282415454, 18.080446769078765], [-15.901328188168014, 18.0777797121789]]]}}, {"type": "Feature", "properties": {"hex_id": 995, "utci_present": 34.2, "utci_2050": 38.49, "utci_2090": 41.82, "utci": 34.2}, "geometry": {"type": "Polygon", "coordinates": [[[-15.90615820655104, 18.080416726275118], [-15.909369163920383, 18.08040162477191], [-15.910988365289034, 18.08305361237874], [-15.9093965656509, 18.08572074317399], [-15.906185511559134, 18.085735849418246], [-15.904566353839032, 18.08308382012608], [-15.90615820655104, 18.080416726275118]]]}}, {"type": "Feature", "properties": {"hex_id": 1071, "utci_present": 34.79, "utci_2050": 39.18, "utci_2090": 42.62, "utci": 34.79}, "geometry": {"type": "Polygon", "coordinates": [[[-15.896471313917843, 18.069823426947803], [-15.899682087314371, 18.06980849502851], [-15.901301042280924, 18.072460577505133], [-15.899709180194883, 18.075127633536788], [-15.896498310141263, 18.075142570146284], [-15.89487939884188, 18.072490446033797], [-15.896471313917843, 18.069823426947803]]]}}, {"type": "Feature", "properties": {"hex_id": 1111, "utci_present": 34.51, "utci_2050": 38.82, "utci_2090": 42.2, "utci": 34.51}, "geometry": {"type": "Polygon", "coordinates": [[[-15.891668572472092, 18.072505300233498], [-15.89487939884188, 18.072490446033797], [-15.896498310141263, 18.075142570146284], [-15.894906351381474, 18.077809590088254], [-15.891695428337284, 18.07782444895316], [-15.890076560738393, 18.075172283210772], [-15.891668572472092, 18.072505300233498]]]}}, {"type": "Feature", "properties": {"hex_id": 1072, "utci_present": 34.51, "utci_2050": 38.81, "utci_2090": 42.16, "utci": 34.51}, "geometry": {"type": "Polygon", "coordinates": [[[-15.896498310141263, 18.075142570146284], [-15.899709180194883, 18.075127633536788], [-15.901328188168014, 18.0777797121789], [-15.899736282415454, 18.080446769078765], [-15.896525315671425, 18.08046171037875], [-15.894906351381474, 18.077809590088254], [-15.896498310141263, 18.075142570146284]]]}}, {"type": "Feature", "properties": {"hex_id": 1112, "utci_present": 34.14, "utci_2050": 38.39, "utci_2090": 41.69, "utci": 34.14}, "geometry": {"type": "Polygon", "coordinates": [[[-15.891695428337284, 18.07782444895316], [-15.894906351381474, 18.077809590088254], [-15.896525315671424, 18.08046171037875], [-15.894933313211794, 18.083128731176455], [-15.891722293459885, 18.08314359470683], [-15.890103372886438, 18.080491432773908], [-15.891695428337284, 18.07782444895316]]]}}, {"type": "Feature", "properties": {"hex_id": 1073, "utci_present": 33.78, "utci_2050": 37.93, "utci_2090": 41.12, "utci": 33.78}, "geometry": {"type": "Polygon", "coordinates": [[[-15.896525315671425, 18.08046171037875], [-15.899736282415454, 18.080446769078765], [-15.901355343412474, 18.08309884388585], [-15.899763393977384, 18.0857659016537], [-15.896552330509625, 18.08578084764444], [-15.894933313211794, 18.083128731176455], [-15.896525315671425, 18.08046171037875]]]}}, {"type": "Feature", "properties": {"hex_id": 1113, "utci_present": 34.06, "utci_2050": 38.32, "utci_2090": 41.61, "utci": 34.06}, "geometry": {"type": "Polygon", "coordinates": [[[-15.891722293459885, 18.08314359470683], [-15.894933313211794, 18.083128731176455], [-15.896552330509625, 18.08578084764444], [-15.894960284334138, 18.08844786929763], [-15.891749167841187, 18.088462737493757], [-15.890130194275875, 18.085810579370825], [-15.891722293459885, 18.08314359470683]]]}}, {"type": "Feature", "properties": {"hex_id": 1074, "utci_present": 33.7, "utci_2050": 37.87, "utci_2090": 41.07, "utci": 33.7}, "geometry": {"type": "Polygon", "coordinates": [[[-15.896552330509625, 18.08578084764444], [-15.899763393977384, 18.0857659016537], [-15.901382508015612, 18.088417972625248], [-15.899790514881982, 18.091085031260832], [-15.896579354657161, 18.0910999819426], [-15.894960284334141, 18.08844786929763], [-15.896552330509625, 18.08578084764444]]]}}, {"type": "Feature", "properties": {"hex_id": 1152, "utci_present": 33.78, "utci_2050": 37.97, "utci_2090": 41.19, "utci": 33.78}, "geometry": {"type": "Polygon", "coordinates": [[[-15.886919121532104, 18.085825365106018], [-15.890130194275875, 18.085810579370825], [-15.891749167841187, 18.088462737493757], [-15.890283949900384, 18.090917115302098], [-15.890257704086519, 18.09089225609671], [-15.890219722053015, 18.090856280695586], [-15.890181740034992, 18.090820305286197], [-15.8901061407713, 18.090820654108924], [-15.890068158783391, 18.09078467867569], [-15.890030176810965, 18.090748703234155], [-15.889992194854022, 18.090712727784346], [-15.889954212912565, 18.090676752326253], [-15.889878613705687, 18.090677101057175], [-15.889840631794339, 18.090641125575242], [-15.889802649898476, 18.090605150085022], [-15.889764668018099, 18.090569174586523], [-15.889726686153203, 18.09053319907973], [-15.889651087003136, 18.090533547718824], [-15.889613105168355, 18.0904975721882], [-15.889575123349056, 18.09046159664929], [-15.889537141545242, 18.090425621102117], [-15.889499159756909, 18.090389645546633], [-15.88946117798406, 18.09035366998288], [-15.889423196226694, 18.090317694410835], [-15.889385214484813, 18.090281718830504], [-15.889347232758412, 18.090245743241898], [-15.889271633723679, 18.090246091726957], [-15.889233652027391, 18.090210116114516], [-15.88919567034659, 18.090174140493783], [-15.88915768868127, 18.090138164864772], [-15.889119707031435, 18.09010218922747], [-15.889081725397078, 18.09006621358188], [-15.889043743778206, 18.09003023792802], [-15.889005762174817, 18.089994262265872], [-15.888967780586913, 18.08995828659544], [-15.888929799014491, 18.089922310916723], [-15.88889181745755, 18.08988633522972], [-15.888853835916093, 18.08985035953443], [-15.88881585439012, 18.089814383830863], [-15.88877787287963, 18.08977840811902], [-15.888739891384617, 18.089742432398882], [-15.888701909905091, 18.08970645667046], [-15.888663928441048, 18.08967048093376], [-15.888625946992486, 18.08963450518878], [-15.888587965559408, 18.089598529435506], [-15.888549984141811, 18.089562553673954], [-15.888512002739697, 18.089526577904124], [-15.888474021353064, 18.08949060212601], [-15.888436039981917, 18.089454626339602], [-15.888398058626247, 18.089418650544925], [-15.888360077286064, 18.08938267474195], [-15.888322095961362, 18.0893466989307], [-15.888284114652143, 18.089310723111172], [-15.888246133358402, 18.08927474728336], [-15.888208152080148, 18.089238771447256], [-15.888170170817373, 18.08920279560288], [-15.888132189570083, 18.089166819750204], [-15.88809420833827, 18.08913084388926], [-15.888056227121945, 18.089094868020037], [-15.888018245921096, 18.089058892142525], [-15.887980264735733, 18.08902291625673], [-15.88794228356585, 18.088986940362652], [-15.887941919765955, 18.088914640639928], [-15.887903938627888, 18.088878664736555], [-15.887865957505303, 18.08884268882489], [-15.887827976398201, 18.088806712904958], [-15.887789995306578, 18.088770736976734], [-15.88775201423044, 18.08873476104024], [-15.88771403316978, 18.08869878509545], [-15.887676052124604, 18.088662809142377], [-15.88763807109491, 18.088626833181028], [-15.887600090080696, 18.088590857211393], [-15.887562109081966, 18.088554881233478], [-15.887561745447103, 18.088482581500053], [-15.887523764480184, 18.088446605512836], [-15.887485783528748, 18.088410629517337], [-15.887447802592792, 18.088374653513565], [-15.887409821672318, 18.08833867750151], [-15.887371840767324, 18.08830270148117], [-15.887333859877813, 18.088266725452552], [-15.887295879003782, 18.08823074941565], [-15.887257898145235, 18.088194773370464], [-15.887257534642735, 18.08812247362836], [-15.887219553816, 18.088086497573883], [-15.887181573004742, 18.088050521511114], [-15.887143592208968, 18.088014545440075], [-15.887105611428675, 18.087978569360747], [-15.887067630663864, 18.087942593273148], [-15.88702964991453, 18.087906617177257], [-15.887029286511725, 18.087834317428506], [-15.886991305794206, 18.08779834132333], [-15.886953325092167, 18.087762365209862], [-15.886915344405606, 18.087726389088118], [-15.88687736373453, 18.08769041295809], [-15.886839383078934, 18.087654436819786], [-15.886801402438817, 18.087618460673195], [-15.886801039135703, 18.08754616091781], [-15.886763058527396, 18.087510184761925], [-15.886725077934571, 18.087474208597765], [-15.886687097357228, 18.08743823242532], [-15.886649116795363, 18.087402256244594], [-15.88661113624898, 18.087366280055583], [-15.886573155718077, 18.087330303858298], [-15.886572792514649, 18.08725800409627], [-15.886534812015553, 18.08722202788969], [-15.886496831531941, 18.087186051674824], [-15.88645885106381, 18.08715007545168], [-15.886420870611158, 18.08711409922026], [-15.886382890173985, 18.087078122980547], [-15.886344909752294, 18.087042146732564], [-15.886344546648546, 18.086969846963903], [-15.886306566258666, 18.086933870706627], [-15.886275121139526, 18.08690408485242], [-15.886919121532104, 18.085825365106018]]]}}, {"type": "Feature", "properties": {"hex_id": 1114, "utci_present": 33.97, "utci_2050": 38.17, "utci_2090": 41.43, "utci": 33.97}, "geometry": {"type": "Polygon", "coordinates": [[[-15.891749167841187, 18.088462737493757], [-15.894960284334138, 18.08844786929763], [-15.896579354657161, 18.0910999819426], [-15.895942183879603, 18.092167362646936], [-15.895934254491277, 18.09216739947451], [-15.895858654769398, 18.092167750576536], [-15.8957830550458, 18.092168101648937], [-15.895707455320483, 18.092168452691734], [-15.89563185559345, 18.092168803704904], [-15.895556255864697, 18.092169154688456], [-15.895480656134225, 18.092169505642396], [-15.895405056402035, 18.09216985656671], [-15.8953670730797, 18.09213388224168], [-15.89532908977285, 18.09209790790837], [-15.895253490068198, 18.09209825877195], [-15.895177890361825, 18.092098609605912], [-15.895102290653734, 18.092098960410265], [-15.895026690943926, 18.092099311184977], [-15.894951091232402, 18.092099661930085], [-15.89487549151916, 18.092100012645577], [-15.894799891804201, 18.092100363331454], [-15.894724292087524, 18.09210071398771], [-15.894648692369133, 18.09210106461433], [-15.894573092649022, 18.09210141521135], [-15.894497492927199, 18.092101765778743], [-15.894459509796723, 18.092065791266027], [-15.894421526681734, 18.092029816744997], [-15.894345926987448, 18.092030167251664], [-15.89427032729144, 18.092030517728716], [-15.894194727593725, 18.092030868176142], [-15.894119127894289, 18.092031218593952], [-15.894043528193137, 18.09203156898214], [-15.89396792849027, 18.09203191934072], [-15.89389232878569, 18.092032269669666], [-15.893854345788574, 18.091996295031453], [-15.893816362806945, 18.09196032038498], [-15.893740763129903, 18.091960670653194], [-15.893665163451146, 18.0919610208918], [-15.893589563770677, 18.091961371100787], [-15.89351396408849, 18.091961721280157], [-15.893438364404592, 18.091962071429908], [-15.893362764718976, 18.091962421550036], [-15.893324781840596, 18.091926446801924], [-15.8932867989777, 18.09189047204552], [-15.893211199319628, 18.091890822104922], [-15.893135599659841, 18.09189117213471], [-15.893059999998345, 18.091891522134873], [-15.892984400335129, 18.091891872105425], [-15.892946417546229, 18.091855897278506], [-15.892908434772815, 18.091819922443314], [-15.892832835137144, 18.09182027235313], [-15.892757235499761, 18.091820622233325], [-15.892681635860665, 18.0918209720839], [-15.89264365314662, 18.091784997193752], [-15.892605670448058, 18.09174902229531], [-15.892530070836507, 18.09174937208517], [-15.892454471223243, 18.091749721845403], [-15.892378871608265, 18.091750071576023], [-15.892340888969073, 18.09171409662262], [-15.892302906345366, 18.091678121660955], [-15.892227306757933, 18.091678471330837], [-15.892151707168791, 18.091678820971115], [-15.892076107577937, 18.091679170581767], [-15.8920381250136, 18.091643195565133], [-15.892000142464747, 18.091607220540222], [-15.891924542901439, 18.09160757009015], [-15.891848943336418, 18.091607919610457], [-15.891810960832307, 18.09157194454614], [-15.891772978343681, 18.09153596947355], [-15.891697378806207, 18.09153631893313], [-15.891659396347697, 18.091500343836692], [-15.891621413904666, 18.091464368731963], [-15.89154581439474, 18.091464718130823], [-15.891470214883102, 18.09146506750006], [-15.891432232484815, 18.091429092355938], [-15.891394250102016, 18.091393117203538], [-15.891318650617926, 18.091393466512052], [-15.891243051132125, 18.091393815790955], [-15.891205068794067, 18.091357840599155], [-15.891167086471489, 18.091321865399074], [-15.89109148701324, 18.09132221461725], [-15.89105350472078, 18.09128623939332], [-15.891015522443803, 18.091250264161104], [-15.890939923013098, 18.09125061331855], [-15.890901940766236, 18.091214638062493], [-15.890863958534855, 18.09117866279816], [-15.890788359131705, 18.091179011894894], [-15.890750376930438, 18.091143036606724], [-15.890712394744654, 18.091107061310254], [-15.890636795369053, 18.091107410346268], [-15.890598813213384, 18.091071435025967], [-15.890560831073199, 18.091035459697384], [-15.890485231725146, 18.091035808672657], [-15.890447249615073, 18.090999833320236], [-15.890409267520486, 18.09096385795953], [-15.890333668199986, 18.09096420687409], [-15.890295686135511, 18.090928231489542], [-15.890283949900384, 18.090917115302098], [-15.891749167841187, 18.088462737493757]]]}}, {"type": "Feature", "properties": {"hex_id": 1075, "utci_present": 32.59, "utci_2050": 36.38, "utci_2090": 39.22, "utci": 32.59}, "geometry": {"type": "Polygon", "coordinates": [[[-15.896579354657161, 18.0910999819426], [-15.899790514881982, 18.091085031260832], [-15.900834671488843, 18.092795288124538], [-15.900775955313327, 18.09279556231819], [-15.900737970805595, 18.09275958910716], [-15.900699986313349, 18.09272361588783], [-15.900624386452284, 18.092723968867865], [-15.900548786589496, 18.09272432181828], [-15.900510802141975, 18.092688348559527], [-15.900472817709943, 18.09265237529248], [-15.900397217874668, 18.092652728182163], [-15.900321618037664, 18.092653081042204], [-15.90028363365036, 18.092617107735744], [-15.90024564927854, 18.092581134420985], [-15.90017004946905, 18.092581487220293], [-15.90009444965784, 18.092581839989982], [-15.900018849844896, 18.092582192730045], [-15.899980865532427, 18.092546219360315], [-15.899942881235443, 18.09251024598229], [-15.899867281450021, 18.092510598661622], [-15.89979168166287, 18.09251095131133], [-15.899716081873992, 18.09251130393142], [-15.899640482083388, 18.09251165652189], [-15.89960249786038, 18.092475683073314], [-15.899564513652853, 18.09243970961645], [-15.899488913889767, 18.09244006214618], [-15.899413314124958, 18.092440414646287], [-15.89933771435842, 18.092440767116788], [-15.899262114590158, 18.092441119557662], [-15.899186514820173, 18.09244147196891], [-15.899148530701243, 18.092405498425943], [-15.899110546597798, 18.092369524874684], [-15.899034946855334, 18.0923698772252], [-15.89895934711114, 18.092370229546102], [-15.898883747365224, 18.09237058183738], [-15.898808147617581, 18.092370934099026], [-15.898732547868217, 18.092371286331062], [-15.898656948117123, 18.092371638533493], [-15.898618964116903, 18.09233566488057], [-15.898580980132166, 18.092299691219363], [-15.898505380408597, 18.092300043361043], [-15.898429780683303, 18.092300395473103], [-15.89835418095629, 18.092300747555548], [-15.898278581227549, 18.09230109960837], [-15.898202981497086, 18.092301451631574], [-15.8981273817649, 18.09230180362515], [-15.898051782030992, 18.092302155589124], [-15.897976182295357, 18.09230250752348], [-15.897900582558002, 18.092302859428205], [-15.897824982818923, 18.092303211303317], [-15.897786998995905, 18.092267237478215], [-15.897749015188372, 18.09223126364483], [-15.897673415476818, 18.092231615459195], [-15.897597815763543, 18.092231967243954], [-15.897522216048545, 18.09223231899908], [-15.897446616331823, 18.0922326707246], [-15.897371016613382, 18.092233022420498], [-15.897295416893218, 18.092233374086774], [-15.897219817171333, 18.092233725723435], [-15.897144217447728, 18.092234077330478], [-15.8970686177224, 18.0922344289079], [-15.896993017995351, 18.092234780455716], [-15.896917418266579, 18.092235131973894], [-15.896841818536089, 18.092235483462467], [-15.89676621880388, 18.09223583492141], [-15.896690619069947, 18.09223618635074], [-15.896652635482637, 18.09220021229124], [-15.896614651910815, 18.092164238223425], [-15.89653905220441, 18.09216458959203], [-15.896463452496286, 18.092164940931006], [-15.896387852786445, 18.092165292240363], [-15.896312253074882, 18.0921656435201], [-15.8962366533616, 18.09216599477022], [-15.8961610536466, 18.092166345990716], [-15.896085453929878, 18.0921666971816], [-15.896009854211435, 18.092167048342866], [-15.895942183879603, 18.092167362646936], [-15.896579354657161, 18.0910999819426]]]}}, {"type": "Feature", "properties": {"hex_id": 1190, "utci_present": 33.83, "utci_2050": 38.04, "utci_2090": 41.28, "utci": 33.83}, "geometry": {"type": "Polygon", "coordinates": [[[-15.885273573002609, 18.0778540065023], [-15.886892396867694, 18.08050621386864], [-15.885300244708484, 18.083173161536624], [-15.883679594402475, 18.083180589170517], [-15.88367944173377, 18.083150091753698], [-15.883679079805159, 18.083077791903673], [-15.883678717878245, 18.083005492053104], [-15.883678355953023, 18.08293319220197], [-15.883677994029497, 18.082860892350297], [-15.88367763210767, 18.082788592498087], [-15.883677270187533, 18.082716292645323], [-15.883676908269093, 18.082643992792], [-15.883676546352348, 18.082571692938146], [-15.883676184437299, 18.08249939308373], [-15.883675822523943, 18.082427093228763], [-15.883675460612283, 18.082354793373263], [-15.88367509870232, 18.082282493517216], [-15.88367473679405, 18.082210193660607], [-15.883674374887477, 18.08213789380344], [-15.883674012982597, 18.08206559394576], [-15.883673651079414, 18.081993294087514], [-15.883673289177926, 18.08192099422871], [-15.88367292727813, 18.081848694369373], [-15.883672565380031, 18.081776394509482], [-15.883672203483627, 18.081704094649044], [-15.883671841588919, 18.081631794788052], [-15.883671479695904, 18.08155949492653], [-15.883671117804587, 18.081487195064444], [-15.883670755914963, 18.081414895201817], [-15.883670394027037, 18.081342595338626], [-15.883670032140802, 18.08127029547491], [-15.883669670256264, 18.081197995610633], [-15.88366930837342, 18.08112569574581], [-15.883668946492275, 18.081053395880442], [-15.88366858461282, 18.080981096014526], [-15.883668222735063, 18.08090879614806], [-15.883667860859001, 18.080836496281048], [-15.883667498984629, 18.080764196413487], [-15.883667137111956, 18.08069189654538], [-15.88366677524098, 18.080619596676726], [-15.883666413371698, 18.080547296807513], [-15.88366605150411, 18.080474996937756], [-15.883665689638217, 18.080402697067452], [-15.883665327774018, 18.080330397196608], [-15.883664965911517, 18.08025809732521], [-15.883664604050708, 18.080185797453264], [-15.883664242191594, 18.08011349758078], [-15.88366388033418, 18.080041197707722], [-15.883663518478455, 18.07996889783415], [-15.883663156624428, 18.07989659796001], [-15.883662794772096, 18.079824298085327], [-15.883662432921458, 18.079751998210092], [-15.883662071072512, 18.079679698334314], [-15.883661709225265, 18.07960739845798], [-15.883661347379714, 18.07953509858111], [-15.883660985535855, 18.079462798703684], [-15.883660623693693, 18.079390498825713], [-15.883660261853224, 18.079318198947192], [-15.883659900014452, 18.079245899068127], [-15.883659538177374, 18.07917359918851], [-15.883659176341991, 18.07910129930834], [-15.883658814508303, 18.07902899942764], [-15.88365845267631, 18.07895669954638], [-15.883658090846012, 18.078884399664574], [-15.88365772901741, 18.07881209978222], [-15.883657367190501, 18.07873979989931], [-15.883657005365286, 18.07866750001586], [-15.88365664354177, 18.078595200131872], [-15.883656281719945, 18.078522900247318], [-15.883655919899818, 18.07845060036222], [-15.883655558081385, 18.078378300476583], [-15.883655196264645, 18.078306000590388], [-15.883654834449601, 18.078233700703652], [-15.883654472636252, 18.07816140081637], [-15.8836541108246, 18.078089100928533], [-15.883653749014641, 18.07801680104015], [-15.883653387206374, 18.077944501151222], [-15.883653025399807, 18.077872201261755], [-15.88365297150692, 18.07786143180475], [-15.885273573002609, 18.0778540065023]]]}}, {"type": "Feature", "properties": {"hex_id": 1151, "utci_present": 33.9, "utci_2050": 38.12, "utci_2090": 41.37, "utci": 33.9}, "geometry": {"type": "Polygon", "coordinates": [[[-15.886892396867697, 18.08050621386864], [-15.890103372886438, 18.080491432773908], [-15.891722293459885, 18.08314359470683], [-15.890130194275875, 18.085810579370825], [-15.886919121532104, 18.085825365106018], [-15.885300244708484, 18.083173161536624], [-15.886892396867697, 18.08050621386864]]]}}, {"type": "Feature", "properties": {"hex_id": 1191, "utci_present": 33.83, "utci_2050": 38.04, "utci_2090": 41.27, "utci": 33.83}, "geometry": {"type": "Polygon", "coordinates": [[[-15.885300244708484, 18.083173161536624], [-15.886919121532104, 18.085825365106018], [-15.886275121139526, 18.08690408485242], [-15.886268585884261, 18.08689789444106], [-15.88623060552534, 18.086861918167223], [-15.886192625181895, 18.086825941885113], [-15.886154644853935, 18.086789965594708], [-15.886116664541449, 18.086753989296028], [-15.886116301537381, 18.08668168952073], [-15.886078321256708, 18.086645713212747], [-15.886040340991514, 18.086609736896506], [-15.886002360741797, 18.086573760571962], [-15.885964380507561, 18.086537784239155], [-15.885926400288806, 18.08650180789806], [-15.885888420085529, 18.086465831548693], [-15.885850439897732, 18.086429855191035], [-15.885812459725413, 18.086393878825103], [-15.885812096853678, 18.08632157904114], [-15.885774116713169, 18.086285602665914], [-15.885736136588136, 18.086249626282417], [-15.885698156478586, 18.086213649890638], [-15.885660176384514, 18.086177673490567], [-15.88562219630592, 18.086141697082216], [-15.885584216242806, 18.086105720665604], [-15.88554623619517, 18.08606974424071], [-15.885508256163012, 18.08603376780752], [-15.885470276146334, 18.085997791366065], [-15.885432296145137, 18.085961814916335], [-15.885394316159418, 18.085925838458305], [-15.885356336189178, 18.085889861992012], [-15.885318356234416, 18.085853885517437], [-15.885280376295132, 18.085817909034585], [-15.885242396371329, 18.085781932543455], [-15.885204416463, 18.085745956044043], [-15.885166436570154, 18.08570997953635], [-15.885128456692785, 18.085674003020383], [-15.885090476830896, 18.085638026496138], [-15.885052496984484, 18.085602049963605], [-15.88501451715355, 18.085566073422815], [-15.884976537338096, 18.08553009687372], [-15.88493855753812, 18.08549412031637], [-15.884900577753623, 18.085458143750728], [-15.884862597984602, 18.0854221671768], [-15.884824618231061, 18.085386190594612], [-15.884786638493, 18.085350214004137], [-15.884748658770416, 18.08531423740539], [-15.884710679063309, 18.085278260798358], [-15.88467269937168, 18.08524228418305], [-15.884634719695534, 18.085206307559453], [-15.88459674003486, 18.0851703309276], [-15.884558760389666, 18.085134354287458], [-15.884520780759951, 18.085098377639035], [-15.884482801145712, 18.085062400982338], [-15.884444821546953, 18.085026424317366], [-15.88440684196367, 18.084990447644113], [-15.884331245078505, 18.084990794096274], [-15.88429326552533, 18.084954817399197], [-15.884255285987635, 18.084918840693845], [-15.884217306465416, 18.084882863980216], [-15.884179326958677, 18.08484688725832], [-15.884141347467414, 18.08481091052813], [-15.884103367991628, 18.08477493378967], [-15.88402777119254, 18.084775280118965], [-15.883989791746865, 18.08473930335668], [-15.883951812316665, 18.084703326586133], [-15.883876215545142, 18.084703672854733], [-15.88383823614505, 18.084667696060368], [-15.883800256760434, 18.084631719257704], [-15.883724660016478, 18.084632065465627], [-15.88368668066197, 18.084596088639156], [-15.883686318699457, 18.084523788800094], [-15.883685956738635, 18.08445148896047], [-15.883685594779513, 18.084379189120316], [-15.883685232822085, 18.0843068892796], [-15.883684870866352, 18.084234589438342], [-15.883684508912312, 18.084162289596534], [-15.88368414695997, 18.084089989754187], [-15.883683785009323, 18.084017689911278], [-15.883683423060369, 18.083945390067836], [-15.883683061113112, 18.083873090223825], [-15.88368269916755, 18.083800790379282], [-15.883682337223682, 18.083728490534185], [-15.883681975281512, 18.083656190688547], [-15.883681613341032, 18.083583890842352], [-15.883681251402253, 18.08351159099562], [-15.883680889465165, 18.083439291148323], [-15.883680527529775, 18.083366991300498], [-15.883680165596077, 18.083294691452103], [-15.883679803664078, 18.083222391603186], [-15.883679594402475, 18.083180589170517], [-15.885300244708484, 18.083173161536624]]]}}, {"type": "Feature", "properties": {"hex_id": 957, "utci_present": 34.52, "utci_2050": 38.88, "utci_2090": 42.29, "utci": 34.52}, "geometry": {"type": "Polygon", "coordinates": [[[-15.910988365289034, 18.08305361237874], [-15.914199366290262, 18.08303842839162], [-15.915818664380678, 18.08569037043355], [-15.914226917849748, 18.088357538166267], [-15.911015820110089, 18.08837272691972], [-15.9093965656509, 18.08572074317399], [-15.910988365289034, 18.08305361237874]]]}}, {"type": "Feature", "properties": {"hex_id": 1035, "utci_present": 33.9, "utci_2050": 38.11, "utci_2090": 41.37, "utci": 33.9}, "geometry": {"type": "Polygon", "coordinates": [[[-15.901355343412474, 18.08309884388585], [-15.904566353839032, 18.08308382012608], [-15.90618551155913, 18.085735849418246], [-15.90459361518191, 18.088402944149436], [-15.901382508015612, 18.088417972625248], [-15.899763393977384, 18.0857659016537], [-15.901355343412474, 18.08309884388585]]]}}, {"type": "Feature", "properties": {"hex_id": 996, "utci_present": 33.85, "utci_2050": 38.07, "utci_2090": 41.31, "utci": 33.85}, "geometry": {"type": "Polygon", "coordinates": [[[-15.906185511559134, 18.085735849418246], [-15.9093965656509, 18.08572074317399], [-15.911015820110089, 18.08837272691972], [-15.909423976824067, 18.091039858607438], [-15.906212825976546, 18.09105496959302], [-15.904593615181913, 18.088402944149436], [-15.906185511559134, 18.085735849418246]]]}}, {"type": "Feature", "properties": {"hex_id": 958, "utci_present": 33.99, "utci_2050": 38.23, "utci_2090": 41.51, "utci": 33.99}, "geometry": {"type": "Polygon", "coordinates": [[[-15.911015820110089, 18.08837272691972], [-15.914226917849748, 18.088357538166267], [-15.915846269064028, 18.091009476334047], [-15.914254478902535, 18.09367664497149], [-15.911043284391118, 18.093691838491555], [-15.909423976824067, 18.091039858607438], [-15.911015820110089, 18.08837272691972]]]}}, {"type": "Feature", "properties": {"hex_id": 1036, "utci_present": 33.71, "utci_2050": 37.88, "utci_2090": 41.08, "utci": 33.71}, "geometry": {"type": "Polygon", "coordinates": [[[-15.899790514881982, 18.091085031260832], [-15.901382508015612, 18.088417972625248], [-15.90459361518191, 18.088402944149436], [-15.906212825976546, 18.09105496959302], [-15.904620885918105, 18.093722065204194], [-15.90267557501448, 18.093731178524454], [-15.9026707610604, 18.09372661959342], [-15.902632775974581, 18.093690646784847], [-15.902594790904251, 18.093654673967965], [-15.90255680584941, 18.093618701142784], [-15.902518820810052, 18.093582728309308], [-15.902443220618846, 18.09358308201831], [-15.902405235609594, 18.09354710916098], [-15.902367250615832, 18.09351113629535], [-15.902329265637553, 18.09347516342142], [-15.90229128067476, 18.093439190539204], [-15.902253295727453, 18.093403217648678], [-15.902215310795635, 18.093367244749867], [-15.902139710690419, 18.093367598335867], [-15.902101725788704, 18.093331625413175], [-15.902063740902477, 18.093295652482208], [-15.901988140824772, 18.093296006007446], [-15.901950155968652, 18.093260033052616], [-15.901912171128018, 18.093224060089486], [-15.901836571077824, 18.093224413553983], [-15.901798586267294, 18.093188440566998], [-15.901760601472253, 18.093152467571713], [-15.90168500144957, 18.09315282097546], [-15.901647016684635, 18.093116847956313], [-15.901609031935184, 18.09308087492888], [-15.901533431940011, 18.09308122827188], [-15.901495447220668, 18.09304525522058], [-15.90145746251681, 18.093009282160992], [-15.901381862549153, 18.09300963544325], [-15.901343877875401, 18.092973662359785], [-15.901305893217135, 18.09293768926805], [-15.901230293276988, 18.092938042489553], [-15.901192308648827, 18.092902069373956], [-15.901154324036156, 18.092866096250052], [-15.901078724123522, 18.09286644941082], [-15.901003124209158, 18.09286680254196], [-15.900965139641212, 18.092830829378624], [-15.900927155088752, 18.092794856207018], [-15.900851555201903, 18.092795209277416], [-15.900834671488843, 18.092795288124538], [-15.899790514881982, 18.091085031260832]]]}}, {"type": "Feature", "properties": {"hex_id": 997, "utci_present": 33.82, "utci_2050": 38.03, "utci_2090": 41.27, "utci": 33.82}, "geometry": {"type": "Polygon", "coordinates": [[[-15.906212825976546, 18.09105496959302], [-15.909423976824067, 18.091039858607438], [-15.911043284391118, 18.093691838491555], [-15.909451397441199, 18.096358971071506], [-15.906240149804594, 18.096374086798694], [-15.904620885918105, 18.093722065204194], [-15.906212825976546, 18.09105496959302]]]}}, {"type": "Feature", "properties": {"hex_id": 1037, "utci_present": 33.81, "utci_2050": 38.02, "utci_2090": 41.26, "utci": 33.81}, "geometry": {"type": "Polygon", "coordinates": [[[-15.904620885918105, 18.093722065204194], [-15.906240149804594, 18.096374086798694], [-15.90464816604892, 18.099041183289607], [-15.90393530601149, 18.099044526094875], [-15.903945397641847, 18.09903478030639], [-15.903945027065886, 18.098962480976414], [-15.90394465649166, 18.098890181645892], [-15.90394428591917, 18.098817882314805], [-15.903943915348412, 18.098745582983184], [-15.903943544779391, 18.098673283651006], [-15.903981160658663, 18.098636956792244], [-15.904018776522445, 18.09860062992668], [-15.904018405925912, 18.098528330594913], [-15.90401803533111, 18.09845603126261], [-15.904017664738046, 18.098383731929747], [-15.904017294146714, 18.098311432596347], [-15.904016923557117, 18.09823913326239], [-15.90405453933229, 18.09820280639245], [-15.904092155091973, 18.098166479515708], [-15.904091784474865, 18.09809418018217], [-15.90409141385949, 18.09802188084808], [-15.904091043245852, 18.097949581513433], [-15.904090672633947, 18.097877282178253], [-15.904090302023777, 18.09780498284252], [-15.904089931415342, 18.097732683506234], [-15.904089560808643, 18.097660384169394], [-15.90408919020368, 18.09758808483202], [-15.904088819600448, 18.09751578549409], [-15.904088448998953, 18.09744348615561], [-15.904088078399191, 18.097371186816577], [-15.904087707801166, 18.097298887477006], [-15.904125323369882, 18.09726256059926], [-15.90416293892311, 18.097226233714718], [-15.904162568297574, 18.097153934375555], [-15.904162197673774, 18.097081635035845], [-15.904161827051707, 18.097009335695592], [-15.904161456431373, 18.09693703635477], [-15.904123470332665, 18.096901063895544], [-15.904085484249443, 18.096865091428022], [-15.904085113663557, 18.096792792084603], [-15.904084743079412, 18.096720492740634], [-15.904084372496998, 18.096648193396113], [-15.90408400191632, 18.096575894051064], [-15.904083631337375, 18.096503594705442], [-15.904083260760167, 18.096431295359285], [-15.904082890184693, 18.09635899601258], [-15.904082519610954, 18.09628669666532], [-15.90408214903895, 18.096214397317514], [-15.904044163118424, 18.096178424832416], [-15.904006177213393, 18.096142452339027], [-15.904005806675833, 18.096070152988613], [-15.904005436140011, 18.095997853637645], [-15.904005065605922, 18.095925554286133], [-15.904004695073569, 18.095853254934077], [-15.90400432454295, 18.095780955581464], [-15.903966338735183, 18.095744983074617], [-15.903928352942904, 18.095709010559485], [-15.90392798244673, 18.095636711204268], [-15.90392761195229, 18.0955644118485], [-15.903927241459586, 18.095492112492177], [-15.903889255731862, 18.09545613996566], [-15.903851270019626, 18.09542016743083], [-15.903850899561364, 18.095347868071904], [-15.903812913880971, 18.095311895527747], [-15.903774928216068, 18.095275922975294], [-15.903774557792252, 18.095203623613763], [-15.903774187370168, 18.095131324251682], [-15.903736201753459, 18.09509535168888], [-15.90369821615224, 18.095059379117775], [-15.903697845764603, 18.094987079753086], [-15.903659860195225, 18.09495110717264], [-15.903621874641335, 18.094915134583914], [-15.90362150428814, 18.09484283521662], [-15.90358351876609, 18.094806862618555], [-15.90354553325953, 18.094770890012203], [-15.903545162940777, 18.094698590642302], [-15.903507177466057, 18.094662618026597], [-15.903469192006824, 18.094626645402624], [-15.903468821722514, 18.094554346030115], [-15.903430836295124, 18.094518373396795], [-15.903392850883222, 18.094482400755197], [-15.903354865486804, 18.09444642810529], [-15.903316880105873, 18.09441045544708], [-15.903278894740431, 18.09437448278058], [-15.903240909390476, 18.094338510105768], [-15.903240539206022, 18.09426621072654], [-15.903202553887906, 18.094230238042417], [-15.903164568585279, 18.09419426534998], [-15.903126583298135, 18.094158292649265], [-15.903088598026482, 18.094122319940247], [-15.903050612770315, 18.09408634722293], [-15.903012627529632, 18.094050374497318], [-15.902974642304438, 18.09401440176341], [-15.90293665709473, 18.093978429021206], [-15.902898671900509, 18.093942456270693], [-15.902860686721775, 18.09390648351189], [-15.902822701558524, 18.093870510744797], [-15.902784716410762, 18.093834537969403], [-15.902746731278487, 18.093798565185704], [-15.902708746161698, 18.093762592393723], [-15.90267557501448, 18.093731178524454], [-15.904620885918105, 18.093722065204194]]]}}, {"type": "Feature", "properties": {"hex_id": 959, "utci_present": 34.23, "utci_2050": 38.52, "utci_2090": 41.85, "utci": 34.23}, "geometry": {"type": "Polygon", "coordinates": [[[-15.911043284391118, 18.093691838491555], [-15.914254478902535, 18.09367664497149], [-15.915873883258012, 18.096328579264615], [-15.914282049449948, 18.098995748806537], [-15.911070758133441, 18.099010947093486], [-15.909451397441199, 18.096358971071506], [-15.911043284391118, 18.093691838491555]]]}}, {"type": "Feature", "properties": {"hex_id": 998, "utci_present": 33.78, "utci_2050": 37.96, "utci_2090": 41.18, "utci": 33.78}, "geometry": {"type": "Polygon", "coordinates": [[[-15.906240149804594, 18.096374086798694], [-15.909451397441199, 18.096358971071506], [-15.911070758133441, 18.099010947093486], [-15.909478827503616, 18.10167808056543], [-15.906267483044589, 18.101693201034497], [-15.90464816604892, 18.099041183289607], [-15.906240149804594, 18.096374086798694]]]}}, {"type": "Feature", "properties": {"hex_id": 1038, "utci_present": 32.02, "utci_2050": 35.6, "utci_2090": 38.21, "utci": 32.02}, "geometry": {"type": "Polygon", "coordinates": [[[-15.90464816604892, 18.099041183289607], [-15.906267483044589, 18.101693201034497], [-15.904675455575674, 18.104360298404924], [-15.9024606197175, 18.104370678723186], [-15.902460358839907, 18.104319713907884], [-15.902497976187338, 18.104283387292888], [-15.902535593519275, 18.104247060671092], [-15.902535223407298, 18.104174761351942], [-15.902534853297054, 18.104102462032245], [-15.902534483188541, 18.104030162711993], [-15.902572100461088, 18.103993836084854], [-15.902609717718137, 18.103957509450915], [-15.902609347582098, 18.10388521013107], [-15.90260897744779, 18.103812910810696], [-15.902646594660082, 18.103776584170923], [-15.902684211856878, 18.103740257524358], [-15.90268384169504, 18.103667958204383], [-15.902683471534933, 18.103595658883865], [-15.90268310137656, 18.103523359562786], [-15.90272071851397, 18.103487032910866], [-15.902758335635884, 18.10345070625217], [-15.902757965449984, 18.103378406931505], [-15.902757595265816, 18.103306107610297], [-15.902795212342975, 18.10326978094575], [-15.902832829404636, 18.103233454274413], [-15.902832459192942, 18.10316115495362], [-15.90283208898298, 18.103088855632276], [-15.902831718774747, 18.10301655631038], [-15.902869335777025, 18.1029802296337], [-15.902906952763807, 18.102943902950216], [-15.90290658252805, 18.102871603628728], [-15.902906212294027, 18.102799304306693], [-15.902943829236058, 18.102762977617388], [-15.90298144616259, 18.102726650921294], [-15.90298107590104, 18.102654351599675], [-15.902980705641225, 18.1025820522775], [-15.902980335383141, 18.10250975295478], [-15.903017952250295, 18.10247342625333], [-15.903055569101948, 18.10243709954509], [-15.903055198816343, 18.102364800222777], [-15.903054828532468, 18.10229250089992], [-15.903092445339372, 18.10225617418585], [-15.903130062130781, 18.102219847464987], [-15.903129691819382, 18.10214754814254], [-15.903129321509716, 18.10207524881955], [-15.903128951201786, 18.102002949496008], [-15.903166567933816, 18.10196662276979], [-15.90320418465035, 18.101930296036784], [-15.903203814314896, 18.101857996713655], [-15.903203443981175, 18.101785697389975], [-15.90324106065296, 18.101749370651135], [-15.90327867730925, 18.101713043905516], [-15.903278306948005, 18.10164074458224], [-15.903277936588493, 18.10156844525843], [-15.903277566230718, 18.101496145934064], [-15.903315182827631, 18.101459819183088], [-15.903352799409053, 18.101423492425322], [-15.903352429023753, 18.101351193101372], [-15.903352058640186, 18.101278893776865], [-15.903389675176859, 18.10124256701327], [-15.903427291698035, 18.101206240242885], [-15.90342692128695, 18.101133940918793], [-15.9034265508776, 18.10106164159415], [-15.903426180469982, 18.100989342268967], [-15.903463796931781, 18.100953015493232], [-15.903501413378093, 18.1009166887107], [-15.903501042942954, 18.100844389385927], [-15.903500672509551, 18.100772090060598], [-15.903500302077878, 18.100699790734733], [-15.903537918464815, 18.10066346394686], [-15.903575534836259, 18.100627137152188], [-15.903575164377068, 18.100554837826735], [-15.903574793919615, 18.100482538500717], [-15.903574423463892, 18.100410239174167], [-15.903612039775965, 18.10037391237415], [-15.90364965607254, 18.100337585567356], [-15.903649285589303, 18.1002652862412], [-15.903648915107798, 18.10019298691451], [-15.903648544628025, 18.100120687587275], [-15.903686160865231, 18.100084360775124], [-15.903723777086947, 18.100048033956178], [-15.903723406579656, 18.099975734629353], [-15.903723036074103, 18.09990343530197], [-15.903722665570283, 18.09983113597405], [-15.903760281732628, 18.09979480914976], [-15.903797897879484, 18.099758482318684], [-15.903797527348146, 18.09968618299117], [-15.903797156818545, 18.09961388366311], [-15.903796786290677, 18.099541584334496], [-15.90379641576454, 18.099469285005338], [-15.903834031837402, 18.09943295816939], [-15.903871647894771, 18.099396631326663], [-15.903871277341121, 18.099324331997916], [-15.903870906789205, 18.099252032668627], [-15.903870536239026, 18.099179733338772], [-15.90387016569058, 18.09910743400838], [-15.903907781673958, 18.099071107160775], [-15.90393530601149, 18.099044526094875], [-15.90464816604892, 18.099041183289607]]]}}, {"type": "Feature", "properties": {"hex_id": 1078, "utci_present": 31.77, "utci_2050": 35.28, "utci_2090": 37.82, "utci": 31.77}, "geometry": {"type": "Polygon", "coordinates": [[[-15.901491260041047, 18.109694457892093], [-15.901130009162879, 18.110299602000648], [-15.901129779189157, 18.11025462397291], [-15.90112940952252, 18.110182324670678], [-15.901129039857613, 18.11011002536789], [-15.901128670194435, 18.110037726064565], [-15.901166288992567, 18.110001399664945], [-15.901203907775193, 18.109965073258522], [-15.901203538084468, 18.109892773955604], [-15.901203168395474, 18.109820474652132], [-15.901202798708209, 18.10974817534811], [-15.901202429022671, 18.109675876043543], [-15.901202059338866, 18.109603576738422], [-15.901239678032805, 18.109567250327608], [-15.901277296711239, 18.109530923909986], [-15.901276926999888, 18.109458624605274], [-15.901276557290267, 18.109386325300015], [-15.90127633301381, 18.10934246630299], [-15.901491260041047, 18.109694457892093]]]}}, {"type": "Feature", "properties": {"hex_id": 726, "utci_present": 33.94, "utci_2050": 38.17, "utci_2090": 41.42, "utci": 33.94}, "geometry": {"type": "Polygon", "coordinates": [[[-15.939972265097113, 18.098872238007996], [-15.943183527525703, 18.098856558598804], [-15.944803406282627, 18.101508226589505], [-15.94321197909488, 18.104175615803893], [-15.940000619831892, 18.104191300131156], [-15.938380784602161, 18.101539590325817], [-15.939972265097113, 18.098872238007996]]]}}, {"type": "Feature", "properties": {"hex_id": 687, "utci_present": 34.24, "utci_2050": 38.52, "utci_2090": 41.83, "utci": 34.24}, "geometry": {"type": "Polygon", "coordinates": [[[-15.944803406282627, 18.101508226589505], [-15.948014712221743, 18.101492464523556], [-15.949634687812383, 18.104144086728756], [-15.94804331396518, 18.10681151283287], [-15.94483191117568, 18.106827279842182], [-15.94321197909488, 18.104175615803893], [-15.944803406282627, 18.101508226589505]]]}}, {"type": "Feature", "properties": {"hex_id": 727, "utci_present": 34.0, "utci_2050": 38.24, "utci_2090": 41.5, "utci": 34.0}, "geometry": {"type": "Polygon", "coordinates": [[[-15.940000619831892, 18.104191300131156], [-15.94321197909488, 18.104175615803893], [-15.94483191117568, 18.106827279842182], [-15.943240440461421, 18.10949467003475], [-15.940028984330693, 18.109510359280364], [-15.938409095793077, 18.106858653414925], [-15.940000619831892, 18.104191300131156]]]}}, {"type": "Feature", "properties": {"hex_id": 649, "utci_present": 35.21, "utci_2050": 39.85, "utci_2090": 43.52, "utci": 35.21}, "geometry": {"type": "Polygon", "coordinates": [[[-15.949634687812383, 18.104144086728756], [-15.952846037244665, 18.104128241981357], [-15.954466109684997, 18.106779818369535], [-15.95287478921168, 18.109447281356537], [-15.949663342913032, 18.109463131072594], [-15.94804331396518, 18.10681151283287], [-15.949634687812383, 18.104144086728756]]]}}, {"type": "Feature", "properties": {"hex_id": 688, "utci_present": 34.97, "utci_2050": 39.42, "utci_2090": 42.92, "utci": 34.97}, "geometry": {"type": "Polygon", "coordinates": [[[-15.94483191117568, 18.106827279842182], [-15.94804331396518, 18.10681151283287], [-15.949663342913032, 18.109463131072594], [-15.948071925556679, 18.112130558167134], [-15.944860425883451, 18.112146330120105], [-15.943240440461421, 18.10949467003475], [-15.94483191117568, 18.106827279842182]]]}}, {"type": "Feature", "properties": {"hex_id": 728, "utci_present": 34.4, "utci_2050": 38.71, "utci_2090": 42.06, "utci": 34.4}, "geometry": {"type": "Polygon", "coordinates": [[[-15.940028984330693, 18.109510359280364], [-15.943240440461421, 18.10949467003475], [-15.944860425883451, 18.112146330120105], [-15.943268911626696, 18.11481372129062], [-15.94005735859488, 18.114829415454874], [-15.938437416732022, 18.112177713529842], [-15.940028984330693, 18.109510359280364]]]}}, {"type": "Feature", "properties": {"hex_id": 650, "utci_present": 35.26, "utci_2050": 39.91, "utci_2090": 43.6, "utci": 35.26}, "geometry": {"type": "Polygon", "coordinates": [[[-15.949663342913032, 18.109463131072594], [-15.95287478921168, 18.109447281356537], [-15.954494915042575, 18.112098853766195], [-15.95290355107747, 18.114766317755862], [-15.94969200787911, 18.114782172440876], [-15.948071925556679, 18.112130558167134], [-15.949663342913032, 18.109463131072594]]]}}, {"type": "Feature", "properties": {"hex_id": 689, "utci_present": 35.24, "utci_2050": 39.83, "utci_2090": 43.47, "utci": 35.24}, "geometry": {"type": "Polygon", "coordinates": [[[-15.944860425883451, 18.112146330120105], [-15.948071925556679, 18.112130558167134], [-15.94969200787911, 18.114782172440876], [-15.948100546997615, 18.1174496005256], [-15.944888950407313, 18.117465377422505], [-15.943268911626696, 18.11481372129062], [-15.944860425883451, 18.112146330120105]]]}}, {"type": "Feature", "properties": {"hex_id": 729, "utci_present": 35.01, "utci_2050": 39.56, "utci_2090": 43.15, "utci": 35.01}, "geometry": {"type": "Polygon", "coordinates": [[[-15.94005735859488, 18.114829415454874], [-15.943268911626696, 18.11481372129062], [-15.944888950407313, 18.117465377422505], [-15.94329739259207, 18.12013276957074], [-15.940085742625813, 18.120148468653927], [-15.938465747420363, 18.11749677066982], [-15.94005735859488, 18.114829415454874]]]}}, {"type": "Feature", "properties": {"hex_id": 651, "utci_present": 35.26, "utci_2050": 39.99, "utci_2090": 43.78, "utci": 35.26}, "geometry": {"type": "Polygon", "coordinates": [[[-15.94969200787911, 18.114782172440876], [-15.95290355107747, 18.114766317755862], [-15.954523730316287, 18.117417886186473], [-15.952932322843411, 18.12008535117858], [-15.949720682711984, 18.12010121083283], [-15.948100546997615, 18.1174496005256], [-15.94969200787911, 18.114782172440876]]]}}, {"type": "Feature", "properties": {"hex_id": 766, "utci_present": 33.88, "utci_2050": 38.1, "utci_2090": 41.34, "utci": 33.88}, "geometry": {"type": "Polygon", "coordinates": [[[-15.935197683222203, 18.106874259977875], [-15.938409095793077, 18.106858653414925], [-15.940028984330693, 18.109510359280364], [-15.938437416732022, 18.112177713529842], [-15.935225907276052, 18.112193324986137], [-15.933606062314968, 18.10954157729948], [-15.935197683222203, 18.106874259977875]]]}}, {"type": "Feature", "properties": {"hex_id": 806, "utci_present": 34.42, "utci_2050": 38.76, "utci_2090": 42.15, "utci": 34.42}, "geometry": {"type": "Polygon", "coordinates": [[[-15.9303945964522, 18.109557106072515], [-15.933606062314965, 18.10954157729948], [-15.935225907276052, 18.112193324986137], [-15.933634242775616, 18.114860643260972], [-15.930422680010402, 18.114876176902342], [-15.92880287865919, 18.11222438740041], [-15.9303945964522, 18.109557106072515]]]}}, {"type": "Feature", "properties": {"hex_id": 845, "utci_present": 35.09, "utci_2050": 39.58, "utci_2090": 43.12, "utci": 35.09}, "geometry": {"type": "Polygon", "coordinates": [[[-15.92559135952053, 18.112239838357922], [-15.92880287865919, 18.11222438740041], [-15.930422680010402, 18.114876176902342], [-15.928830918590844, 18.117543459170985], [-15.925619302532382, 18.117558914971813], [-15.9239995448244, 18.114907083660558], [-15.92559135952053, 18.112239838357922]]]}}, {"type": "Feature", "properties": {"hex_id": 767, "utci_present": 34.7, "utci_2050": 39.13, "utci_2090": 42.6, "utci": 34.7}, "geometry": {"type": "Polygon", "coordinates": [[[-15.935225907276052, 18.112193324986137], [-15.938437416732022, 18.112177713529842], [-15.94005735859488, 18.114829415454874], [-15.938465747420363, 18.11749677066982], [-15.93525414104595, 18.11751238701975], [-15.933634242775616, 18.114860643260972], [-15.935225907276052, 18.112193324986137]]]}}, {"type": "Feature", "properties": {"hex_id": 807, "utci_present": 35.23, "utci_2050": 39.8, "utci_2090": 43.42, "utci": 35.23}, "geometry": {"type": "Polygon", "coordinates": [[[-15.930422680010402, 18.114876176902342], [-15.933634242775616, 18.114860643260972], [-15.93525414104595, 18.11751238701975], [-15.93366243293631, 18.120179706247576], [-15.9304507732353, 18.120195244757564], [-15.928830918590844, 18.117543459170985], [-15.930422680010402, 18.114876176902342]]]}}, {"type": "Feature", "properties": {"hex_id": 768, "utci_present": 35.2, "utci_2050": 39.81, "utci_2090": 43.48, "utci": 35.2}, "geometry": {"type": "Polygon", "coordinates": [[[-15.93525414104595, 18.11751238701975], [-15.938465747420363, 18.11749677066982], [-15.940085742625813, 18.120148468653927], [-15.938494087859455, 18.122815824834106], [-15.935282384533247, 18.122831446077953], [-15.93366243293631, 18.120179706247576], [-15.93525414104595, 18.11751238701975]]]}}, {"type": "Feature", "properties": {"hex_id": 846, "utci_present": 35.22, "utci_2050": 39.82, "utci_2090": 43.46, "utci": 35.22}, "geometry": {"type": "Polygon", "coordinates": [[[-15.925619302532382, 18.117558914971813], [-15.928830918590844, 18.117543459170985], [-15.9304507732353, 18.120195244757564], [-15.928858968173188, 18.12286252796671], [-15.92564725516158, 18.122877988611144], [-15.924027444176353, 18.12022616120271], [-15.925619302532382, 18.117558914971813]]]}}, {"type": "Feature", "properties": {"hex_id": 808, "utci_present": 35.18, "utci_2050": 39.72, "utci_2090": 43.3, "utci": 35.18}, "geometry": {"type": "Polygon", "coordinates": [[[-15.9304507732353, 18.120195244757564], [-15.93366243293631, 18.120179706247576], [-15.935282384533247, 18.122831446077953], [-15.93369063279841, 18.12549876625853], [-15.930478876128245, 18.125514309637424], [-15.928858968173188, 18.12286252796671], [-15.9304507732353, 18.120195244757564]]]}}, {"type": "Feature", "properties": {"hex_id": 847, "utci_present": 35.23, "utci_2050": 39.81, "utci_2090": 43.44, "utci": 35.23}, "geometry": {"type": "Polygon", "coordinates": [[[-15.92564725516158, 18.122877988611144], [-15.928858968173188, 18.12286252796671], [-15.930478876128245, 18.125514309637424], [-15.928887027407574, 18.128181593786838], [-15.925675217409454, 18.128197059275163], [-15.924055353129635, 18.125545235770062], [-15.92564725516158, 18.122877988611144]]]}}, {"type": "Feature", "properties": {"hex_id": 769, "utci_present": 35.14, "utci_2050": 39.76, "utci_2090": 43.43, "utci": 35.14}, "geometry": {"type": "Polygon", "coordinates": [[[-15.935282384533247, 18.122831446077953], [-15.938494087859455, 18.122815824834106], [-15.940114136424864, 18.12546751887676], [-15.938522438050665, 18.128134876021935], [-15.935310637739303, 18.12815050215999], [-15.93369063279841, 18.12549876625853], [-15.935282384533247, 18.122831446077953]]]}}, {"type": "Feature", "properties": {"hex_id": 883, "utci_present": 35.14, "utci_2050": 39.68, "utci_2090": 43.27, "utci": 35.14}, "geometry": {"type": "Polygon", "coordinates": [[[-15.920732396294806, 18.104284283135474], [-15.923943774919126, 18.10426891965488], [-15.925563426124668, 18.106920758770222], [-15.923971655072437, 18.109588003144356], [-15.920760179577675, 18.109603371442702], [-15.9191405720167, 18.10695149054903], [-15.920732396294806, 18.104284283135474]]]}}, {"type": "Feature", "properties": {"hex_id": 922, "utci_present": 35.18, "utci_2050": 39.75, "utci_2090": 43.36, "utci": 35.18}, "geometry": {"type": "Polygon", "coordinates": [[[-15.915929140183179, 18.106966776212914], [-15.9191405720167, 18.10695149054903], [-15.920760179577675, 18.109603371442702], [-15.919168311638328, 18.11227057977251], [-15.915956782917021, 18.112285870229126], [-15.914337219033964, 18.10963394756307], [-15.915929140183179, 18.106966776212914]]]}}, {"type": "Feature", "properties": {"hex_id": 884, "utci_present": 35.26, "utci_2050": 39.89, "utci_2090": 43.56, "utci": 35.26}, "geometry": {"type": "Polygon", "coordinates": [[[-15.920760179577675, 18.109603371442702], [-15.923971655072437, 18.109588003144356], [-15.92559135952053, 18.112239838357922], [-15.9239995448244, 18.114907083660558], [-15.920787972425845, 18.11492245677693], [-15.919168311638328, 18.11227057977251], [-15.920760179577675, 18.109603371442702]]]}}, {"type": "Feature", "properties": {"hex_id": 923, "utci_present": 35.25, "utci_2050": 39.86, "utci_2090": 43.51, "utci": 35.25}, "geometry": {"type": "Polygon", "coordinates": [[[-15.915956782917021, 18.112285870229126], [-15.919168311638328, 18.11227057977251], [-15.920787972425845, 18.11492245677693], [-15.919196060809249, 18.117589666022745], [-15.915984435166806, 18.11760496127237], [-15.914364818073215, 18.114953042483048], [-15.915956782917021, 18.112285870229126]]]}}, {"type": "Feature", "properties": {"hex_id": 885, "utci_present": 35.2, "utci_2050": 39.82, "utci_2090": 43.47, "utci": 35.2}, "geometry": {"type": "Polygon", "coordinates": [[[-15.920787972425845, 18.11492245677693], [-15.9239995448244, 18.114907083660558], [-15.925619302532382, 18.117558914971813], [-15.924027444176353, 18.12022616120271], [-15.920815774840653, 18.120241539137393], [-15.919196060809249, 18.117589666022745], [-15.920787972425845, 18.11492245677693]]]}}, {"type": "Feature", "properties": {"hex_id": 924, "utci_present": 35.22, "utci_2050": 39.79, "utci_2090": 43.41, "utci": 35.22}, "geometry": {"type": "Polygon", "coordinates": [[[-15.915984435166806, 18.11760496127237], [-15.919196060809249, 18.117589666022745], [-15.920815774840653, 18.120241539137393], [-15.919223819530798, 18.122908749298976], [-15.916012096933864, 18.122924049341904], [-15.914392426612398, 18.120272134429822], [-15.915984435166806, 18.11760496127237]]]}}, {"type": "Feature", "properties": {"hex_id": 886, "utci_present": 35.19, "utci_2050": 39.77, "utci_2090": 43.39, "utci": 35.19}, "geometry": {"type": "Polygon", "coordinates": [[[-15.920815774840653, 18.120241539137393], [-15.924027444176353, 18.12022616120271], [-15.925647255161577, 18.122877988611144], [-15.924055353129635, 18.125545235770062], [-15.920843586823434, 18.125560618523338], [-15.919223819530798, 18.122908749298976], [-15.920815774840653, 18.120241539137393]]]}}, {"type": "Feature", "properties": {"hex_id": 925, "utci_present": 35.22, "utci_2050": 39.76, "utci_2090": 43.35, "utci": 35.22}, "geometry": {"type": "Polygon", "coordinates": [[[-15.916012096933864, 18.122924049341904], [-15.919223819530798, 18.122908749298976], [-15.920843586823434, 18.125560618523338], [-15.919251587804311, 18.128227829600455], [-15.916039768219525, 18.128243134436957], [-15.91442004465284, 18.125591223402633], [-15.916012096933864, 18.122924049341904]]]}}, {"type": "Feature", "properties": {"hex_id": 887, "utci_present": 35.11, "utci_2050": 39.61, "utci_2090": 43.15, "utci": 35.11}, "geometry": {"type": "Polygon", "coordinates": [[[-15.920843586823434, 18.125560618523338], [-15.924055353129635, 18.125545235770062], [-15.925675217409454, 18.128197059275163], [-15.924083271685594, 18.130864307361865], [-15.920871408375529, 18.13087969493401], [-15.919251587804311, 18.128227829600455], [-15.920843586823434, 18.125560618523338]]]}}, {"type": "Feature", "properties": {"hex_id": 926, "utci_present": 34.84, "utci_2050": 39.28, "utci_2090": 42.77, "utci": 34.84}, "geometry": {"type": "Polygon", "coordinates": [[[-15.916039768219525, 18.128243134436957], [-15.919251587804311, 18.128227829600455], [-15.920871408375529, 18.13087969493401], [-15.919279365631121, 18.133546906926426], [-15.916067449025126, 18.133562216556783], [-15.914447672195873, 18.130910309400736], [-15.916039768219525, 18.128243134436957]]]}}, {"type": "Feature", "properties": {"hex_id": 690, "utci_present": 35.24, "utci_2050": 39.87, "utci_2090": 43.55, "utci": 35.24}, "geometry": {"type": "Polygon", "coordinates": [[[-15.944888950407313, 18.117465377422505], [-15.948100546997615, 18.1174496005256], [-15.949720682711984, 18.12010121083283], [-15.948129178289367, 18.122768639907516], [-15.944917484748634, 18.122784421748648], [-15.94329739259207, 18.12013276957074], [-15.944888950407313, 18.117465377422505]]]}}, {"type": "Feature", "properties": {"hex_id": 730, "utci_present": 35.25, "utci_2050": 39.86, "utci_2090": 43.51, "utci": 35.25}, "geometry": {"type": "Polygon", "coordinates": [[[-15.940085742625813, 18.120148468653927], [-15.94329739259207, 18.12013276957074], [-15.944917484748634, 18.122784421748648], [-15.943325883358911, 18.125451814874356], [-15.940114136424864, 18.12546751887676], [-15.938494087859455, 18.122815824834106], [-15.940085742625813, 18.120148468653927]]]}}, {"type": "Feature", "properties": {"hex_id": 652, "utci_present": 35.03, "utci_2050": 39.6, "utci_2090": 43.23, "utci": 35.03}, "geometry": {"type": "Polygon", "coordinates": [[[-15.949720682711984, 18.12010121083283], [-15.952932322843411, 18.12008535117858], [-15.954552555507522, 18.122736915629623], [-15.95296110451089, 18.125404381623927], [-15.949749367413046, 18.125420246247703], [-15.948129178289367, 18.122768639907516], [-15.949720682711984, 18.12010121083283]]]}}, {"type": "Feature", "properties": {"hex_id": 691, "utci_present": 35.19, "utci_2050": 39.75, "utci_2090": 43.36, "utci": 35.19}, "geometry": {"type": "Polygon", "coordinates": [[[-15.944917484748634, 18.122784421748648], [-15.948129178289367, 18.122768639907516], [-15.949749367413046, 18.125420246247703], [-15.948157819433314, 18.12808767631211], [-15.944946028908793, 18.128103463097755], [-15.943325883358911, 18.125451814874356], [-15.944917484748634, 18.122784421748648]]]}}, {"type": "Feature", "properties": {"hex_id": 653, "utci_present": 34.89, "utci_2050": 39.37, "utci_2090": 42.89, "utci": 34.89}, "geometry": {"type": "Polygon", "coordinates": [[[-15.949749367413046, 18.125420246247703], [-15.95296110451089, 18.125404381623927], [-15.954581390617667, 18.12805594209487], [-15.952989896081291, 18.130723409091146], [-15.949778061983668, 18.13073927868474], [-15.948157819433314, 18.12808767631211], [-15.949749367413046, 18.125420246247703]]]}}, {"type": "Feature", "properties": {"hex_id": 731, "utci_present": 35.22, "utci_2050": 39.79, "utci_2090": 43.42, "utci": 35.22}, "geometry": {"type": "Polygon", "coordinates": [[[-15.940114136424864, 18.12546751887676], [-15.943325883358911, 18.125451814874356], [-15.944946028908793, 18.128103463097755], [-15.943354383928595, 18.130770857200712], [-15.940142539993394, 18.130786566122616], [-15.938522438050665, 18.128134876021935], [-15.940114136424864, 18.12546751887676]]]}}, {"type": "Feature", "properties": {"hex_id": 692, "utci_present": 35.1, "utci_2050": 39.67, "utci_2090": 43.29, "utci": 35.1}, "geometry": {"type": "Polygon", "coordinates": [[[-15.944946028908793, 18.128103463097755], [-15.948157819433314, 18.12808767631211], [-15.949778061983668, 18.13073927868474], [-15.94818647043083, 18.133406709738633], [-15.94497458288916, 18.133422501469088], [-15.943354383928597, 18.130770857200712], [-15.944946028908793, 18.128103463097755]]]}}, {"type": "Feature", "properties": {"hex_id": 732, "utci_present": 35.27, "utci_2050": 39.89, "utci_2090": 43.56, "utci": 35.27}, "geometry": {"type": "Polygon", "coordinates": [[[-15.940142539993394, 18.130786566122616], [-15.943354383928595, 18.130770857200712], [-15.94497458288916, 18.133422501469088], [-15.94338289430249, 18.13608989654906], [-15.940170953332771, 18.136105610390754], [-15.938550797995362, 18.133453924232562], [-15.940142539993394, 18.130786566122616]]]}}, {"type": "Feature", "properties": {"hex_id": 654, "utci_present": 34.86, "utci_2050": 39.3, "utci_2090": 42.78, "utci": 34.86}, "geometry": {"type": "Polygon", "coordinates": [[[-15.949778061983668, 18.13073927868474], [-15.952989896081291, 18.130723409091146], [-15.9546102356481, 18.133374965581474], [-15.953018697555999, 18.136042433579487], [-15.94980676642523, 18.136058308143184], [-15.94818647043083, 18.133406709738633], [-15.949778061983668, 18.13073927868474]]]}}, {"type": "Feature", "properties": {"hex_id": 693, "utci_present": 35.08, "utci_2050": 39.62, "utci_2090": 43.21, "utci": 35.08}, "geometry": {"type": "Polygon", "coordinates": [[[-15.94497458288916, 18.133422501469088], [-15.94818647043083, 18.133406709738633], [-15.94980676642523, 18.136058308143184], [-15.948215131283295, 18.138725740186338], [-15.945003146691107, 18.138741536861886], [-15.94338289430249, 18.13608989654906], [-15.94497458288916, 18.133422501469088]]]}}, {"type": "Feature", "properties": {"hex_id": 809, "utci_present": 35.19, "utci_2050": 39.8, "utci_2090": 43.46, "utci": 35.19}, "geometry": {"type": "Polygon", "coordinates": [[[-15.930478876128245, 18.125514309637424], [-15.93369063279841, 18.12549876625853], [-15.9353106377393, 18.12815050215999], [-15.933718842363264, 18.130817823293082], [-15.930506988690587, 18.130833371541165], [-15.928887027407574, 18.128181593786838], [-15.930478876128245, 18.125514309637424]]]}}, {"type": "Feature", "properties": {"hex_id": 770, "utci_present": 35.2, "utci_2050": 39.84, "utci_2090": 43.53, "utci": 35.2}, "geometry": {"type": "Polygon", "coordinates": [[[-15.935310637739303, 18.12815050215999], [-15.938522438050665, 18.128134876021935], [-15.940142539993394, 18.130786566122616], [-15.938550797995362, 18.133453924232562], [-15.935338900665476, 18.133469555265105], [-15.933718842363268, 18.130817823293082], [-15.935310637739303, 18.12815050215999]]]}}, {"type": "Feature", "properties": {"hex_id": 848, "utci_present": 35.3, "utci_2050": 39.87, "utci_2090": 43.49, "utci": 35.3}, "geometry": {"type": "Polygon", "coordinates": [[[-15.925675217409454, 18.128197059275163], [-15.928887027407574, 18.128181593786838], [-15.930506988690587, 18.130833371541165], [-15.928915096295354, 18.133500656630613], [-15.925703189277359, 18.13351612696311], [-15.924083271685594, 18.130864307361865], [-15.925675217409454, 18.128197059275163]]]}}, {"type": "Feature", "properties": {"hex_id": 810, "utci_present": 35.28, "utci_2050": 39.93, "utci_2090": 43.63, "utci": 35.28}, "geometry": {"type": "Polygon", "coordinates": [[[-15.930506988690587, 18.130833371541165], [-15.933718842363264, 18.130817823293082], [-15.935338900665476, 18.133469555265105], [-15.933747061632237, 18.136136877350477], [-15.930535110923675, 18.136152430468034], [-15.928915096295354, 18.133500656630613], [-15.930506988690587, 18.130833371541165]]]}}, {"type": "Feature", "properties": {"hex_id": 771, "utci_present": 35.13, "utci_2050": 39.73, "utci_2090": 43.38, "utci": 35.13}, "geometry": {"type": "Polygon", "coordinates": [[[-15.935338900665476, 18.133469555265105], [-15.938550797995362, 18.133453924232562], [-15.940170953332771, 18.136105610390754], [-15.938579167694897, 18.138772969465222], [-15.935367173313127, 18.138788605392538], [-15.933747061632237, 18.136136877350477], [-15.935338900665476, 18.133469555265105]]]}}, {"type": "Feature", "properties": {"hex_id": 849, "utci_present": 35.25, "utci_2050": 39.89, "utci_2090": 43.58, "utci": 35.25}, "geometry": {"type": "Polygon", "coordinates": [[[-15.925703189277359, 18.13351612696311], [-15.928915096295354, 18.133500656630613], [-15.930535110923675, 18.136152430468034], [-15.928943174837872, 18.138819716497274], [-15.925731170766634, 18.138835191674225], [-15.924111199845568, 18.136183375977353], [-15.925703189277359, 18.13351612696311]]]}}, {"type": "Feature", "properties": {"hex_id": 811, "utci_present": 35.32, "utci_2050": 39.97, "utci_2090": 43.67, "utci": 35.32}, "geometry": {"type": "Polygon", "coordinates": [[[-15.930535110923675, 18.136152430468034], [-15.933747061632237, 18.136136877350477], [-15.935367173313127, 18.138788605392538], [-15.93377529060668, 18.141455928429956], [-15.930563242828866, 18.141471486417267], [-15.928943174837872, 18.138819716497274], [-15.930535110923675, 18.136152430468034]]]}}, {"type": "Feature", "properties": {"hex_id": 772, "utci_present": 35.24, "utci_2050": 39.86, "utci_2090": 43.53, "utci": 35.24}, "geometry": {"type": "Polygon", "coordinates": [[[-15.935367173313127, 18.138788605392538], [-15.938579167694897, 18.138772969465222], [-15.940199376444356, 18.1414246516804], [-15.938607547150646, 18.144092011719163], [-15.935395455683615, 18.144107652541535], [-15.93377529060668, 18.141455928429956], [-15.935367173313127, 18.138788605392538]]]}}, {"type": "Feature", "properties": {"hex_id": 850, "utci_present": 35.08, "utci_2050": 39.63, "utci_2090": 43.22, "utci": 35.08}, "geometry": {"type": "Polygon", "coordinates": [[[-15.925731170766634, 18.138835191674225], [-15.928943174837872, 18.138819716497274], [-15.930563242828866, 18.141471486417267], [-15.928971263036482, 18.144138773386068], [-15.92575916187863, 18.144154253407756], [-15.924139137610904, 18.141502441615778], [-15.925731170766634, 18.138835191674225]]]}}, {"type": "Feature", "properties": {"hex_id": 812, "utci_present": 35.26, "utci_2050": 39.86, "utci_2090": 43.51, "utci": 35.26}, "geometry": {"type": "Polygon", "coordinates": [[[-15.930563242828866, 18.141471486417267], [-15.93377529060668, 18.141455928429956], [-15.935395455683615, 18.144107652541535], [-15.933803529287953, 18.14677497653076], [-15.93059138440751, 18.14679053938811], [-15.928971263036482, 18.144138773386068], [-15.930563242828866, 18.141471486417267]]]}}, {"type": "Feature", "properties": {"hex_id": 888, "utci_present": 35.04, "utci_2050": 39.51, "utci_2090": 43.03, "utci": 35.04}, "geometry": {"type": "Polygon", "coordinates": [[[-15.920871408375529, 18.13087969493401], [-15.924083271685594, 18.130864307361865], [-15.925703189277359, 18.13351612696311], [-15.924111199845568, 18.136183375977353], [-15.920899239498274, 18.13619876836865], [-15.919279365631121, 18.133546906926426], [-15.920871408375529, 18.13087969493401]]]}}, {"type": "Feature", "properties": {"hex_id": 927, "utci_present": 34.55, "utci_2050": 38.91, "utci_2090": 42.32, "utci": 34.55}, "geometry": {"type": "Polygon", "coordinates": [[[-15.916067449025126, 18.133562216556783], [-15.919279365631121, 18.133546906926426], [-15.920899239498274, 18.13619876836865], [-15.919307153012568, 18.13886598127613], [-15.91609513935199, 18.138881295700617], [-15.91447530924282, 18.136229392423367], [-15.916067449025126, 18.133562216556783]]]}}, {"type": "Feature", "properties": {"hex_id": 889, "utci_present": 35.12, "utci_2050": 39.66, "utci_2090": 43.25, "utci": 35.12}, "geometry": {"type": "Polygon", "coordinates": [[[-15.920899239498274, 18.13619876836865], [-15.924111199845568, 18.136183375977353], [-15.925731170766634, 18.138835191674225], [-15.924139137610904, 18.141502441615778], [-15.920927080193009, 18.14151783882651], [-15.919307153012568, 18.13886598127613], [-15.920899239498274, 18.13619876836865]]]}}, {"type": "Feature", "properties": {"hex_id": 928, "utci_present": 34.28, "utci_2050": 38.58, "utci_2090": 41.91, "utci": 34.28}, "geometry": {"type": "Polygon", "coordinates": [[[-15.91609513935199, 18.138881295700617], [-15.919307153012568, 18.13886598127613], [-15.920927080193009, 18.14151783882651], [-15.919334949949986, 18.144185052648808], [-15.916122839201451, 18.144200371867715], [-15.914502955795014, 18.141548472469772], [-15.91609513935199, 18.138881295700617]]]}}, {"type": "Feature", "properties": {"hex_id": 890, "utci_present": 33.76, "utci_2050": 37.92, "utci_2090": 41.11, "utci": 33.76}, "geometry": {"type": "Polygon", "coordinates": [[[-15.920927080193009, 18.14151783882651], [-15.924139137610904, 18.141502441615778], [-15.925759161878627, 18.144154253407756], [-15.924167084982942, 18.146821504276378], [-15.92095493046107, 18.146836906306827], [-15.919334949949986, 18.144185052648808], [-15.920927080193009, 18.14151783882651]]]}}, {"type": "Feature", "properties": {"hex_id": 929, "utci_present": 33.96, "utci_2050": 38.18, "utci_2090": 41.44, "utci": 33.96}, "geometry": {"type": "Polygon", "coordinates": [[[-15.916122839201451, 18.144200371867715], [-15.919334949949986, 18.144185052648808], [-15.92095493046107, 18.146836906306827], [-15.919362756444714, 18.149504121043712], [-15.916150548574844, 18.149519445057308], [-15.914530611853785, 18.146867549539195], [-15.916122839201451, 18.144200371867715]]]}}, {"type": "Feature", "properties": {"hex_id": 891, "utci_present": 33.91, "utci_2050": 38.13, "utci_2090": 41.38, "utci": 33.91}, "geometry": {"type": "Polygon", "coordinates": [[[-15.92095493046107, 18.146836906306827], [-15.924167084982942, 18.146821504276378], [-15.925787162614691, 18.149473312162943], [-15.92419504196303, 18.152140563958397], [-15.9209827903038, 18.15215597080885], [-15.919362756444714, 18.149504121043712], [-15.92095493046107, 18.146836906306827]]]}}, {"type": "Feature", "properties": {"hex_id": 852, "utci_present": 34.87, "utci_2050": 39.31, "utci_2090": 42.8, "utci": 34.87}, "geometry": {"type": "Polygon", "coordinates": [[[-15.925787162614691, 18.149473312162943], [-15.928999360892533, 18.149457827296235], [-15.930619535660966, 18.15210958937981], [-15.92902746840738, 18.154776878227022], [-15.925815172976161, 18.15479236793903], [-15.92419504196303, 18.152140563958397], [-15.925787162614691, 18.149473312162943]]]}}, {"type": "Feature", "properties": {"hex_id": 930, "utci_present": 34.2, "utci_2050": 38.5, "utci_2090": 41.84, "utci": 34.2}, "geometry": {"type": "Polygon", "coordinates": [[[-15.916150548574844, 18.149519445057308], [-15.919362756444714, 18.149504121043712], [-15.9209827903038, 18.15215597080885], [-15.919390572498092, 18.15482318646007], [-15.916178267473498, 18.15483851526864], [-15.914558277420461, 18.15218662363088], [-15.916150548574844, 18.149519445057308]]]}}, {"type": "Feature", "properties": {"hex_id": 892, "utci_present": 34.19, "utci_2050": 38.47, "utci_2090": 41.79, "utci": 34.19}, "geometry": {"type": "Polygon", "coordinates": [[[-15.9209827903038, 18.15215597080885], [-15.92419504196303, 18.152140563958397], [-15.925815172976161, 18.15479236793903], [-15.924223008552511, 18.157459620661086], [-15.921010659722539, 18.15747503233181], [-15.919390572498092, 18.15482318646007], [-15.9209827903038, 18.15215597080885]]]}}, {"type": "Feature", "properties": {"hex_id": 655, "utci_present": 34.07, "utci_2050": 38.33, "utci_2090": 41.63, "utci": 34.07}, "geometry": {"type": "Polygon", "coordinates": [[[-15.94980676642523, 18.136058308143184], [-15.953018697555999, 18.136042433579487], [-15.954639090600223, 18.13869398608867], [-15.953047508936393, 18.14136145508818], [-15.949835480739113, 18.141377334622273], [-15.948215131283295, 18.138725740186338], [-15.94980676642523, 18.136058308143184]]]}}, {"type": "Feature", "properties": {"hex_id": 733, "utci_present": 35.15, "utci_2050": 39.75, "utci_2090": 43.4, "utci": 35.15}, "geometry": {"type": "Polygon", "coordinates": [[[-15.940170953332771, 18.136105610390754], [-15.94338289430249, 18.13608989654906], [-15.945003146691107, 18.138741536861886], [-15.943411414481968, 18.141408932918626], [-15.940199376444356, 18.1414246516804], [-15.938579167694897, 18.138772969465222], [-15.940170953332771, 18.136105610390754]]]}}, {"type": "Feature", "properties": {"hex_id": 694, "utci_present": 34.79, "utci_2050": 39.27, "utci_2090": 42.8, "utci": 34.79}, "geometry": {"type": "Polygon", "coordinates": [[[-15.945003146691107, 18.138741536861886], [-15.948215131283295, 18.138725740186338], [-15.949835480739113, 18.141377334622273], [-15.948243801992085, 18.14404476765445], [-15.945031720316006, 18.14406056927538], [-15.943411414481968, 18.141408932918626], [-15.945003146691107, 18.138741536861886]]]}}, {"type": "Feature", "properties": {"hex_id": 656, "utci_present": 34.03, "utci_2050": 38.29, "utci_2090": 41.57, "utci": 34.03}, "geometry": {"type": "Polygon", "coordinates": [[[-15.949835480739113, 18.141377334622273], [-15.953047508936393, 18.14136145508818], [-15.954667955475413, 18.144013003615704], [-15.95307633022387, 18.146680473616478], [-15.949864204926701, 18.14669635812126], [-15.948243801992085, 18.14404476765445], [-15.949835480739113, 18.141377334622273]]]}}, {"type": "Feature", "properties": {"hex_id": 734, "utci_present": 34.83, "utci_2050": 39.29, "utci_2090": 42.8, "utci": 34.83}, "geometry": {"type": "Polygon", "coordinates": [[[-15.940199376444356, 18.1414246516804], [-15.943411414481968, 18.141408932918626], [-15.945031720316006, 18.14406056927538], [-15.943439944468402, 18.146727966308664], [-15.940227809329528, 18.1467436899908], [-15.938607547150646, 18.144092011719163], [-15.940199376444356, 18.1414246516804]]]}}, {"type": "Feature", "properties": {"hex_id": 695, "utci_present": 34.83, "utci_2050": 39.3, "utci_2090": 42.82, "utci": 34.83}, "geometry": {"type": "Polygon", "coordinates": [[[-15.945031720316006, 18.14406056927538], [-15.948243801992085, 18.14404476765445], [-15.949864204926701, 18.14669635812126], [-15.94827248255858, 18.14936379214222], [-15.945060303765235, 18.149379598708826], [-15.943439944468402, 18.146727966308664], [-15.945031720316006, 18.14406056927538]]]}}, {"type": "Feature", "properties": {"hex_id": 735, "utci_present": 34.58, "utci_2050": 38.99, "utci_2090": 42.44, "utci": 34.58}, "geometry": {"type": "Polygon", "coordinates": [[[-15.940227809329528, 18.1467436899908], [-15.943439944468402, 18.146727966308664], [-15.945060303765235, 18.149379598708826], [-15.94346848426316, 18.15204699671841], [-15.940256251989643, 18.152062725321198], [-15.93863593636397, 18.149411050993617], [-15.940227809329528, 18.1467436899908]]]}}, {"type": "Feature", "properties": {"hex_id": 657, "utci_present": 34.25, "utci_2050": 38.54, "utci_2090": 41.87, "utci": 34.25}, "geometry": {"type": "Polygon", "coordinates": [[[-15.949864204926701, 18.14669635812126], [-15.95307633022387, 18.146680473616478], [-15.95469683027506, 18.149332018161807], [-15.953105161419808, 18.151999489163625], [-15.949892938989372, 18.152015378639383], [-15.94827248255858, 18.14936379214222], [-15.949864204926701, 18.14669635812126]]]}}, {"type": "Feature", "properties": {"hex_id": 696, "utci_present": 33.85, "utci_2050": 38.07, "utci_2090": 41.3, "utci": 33.85}, "geometry": {"type": "Polygon", "coordinates": [[[-15.945060303765235, 18.149379598708826], [-15.94827248255858, 18.14936379214222], [-15.949892938989372, 18.152015378639383], [-15.948301172984163, 18.1546828136489], [-15.94508889704017, 18.15469862516146], [-15.94346848426316, 18.15204699671841], [-15.945060303765235, 18.149379598708826]]]}}, {"type": "Feature", "properties": {"hex_id": 736, "utci_present": 33.31, "utci_2050": 37.33, "utci_2090": 40.38, "utci": 33.31}, "geometry": {"type": "Polygon", "coordinates": [[[-15.940256251989643, 18.152062725321198], [-15.94346848426316, 18.15204699671841], [-15.945088897040169, 18.15469862516146], [-15.94349703386762, 18.157366024147116], [-15.940284704426075, 18.15738175767084], [-15.938664335336235, 18.15473008728784], [-15.940256251989643, 18.152062725321198]]]}}, {"type": "Feature", "properties": {"hex_id": 851, "utci_present": 34.54, "utci_2050": 38.92, "utci_2090": 42.33, "utci": 34.54}, "geometry": {"type": "Polygon", "coordinates": [[[-15.92575916187863, 18.144154253407756], [-15.928971263036482, 18.144138773386068], [-15.93059138440751, 18.14679053938811], [-15.928999360892533, 18.149457827296235], [-15.925787162614691, 18.149473312162943], [-15.924167084982942, 18.146821504276378], [-15.92575916187863, 18.144154253407756]]]}}, {"type": "Feature", "properties": {"hex_id": 773, "utci_present": 35.04, "utci_2050": 39.6, "utci_2090": 43.2, "utci": 35.04}, "geometry": {"type": "Polygon", "coordinates": [[[-15.935395455683615, 18.144107652541535], [-15.938607547150646, 18.144092011719163], [-15.940227809329528, 18.1467436899908], [-15.93863593636397, 18.149411050993617], [-15.9354237477783, 18.149426696711338], [-15.933803529287957, 18.14677497653076], [-15.935395455683615, 18.144107652541535]]]}}, {"type": "Feature", "properties": {"hex_id": 813, "utci_present": 34.76, "utci_2050": 39.21, "utci_2090": 42.69, "utci": 34.76}, "geometry": {"type": "Polygon", "coordinates": [[[-15.93059138440751, 18.14679053938811], [-15.933803529287953, 18.14677497653076], [-15.9354237477783, 18.149426696711338], [-15.933831777677415, 18.152094021652132], [-15.930619535660966, 18.15210958937981], [-15.928999360892533, 18.149457827296235], [-15.93059138440751, 18.14679053938811]]]}}, {"type": "Feature", "properties": {"hex_id": 774, "utci_present": 34.65, "utci_2050": 39.06, "utci_2090": 42.5, "utci": 34.65}, "geometry": {"type": "Polygon", "coordinates": [[[-15.9354237477783, 18.149426696711338], [-15.93863593636397, 18.149411050993617], [-15.940256251989643, 18.152062725321198], [-15.938664335336235, 18.15473008728784], [-15.935452049598547, 18.15474573790119], [-15.933831777677415, 18.152094021652132], [-15.9354237477783, 18.149426696711338]]]}}, {"type": "Feature", "properties": {"hex_id": 814, "utci_present": 33.96, "utci_2050": 38.2, "utci_2090": 41.47, "utci": 33.96}, "geometry": {"type": "Polygon", "coordinates": [[[-15.930619535660966, 18.15210958937981], [-15.933831777677415, 18.152094021652132], [-15.935452049598547, 18.15474573790119], [-15.933860035776425, 18.157413063793324], [-15.930647696590583, 18.157428636391607], [-15.92902746840738, 18.154776878227022], [-15.930619535660966, 18.15210958937981]]]}}, {"type": "Feature", "properties": {"hex_id": 775, "utci_present": 33.63, "utci_2050": 37.77, "utci_2090": 40.93, "utci": 33.63}, "geometry": {"type": "Polygon", "coordinates": [[[-15.935480361145713, 18.160064776110342], [-15.933860035776425, 18.157413063793324], [-15.935452049598547, 18.15474573790119], [-15.938664335336235, 18.15473008728784], [-15.940284704426075, 18.15738175767084], [-15.938939341100786, 18.159635948024842], [-15.938933003972073, 18.159635978969114], [-15.938857376193166, 18.159636348244312], [-15.938781748412458, 18.15963671748977], [-15.938744127631436, 18.159673051183916], [-15.938706506834864, 18.159709384871274], [-15.938630879019442, 18.159709754058838], [-15.938555251202219, 18.159710123216662], [-15.938479623383188, 18.159710492344747], [-15.93840399556236, 18.159710861443095], [-15.93836637468442, 18.15974719506734], [-15.938328753790927, 18.159783528684788], [-15.938253125935388, 18.159783897725237], [-15.938177498078044, 18.15978426673594], [-15.9381018702189, 18.159784635716928], [-15.938026242357953, 18.15978500466817], [-15.937950614495202, 18.15978537358967], [-15.937912993503895, 18.15982170712992], [-15.93787537249703, 18.159858040663387], [-15.937799744599573, 18.159858409526986], [-15.937724116700315, 18.15985877836085], [-15.937648488799253, 18.15985914716499], [-15.93757286089639, 18.159859515939385], [-15.937497232991726, 18.159859884684046], [-15.937459611887048, 18.159896218140307], [-15.937421990766817, 18.159932551589772], [-15.937346362827446, 18.15993292027653], [-15.937270734886273, 18.15993328893356], [-15.937195106943301, 18.159933657560828], [-15.937119478998527, 18.15993402615839], [-15.937043851051953, 18.1599343947262], [-15.937006229833909, 18.159970728098457], [-15.936968608600312, 18.160007061463926], [-15.936892980619032, 18.160007429973835], [-15.936817352635954, 18.160007798454014], [-15.936741724651077, 18.160008166904433], [-15.936666096664396, 18.160008535325147], [-15.936590468675918, 18.160008903716108], [-15.936514840685643, 18.160009272077343], [-15.93647721933778, 18.160045605351513], [-15.936462318253016, 18.160059996249288], [-15.935480361145713, 18.160064776110342]]]}}, {"type": "Feature", "properties": {"hex_id": 815, "utci_present": 33.87, "utci_2050": 38.09, "utci_2090": 41.34, "utci": 33.87}, "geometry": {"type": "Polygon", "coordinates": [[[-15.929055585582375, 18.16009592617767], [-15.930647696590583, 18.157428636391607], [-15.933860035776425, 18.157413063793324], [-15.935480361145713, 18.160064776110342], [-15.935424013623805, 18.16015918206604], [-15.93538119030811, 18.160159390390856], [-15.935305562226853, 18.160159758279438], [-15.935267940586462, 18.160196091329265], [-15.935230318930513, 18.160232424372285], [-15.935154690814558, 18.16023279220295], [-15.935079062696804, 18.16023316000389], [-15.935003434577252, 18.160233527775087], [-15.934927806455907, 18.160233895516562], [-15.934852178332763, 18.160234263228283], [-15.934776550207824, 18.160234630910278], [-15.934700922081088, 18.160234998562533], [-15.934625293952557, 18.160235366185045], [-15.93454966582223, 18.160235733777835], [-15.934474037690109, 18.16023610134088], [-15.934436415854103, 18.160272434236244], [-15.934398794002547, 18.160308767124814], [-15.93432316583573, 18.16030913462996], [-15.934247537667117, 18.160309502105356], [-15.934171909496708, 18.16030986955103], [-15.934096281324507, 18.16031023696694], [-15.934020653150506, 18.16031060435314], [-15.933945024974717, 18.16031097170959], [-15.93386939679713, 18.160311339036312], [-15.933793768617749, 18.16031170633329], [-15.933718140436573, 18.16031207360053], [-15.933642512253604, 18.160312440838037], [-15.933566884068842, 18.16031280804581], [-15.933491255882286, 18.16031317522385], [-15.933415627693936, 18.160313542372148], [-15.933339999503792, 18.1603139094907], [-15.933302377406385, 18.160350242175266], [-15.933264755293425, 18.16038657485303], [-15.933189127068593, 18.160386941913686], [-15.933113498841964, 18.160387308944596], [-15.933037870613544, 18.160387675945774], [-15.932962242383331, 18.160388042917205], [-15.932886614151325, 18.160388409858907], [-15.932810985917529, 18.160388776770876], [-15.932735357681937, 18.160389143653102], [-15.932659729444556, 18.160389510505603], [-15.93258410120538, 18.160389877328353], [-15.932508472964413, 18.160390244121373], [-15.932432844721657, 18.16039061088465], [-15.93235721647711, 18.1603909776182], [-15.932281588230769, 18.160391344322004], [-15.932205959982635, 18.160391710996077], [-15.932130331732713, 18.160392077640406], [-15.932054703481, 18.160392444255013], [-15.931979075227495, 18.160392810839873], [-15.931903446972202, 18.160393177394997], [-15.931827818715117, 18.160393543920385], [-15.93175219045624, 18.160393910416033], [-15.931676562195573, 18.160394276881952], [-15.931600933933117, 18.160394643318128], [-15.931525305668872, 18.160395009724564], [-15.931449677402837, 18.16039537610127], [-15.93137404913501, 18.160395742448245], [-15.931298420865398, 18.16039610876547], [-15.931222792593994, 18.16039647505297], [-15.931147164320798, 18.160396841310725], [-15.931071536045819, 18.160397207538743], [-15.930995907769047, 18.160397573737036], [-15.930920279490486, 18.16039793990558], [-15.930844651210139, 18.160398306044385], [-15.930769022928002, 18.160398672153462], [-15.930693394644077, 18.16039903823279], [-15.930617766358363, 18.160399404282398], [-15.930542138070862, 18.160399770302263], [-15.930466509781574, 18.160400136292388], [-15.9303908814905, 18.16040050225278], [-15.930315253197636, 18.160400868183434], [-15.930239624902981, 18.16040123408434], [-15.930163996606543, 18.16040159995553], [-15.930088368308317, 18.160401965796968], [-15.930012740008305, 18.16040233160868], [-15.929937111706504, 18.160402697390648], [-15.929861483402918, 18.16040306314288], [-15.929785855097546, 18.160403428865372], [-15.929710226790386, 18.160403794558135], [-15.929634598481439, 18.160404160221155], [-15.929558970170707, 18.16040452585444], [-15.929483341858191, 18.16040489145799], [-15.929407713543888, 18.160405257031805], [-15.929369708196024, 18.160369290630772], [-15.929331702863712, 18.160333324221398], [-15.929256074576942, 18.160333689734177], [-15.92920102456496, 18.160333955773105], [-15.929055585582375, 18.16009592617767]]]}}, {"type": "Feature", "properties": {"hex_id": 776, "utci_present": 33.85, "utci_2050": 38.06, "utci_2090": 41.3, "utci": 33.85}, "geometry": {"type": "Polygon", "coordinates": [[[-15.935480361145713, 18.160064776110342], [-15.936462318253016, 18.160059996249288], [-15.936439597974365, 18.160081938618898], [-15.936363969949385, 18.16008230692222], [-15.936288341922603, 18.16008267519581], [-15.936212713894026, 18.160083043439652], [-15.93613708586365, 18.160083411653773], [-15.936061457831475, 18.16008377983815], [-15.935985829797499, 18.160084147992798], [-15.935910201761725, 18.1600845161177], [-15.935872580267597, 18.160120849279696], [-15.935834958757914, 18.1601571824349], [-15.935759330687441, 18.160157550501904], [-15.935683702615172, 18.160157918539156], [-15.935608074541102, 18.160158286546693], [-15.935532446465235, 18.160158654524484], [-15.935456818387571, 18.16015902247254], [-15.935424013623805, 18.16015918206604], [-15.935480361145713, 18.160064776110342]]]}}, {"type": "Feature", "properties": {"hex_id": 658, "utci_present": 33.97, "utci_2050": 38.21, "utci_2090": 41.47, "utci": 33.97}, "geometry": {"type": "Polygon", "coordinates": [[[-15.948301172984163, 18.1546828136489], [-15.949892938989372, 18.152015378639383], [-15.953105161419808, 18.151999489163625], [-15.954549707045583, 18.154363051294528], [-15.954522026649371, 18.154389790014346], [-15.95448441034668, 18.154426126605998], [-15.954408785150402, 18.154426501893276], [-15.954371168815701, 18.154462838464102], [-15.954333552465455, 18.154499175028146], [-15.95425792723442, 18.15449955025756], [-15.954220310852161, 18.154535886800794], [-15.95418269445436, 18.154572223337233], [-15.954107069188565, 18.154572598508796], [-15.954069452758754, 18.154608935024395], [-15.954031836313394, 18.15464527153323], [-15.953956211012839, 18.154645646646944], [-15.95388058571045, 18.154646021730915], [-15.953842969216621, 18.15468235820486], [-15.953805352707244, 18.154718694672017], [-15.953729727370098, 18.154719069698135], [-15.953692110828712, 18.15475540614446], [-15.953654494271778, 18.154791742584013], [-15.953578868899875, 18.154792117552272], [-15.953541252310933, 18.154828453970993], [-15.953503635706443, 18.15486479038293], [-15.95342801029978, 18.15486516529333], [-15.95335238489129, 18.154865540174015], [-15.953314768238327, 18.154901876551044], [-15.95327715156982, 18.154938212921312], [-15.953201526126572, 18.154938587744134], [-15.953163909426051, 18.154974924093562], [-15.953126292709989, 18.155011260436215], [-15.953050667231983, 18.155011635201173], [-15.953013050483907, 18.155047971522983], [-15.952975433720288, 18.155084307838028], [-15.952899808207524, 18.15508468254512], [-15.952824182692934, 18.155085057222486], [-15.952786565880842, 18.155121393502636], [-15.952748949053202, 18.155157729775997], [-15.952673323503854, 18.155158104395515], [-15.952635706644205, 18.15519444064803], [-15.952598089769008, 18.155230776893777], [-15.95252246418491, 18.155231151455425], [-15.952446838598977, 18.155231525987347], [-15.95240922167531, 18.155267862198194], [-15.952371604736094, 18.15530419840226], [-15.95229597911541, 18.15530457287632], [-15.952258362144184, 18.155340909059543], [-15.952220745157414, 18.15537724523599], [-15.952145119501974, 18.155377619652196], [-15.952107502483193, 18.155413955807813], [-15.952069885448864, 18.15545029195665], [-15.951994259758674, 18.15545066631499], [-15.951918634066656, 18.1554510406436], [-15.951881016983855, 18.15548737675752], [-15.951843399885508, 18.15552371286467], [-15.951767774158736, 18.15552408713541], [-15.95173015702838, 18.155560423221736], [-15.951692539882474, 18.155596759301268], [-15.951616914120951, 18.155597133514156], [-15.951541288357598, 18.155597507697312], [-15.951503671163223, 18.15563384374193], [-15.9514660539533, 18.15567017977979], [-15.951390428155197, 18.15567055390508], [-15.951352810913264, 18.155706889922083], [-15.951315193655784, 18.15574322593233], [-15.951239567822931, 18.155743599999752], [-15.95116394198825, 18.155743974037446], [-15.9511263246823, 18.15578031001276], [-15.951088707360801, 18.155816645981314], [-15.951013081491368, 18.155817019961145], [-15.950975464137862, 18.155853355908842], [-15.950937846768808, 18.15588969184979], [-15.950862220864627, 18.155890065771743], [-15.950786594958618, 18.155890439663978], [-15.950748977541092, 18.15592677556999], [-15.950711360108018, 18.155963111469237], [-15.950635734167264, 18.155963485303605], [-15.95059811670218, 18.155999821182004], [-15.950560499221549, 18.15603615705362], [-15.950484873246044, 18.15603653083013], [-15.950409247268714, 18.156036904576894], [-15.950371629739612, 18.15607324041361], [-15.950334012194963, 18.156109576243537], [-15.950258386182885, 18.15610994993244], [-15.950220768606227, 18.156146285741528], [-15.95018315101402, 18.156182621543845], [-15.950107524967194, 18.15618299517487], [-15.950031898918542, 18.156183368776176], [-15.949994281277867, 18.156219704543574], [-15.949956663621641, 18.156256040304193], [-15.949881037538246, 18.15625641384763], [-15.94984341985001, 18.156292749587404], [-15.94980580214623, 18.1563290853204], [-15.949730176028087, 18.15632945880596], [-15.949654549908118, 18.156329832261797], [-15.949616932155864, 18.156366167959884], [-15.949579314388066, 18.15640250365119], [-15.949503688233351, 18.156402877049153], [-15.949466070433543, 18.156439212719608], [-15.949428452618184, 18.156475548383284], [-15.949396888247858, 18.156475704209182], [-15.948301172984163, 18.1546828136489]]]}}, {"type": "Feature", "properties": {"hex_id": 697, "utci_present": 32.78, "utci_2050": 36.63, "utci_2090": 39.51, "utci": 32.78}, "geometry": {"type": "Polygon", "coordinates": [[[-15.94349703386762, 18.157366024147116], [-15.94508889704017, 18.15469862516146], [-15.948301172984163, 18.1546828136489], [-15.949396888247858, 18.156475704209182], [-15.949352826428727, 18.156475921723384], [-15.949277200237445, 18.15647629503375], [-15.949239582373616, 18.156512630662515], [-15.94920196449424, 18.156548966284493], [-15.949126338268213, 18.156549339536994], [-15.94908872035683, 18.156585675138135], [-15.949051102429898, 18.1566220107325], [-15.948975476169126, 18.15662238392712], [-15.948899849906532, 18.156622757092006], [-15.94886223193113, 18.156659092651452], [-15.94882461394018, 18.15669542820411], [-15.948748987642842, 18.15669580131113], [-15.94867336134368, 18.15669617438843], [-15.948635743304262, 18.156732509906167], [-15.948598125249292, 18.15676884541713], [-15.94852249891539, 18.15676921843655], [-15.948484880828413, 18.156805553926674], [-15.948447262725889, 18.15684188941001], [-15.94837163635724, 18.15684226237155], [-15.948296009986775, 18.156842635303363], [-15.948258391835783, 18.156878970751784], [-15.948220773669236, 18.15691530619342], [-15.948145147264029, 18.156915679067353], [-15.948107529065478, 18.156952014488148], [-15.948069910851377, 18.156988349902164], [-15.947994284411427, 18.15698872271823], [-15.947918657969657, 18.156989095504564], [-15.947881039707086, 18.157025430883657], [-15.947843421428967, 18.157061766255964], [-15.947767794952455, 18.157062138984422], [-15.947692168474124, 18.157062511683137], [-15.94765455014754, 18.15709884702052], [-15.9476169318054, 18.157135182351137], [-15.947541305292331, 18.15713555499199], [-15.947503686918186, 18.157171890301743], [-15.947466068528492, 18.15720822560472], [-15.94739044198068, 18.15720859818769], [-15.947314815431051, 18.157208970740932], [-15.94727719699289, 18.157245306008985], [-15.947239578539177, 18.157281641270277], [-15.94716395195481, 18.157282013765638], [-15.947088325368622, 18.15728238623127], [-15.947050706866442, 18.15731872145761], [-15.947013088348712, 18.157355056677186], [-15.946937461727787, 18.15735542908494], [-15.946861835105043, 18.157355801462973], [-15.946824216538847, 18.157392136647612], [-15.946786597957098, 18.15742847182548], [-15.946710971299616, 18.157428844145624], [-15.946673352685863, 18.157465179302637], [-15.946635734056558, 18.15750151445287], [-15.946560107364341, 18.157501886715128], [-15.946484480670305, 18.15750225894767], [-15.946446861992532, 18.157538594062977], [-15.946409243299215, 18.157574929171506], [-15.94633361657044, 18.15757530134616], [-15.946257989839848, 18.157575673491085], [-15.946220371098061, 18.157612008564676], [-15.946182752340725, 18.15764834363149], [-15.946107125575395, 18.157648715718537], [-15.946031498808255, 18.157649087775845], [-15.94599388000245, 18.157685422807734], [-15.945956261181093, 18.15772175783284], [-15.945880634379217, 18.157722129832283], [-15.94580500757552, 18.15772250180198], [-15.9457673887057, 18.157758836792155], [-15.94572976982033, 18.15779517177555], [-15.9456541429819, 18.157795543687364], [-15.945616524064521, 18.1578318786499], [-15.945578905131592, 18.157868213605674], [-15.94550327825843, 18.15786858545961], [-15.94542765138345, 18.157868957283807], [-15.945390032402054, 18.157905292204635], [-15.945352413405109, 18.157941627118696], [-15.945276786495397, 18.157941998885004], [-15.94520115958387, 18.15794237062159], [-15.945163540538458, 18.157978705500714], [-15.945125921477496, 18.158015040373062], [-15.945050294531237, 18.158015412051757], [-15.94497466758316, 18.15801578370073], [-15.944937048473733, 18.15805211853813], [-15.944899429348755, 18.158088453368755], [-15.944823802365951, 18.158088824959837], [-15.944748175381328, 18.158089196521196], [-15.944710556207882, 18.158125531316877], [-15.94467293701889, 18.158161866105793], [-15.944597309999537, 18.15816223760926], [-15.94452168297837, 18.158162609083004], [-15.94448406374091, 18.15819894383698], [-15.9444464444879, 18.15823527858417], [-15.944370817432006, 18.158235650000023], [-15.944295190374294, 18.158236021386145], [-15.944257571072818, 18.158272356098397], [-15.94421995175579, 18.158308690803874], [-15.94414432466335, 18.158309062132105], [-15.944073550631302, 18.15830940960492], [-15.94349703386762, 18.157366024147116]]]}}, {"type": "Feature", "properties": {"hex_id": 737, "utci_present": 31.78, "utci_2050": 35.29, "utci_2090": 37.83, "utci": 31.78}, "geometry": {"type": "Polygon", "coordinates": [[[-15.940284704426075, 18.15738175767084], [-15.94349703386762, 18.157366024147116], [-15.944073550631302, 18.15830940960492], [-15.944068697569099, 18.158309433430606], [-15.943993070473029, 18.158309804699368], [-15.94395545109108, 18.158346139355835], [-15.943917831693582, 18.15838247400551], [-15.943842204562786, 18.15838284521639], [-15.943766577430177, 18.158383216397535], [-15.943728957984215, 18.15841955101228], [-15.943691338522699, 18.158455885620253], [-15.943615711355362, 18.158456256743513], [-15.943540084186214, 18.15845662783703], [-15.943502464676234, 18.158492962410065], [-15.943464845150704, 18.158529296976305], [-15.943389217946827, 18.158529668011937], [-15.943313590741141, 18.158530039017844], [-15.943275971167145, 18.158566373549146], [-15.9432383515776, 18.158602708073676], [-15.943162724337187, 18.15860307902168], [-15.943087097094958, 18.158603449939964], [-15.943011469850921, 18.158603820828517], [-15.942973850196456, 18.158640155304013], [-15.942936230526438, 18.15867648977275], [-15.942860603247675, 18.158676860603403], [-15.9427849759671, 18.158677231404322], [-15.942747356248619, 18.158713565838106], [-15.942709736514589, 18.158749900265104], [-15.942634109199288, 18.158750271008145], [-15.94255848188218, 18.158750641721443], [-15.942520862099684, 18.1587869761135], [-15.942483242301638, 18.15882331049878], [-15.942407614949804, 18.158823681154182], [-15.942331987596159, 18.158824051779863], [-15.942256360240703, 18.158824422375805], [-15.94221874037774, 18.15886075671206], [-15.942181120499221, 18.158897091041528], [-15.942105493109045, 18.15889746157958], [-15.942029865717057, 18.158897832087888], [-15.94195423832326, 18.158898202566473], [-15.941916618379825, 18.15893453684693], [-15.941878998420837, 18.158970871120598], [-15.941803370992318, 18.15897124154129], [-15.94172774356199, 18.158971611932245], [-15.94169012355454, 18.15900794617097], [-15.941652503531538, 18.15904428040291], [-15.94157687606649, 18.159044650735964], [-15.941501248599632, 18.15904502103929], [-15.941425621130966, 18.159045391312887], [-15.941388001043046, 18.159081725495803], [-15.941350380939575, 18.15911805967193], [-15.941274753436188, 18.15911842988763], [-15.941199125930993, 18.159118800073596], [-15.941123498423991, 18.159119170229836], [-15.9410858782556, 18.159155504356928], [-15.94104825807166, 18.159191838477263], [-15.94097263052994, 18.15919220857559], [-15.940897002986409, 18.1591925786442], [-15.940821375441073, 18.15919294868307], [-15.940783755192216, 18.159229282754353], [-15.940746134927805, 18.159265616818864], [-15.940670507347752, 18.15926598679984], [-15.94059487976589, 18.159266356751083], [-15.94051925218222, 18.15926672667258], [-15.940481631852894, 18.159303060688064], [-15.940444011508013, 18.15933939469675], [-15.940368383889629, 18.159339764560364], [-15.940292756269438, 18.159340134394228], [-15.940217128647438, 18.159340504198372], [-15.940179508237645, 18.159376838158035], [-15.940141887812297, 18.159413172110927], [-15.940066260155582, 18.159413541857162], [-15.939990632497063, 18.15941391157367], [-15.939915004836735, 18.159414281260435], [-15.939839377174602, 18.159414650917473], [-15.939801756667887, 18.159450984807243], [-15.939764136145618, 18.15948731869023], [-15.939688508448771, 18.159487688289364], [-15.939612880750119, 18.15948805785877], [-15.939537253049659, 18.159488427398433], [-15.939499632462475, 18.159524761232383], [-15.939462011859742, 18.15956109505956], [-15.939386384124571, 18.159561464541323], [-15.939310756387595, 18.159561833993344], [-15.939235128648813, 18.159562203415646], [-15.939159500908227, 18.159562572808202], [-15.939121880224127, 18.159598906572267], [-15.939084259524472, 18.159635240329532], [-15.939008631749175, 18.159635609664196], [-15.938939341100786, 18.159635948024842], [-15.940284704426075, 18.15738175767084]]]}}, {"type": "Feature", "properties": {"hex_id": 853, "utci_present": 34.14, "utci_2050": 38.42, "utci_2090": 41.74, "utci": 34.14}, "geometry": {"type": "Polygon", "coordinates": [[[-15.924223008552511, 18.157459620661086], [-15.925815172976161, 18.15479236793903], [-15.92902746840738, 18.154776878227022], [-15.930647696590583, 18.157428636391607], [-15.929055585582375, 18.16009592617767], [-15.926131218367688, 18.160110033672403], [-15.926116165469951, 18.160095787814928], [-15.926078160833855, 18.160059820728666], [-15.926002532594868, 18.160060184956578], [-15.925926904354101, 18.16006054915475], [-15.925851276111555, 18.160060913323186], [-15.925812447845859, 18.1600611002792], [-15.924223008552511, 18.157459620661086]]]}}, {"type": "Feature", "properties": {"hex_id": 931, "utci_present": 34.2, "utci_2050": 38.49, "utci_2090": 41.82, "utci": 34.2}, "geometry": {"type": "Polygon", "coordinates": [[[-15.914585952496378, 18.157505694744067], [-15.916178267473498, 18.15483851526864], [-15.919390572498092, 18.15482318646007], [-15.921010659722539, 18.15747503233181], [-15.920054610873006, 18.159076532107086], [-15.9200225968563, 18.159076685280997], [-15.919946968910905, 18.159077047108454], [-15.919908965708407, 18.159041078732397], [-15.919870962521458, 18.15900511034801], [-15.919795334603627, 18.159005472114455], [-15.91971970668403, 18.15900583385118], [-15.919644078762667, 18.159006195558167], [-15.919568450839538, 18.159006557235415], [-15.919530447726814, 18.158970588780125], [-15.91949244462964, 18.15893462031652], [-15.91941681673408, 18.158934981932756], [-15.919341188836752, 18.158935343519268], [-15.919265560937662, 18.158935705076043], [-15.919189933036801, 18.15893606660309], [-15.919151930013852, 18.15890009806858], [-15.919113927006455, 18.158864129525742], [-15.919038299133167, 18.158864490991775], [-15.918962671258114, 18.15886485242808], [-15.918887043381293, 18.158865213834638], [-15.91881141550271, 18.15886557521148], [-15.918773412569541, 18.158829606597752], [-15.918735409651923, 18.1587936379757], [-15.918659781800908, 18.158793999291515], [-15.918584153948132, 18.158794360577602], [-15.91850852609359, 18.15879472183396], [-15.918432898237283, 18.158795083060582], [-15.918357270379211, 18.15879544425747], [-15.918319267550489, 18.158759475548898], [-15.918281264737319, 18.15872350683199], [-15.91820563690682, 18.158723867967876], [-15.918130009074561, 18.158724229074014], [-15.918054381240534, 18.158724590150438], [-15.917978753404745, 18.15872495119712], [-15.917940750665803, 18.15868898240932], [-15.917902747942412, 18.15865301361319], [-15.917827120134199, 18.158653374598877], [-15.917751492324221, 18.15865373555482], [-15.917675864512482, 18.158654096481023], [-15.917600236698979, 18.158654457377512], [-15.917562234049818, 18.158618488510506], [-15.917524231416206, 18.158582519635168], [-15.917448603630282, 18.158582880470632], [-15.917372975842593, 18.158583241276375], [-15.917297348053141, 18.158583602052378], [-15.917221720261928, 18.15858396279865], [-15.917146092468949, 18.15858432351519], [-15.917108089924241, 18.158548354553336], [-15.917070087395084, 18.15851238558314], [-15.916994459629684, 18.15851274623868], [-15.916918831862526, 18.158513106864483], [-15.916843204093604, 18.15851346746055], [-15.916767576322922, 18.158513828026884], [-15.916729573867997, 18.15847785898583], [-15.916691571428622, 18.158441889936434], [-15.916615943685521, 18.158442250441762], [-15.916540315940658, 18.15844261091737], [-15.916464688194033, 18.158442971363232], [-15.916389060445645, 18.158443331779367], [-15.9163134326955, 18.158443692165758], [-15.91627543034503, 18.158407723029867], [-15.916237428010113, 18.158371753885636], [-15.916161800287547, 18.158372114211033], [-15.916086172563224, 18.158372474506688], [-15.916010544837137, 18.158372834772624], [-15.915934917109293, 18.15837319500882], [-15.915859289379688, 18.158373555215285], [-15.915821287133674, 18.158337585984558], [-15.915783284903215, 18.15830161674548], [-15.915707657201194, 18.15830197689095], [-15.915632029497413, 18.15830233700667], [-15.915556401791871, 18.15830269709268], [-15.915480774084573, 18.158303057148945], [-15.915405146375518, 18.158303417175475], [-15.915367144233963, 18.158267447849894], [-15.91532914210796, 18.158231478515997], [-15.915253514426487, 18.158231838481534], [-15.915177886743257, 18.158232198417334], [-15.915102259058267, 18.158232558323395], [-15.915030198354987, 18.158232901226814], [-15.914585952496378, 18.157505694744067]]]}}, {"type": "Feature", "properties": {"hex_id": 893, "utci_present": 34.15, "utci_2050": 38.43, "utci_2090": 41.75, "utci": 34.15}, "geometry": {"type": "Polygon", "coordinates": [[[-15.921010659722539, 18.15747503233181], [-15.924223008552511, 18.157459620661086], [-15.925812447845859, 18.1600611002792], [-15.92577564786723, 18.16006127746189], [-15.925700019621127, 18.16006164157085], [-15.925624391373246, 18.160062005650087], [-15.925586386840685, 18.16002603846162], [-15.925548382323674, 18.159990071264822], [-15.925472754103339, 18.15999043528302], [-15.925397125881227, 18.159990799271505], [-15.925321497657341, 18.159991163230227], [-15.925245869431674, 18.15999152715924], [-15.925170241204228, 18.159991891058503], [-15.925132236776086, 18.159955923775144], [-15.925094232363499, 18.15991995648343], [-15.925018604163606, 18.15992032032168], [-15.924942975961933, 18.159920684130192], [-15.924867347758484, 18.159921047908963], [-15.924791719553259, 18.159921411657994], [-15.924716091346253, 18.1599217753773], [-15.924640463137475, 18.15992213906686], [-15.924602458828424, 18.15988617167297], [-15.924564454534925, 18.159850204270732], [-15.924488826353697, 18.159850567899277], [-15.924413198170694, 18.159850931498088], [-15.924337569985914, 18.159851295067163], [-15.924261941799358, 18.15985165860649], [-15.924186313611026, 18.1598520221161], [-15.924148309406403, 18.159816054627306], [-15.924110305217328, 18.15978008713018], [-15.92403467705655, 18.159780450578765], [-15.923959048893998, 18.159780813997614], [-15.92388342072967, 18.15978117738672], [-15.923807792563565, 18.159781540746096], [-15.923769788448705, 18.159745573178064], [-15.923731784349396, 18.159709605601684], [-15.923656156210846, 18.159709968900042], [-15.923580528070522, 18.159710332168668], [-15.923504899928426, 18.159710695407558], [-15.923429271784553, 18.159711058616704], [-15.923353643638908, 18.159711421796132], [-15.923315639628477, 18.1596754541332], [-15.923277635633598, 18.159639486461938], [-15.923202007515506, 18.159639849580337], [-15.923126379395642, 18.159640212669004], [-15.923050751274006, 18.15964057572793], [-15.922975123150595, 18.159640938757136], [-15.92293711922993, 18.159604971014957], [-15.922899115324816, 18.159569003264444], [-15.922823487228962, 18.15956936623263], [-15.922747859131338, 18.15956972917108], [-15.92267223103194, 18.159570092079786], [-15.922596602930769, 18.159570454958764], [-15.92255859909987, 18.15953448713735], [-15.922520595284524, 18.159498519307594], [-15.922444967210913, 18.159498882125554], [-15.922369339135525, 18.15949924491378], [-15.922293711058371, 18.159499607672263], [-15.922218082979441, 18.15949997040103], [-15.92218007923831, 18.159464002500375], [-15.922142075512731, 18.159428034591368], [-15.922066447461365, 18.15942839725912], [-15.921990819408226, 18.15942875989713], [-15.921915191353316, 18.159429122505397], [-15.921839563296631, 18.159429485083937], [-15.92180155964527, 18.15939351710404], [-15.92176355600946, 18.159357549115807], [-15.92168792798034, 18.159357911633332], [-15.92161229994945, 18.15935827412113], [-15.921536671916789, 18.159358636579174], [-15.921461043882355, 18.159358999007488], [-15.921423040320766, 18.15932303094837], [-15.921385036774726, 18.1592870628809], [-15.921309408767854, 18.15928742524821], [-15.921233780759216, 18.159287787585775], [-15.921158152748808, 18.15928814989361], [-15.921082524736628, 18.15928851217172], [-15.921044521264808, 18.159252544033347], [-15.92100651780854, 18.159216575886656], [-15.920930889823925, 18.15921693810374], [-15.920855261837541, 18.159217300291104], [-15.920779633849387, 18.15921766244873], [-15.920704005859465, 18.159218024576617], [-15.920666002477418, 18.15918205635902], [-15.920627999110922, 18.159146088133088], [-15.920552371148565, 18.159146450199966], [-15.920476743184441, 18.159146812237108], [-15.92040111521855, 18.15914717424451], [-15.920325487250887, 18.159147536222186], [-15.920287483958612, 18.159111567925365], [-15.920249480681889, 18.1590755996202], [-15.920173852741794, 18.15907596153687], [-15.920098224799933, 18.159076323423793], [-15.920054610873006, 18.159076532107086], [-15.921010659722539, 18.15747503233181]]]}}, {"type": "Feature", "properties": {"hex_id": 854, "utci_present": 33.99, "utci_2050": 38.22, "utci_2090": 41.49, "utci": 33.99}, "geometry": {"type": "Polygon", "coordinates": [[[-15.929055585582375, 18.16009592617767], [-15.92920102456496, 18.160333955773105], [-15.929180446288388, 18.160334055217223], [-15.92910481799805, 18.160334420670544], [-15.929029189705926, 18.160334786094115], [-15.928953561412015, 18.16033515148795], [-15.928877933116322, 18.160335516852054], [-15.92880230481884, 18.16033588218642], [-15.928726676519577, 18.160336247491045], [-15.92865104821853, 18.160336612765935], [-15.928575419915695, 18.160336978011088], [-15.928499791611081, 18.160337343226505], [-15.928424163304681, 18.160337708412186], [-15.928348534996497, 18.160338073568127], [-15.928272906686528, 18.160338438694335], [-15.928234901575017, 18.160302472057595], [-15.928196896479058, 18.160266505412494], [-15.92812126819663, 18.16026687047768], [-15.928045639912417, 18.160267235513118], [-15.927970011626421, 18.16026760051883], [-15.927894383338645, 18.160267965494803], [-15.927818755049081, 18.16026833044104], [-15.92774312675774, 18.160268695357534], [-15.927667498464611, 18.160269060244296], [-15.927591870169703, 18.160269425101323], [-15.927516241873015, 18.16026978992861], [-15.92744061357454, 18.160270154726163], [-15.92740260864075, 18.160234187916277], [-15.92736460372251, 18.160198221098046], [-15.92728897545158, 18.160198585834568], [-15.927213347178869, 18.160198950541364], [-15.927137718904373, 18.160199315218424], [-15.927062090628098, 18.16019967986574], [-15.926986462350042, 18.160200044483318], [-15.926910834070206, 18.160200409071166], [-15.926835205788585, 18.160200773629278], [-15.926759577505187, 18.16020113815765], [-15.926721572719797, 18.160165171205932], [-15.92668356794996, 18.160129204245855], [-15.926607939694106, 18.160129568713206], [-15.92653231143647, 18.16012993315082], [-15.926456683177054, 18.160130297558695], [-15.92638105491586, 18.160130661936837], [-15.926305426652887, 18.160131026285242], [-15.92622979838813, 18.160131390603908], [-15.926154170121595, 18.160131754892845], [-15.926131218367688, 18.160110033672403], [-15.929055585582375, 18.16009592617767]]]}}, {"type": "Feature", "properties": {"hex_id": 960, "utci_present": 34.19, "utci_2050": 38.46, "utci_2090": 41.78, "utci": 34.19}, "geometry": {"type": "Polygon", "coordinates": [[[-15.911070758133441, 18.099010947093486], [-15.914282049449948, 18.098995748806537], [-15.915901506963953, 18.101647679224484], [-15.914309629493317, 18.104314849670647], [-15.911098241338378, 18.10433005272477], [-15.909478827503616, 18.10167808056543], [-15.911070758133441, 18.099010947093486]]]}}, {"type": "Feature", "properties": {"hex_id": 999, "utci_present": 33.94, "utci_2050": 38.13, "utci_2090": 41.37, "utci": 33.94}, "geometry": {"type": "Polygon", "coordinates": [[[-15.906267483044589, 18.101693201034497], [-15.909478827503616, 18.10167808056543], [-15.911098241338378, 18.10433005272477], [-15.909506267012638, 18.106997187088467], [-15.906294825697845, 18.107012312299684], [-15.904675455575674, 18.104360298404924], [-15.906267483044589, 18.101693201034497]]]}}, {"type": "Feature", "properties": {"hex_id": 1039, "utci_present": 32.88, "utci_2050": 36.75, "utci_2090": 39.65, "utci": 32.88}, "geometry": {"type": "Polygon", "coordinates": [[[-15.904675455575674, 18.104360298404924], [-15.906294825697845, 18.107012312299684], [-15.904702754499672, 18.109679410549372], [-15.901491260041047, 18.109694457892093], [-15.90127633301381, 18.10934246630299], [-15.901276187582377, 18.109314025994205], [-15.901275817876215, 18.109241726687845], [-15.9013134364806, 18.109205400265356], [-15.90135105506948, 18.109169073836064], [-15.901350685335775, 18.109096774530116], [-15.9013503156038, 18.109024475223606], [-15.901349945873553, 18.10895217591657], [-15.901349576145039, 18.108879876608977], [-15.901349206418251, 18.108807577300833], [-15.901386824918449, 18.108771250867132], [-15.901424443403142, 18.108734924426642], [-15.901424073648814, 18.10866262511891], [-15.901423703896215, 18.108590325810624], [-15.901423334145347, 18.10851802650179], [-15.90142296439621, 18.108445727192407], [-15.901460582806857, 18.10840940074704], [-15.901498201202005, 18.10837307429486], [-15.901497831425326, 18.1083007749859], [-15.901497461650376, 18.108228475676377], [-15.901497091877154, 18.108156176366304], [-15.901496722105666, 18.108083877055684], [-15.901534340426767, 18.108047550598634], [-15.90157195873237, 18.108011224134795], [-15.90157158893334, 18.107938924824584], [-15.901571219136041, 18.107866625513832], [-15.901570849340471, 18.107794326202516], [-15.901608467586668, 18.107757999733312], [-15.901646085817362, 18.107721673257316], [-15.90164571599425, 18.10764937394642], [-15.901645346172872, 18.10757707463498], [-15.901644976353221, 18.107504775322976], [-15.901644606535305, 18.10743247601043], [-15.901682224691958, 18.107396149529553], [-15.901719842833113, 18.107359823041893], [-15.901719472987656, 18.10728752372975], [-15.901719103143929, 18.10721522441706], [-15.901718733301932, 18.107142925103833], [-15.901756351383684, 18.10710659861081], [-15.901793969449933, 18.10707027211098], [-15.9017935995804, 18.106997972798155], [-15.901793229712595, 18.106925673484778], [-15.90179285984652, 18.10685337417086], [-15.90179248998218, 18.106781074856393], [-15.901830107974392, 18.106744748351684], [-15.90186772595111, 18.106708421840185], [-15.90186735605923, 18.106636122526137], [-15.901866986169079, 18.106563823211523], [-15.90186661628066, 18.106491523896366], [-15.901904234197975, 18.106455197379507], [-15.90194185209979, 18.10641887085587], [-15.901941482183835, 18.106346571541117], [-15.901941112269611, 18.10627427222582], [-15.90194074235712, 18.106201972909975], [-15.901978360199536, 18.10616564638097], [-15.902015978026451, 18.10612931984518], [-15.902015608086424, 18.10605702052973], [-15.902015238148126, 18.105984721213755], [-15.90201486821156, 18.105912421897212], [-15.902052485979077, 18.105876095356066], [-15.902090103731098, 18.105839768808114], [-15.902089733766996, 18.105767469491983], [-15.902089363804627, 18.105695170175323], [-15.90208899384399, 18.105622870858095], [-15.902126611536612, 18.1055865443048], [-15.902164229213739, 18.105550217744703], [-15.902163859225565, 18.10547791842789], [-15.902163489239124, 18.10540561911053], [-15.902201106871486, 18.105369292544598], [-15.902238724488353, 18.105332965971872], [-15.902238354474376, 18.10526066665493], [-15.902237984462133, 18.105188367337423], [-15.902237614451623, 18.105116068019377], [-15.902275232009092, 18.105079741441298], [-15.902312849551063, 18.105043414856432], [-15.90231247951302, 18.104971115538792], [-15.902312109476709, 18.104898816220597], [-15.902311739442126, 18.104826516901863], [-15.902349356924706, 18.10479019031164], [-15.902386974391788, 18.10475386371462], [-15.902386604329678, 18.104681564396294], [-15.902386234269297, 18.104609265077425], [-15.902423851691617, 18.10457293847457], [-15.90246146909844, 18.10453661186492], [-15.902461099010532, 18.10446431254646], [-15.902460728924353, 18.104392013227447], [-15.9024606197175, 18.104370678723186], [-15.904675455575674, 18.104360298404924]]]}}, {"type": "Feature", "properties": {"hex_id": 961, "utci_present": 34.59, "utci_2050": 38.96, "utci_2090": 42.39, "utci": 34.59}, "geometry": {"type": "Polygon", "coordinates": [[[-15.911098241338378, 18.10433005272477], [-15.914309629493317, 18.104314849670647], [-15.915929140183179, 18.106966776212914], [-15.914337219033964, 18.10963394756307], [-15.911125734007246, 18.109649155384638], [-15.909506267012638, 18.106997187088467], [-15.911098241338378, 18.10433005272477]]]}}, {"type": "Feature", "properties": {"hex_id": 1000, "utci_present": 34.54, "utci_2050": 38.9, "utci_2090": 42.31, "utci": 34.54}, "geometry": {"type": "Polygon", "coordinates": [[[-15.906294825697845, 18.107012312299684], [-15.909506267012638, 18.106997187088467], [-15.911125734007246, 18.109649155384638], [-15.90953371596958, 18.112316290639846], [-15.90632217776568, 18.11233142059349], [-15.904702754499672, 18.109679410549372], [-15.906294825697845, 18.107012312299684]]]}}, {"type": "Feature", "properties": {"hex_id": 1040, "utci_present": 33.63, "utci_2050": 37.76, "utci_2090": 40.93, "utci": 33.63}, "geometry": {"type": "Polygon", "coordinates": [[[-15.901491260041047, 18.109694457892093], [-15.904702754499672, 18.109679410549372], [-15.90632217776568, 18.11233142059349], [-15.904730062822232, 18.114998519722207], [-15.901518471457164, 18.115013571782338], [-15.900746353610865, 18.113749089531083], [-15.900769480922447, 18.11372675729207], [-15.900769111327852, 18.113654458008657], [-15.900768741734984, 18.1135821587247], [-15.900768372143848, 18.11350985944019], [-15.900768002554436, 18.11343756015513], [-15.900767632966756, 18.113365260869532], [-15.900767263380803, 18.11329296158337], [-15.90076689379658, 18.113220662296666], [-15.900766524214088, 18.11314836300942], [-15.900766154633326, 18.113076063721614], [-15.90076578505429, 18.113003764433266], [-15.90076541547698, 18.112931465144367], [-15.90080303494254, 18.11289513879597], [-15.900840654392587, 18.112858812440766], [-15.90084028478773, 18.112786513152276], [-15.900839915184598, 18.11271421386324], [-15.900839545583196, 18.112641914573643], [-15.900839175983522, 18.11256961528351], [-15.900838806385579, 18.112497315992826], [-15.900838436789366, 18.112425016701575], [-15.900838067194881, 18.11235271740979], [-15.900837697602125, 18.11228041811746], [-15.900837328011097, 18.112208118824572], [-15.900874947313875, 18.11217179246689], [-15.90091256660115, 18.1121354661024], [-15.90091219698257, 18.112063166809925], [-15.900911827365722, 18.11199086751689], [-15.9009114577506, 18.111918568223317], [-15.900911088137212, 18.1118462689292], [-15.90091071852555, 18.11177396963452], [-15.900910348915616, 18.1117016703393], [-15.900909979307414, 18.111629371043534], [-15.90090960970094, 18.11155707174721], [-15.900947228855589, 18.111520745379757], [-15.900984847994732, 18.1114844190055], [-15.900984478360709, 18.11141211970959], [-15.900984108728414, 18.111339820413136], [-15.900983739097851, 18.111267521116122], [-15.900983369469014, 18.111195221818566], [-15.900982999841908, 18.111122922520458], [-15.900982630216529, 18.111050623221793], [-15.901020249252335, 18.11101429684362], [-15.901057868272638, 18.11097797045865], [-15.901057498619709, 18.1109056711604], [-15.901057128968512, 18.1108333718616], [-15.901056759319047, 18.110761072562248], [-15.901056389671307, 18.110688773262353], [-15.9010560200253, 18.110616473961905], [-15.901055650381021, 18.110544174660916], [-15.901093269297988, 18.110507848272015], [-15.901130888199448, 18.11047152187631], [-15.901130518527623, 18.110399222575733], [-15.901130148857526, 18.11032692327459], [-15.901130009162879, 18.110299602000648], [-15.901491260041047, 18.109694457892093]]]}}, {"type": "Feature", "properties": {"hex_id": 962, "utci_present": 34.81, "utci_2050": 39.23, "utci_2090": 42.7, "utci": 34.81}, "geometry": {"type": "Polygon", "coordinates": [[[-15.911125734007246, 18.109649155384638], [-15.914337219033964, 18.10963394756307], [-15.915956782917021, 18.112285870229126], [-15.914364818073212, 18.114953042483048], [-15.911153236141374, 18.114968255072334], [-15.90953371596958, 18.112316290639846], [-15.911125734007246, 18.109649155384638]]]}}, {"type": "Feature", "properties": {"hex_id": 1001, "utci_present": 34.48, "utci_2050": 38.83, "utci_2090": 42.22, "utci": 34.48}, "geometry": {"type": "Polygon", "coordinates": [[[-15.90632217776568, 18.11233142059349], [-15.90953371596958, 18.112316290639846], [-15.911153236141374, 18.114968255072334], [-15.909561174375765, 18.11763539121882], [-15.906349539249405, 18.117650525915174], [-15.904730062822232, 18.114998519722207], [-15.90632217776568, 18.11233142059349]]]}}, {"type": "Feature", "properties": {"hex_id": 1041, "utci_present": 33.59, "utci_2050": 37.69, "utci_2090": 40.84, "utci": 33.59}, "geometry": {"type": "Polygon", "coordinates": [[[-15.901518471457164, 18.115013571782338], [-15.904730062822232, 18.114998519722207], [-15.906349539249405, 18.117650525915174], [-15.904757380544662, 18.120317625922667], [-15.9015456922398, 18.12033268270049], [-15.900568233354432, 18.118731968545976], [-15.900568154104253, 18.118716466951614], [-15.900567784483417, 18.118644167701564], [-15.900567414864307, 18.11857186845099], [-15.90056704524693, 18.118499569199855], [-15.90056667563128, 18.11842726994816], [-15.900566306017357, 18.11835497069593], [-15.900565936405165, 18.118282671443147], [-15.900565566794702, 18.118210372189825], [-15.900565197185966, 18.11813807293594], [-15.900564827578958, 18.118065773681504], [-15.90056445797368, 18.117993474426527], [-15.900564088370132, 18.117921175170995], [-15.900563718768314, 18.11784887591492], [-15.90056334916822, 18.117776576658287], [-15.900562979569859, 18.117704277401113], [-15.900562609973223, 18.117631978143393], [-15.900562240378319, 18.11755967888511], [-15.900561870785143, 18.11748737962629], [-15.900561501193694, 18.11741508036691], [-15.900561131603975, 18.117342781106988], [-15.900560762015987, 18.117270481846525], [-15.900560392429725, 18.117198182585504], [-15.900560022845191, 18.11712588332393], [-15.900559653262386, 18.11705358406181], [-15.900559283681313, 18.116981284799138], [-15.900596904016007, 18.1169449584662], [-15.90063452433519, 18.11690863212645], [-15.900634154726554, 18.116836332864196], [-15.900633785119643, 18.11676403360137], [-15.900633415514463, 18.11669173433803], [-15.900633045911015, 18.11661943507411], [-15.900632676309291, 18.116547135809657], [-15.900632423960387, 18.11649777264101], [-15.901518471457164, 18.115013571782338]]]}}, {"type": "Feature", "properties": {"hex_id": 963, "utci_present": 35.16, "utci_2050": 39.7, "utci_2090": 43.3, "utci": 35.16}, "geometry": {"type": "Polygon", "coordinates": [[[-15.911153236141374, 18.114968255072334], [-15.914364818073212, 18.114953042483048], [-15.915984435166806, 18.11760496127237], [-15.914392426612395, 18.120272134429822], [-15.91118074774208, 18.120287351787105], [-15.909561174375765, 18.11763539121882], [-15.911153236141374, 18.114968255072334]]]}}, {"type": "Feature", "properties": {"hex_id": 1079, "utci_present": 33.82, "utci_2050": 38.03, "utci_2090": 41.26, "utci": 33.82}, "geometry": {"type": "Polygon", "coordinates": [[[-15.901518471457164, 18.115013571782338], [-15.900632423960387, 18.11649777264101], [-15.9006323067093, 18.11647483654465], [-15.900631937111035, 18.116402537279097], [-15.9006315675145, 18.116330238012985], [-15.900631197919692, 18.116257938746337], [-15.900630828326614, 18.11618563947913], [-15.900630458735266, 18.116113340211385], [-15.900630089145647, 18.116041040943077], [-15.900629719557756, 18.115968741674234], [-15.900629349971593, 18.115896442404836], [-15.900628980387161, 18.11582414313488], [-15.900628610804455, 18.115751843864384], [-15.90062824122348, 18.115679544593334], [-15.90062787164423, 18.115607245321733], [-15.900627502066712, 18.115534946049593], [-15.900627132490923, 18.115462646776898], [-15.900626762916863, 18.11539034750366], [-15.900626393344533, 18.115318048229863], [-15.900626023773928, 18.115245748955527], [-15.900625654205054, 18.11517344968063], [-15.900625284637908, 18.115101150405184], [-15.900624915072491, 18.11502885112921], [-15.900624545508803, 18.11495655185267], [-15.900662165417083, 18.114920225519032], [-15.900699785309856, 18.11488389917859], [-15.900699415718611, 18.114811599902463], [-15.900699046129093, 18.114739300625793], [-15.900698676541303, 18.114667001348558], [-15.900698306955245, 18.11459470207078], [-15.900697937370914, 18.114522402792453], [-15.900697567788313, 18.114450103513583], [-15.900697198207443, 18.114377804234152], [-15.9006968286283, 18.114305504954178], [-15.900696459050883, 18.11423320567365], [-15.9006960894752, 18.11416090639258], [-15.90069571990124, 18.11408860711096], [-15.900695350329014, 18.11401630782879], [-15.900694980758516, 18.11394400854607], [-15.900694611189744, 18.113871709262806], [-15.900694241622702, 18.113799409978988], [-15.900731861280331, 18.11376308363893], [-15.900746353610865, 18.113749089531083], [-15.901518471457164, 18.115013571782338]]]}}, {"type": "Feature", "properties": {"hex_id": 1080, "utci_present": 33.5, "utci_2050": 37.59, "utci_2090": 40.72, "utci": 33.5}, "geometry": {"type": "Polygon", "coordinates": [[[-15.9015456922398, 18.12033268270049], [-15.900509676260025, 18.12206804290365], [-15.900509546093929, 18.122042585346318], [-15.900509176424595, 18.12197028612005], [-15.900508806756987, 18.12189798689321], [-15.90050843709111, 18.121825687665844], [-15.900508067426962, 18.121753388437916], [-15.900507697764542, 18.12168108920944], [-15.90050732810385, 18.121608789980417], [-15.90050695844489, 18.12153649075084], [-15.900506588787655, 18.121464191520715], [-15.900506219132152, 18.121391892290045], [-15.90054384037672, 18.121355565942014], [-15.900581461605775, 18.12131923958718], [-15.9005810919227, 18.12124694035692], [-15.900580722241353, 18.121174641126096], [-15.900580352561736, 18.121102341894737], [-15.900579982883848, 18.121030042662824], [-15.900579613207688, 18.120957743430356], [-15.900579243533256, 18.120885444197345], [-15.900578873860555, 18.120813144963787], [-15.900578504189584, 18.120740845729678], [-15.900578134520337, 18.120668546495015], [-15.900577764852823, 18.12059624725982], [-15.900577395187037, 18.120523948024054], [-15.90057702552298, 18.120451648787743], [-15.900576655860652, 18.120379349550888], [-15.900576286200051, 18.12030705031348], [-15.90057591654118, 18.12023475107552], [-15.900575546884037, 18.12016245183702], [-15.900575177228623, 18.120090152597975], [-15.900574807574941, 18.120017853358373], [-15.900574437922984, 18.119945554118218], [-15.900574068272759, 18.119873254877522], [-15.90057369862426, 18.119800955636265], [-15.90057332897749, 18.119728656394464], [-15.900572959332452, 18.119656357152117], [-15.90057258968914, 18.119584057909226], [-15.900572220047557, 18.119511758665773], [-15.900571850407703, 18.11943945942178], [-15.90057148076958, 18.119367160177237], [-15.900571111133182, 18.119294860932136], [-15.900570741498516, 18.119222561686488], [-15.90057037186558, 18.119150262440304], [-15.900570002234367, 18.119077963193558], [-15.900569632604888, 18.119005663946268], [-15.900569262977136, 18.118933364698428], [-15.900568893351114, 18.11886106545003], [-15.90056852372682, 18.118788766201096], [-15.900568233354432, 18.118731968545976], [-15.9015456922398, 18.12033268270049]]]}}, {"type": "Feature", "properties": {"hex_id": 1081, "utci_present": 32.71, "utci_2050": 36.53, "utci_2090": 39.38, "utci": 32.71}, "geometry": {"type": "Polygon", "coordinates": [[[-15.901572922390264, 18.12565179064578], [-15.899980622918372, 18.128318855348788], [-15.89995384366956, 18.128318980497934], [-15.899974415561879, 18.128299117521298], [-15.900012038328711, 18.128262791233272], [-15.900011668727982, 18.128190492043707], [-15.900011299128982, 18.12811819285359], [-15.900010929531707, 18.12804589366292], [-15.90001055993616, 18.127973594471708], [-15.900010190342345, 18.127901295279933], [-15.900009820750256, 18.127828996087622], [-15.900047443413627, 18.12779266979566], [-15.900085066061475, 18.127756343496905], [-15.900084696441802, 18.127684044304996], [-15.900084326823855, 18.127611745112524], [-15.900083957207638, 18.127539445919524], [-15.900083587593146, 18.12746714672596], [-15.900083217980388, 18.127394847531853], [-15.900082848369353, 18.127322548337194], [-15.900082478760048, 18.127250249141987], [-15.900120101289783, 18.127213922839765], [-15.900157723804002, 18.12717759653073], [-15.900157354167112, 18.12710529733593], [-15.900156984531952, 18.12703299814059], [-15.900156614898519, 18.12696069894469], [-15.900156245266817, 18.126888399748232], [-15.900155875636841, 18.126816100551242], [-15.900155506008593, 18.12674380135369], [-15.900155136382075, 18.12667150215559], [-15.90019275877818, 18.126635175843095], [-15.90023038115877, 18.126598849523795], [-15.900230011504668, 18.12652655032611], [-15.900229641852295, 18.126454251127868], [-15.900229272201653, 18.12638195192908], [-15.900228902552737, 18.126309652729734], [-15.900228532905547, 18.12623735352984], [-15.90022816326009, 18.126165054329412], [-15.90022779361636, 18.12609275512843], [-15.900227423974359, 18.126020455926884], [-15.900265046222188, 18.125984129604614], [-15.900302668454497, 18.125947803275526], [-15.900302298784915, 18.125875504074397], [-15.900301929117063, 18.125803204872707], [-15.900301559450938, 18.125730905670487], [-15.90030118978654, 18.125658606467706], [-15.90030082012387, 18.125586307264385], [-15.900300450462929, 18.1255140080605], [-15.900300080803719, 18.12544170885608], [-15.900299711146236, 18.1253694096511], [-15.90029934149048, 18.125297110445583], [-15.900336963575388, 18.12526078411399], [-15.900374585644776, 18.125224457775598], [-15.90037421596144, 18.125152158570472], [-15.900373846279836, 18.12507985936481], [-15.900373476599961, 18.125007560158593], [-15.900373106921812, 18.12493526095183], [-15.900372737245394, 18.124862961744505], [-15.900372367570704, 18.124790662536636], [-15.900371997897741, 18.12471836332823], [-15.90037162822651, 18.12464606411926], [-15.900371258557005, 18.12457376490975], [-15.900370888889228, 18.124501465699677], [-15.900370519223182, 18.124429166489065], [-15.900408141115866, 18.12439284014914], [-15.900445762993034, 18.124356513802386], [-15.90044539329941, 18.124284214592187], [-15.900445023607512, 18.12421191538143], [-15.900444653917347, 18.12413961617013], [-15.900444284228907, 18.124067316958275], [-15.900443914542201, 18.123995017745862], [-15.900443544857222, 18.123922718532917], [-15.900443175173969, 18.123850419319417], [-15.90044292419, 18.12380133401519], [-15.901572922390264, 18.12565179064578]]]}}, {"type": "Feature", "properties": {"hex_id": 1002, "utci_present": 34.03, "utci_2050": 38.28, "utci_2090": 41.56, "utci": 34.03}, "geometry": {"type": "Polygon", "coordinates": [[[-15.906349539249405, 18.117650525915174], [-15.909561174375765, 18.11763539121882], [-15.91118074774208, 18.120287351787105], [-15.909588642232514, 18.122954488824625], [-15.906376910150337, 18.122969628263967], [-15.904757380544662, 18.120317625922667], [-15.906349539249405, 18.117650525915174]]]}}, {"type": "Feature", "properties": {"hex_id": 1042, "utci_present": 32.83, "utci_2050": 36.7, "utci_2090": 39.6, "utci": 32.83}, "geometry": {"type": "Polygon", "coordinates": [[[-15.9015456922398, 18.12033268270049], [-15.904757380544662, 18.120317625922667], [-15.906376910150337, 18.122969628263967], [-15.904784707668279, 18.125636729150003], [-15.901572922390264, 18.12565179064578], [-15.90044292419, 18.12380133401519], [-15.900442805492446, 18.123778120105364], [-15.90044243581265, 18.12370582089077], [-15.900442066134586, 18.123633521675618], [-15.90044169645825, 18.123561222459912], [-15.900441326783643, 18.123488923243663], [-15.900440957110762, 18.12341662402687], [-15.900440587439611, 18.123344324809516], [-15.900440217770191, 18.123272025591625], [-15.900477839412059, 18.123235699245242], [-15.900515461038408, 18.123199372892078], [-15.900515091341413, 18.12312707367458], [-15.900514721646143, 18.123054774456538], [-15.900514351952605, 18.122982475237954], [-15.900513982260797, 18.122910176018813], [-15.900513612570716, 18.122837876799135], [-15.900513242882365, 18.122765577578885], [-15.90051287319574, 18.122693278358103], [-15.900512503510846, 18.12262097913678], [-15.900512133827679, 18.122548679914892], [-15.900511764146243, 18.12247638069245], [-15.900511394466536, 18.122404081469465], [-15.900511024788557, 18.122331782245936], [-15.900510655112308, 18.122259483021857], [-15.900510285437786, 18.122187183797227], [-15.900509915764994, 18.122114884572046], [-15.900509676260025, 18.12206804290365], [-15.9015456922398, 18.12033268270049]]]}}, {"type": "Feature", "properties": {"hex_id": 964, "utci_present": 34.49, "utci_2050": 38.84, "utci_2090": 42.24, "utci": 34.49}, "geometry": {"type": "Polygon", "coordinates": [[[-15.91118074774208, 18.120287351787105], [-15.914392426612395, 18.120272134429822], [-15.916012096933864, 18.122924049341904], [-15.91442004465284, 18.125591223402633], [-15.911208268810688, 18.1256064455282], [-15.909588642232514, 18.122954488824625], [-15.91118074774208, 18.120287351787105]]]}}, {"type": "Feature", "properties": {"hex_id": 1003, "utci_present": 34.16, "utci_2050": 38.44, "utci_2090": 41.77, "utci": 34.16}, "geometry": {"type": "Polygon", "coordinates": [[[-15.906376910150337, 18.122969628263967], [-15.909588642232514, 18.122954488824625], [-15.911208268810688, 18.1256064455282], [-15.90961611954115, 18.128273583456515], [-15.906404290469796, 18.128288727639106], [-15.904784707668279, 18.125636729150003], [-15.906376910150337, 18.122969628263967]]]}}, {"type": "Feature", "properties": {"hex_id": 965, "utci_present": 34.73, "utci_2050": 39.14, "utci_2090": 42.59, "utci": 34.73}, "geometry": {"type": "Polygon", "coordinates": [[[-15.911208268810688, 18.1256064455282], [-15.91442004465284, 18.125591223402633], [-15.916039768219525, 18.128243134436957], [-15.91444767219587, 18.130910309400736], [-15.911235799348523, 18.130925536294853], [-15.90961611954115, 18.128273583456515], [-15.911208268810688, 18.1256064455282]]]}}, {"type": "Feature", "properties": {"hex_id": 1043, "utci_present": 33.92, "utci_2050": 38.13, "utci_2090": 41.38, "utci": 33.92}, "geometry": {"type": "Polygon", "coordinates": [[[-15.901572922390264, 18.12565179064578], [-15.904784707668279, 18.125636729150003], [-15.906404290469796, 18.128288727639106], [-15.904812044194397, 18.130955829403455], [-15.901600161909867, 18.130970895617477], [-15.899980622918372, 18.128318855348788], [-15.901572922390264, 18.12565179064578]]]}}, {"type": "Feature", "properties": {"hex_id": 1004, "utci_present": 34.48, "utci_2050": 38.81, "utci_2090": 42.19, "utci": 34.48}, "geometry": {"type": "Polygon", "coordinates": [[[-15.906404290469796, 18.128288727639106], [-15.90961611954115, 18.128273583456515], [-15.911235799348523, 18.130925536294853], [-15.909643606302987, 18.133592675113725], [-15.906431680209092, 18.133607824039856], [-15.904812044194399, 18.130955829403455], [-15.906404290469796, 18.128288727639106]]]}}, {"type": "Feature", "properties": {"hex_id": 966, "utci_present": 34.75, "utci_2050": 39.15, "utci_2090": 42.6, "utci": 34.75}, "geometry": {"type": "Polygon", "coordinates": [[[-15.911235799348523, 18.130925536294853], [-15.91444767219587, 18.130910309400736], [-15.916067449025126, 18.133562216556783], [-15.91447530924282, 18.136229392423367], [-15.911263339356905, 18.13624462408632], [-15.909643606302987, 18.133592675113725], [-15.911235799348523, 18.130925536294853]]]}}, {"type": "Feature", "properties": {"hex_id": 1044, "utci_present": 33.33, "utci_2050": 37.35, "utci_2090": 40.39, "utci": 33.33}, "geometry": {"type": "Polygon", "coordinates": [[[-15.901600161909867, 18.130970895617477], [-15.904812044194397, 18.130955829403455], [-15.906431680209092, 18.133607824039856], [-15.90483939012433, 18.13627492668227], [-15.901627410799916, 18.136289997614803], [-15.900007818611272, 18.133637961186285], [-15.901600161909867, 18.130970895617477]]]}}, {"type": "Feature", "properties": {"hex_id": 1005, "utci_present": 34.84, "utci_2050": 39.3, "utci_2090": 42.79, "utci": 34.84}, "geometry": {"type": "Polygon", "coordinates": [[[-15.906431680209092, 18.133607824039856], [-15.909643606302987, 18.133592675113725], [-15.911263339356905, 18.13624462408632], [-15.909671102519352, 18.138911763795512], [-15.906459079369549, 18.138926917465454], [-15.904839390124334, 18.13627492668227], [-15.906431680209092, 18.133607824039856]]]}}, {"type": "Feature", "properties": {"hex_id": 1082, "utci_present": 33.89, "utci_2050": 38.12, "utci_2090": 41.37, "utci": 33.89}, "geometry": {"type": "Polygon", "coordinates": [[[-15.899980622918372, 18.128318855348788], [-15.901600161909867, 18.130970895617477], [-15.900007818611272, 18.133637961186285], [-15.899132111568791, 18.133642052910695], [-15.899131984446894, 18.133617169657498], [-15.899131615090914, 18.13354487049055], [-15.899131245736658, 18.133472571323047], [-15.899130876384131, 18.133400272154994], [-15.899168500372943, 18.133363945995374], [-15.899206124346234, 18.133327619828965], [-15.899205754966108, 18.133255320661313], [-15.899205385587704, 18.133183021493114], [-15.899205016211031, 18.133110722324375], [-15.899204646836083, 18.13303842315507], [-15.89920427746286, 18.132966123985224], [-15.89920390809137, 18.132893824814843], [-15.899241531961156, 18.132857498644462], [-15.899279155815417, 18.132821172467292], [-15.899278786416325, 18.132748873297306], [-15.89927841701896, 18.132676574126762], [-15.899278047623321, 18.132604274955664], [-15.89927767822941, 18.132531975784033], [-15.899277308837226, 18.132459676611838], [-15.899314932602651, 18.132423350430244], [-15.899352556352554, 18.132387024241847], [-15.89935218693277, 18.13231472507005], [-15.899351817514717, 18.132242425897722], [-15.899351448098388, 18.13217012672484], [-15.899351078683788, 18.132097827551394], [-15.899350709270914, 18.132025528377415], [-15.899350339859767, 18.13195322920288], [-15.899387963506173, 18.131916903010534], [-15.899425587137054, 18.131880576811376], [-15.899425217698314, 18.131808277637244], [-15.8994248482613, 18.131735978462572], [-15.89942447882601, 18.13166367928734], [-15.899424109392449, 18.13159138011157], [-15.899423739960616, 18.131519080935234], [-15.899461363502668, 18.131482754731653], [-15.899498987029196, 18.131446428521258], [-15.899498617569769, 18.131374129345343], [-15.899498248112065, 18.131301830168876], [-15.899497878656092, 18.131229530991845], [-15.899497509201845, 18.13115723181428], [-15.899497139749325, 18.13108493263616], [-15.899534763187027, 18.131048606421356], [-15.899572386609204, 18.131012280199737], [-15.899572017129094, 18.130939981022014], [-15.899571647650706, 18.13086768184375], [-15.89957127817405, 18.130795382664946], [-15.899570908699117, 18.13072308348558], [-15.899570539225914, 18.130650784305654], [-15.899570169754437, 18.13057848512521], [-15.89960779307313, 18.130542158899647], [-15.899645416376304, 18.13050583266727], [-15.899645046877234, 18.130433533487217], [-15.899644677379895, 18.13036123430661], [-15.899644307884282, 18.13028893512545], [-15.899643938390396, 18.130216635943746], [-15.899643568898238, 18.130144336761497], [-15.899681192112588, 18.130108010524708], [-15.899718815311417, 18.130071684281106], [-15.899718445791667, 18.129999385099257], [-15.899718076273643, 18.129927085916858], [-15.89971770675735, 18.129854786733908], [-15.899717337242782, 18.129782487550408], [-15.899716967729944, 18.129710188366364], [-15.899754590839954, 18.12967386211835], [-15.899792213934443, 18.12963753586352], [-15.899791844394013, 18.12956523667988], [-15.899791474855313, 18.129492937495687], [-15.899791105318338, 18.12942063831095], [-15.899790735783093, 18.129348339125652], [-15.899790366249576, 18.129276039939818], [-15.89982798925525, 18.129239713680573], [-15.8998656122454, 18.129203387414528], [-15.899865242684294, 18.129131088229094], [-15.899864873124914, 18.129058789043107], [-15.899864503567263, 18.128986489856572], [-15.899864134011342, 18.128914190669494], [-15.899863764457146, 18.128841891481855], [-15.899863394904678, 18.128769592293676], [-15.899901017791361, 18.12873326602368], [-15.899938640662523, 18.12869693974689], [-15.899938271082467, 18.12862464055911], [-15.89993790150414, 18.12855234137079], [-15.899937531927542, 18.12848004218191], [-15.89993716235267, 18.128407742992486], [-15.899936792779528, 18.12833544380251], [-15.89995384366956, 18.128318980497934], [-15.899980622918372, 18.128318855348788]]]}}, {"type": "Feature", "properties": {"hex_id": 1083, "utci_present": 33.84, "utci_2050": 38.0, "utci_2090": 41.2, "utci": 33.84}, "geometry": {"type": "Polygon", "coordinates": [[[-15.900007818611272, 18.133637961186285], [-15.901627410799916, 18.136289997614803], [-15.900035023658587, 18.138957064049187], [-15.898781191464487, 18.13896292298214], [-15.898780853549498, 18.138896773280962], [-15.898780484222785, 18.138824474146613], [-15.8987801148978, 18.138752175011717], [-15.898779745574542, 18.13867987587628], [-15.898779376253007, 18.138607576740277], [-15.898779006933196, 18.13853527760374], [-15.898778637615116, 18.138462978466645], [-15.89877826829876, 18.138390679329], [-15.898777898984129, 18.138318380190803], [-15.898777529671227, 18.13824608105207], [-15.898777160360048, 18.13817378191277], [-15.898776791050597, 18.138101482772935], [-15.898776421742872, 18.138029183632536], [-15.89877605243687, 18.1379568844916], [-15.898775683132598, 18.13788458535011], [-15.89877531383005, 18.137812286208074], [-15.898774944529228, 18.137739987065487], [-15.898774575230131, 18.137667687922335], [-15.898774205932764, 18.13759538877866], [-15.898773836637119, 18.13752308963441], [-15.8987734673432, 18.13745079048962], [-15.89877309805101, 18.137378491344286], [-15.898772728760546, 18.1373061921984], [-15.898772359471806, 18.13723389305196], [-15.898771990184791, 18.13716159390498], [-15.898771620899504, 18.137089294757438], [-15.898771251615942, 18.137016995609347], [-15.898770882334109, 18.13694469646071], [-15.898770513053996, 18.136872397311528], [-15.898808137828679, 18.13683607119952], [-15.89884576258783, 18.136799745080697], [-15.898845393280112, 18.13672744593191], [-15.898845023974122, 18.136655146782584], [-15.898844654669858, 18.136582847632706], [-15.89884428536732, 18.13651054848227], [-15.898843916066507, 18.136438249331295], [-15.89884354676742, 18.13636595017975], [-15.898843177470061, 18.136293651027678], [-15.898842808174427, 18.136221351875047], [-15.898842438880521, 18.136149052721873], [-15.898842069588337, 18.13607675356813], [-15.898841700297883, 18.136004454413865], [-15.898841331009152, 18.135932155259034], [-15.898840961722149, 18.135859856103657], [-15.898878586275112, 18.13582352998422], [-15.898916210812548, 18.135787203857966], [-15.898915841497937, 18.135714904702994], [-15.898915472185056, 18.135642605547474], [-15.8989151028739, 18.1355703063914], [-15.898914733564471, 18.135498007234776], [-15.898914364256765, 18.135425708077605], [-15.89891399495079, 18.135353408919872], [-15.898913625646538, 18.13528110976161], [-15.898913256344015, 18.13520881060279], [-15.898912887043213, 18.13513651144342], [-15.898950511433132, 18.135100185314652], [-15.898988135807524, 18.135063859179077], [-15.89898776647912, 18.134991560020108], [-15.898987397152446, 18.134919260860592], [-15.898987027827495, 18.13484696170053], [-15.898986658504272, 18.134774662539908], [-15.898986289182776, 18.134702363378736], [-15.898985919863007, 18.134630064217024], [-15.89898555054496, 18.134557765054765], [-15.898985181228646, 18.134485465891945], [-15.89902280547019, 18.13444913975337], [-15.899060429696211, 18.134412813607995], [-15.899060060352292, 18.134340514445586], [-15.8990596910101, 18.134268215282624], [-15.899059321669634, 18.13419591611911], [-15.899058952330893, 18.134123616955055], [-15.899058582993879, 18.134051317790448], [-15.899058213658591, 18.133979018625283], [-15.899057844325032, 18.133906719459585], [-15.89909546843288, 18.133870393310723], [-15.899133092525199, 18.13383406715506], [-15.899132723164037, 18.13376176798975], [-15.899132353804603, 18.1336894688239], [-15.899132111568791, 18.133642052910695], [-15.900007818611272, 18.133637961186285]]]}}, {"type": "Feature", "properties": {"hex_id": 1084, "utci_present": 34.02, "utci_2050": 38.28, "utci_2090": 41.57, "utci": 34.02}, "geometry": {"type": "Polygon", "coordinates": [[[-15.900035023658587, 18.138957064049187], [-15.901654669061726, 18.141609096637005], [-15.900062238061631, 18.14427616393672], [-15.899413344136937, 18.14427919797923], [-15.899413164564706, 18.144244080978147], [-15.89941279486166, 18.144171781896507], [-15.899412425160342, 18.144099482814315], [-15.89937442934939, 18.14406350999677], [-15.899336433553971, 18.144027537170903], [-15.899336063887183, 18.143955238086114], [-15.89933569422212, 18.143882939000775], [-15.899335324558788, 18.143810639914886], [-15.899297328828109, 18.143774667077608], [-15.899259333112967, 18.143738694232045], [-15.89925896348416, 18.14366639514355], [-15.899258593857082, 18.143594096054503], [-15.899258224231732, 18.14352179696491], [-15.899257854608104, 18.143449497874773], [-15.899257484986208, 18.143377198784073], [-15.899219489368601, 18.143341225925056], [-15.89918149376653, 18.14330525305771], [-15.89918112417916, 18.143232953964418], [-15.899180754593518, 18.143160654870574], [-15.8991803850096, 18.14308835577617], [-15.89918001542741, 18.143016056681223], [-15.899142019906476, 18.142980083801458], [-15.899104024401076, 18.142944110913383], [-15.89910365485341, 18.142871811815837], [-15.899103285307472, 18.142799512717726], [-15.899102915763264, 18.142727213619086], [-15.89910254622078, 18.14265491451989], [-15.899102176680021, 18.142582615420146], [-15.89910180714099, 18.142510316319843], [-15.89906381174952, 18.14247434341729], [-15.899025816373586, 18.14243837050642], [-15.89902544686908, 18.142366071403526], [-15.899025077366302, 18.142293772300075], [-15.899024707865248, 18.14222147319607], [-15.899024338365923, 18.14214917409153], [-15.899023968868322, 18.142076874986422], [-15.899023599372452, 18.14200457588078], [-15.898985604110441, 18.14196860295544], [-15.898947608863967, 18.141932630021778], [-15.898947239402618, 18.141860330913527], [-15.898946869942995, 18.141788031804722], [-15.898946500485096, 18.141715732695374], [-15.898946131028929, 18.14164343358547], [-15.898945761574485, 18.141571134475022], [-15.898945392121766, 18.14149883536403], [-15.898945022670777, 18.14142653625248], [-15.898944653221513, 18.141354237140373], [-15.898906658121755, 18.14131826419019], [-15.89886866303753, 18.141282291231697], [-15.898868293622787, 18.14120999211699], [-15.89886792420977, 18.141137693001735], [-15.89886755479848, 18.141065393885935], [-15.898867185388918, 18.140993094769584], [-15.898866815981078, 18.140920795652683], [-15.898866446574967, 18.140848496535238], [-15.898866077170581, 18.14077619741724], [-15.898865707767923, 18.140703898298682], [-15.89886533836699, 18.14063159917959], [-15.898864968967782, 18.140559300059937], [-15.898864599570302, 18.140487000939736], [-15.898826604681979, 18.140451027961632], [-15.898788609809188, 18.14041505497522], [-15.89878824044623, 18.140342755852426], [-15.898787871084991, 18.14027045672907], [-15.898787501725485, 18.140198157605166], [-15.898787132367701, 18.14012585848072], [-15.898786763011644, 18.140053559355717], [-15.898786393657316, 18.139981260230172], [-15.898786024304714, 18.139908961104066], [-15.898785654953835, 18.139836661977412], [-15.898785285604683, 18.13976436285022], [-15.898784916257256, 18.139692063722475], [-15.898784546911559, 18.13961976459418], [-15.898784177567586, 18.139547465465323], [-15.898783808225337, 18.139475166335927], [-15.898783438884816, 18.139402867205984], [-15.898783069546022, 18.139330568075486], [-15.898782700208953, 18.13925826894444], [-15.898782330873608, 18.139185969812843], [-15.898781961539992, 18.139113670680697], [-15.8987815922081, 18.139041371547993], [-15.898781222877938, 18.13896907241475], [-15.898781191464487, 18.13896292298214], [-15.900035023658587, 18.138957064049187]]]}}, {"type": "Feature", "properties": {"hex_id": 1085, "utci_present": 33.88, "utci_2050": 38.1, "utci_2090": 41.34, "utci": 33.88}, "geometry": {"type": "Polygon", "coordinates": [[[-15.900062238061631, 18.14427616393672], [-15.901681936696603, 18.146928192683337], [-15.900788658686745, 18.148424260929634], [-15.9007578413882, 18.148395085656936], [-15.90071984434443, 18.14835911317367], [-15.900719474014513, 18.14828681414896], [-15.900719103686328, 18.1482145151237], [-15.90068110669091, 18.148178542630056], [-15.900643109711034, 18.148142570128087], [-15.90064273941739, 18.14807027110023], [-15.900642369125476, 18.147997972071806], [-15.900604372193953, 18.147961999559477], [-15.900566375277972, 18.14792602703881], [-15.9005660050206, 18.147853728007792], [-15.900528008136563, 18.147817755477792], [-15.90049001126807, 18.147781782939468], [-15.900489641045237, 18.147709483905842], [-15.900489270824135, 18.14763718487166], [-15.90045127400399, 18.147601212322964], [-15.900413277199387, 18.147565239765953], [-15.900412907012829, 18.147492940729162], [-15.900412536827993, 18.147420641691834], [-15.90037454007174, 18.14738466912444], [-15.90033654333103, 18.14734869654873], [-15.900336173180737, 18.147276397508797], [-15.900335803032172, 18.1472040984683], [-15.90029780633981, 18.147168125882214], [-15.900259809662987, 18.14713215328781], [-15.900259439548961, 18.147059854244723], [-15.900221442904087, 18.14702388164097], [-15.900183446274749, 18.14698790902891], [-15.900183076195258, 18.14691560998321], [-15.9001827061175, 18.14684331093696], [-15.900144709536512, 18.14680733831452], [-15.900106712971063, 18.14677136568376], [-15.900106342927842, 18.14669906663491], [-15.90010597288635, 18.146626767585502], [-15.900105602846585, 18.14655446853555], [-15.900067606345889, 18.14651849589339], [-15.900029609860727, 18.146482523242916], [-15.9000292398555, 18.146410224190358], [-15.900028869852004, 18.146337925137246], [-15.899990873415192, 18.146301952476396], [-15.89995287699392, 18.146265979807232], [-15.899952507024954, 18.146193680751516], [-15.899952137057722, 18.146121381695252], [-15.899914140684794, 18.14608540901571], [-15.899876144327408, 18.146049436327857], [-15.899875774394706, 18.14597713726899], [-15.899875404463737, 18.145904838209574], [-15.899875034534494, 18.14583253914961], [-15.899837038241856, 18.145796566450347], [-15.899799041964755, 18.14576059374278], [-15.899798672070046, 18.1456882946802], [-15.899798302177064, 18.145615995617085], [-15.899760305948307, 18.145580022899132], [-15.899722309735088, 18.145544050172877], [-15.89972193987664, 18.145471751107152], [-15.899721570019924, 18.145399452040873], [-15.899721200164933, 18.14532715297406], [-15.899683204016457, 18.145291180236384], [-15.899645207883525, 18.145255207490408], [-15.899644838063066, 18.14518290842098], [-15.899644468244334, 18.145110609351], [-15.899644098427332, 18.145038310280476], [-15.89960610235914, 18.145002337523096], [-15.899568106306488, 18.144966364757405], [-15.899567736524018, 18.144894065684273], [-15.899567366743275, 18.144821766610587], [-15.899566996964259, 18.144749467536354], [-15.899529000976349, 18.144713494759262], [-15.899491005003973, 18.144677521973847], [-15.89949063525949, 18.144605222897017], [-15.899490265516732, 18.144532923819636], [-15.899489895775703, 18.14446062474169], [-15.899451899868073, 18.144424651944895], [-15.899413903975978, 18.14438867913977], [-15.899413534269478, 18.144316380059227], [-15.899413344136937, 18.14427919797923], [-15.900062238061631, 18.14427616393672]]]}}, {"type": "Feature", "properties": {"hex_id": 1045, "utci_present": 34.08, "utci_2050": 38.35, "utci_2090": 41.65, "utci": 34.08}, "geometry": {"type": "Polygon", "coordinates": [[[-15.901627410799916, 18.136289997614803], [-15.90483939012433, 18.13627492668227], [-15.906459079369549, 18.138926917465454], [-15.904866745459396, 18.141594020985682], [-15.901654669061726, 18.141609096637005], [-15.900035023658587, 18.138957064049187], [-15.901627410799916, 18.136289997614803]]]}}, {"type": "Feature", "properties": {"hex_id": 967, "utci_present": 34.66, "utci_2050": 39.07, "utci_2090": 42.52, "utci": 34.66}, "geometry": {"type": "Polygon", "coordinates": [[[-15.911263339356905, 18.13624462408632], [-15.91447530924282, 18.136229392423367], [-15.916095139351986, 18.138881295700617], [-15.914502955795014, 18.141548472469772], [-15.911290888837167, 18.141563708901842], [-15.909671102519352, 18.138911763795512], [-15.911263339356905, 18.13624462408632]]]}}, {"type": "Feature", "properties": {"hex_id": 1006, "utci_present": 34.88, "utci_2050": 39.34, "utci_2090": 42.85, "utci": 34.88}, "geometry": {"type": "Polygon", "coordinates": [[[-15.906459079369549, 18.138926917465454], [-15.909671102519352, 18.138911763795512], [-15.911290888837167, 18.141563708901842], [-15.90969860819157, 18.144230849501103], [-15.906486487952478, 18.144246007915132], [-15.904866745459396, 18.141594020985682], [-15.906459079369549, 18.138926917465454]]]}}, {"type": "Feature", "properties": {"hex_id": 968, "utci_present": 34.74, "utci_2050": 39.16, "utci_2090": 42.61, "utci": 34.74}, "geometry": {"type": "Polygon", "coordinates": [[[-15.911290888837167, 18.141563708901842], [-15.914502955795014, 18.141548472469772], [-15.916122839201451, 18.144200371867715], [-15.914530611853785, 18.146867549539195], [-15.911318447790626, 18.14688279074065], [-15.90969860819157, 18.144230849501103], [-15.911290888837167, 18.141563708901842]]]}}, {"type": "Feature", "properties": {"hex_id": 1046, "utci_present": 34.19, "utci_2050": 38.49, "utci_2090": 41.82, "utci": 34.19}, "geometry": {"type": "Polygon", "coordinates": [[[-15.901654669061726, 18.141609096637005], [-15.904866745459396, 18.141594020985682], [-15.906486487952478, 18.144246007915132], [-15.904894110200908, 18.14691311231295], [-15.901681936696603, 18.146928192683337], [-15.900062238061631, 18.14427616393672], [-15.901654669061726, 18.141609096637005]]]}}, {"type": "Feature", "properties": {"hex_id": 1007, "utci_present": 34.31, "utci_2050": 38.64, "utci_2090": 42.0, "utci": 34.31}, "geometry": {"type": "Polygon", "coordinates": [[[-15.906486487952478, 18.144246007915132], [-15.90969860819157, 18.144230849501103], [-15.911318447790626, 18.14688279074065], [-15.909726123320958, 18.149549932229753], [-15.906513905959205, 18.149565095388148], [-15.904894110200908, 18.14691311231295], [-15.906486487952478, 18.144246007915132]]]}}, {"type": "Feature", "properties": {"hex_id": 969, "utci_present": 34.68, "utci_2050": 39.06, "utci_2090": 42.49, "utci": 34.68}, "geometry": {"type": "Polygon", "coordinates": [[[-15.911318447790626, 18.14688279074065], [-15.914530611853785, 18.146867549539195], [-15.91615054857484, 18.149519445057308], [-15.914558277420461, 18.15218662363088], [-15.911346016218609, 18.152201869602006], [-15.909726123320958, 18.149549932229753], [-15.911318447790626, 18.14688279074065]]]}}, {"type": "Feature", "properties": {"hex_id": 1047, "utci_present": 34.08, "utci_2050": 38.34, "utci_2090": 41.63, "utci": 34.08}, "geometry": {"type": "Polygon", "coordinates": [[[-15.901681936696603, 18.146928192683337], [-15.904894110200908, 18.14691311231295], [-15.906513905959205, 18.149565095388148], [-15.904921484350183, 18.15223220066331], [-15.902845339166523, 18.15224195654459], [-15.902819357481816, 18.152217360375683], [-15.902781359172078, 18.152181388368525], [-15.902780987911028, 18.152109089413656], [-15.902742989633246, 18.15207311739715], [-15.902704991371008, 18.1520371453723], [-15.902666993124317, 18.152001173339137], [-15.902628994893169, 18.151965201297656], [-15.9026286236995, 18.151892902338126], [-15.90259062550031, 18.151856930287288], [-15.90255262731666, 18.151820958228132], [-15.90255225615755, 18.151748659265987], [-15.902514258005858, 18.151712687197477], [-15.902476259869715, 18.151676715120647], [-15.902438261749113, 18.15164074303548], [-15.902400263644054, 18.151604770942008], [-15.902399892552324, 18.1515324719752], [-15.902361894479222, 18.15149649987237], [-15.902323896421665, 18.15146052776122], [-15.90232352536449, 18.151388228791802], [-15.902285527338888, 18.151352256671295], [-15.90224752932883, 18.15131628454247], [-15.902247158306208, 18.151243985570446], [-15.902209160328104, 18.15120801343226], [-15.902171162365544, 18.151172041285758], [-15.902133164418531, 18.151136069130942], [-15.902095166487062, 18.151100096967784], [-15.902094795531813, 18.151027797991105], [-15.902056797632298, 18.150991825818615], [-15.902018799748324, 18.150955853637786], [-15.902018428827631, 18.150883554658495], [-15.901980430975613, 18.15084758246832], [-15.901942433139139, 18.150811610269823], [-15.901942062252997, 18.150739311287925], [-15.901904064448477, 18.150703339080078], [-15.9018660666595, 18.150667366863917], [-15.901865695807912, 18.15059506787941], [-15.901827698050885, 18.15055909565389], [-15.901789700309406, 18.150523123420058], [-15.901789329492368, 18.150450824432934], [-15.90175133178284, 18.150414852189748], [-15.901713334088853, 18.15037887993823], [-15.90171296330637, 18.15030658094851], [-15.901674965644336, 18.15027060868765], [-15.901636967997845, 18.150234636418478], [-15.90163659724991, 18.150162337426135], [-15.901598599635374, 18.15012636514761], [-15.901560602036376, 18.15009039286076], [-15.901560231322993, 18.150018093865818], [-15.901522233755948, 18.149982121569625], [-15.90148423620445, 18.1499461492651], [-15.901483865525613, 18.149873850267547], [-15.901445868006064, 18.14983787795368], [-15.901407870502057, 18.14980190563149], [-15.901407499857772, 18.149729606631336], [-15.901369502385714, 18.149693634299794], [-15.901331504929203, 18.149657661959935], [-15.901331134319463, 18.149585362957172], [-15.901293136894902, 18.149549390607955], [-15.901255139485881, 18.14951341825043], [-15.901254768910688, 18.14944111924505], [-15.90121677153362, 18.14940514687818], [-15.901178774172093, 18.14936917450297], [-15.901178403631445, 18.149296875494993], [-15.901178033092531, 18.14922457648647], [-15.901140035779362, 18.1491886041009], [-15.901102038481735, 18.149152631706993], [-15.901101667977368, 18.149080332695863], [-15.90106367071169, 18.149044360292617], [-15.901025673461552, 18.149008387881047], [-15.901025302991728, 18.148936088867305], [-15.900987305773544, 18.148900116446395], [-15.900949308570898, 18.148864144017153], [-15.900948938135619, 18.148791845000822], [-15.90094856770207, 18.148719545983923], [-15.900910570547781, 18.14868357354431], [-15.900872573409034, 18.148647601096364], [-15.900872203010028, 18.148575302076868], [-15.900834205903228, 18.1485393296196], [-15.90079620881197, 18.148503357153995], [-15.900795838447511, 18.148431058131887], [-15.900788658686745, 18.148424260929634], [-15.901681936696603, 18.146928192683337]]]}}, {"type": "Feature", "properties": {"hex_id": 1008, "utci_present": 34.17, "utci_2050": 38.44, "utci_2090": 41.75, "utci": 34.17}, "geometry": {"type": "Polygon", "coordinates": [[[-15.906513905959205, 18.149565095388148], [-15.909726123320958, 18.149549932229753], [-15.911346016218609, 18.152201869602006], [-15.909753647908843, 18.154869011980704], [-15.906541333391043, 18.154884179883744], [-15.904921484350183, 18.15223220066331], [-15.906513905959205, 18.149565095388148]]]}}, {"type": "Feature", "properties": {"hex_id": 1048, "utci_present": 34.25, "utci_2050": 38.56, "utci_2090": 41.9, "utci": 34.25}, "geometry": {"type": "Polygon", "coordinates": [[[-15.904921484350183, 18.15223220066331], [-15.906541333391043, 18.154884179883744], [-15.906113940366339, 18.155599998677538], [-15.906088761051377, 18.155600117305347], [-15.906050761338959, 18.155564146018275], [-15.906012761642087, 18.15552817472287], [-15.905974761960765, 18.155492203419147], [-15.905936762294992, 18.155456232107085], [-15.905898762644767, 18.1554202607867], [-15.905860763010088, 18.15538428945798], [-15.905785136353913, 18.15538464564624], [-15.905747136749461, 18.15534867429357], [-15.905709137160557, 18.155312702932584], [-15.905671137587202, 18.155276731563262], [-15.905633138029398, 18.155240760185624], [-15.905595138487138, 18.155204788799665], [-15.905557138960427, 18.155168817405357], [-15.905519139449265, 18.155132846002733], [-15.905481139953652, 18.155096874591795], [-15.90540551341316, 18.15509723062534], [-15.905367513947768, 18.155061259190443], [-15.90532951449793, 18.15502528774722], [-15.905291515063636, 18.154989316295662], [-15.90525351564489, 18.154953344835793], [-15.905215516241693, 18.154917373367592], [-15.905177516854044, 18.15488140189106], [-15.905139517481942, 18.154845430406205], [-15.905101518125386, 18.154809458913018], [-15.905063518784381, 18.154773487411525], [-15.905025519458922, 18.154737515901687], [-15.904987520149012, 18.154701544383535], [-15.904949520854647, 18.15466557285704], [-15.90491152157583, 18.15462960132223], [-15.90487352231256, 18.15459362977909], [-15.90483552306484, 18.154557658227635], [-15.904797523832666, 18.154521686667845], [-15.90475952461604, 18.15448571509973], [-15.90472152541496, 18.15444974352328], [-15.904683526229425, 18.15441377193852], [-15.904645527059442, 18.154377800345426], [-15.904607527905004, 18.154341828744023], [-15.904569528766112, 18.154305857134265], [-15.904531529642767, 18.15426988551621], [-15.904493530534973, 18.15423391388982], [-15.904455531442721, 18.154197942255088], [-15.90441753236602, 18.154161970612048], [-15.904379533304866, 18.154125998960684], [-15.904341534259256, 18.154090027300988], [-15.904303535229195, 18.15405405563297], [-15.904265536214682, 18.15401808395662], [-15.904227537215714, 18.153982112271954], [-15.904189538232291, 18.153946140578956], [-15.904151539264419, 18.153910168877637], [-15.904113540312089, 18.15387419716799], [-15.90407554137531, 18.15383822545003], [-15.904037542454077, 18.153802253723736], [-15.903999543548387, 18.153766281989117], [-15.903999171751694, 18.153693983070518], [-15.903961172877969, 18.153658011326556], [-15.903923174019788, 18.153622039574252], [-15.903885175177155, 18.153586067813627], [-15.903847176350068, 18.15355009604468], [-15.903809177538529, 18.153514124267407], [-15.903771178742533, 18.153478152481803], [-15.903733179962087, 18.153442180687886], [-15.903695181197184, 18.15340620888564], [-15.903694809533544, 18.153333909958253], [-15.903656810800603, 18.15329793814666], [-15.90361881208321, 18.15326196632674], [-15.903580813381357, 18.153225994498484], [-15.903542814695056, 18.1531900226619], [-15.903504816024299, 18.153154050817015], [-15.903466817369088, 18.15311807896379], [-15.903466445805668, 18.15304578002967], [-15.903428447182415, 18.153009808167102], [-15.903390448574712, 18.152973836296198], [-15.903352449982552, 18.152937864416977], [-15.903314451405938, 18.15290189252942], [-15.90327645284487, 18.152865920633555], [-15.903238454299348, 18.152829948729362], [-15.903238082836141, 18.152757649788512], [-15.903200084322577, 18.152721677874965], [-15.903162085824562, 18.15268570595309], [-15.90312408734209, 18.152649734022894], [-15.90308608887516, 18.15261376208438], [-15.903085717479344, 18.15254146313886], [-15.903047719044373, 18.15250549119099], [-15.903009720624953, 18.152469519234785], [-15.902971722221071, 18.152433547270274], [-15.90293372383274, 18.152397575297428], [-15.902933352504308, 18.152325276347245], [-15.902895354147931, 18.15228930436504], [-15.902857355807102, 18.15225333237452], [-15.902845339166523, 18.15224195654459], [-15.904921484350183, 18.15223220066331]]]}}, {"type": "Feature", "properties": {"hex_id": 970, "utci_present": 34.05, "utci_2050": 38.3, "utci_2090": 41.59, "utci": 34.05}, "geometry": {"type": "Polygon", "coordinates": [[[-15.911346016218609, 18.152201869602006], [-15.914558277420461, 18.15218662363088], [-15.916178267473498, 18.15483851526864], [-15.914585952496378, 18.157505694744067], [-15.911373594122445, 18.157520945485143], [-15.909753647908843, 18.154869011980704], [-15.911346016218609, 18.152201869602006]]]}}, {"type": "Feature", "properties": {"hex_id": 1009, "utci_present": 34.06, "utci_2050": 38.33, "utci_2090": 41.63, "utci": 34.06}, "geometry": {"type": "Polygon", "coordinates": [[[-15.906541333391043, 18.154884179883744], [-15.909753647908843, 18.154869011980704], [-15.911373594122445, 18.157520945485143], [-15.91132652436199, 18.157599784283956], [-15.911317498473956, 18.157599827056906], [-15.91127949728904, 18.157563856876934], [-15.91124149611967, 18.157527886688626], [-15.911165868654463, 18.157528245033305], [-15.911090241187507, 18.157528603348258], [-15.911014613718798, 18.15752896163349], [-15.910976612609007, 18.157492991389965], [-15.910938611514766, 18.157457021138107], [-15.910862984073658, 18.15745737936235], [-15.910787356630797, 18.157457737556847], [-15.910711729186191, 18.157458095721612], [-15.910673728151524, 18.157422125414538], [-15.91063572713241, 18.15738615509913], [-15.910560099715406, 18.157386513202912], [-15.910484472296647, 18.157386871276973], [-15.910408844876143, 18.157387229321287], [-15.910370843916604, 18.157351258950673], [-15.910332842972615, 18.157315288571716], [-15.910257215579712, 18.157315646555055], [-15.91018158818506, 18.157316004508655], [-15.91010596078866, 18.157316362432528], [-15.910067959904246, 18.157280391998366], [-15.910029959035384, 18.157244421555866], [-15.90995433166659, 18.157244779418754], [-15.909878704296043, 18.157245137251905], [-15.909840703472085, 18.157209166769825], [-15.909802702663674, 18.15717319627942], [-15.909727075320733, 18.15717355405159], [-15.909651447976044, 18.157173911794015], [-15.909575820629605, 18.15717426950673], [-15.909537819880775, 18.157138298961108], [-15.909499819147495, 18.15710232840715], [-15.909424191828661, 18.15710268605887], [-15.909348564508083, 18.157103043680866], [-15.909310563819702, 18.157067073087333], [-15.909272563146875, 18.15703110248547], [-15.9091969358539, 18.15703146004647], [-15.90912130855918, 18.157031817577742], [-15.909083307931253, 18.156995846936297], [-15.909045307318875, 18.156959876286514], [-15.908969680051763, 18.156960233756806], [-15.908894052782902, 18.156960591197365], [-15.908856052215429, 18.156924620508008], [-15.908818051663504, 18.15688864981032], [-15.908742424422249, 18.15688900718989], [-15.908704423900552, 18.156853036468256], [-15.908666423394404, 18.156817065738277], [-15.908590796180757, 18.156817423056875], [-15.908515168965367, 18.156817780345737], [-15.908477168504122, 18.156781809576184], [-15.908439168058427, 18.156745838798294], [-15.908363540870644, 18.15674619602618], [-15.908325540455174, 18.156710225224344], [-15.908287540055253, 18.15667425441417], [-15.908211912895082, 18.15667461158107], [-15.908136285733162, 18.15667496871825], [-15.908098285378145, 18.156638997868495], [-15.908060285038678, 18.156603027010423], [-15.90798465790437, 18.156603384086612], [-15.90794665759513, 18.156567413204577], [-15.907908657301439, 18.15653144231422], [-15.90783303019474, 18.156531799329436], [-15.907795029931274, 18.156495828415125], [-15.907757029683358, 18.15645985749248], [-15.90768140260427, 18.156460214446703], [-15.907643402386583, 18.15642424350012], [-15.907605402184442, 18.156388272545186], [-15.907529775132966, 18.15638862943845], [-15.907491774961052, 18.156352658459568], [-15.907453774804686, 18.15631668747236], [-15.907378147780824, 18.156317044304636], [-15.907340147654685, 18.156281073293478], [-15.907302147544096, 18.156245102273996], [-15.907226520547843, 18.156245459045287], [-15.907188520467479, 18.15620948800185], [-15.907150520402668, 18.15617351695008], [-15.907074893434025, 18.156173873660393], [-15.90703689339944, 18.156137902584685], [-15.906998893380402, 18.156101931500633], [-15.906923266439374, 18.15610228814998], [-15.906885266450562, 18.156066317041983], [-15.9068472664773, 18.15603034592565], [-15.906809266519586, 18.15599437480099], [-15.906771266577422, 18.155958403668016], [-15.90669563969336, 18.155958760225133], [-15.906657639781423, 18.1559227890682], [-15.906619639885035, 18.155886817902942], [-15.906544013028586, 18.155887174399084], [-15.906506013162424, 18.155851203209867], [-15.90646801331181, 18.155815232012326], [-15.906430013476744, 18.155779260806455], [-15.90639201365723, 18.15574328959227], [-15.906316386857752, 18.15574364599619], [-15.906278387068463, 18.155707674758048], [-15.906240387294721, 18.155671703511576], [-15.906202387536528, 18.15563573225678], [-15.906164387793881, 18.155599760993642], [-15.906113940366343, 18.155599998677538], [-15.906541333391043, 18.154884179883744]]]}}, {"type": "Feature", "properties": {"hex_id": 971, "utci_present": 34.1, "utci_2050": 38.37, "utci_2090": 41.68, "utci": 34.1}, "geometry": {"type": "Polygon", "coordinates": [[[-15.911373594122445, 18.157520945485143], [-15.914585952496378, 18.157505694744067], [-15.915030198354984, 18.158232901226814], [-15.91502663137152, 18.15823291819973], [-15.914951003683012, 18.158233278046332], [-15.91491300164592, 18.158197308625937], [-15.914874999624377, 18.1581613391972], [-15.91479937196346, 18.15816169898281], [-15.914723744300781, 18.158162058738675], [-15.914648116636345, 18.15816241846481], [-15.914572488970155, 18.158162778161216], [-15.91453448702285, 18.158126808661613], [-15.914496485091101, 18.158090839153676], [-15.914420857452495, 18.158091198789084], [-15.914345229812135, 18.15809155839476], [-15.914269602170016, 18.1580919179707], [-15.914193974526142, 18.158092277516918], [-15.914118346880512, 18.158092637033384], [-15.914080345037672, 18.158056667438967], [-15.914042343210385, 18.15802069783621], [-15.913966715592343, 18.158021057291695], [-15.913891087972546, 18.158021416717435], [-15.913815460350992, 18.15802177611345], [-15.913739832727684, 18.158022135479737], [-15.91366420510262, 18.158022494816272], [-15.913626203364249, 18.157986525127033], [-15.913588201641428, 18.157950555429448], [-15.913512574043951, 18.157950914705008], [-15.913436946444724, 18.15795127395083], [-15.91336131884374, 18.15795163316692], [-15.913285691241, 18.157951992353276], [-15.913210063636507, 18.1579523515099], [-15.913172062002602, 18.15791638172583], [-15.91313406038425, 18.15788041193343], [-15.913058432807349, 18.15788077102906], [-15.912982805228694, 18.157881130094957], [-15.912907177648284, 18.157881489131125], [-15.912831550066123, 18.157881848137556], [-15.912793548522012, 18.157845878274298], [-15.912755546993454, 18.157809908402722], [-15.912679919438883, 18.15781026734815], [-15.912604291882563, 18.157810626263853], [-15.912528664324487, 18.157810985149833], [-15.912453036764656, 18.157811344006063], [-15.912377409203076, 18.157811702832568], [-15.912339407763435, 18.157775732874512], [-15.912301406339347, 18.157739762908115], [-15.912225778805361, 18.15774012167363], [-15.912150151269623, 18.15774048040942], [-15.912074523732132, 18.157740839115466], [-15.911998896192888, 18.157741197791783], [-15.911960894843046, 18.157705227754533], [-15.911922893508756, 18.157669257708953], [-15.911847265997107, 18.157669616324274], [-15.911771638483708, 18.157669974909872], [-15.911696010968557, 18.157670333465738], [-15.911658009693841, 18.157634363364938], [-15.911620008434674, 18.15759839325581], [-15.911544380947122, 18.15759875175068], [-15.911468753457818, 18.157599110215823], [-15.911393125966761, 18.157599468651227], [-15.91132652436199, 18.157599784283956], [-15.911373594122445, 18.157520945485143]]]}}]}