{"type": "FeatureCollection", "features": [{"type": "Feature", "properties": {"highway": "trunk"}, "geometry": {"type": "LineString", "coordinates": [[-15.8918331, 18.0660458], [-15.8914199, 18.0659397], [-15.891161, 18.0658732], [-15.8910678, 18.0658492], [-15.8907178, 18.0657535], [-15.8902618, 18.0656362], [-15.8898515, 18.0655202], [-15.8894746, 18.0654157], [-15.8892801, 18.0653634], [-15.8888188, 18.0652333], [-15.888332, 18.0651071], [-15.8881402, 18.0650561], [-15.8873396, 18.0648445], [-15.8870432, 18.0647667], [-15.8866248, 18.0646494], [-15.8863646, 18.0645767], [-15.8852032, 18.0642847], [-15.8848277, 18.0641802], [-15.8844575, 18.0640744], [-15.8836529, 18.0638474], [-15.8832411, 18.0637399], [-15.8826417, 18.0635835], [-15.8822769, 18.0634904], [-15.8819456, 18.063405], [-15.8813435, 18.0632469], [-15.8812255, 18.0632125], [-15.8806944, 18.0630722], [-15.8797851, 18.0628134], [-15.8794304, 18.0627178], [-15.8791722, 18.0626451], [-15.8789221, 18.0625705], [-15.878733, 18.0625087], [-15.8784722, 18.0624347], [-15.877068, 18.0620108], [-15.8744958, 18.0611673], [-15.8744277, 18.0611443], [-15.8738467, 18.060948], [-15.8731826, 18.0607138], [-15.8728872, 18.0606048], [-15.8707776, 18.0598293], [-15.8702391, 18.0596309], [-15.8691421, 18.059265], [-15.8684327, 18.0590457], [-15.8677018, 18.0588455], [-15.8667898, 18.0586122], [-15.8663915, 18.0585063], [-15.8662095, 18.0584653], [-15.8660804, 18.0584362], [-15.8656673, 18.0583387], [-15.8651631, 18.0582328], [-15.8644301, 18.0580869], [-15.8635088, 18.057939], [-15.8629697, 18.0578522], [-15.8623762, 18.0577757], [-15.8621809, 18.0577495], [-15.8620537, 18.0577324], [-15.8615562, 18.0576737], [-15.8609748, 18.0576176], [-15.8603002, 18.0575654], [-15.8596605, 18.0575182], [-15.8582202, 18.0574557], [-15.8576328, 18.0574442], [-15.8570601, 18.0574481], [-15.8565129, 18.0574557], [-15.8559443, 18.0574736], [-15.8554682, 18.0574876], [-15.8550136, 18.0575067], [-15.8542746, 18.0575615], [-15.8538643, 18.0575896], [-15.851583, 18.0577681], [-15.8503157, 18.0578599], [-15.8496051, 18.0579157], [-15.8491302, 18.057953], [-15.8483465, 18.0580154], [-15.8480573, 18.0580384], [-15.8476934, 18.0580654], [-15.8471453, 18.058106], [-15.8462293, 18.0581787], [-15.8456701, 18.0582118], [-15.8449526, 18.0582679], [-15.8443679, 18.0583113], [-15.843413, 18.058389], [-15.8422127, 18.058477], [-15.8404867, 18.0586096], [-15.8389311, 18.0587244], [-15.8348273, 18.0590501], [-15.8340347, 18.0591056], [-15.8330141, 18.0591783], [-15.8320177, 18.0592267], [-15.8312388, 18.0592415], [-15.8302327, 18.0592344], [-15.8295487, 18.0592114], [-15.8287735, 18.059163], [-15.8278549, 18.0590801], [-15.8270381, 18.0589858], [-15.8257829, 18.0587741], [-15.8245653, 18.0585345], [-15.8238946, 18.0583801], [-15.8232265, 18.0582067], [-15.8224627, 18.0579845], [-15.8224071, 18.0579683], [-15.8210917, 18.0575322], [-15.820507, 18.0573167], [-15.819831, 18.0570477], [-15.8187702, 18.0565823], [-15.8182848, 18.0563515], [-15.8177912, 18.0561143], [-15.8171757, 18.0557905], [-15.8165963, 18.055473], [-15.8159633, 18.0551007], [-15.8151278, 18.0545957], [-15.8134246, 18.0534444], [-15.8115511, 18.0521909], [-15.8101308, 18.0512295], [-15.8085738, 18.0501865], [-15.8069302, 18.0491051], [-15.8064267, 18.0487686], [-15.8056422, 18.0482738], [-15.8041026, 18.0473073], [-15.8031397, 18.0467182], [-15.8024208, 18.0462795], [-15.800086, 18.0449177], [-15.7995294, 18.0445976], [-15.7987529, 18.0441705], [-15.7965776, 18.0429744], [-15.7940966, 18.0416252], [-15.7921158, 18.0405745], [-15.7901149, 18.0394932], [-15.7860889, 18.037333], [-15.7846901, 18.0365666], [-15.7804103, 18.0343098], [-15.7785685, 18.0332973], [-15.7772282, 18.0325841], [-15.7766461, 18.0322691], [-15.7759555, 18.0319031], [-15.7748692, 18.0312897], [-15.7738017, 18.0306916], [-15.7725289, 18.0299495], [-15.7713997, 18.0293042], [-15.7703644, 18.028687], [-15.769494, 18.0281539], [-15.7681462, 18.027339], [-15.7670438, 18.0266529], [-15.7668547, 18.0265407], [-15.7665235, 18.0263341], [-15.7661721, 18.0261275], [-15.7657336, 18.0258431], [-15.7646998, 18.025176], [-15.764316, 18.0249415], [-15.7637957, 18.0246112], [-15.7625659, 18.0238167], [-15.7616365, 18.0232096], [-15.7609351, 18.0227824], [-15.7602739, 18.0224062], [-15.7592252, 18.0218782], [-15.7583937, 18.0215045], [-15.7576226, 18.021187], [-15.7568823, 18.0209052], [-15.755619, 18.0204907], [-15.7549779, 18.0203019], [-15.7544146, 18.020168], [-15.7537682, 18.0200163], [-15.7529435, 18.0198492], [-15.7521911, 18.0197229], [-15.7512698, 18.0196094], [-15.7505496, 18.0195278], [-15.749002, 18.0193352], [-15.747335, 18.019149], [-15.7456706, 18.0189361], [-15.7444221, 18.0187817], [-15.7435302, 18.0186657], [-15.7430144, 18.0186036], [-15.7424064, 18.0185305], [-15.7421201, 18.0184924], [-15.7410369, 18.0183484], [-15.739971, 18.0182066], [-15.7384783, 18.0180242], [-15.7374518, 18.0179146], [-15.7372002, 18.0178877], [-15.7366061, 18.0177959], [-15.7344416, 18.0175268], [-15.7335967, 18.0174197], [-15.7319592, 18.0172246], [-15.7311465, 18.0171059], [-15.7304129, 18.0169899], [-15.7295935, 18.016842], [-15.7285434, 18.0166315], [-15.727661, 18.0164479], [-15.7268818, 18.0162591], [-15.7259953, 18.01605], [-15.7250552, 18.0158038], [-15.7241955, 18.0155526], [-15.7233399, 18.0152924], [-15.7220203, 18.0148588], [-15.7205893, 18.0143576], [-15.7190135, 18.0137658], [-15.716574, 18.0128463], [-15.7114074, 18.0109045], [-15.7102078, 18.0104664], [-15.7094655, 18.0101941], [-15.7085368, 18.0098517], [-15.7076537, 18.0095462], [-15.706953, 18.0092981], [-15.7054335, 18.008779], [-15.7041755, 18.008355], [-15.7028666, 18.007913], [-15.7019117, 18.007598], [-15.7010883, 18.0073397], [-15.7001596, 18.0070394], [-15.6995078, 18.0068309], [-15.6988708, 18.0066287], [-15.6980534, 18.0063679], [-15.6954718, 18.0055867], [-15.6934521, 18.0049515], [-15.6911105, 18.0042526], [-15.6891163, 18.0036608], [-15.6871422, 18.003083], [-15.6858748, 18.0026698], [-15.683949, 18.0021239], [-15.6826052, 18.0017514], [-15.6811219, 18.0013981], [-15.6802167, 18.0011877], [-15.6788434, 18.0009313], [-15.6777973, 18.0007094], [-15.6768921, 18.0005602], [-15.6752251, 18.0002668], [-15.674509, 18.0001074], [-15.6730458, 17.9998242], [-15.6712729, 17.9995219], [-15.6700672, 17.9992719], [-15.6692827, 17.9991393], [-15.6683774, 17.9989786], [-15.6669518, 17.9987031], [-15.6659178, 17.9985258], [-15.6647189, 17.9982962], [-15.6642602, 17.9982184], [-15.6637104, 17.998138], [-15.6630211, 17.9980679], [-15.6621882, 17.997999], [-15.6614614, 17.9979569], [-15.6607465, 17.9979403], [-15.6597219, 17.9979582], [-15.6589669, 17.9979901], [-15.6580053, 17.9980602], [-15.6561559, 17.9982209], [-15.655417, 17.9982758], [-15.6546874, 17.9983192], [-15.6538197, 17.9983421], [-15.653066, 17.9983345], [-15.6521742, 17.9982936], [-15.6513977, 17.9982324], [-15.6498259, 17.9981087], [-15.6487235, 17.9980028], [-15.6484258, 17.9979556], [-15.6482542, 17.997911], [-15.6480382, 17.9978817], [-15.6467535, 17.9977681], [-15.6449296, 17.997587], [-15.6440136, 17.9975067], [-15.6432934, 17.9974238], [-15.6425303, 17.9973205], [-15.6407949, 17.9970488], [-15.6400292, 17.9968906], [-15.639246, 17.9967095], [-15.6379129, 17.9964072], [-15.636659, 17.9960692], [-15.6358422, 17.995832], [-15.6346259, 17.9954315], [-15.6336334, 17.9950832], [-15.6327054, 17.9947312], [-15.6319235, 17.9944238], [-15.6312691, 17.9941559], [-15.6307554, 17.9939442], [-15.6303008, 17.9937325], [-15.6286325, 17.9929289], [-15.6272994, 17.992295], [-15.6261688, 17.9917388], [-15.625155, 17.9912682], [-15.6232935, 17.9904008], [-15.6228912, 17.9902044], [-15.6223923, 17.9899684], [-15.6204289, 17.9891342], [-15.6200105, 17.9889582], [-15.6187888, 17.988462], [-15.6171164, 17.9878127], [-15.6161655, 17.9874645], [-15.6138052, 17.9866265], [-15.6122763, 17.9861073], [-15.6094265, 17.9851749], [-15.60883, 17.9849778], [-15.6072177, 17.9844452], [-15.6065726, 17.9842373], [-15.6053039, 17.9838763], [-15.6040902, 17.9835294], [-15.6032453, 17.9833087], [-15.6024608, 17.9831173], [-15.6012189, 17.9828265], [-15.6001179, 17.9825905], [-15.5989672, 17.9823596], [-15.5978246, 17.9821313], [-15.5968027, 17.981954], [-15.5960128, 17.9818277], [-15.594673, 17.9816389], [-15.5935518, 17.9814973], [-15.5925567, 17.9813978], [-15.5912344, 17.9812614], [-15.5910653, 17.9812453], [-15.5899993, 17.981144], [-15.5888097, 17.981084], [-15.5879031, 17.9810381], [-15.5873291, 17.9810177], [-15.5854811, 17.9809794], [-15.5826004, 17.9809271], [-15.5805726, 17.9808978], [-15.5789445, 17.9808557], [-15.5783464, 17.9808391], [-15.5777577, 17.9808009], [-15.5771099, 17.9807409], [-15.5762248, 17.9806229], [-15.57586, 17.9805751], [-15.5754764, 17.9805132], [-15.5750117, 17.9804329], [-15.5746584, 17.9803557], [-15.5742748, 17.980267], [-15.5738336, 17.9801726], [-15.5733957, 17.9800623], [-15.572925, 17.9799417], [-15.572524, 17.9798263], [-15.5718092, 17.9795935], [-15.5711494, 17.9793811], [-15.5701704, 17.979059], [-15.5690914, 17.978721], [-15.5673909, 17.9781399], [-15.5663636, 17.9778038], [-15.5656012, 17.9775531], [-15.5650198, 17.9773541], [-15.5641381, 17.9770212], [-15.5632731, 17.9767036], [-15.5628841, 17.9765613], [-15.5621801, 17.9762852], [-15.5617167, 17.9761059], [-15.5613633, 17.9759618], [-15.5609597, 17.975794], [-15.5592873, 17.9751077], [-15.5583411, 17.9746881], [-15.5578228, 17.9744565], [-15.5575807, 17.9743481], [-15.5573098, 17.9742244], [-15.5570959, 17.974137], [-15.5564462, 17.9738634], [-15.5556656, 17.9735049], [-15.5549642, 17.9731751], [-15.5543366, 17.9728964], [-15.5535695, 17.9725615], [-15.5518194, 17.9717955], [-15.5502737, 17.971099], [-15.5478027, 17.9699898], [-15.5474597, 17.9698294], [-15.5467084, 17.9694782], [-15.5449985, 17.9687141], [-15.5442998, 17.9684028], [-15.5435528, 17.9680979], [-15.5431585, 17.9679206], [-15.5426569, 17.9676935], [-15.5415626, 17.9672024], [-15.5408706, 17.9668911], [-15.5398969, 17.9664752], [-15.5380113, 17.9656039], [-15.5375157, 17.9653863], [-15.5369103, 17.9651204], [-15.5364127, 17.9648883], [-15.5350797, 17.9642746], [-15.533284, 17.963485], [-15.5326313, 17.9632034], [-15.5313112, 17.962634], [-15.5304174, 17.9622162], [-15.5291427, 17.9616929], [-15.5266177, 17.9607144], [-15.5261635, 17.9605384], [-15.5254632, 17.9602926], [-15.5247017, 17.9600252], [-15.52333, 17.9595524], [-15.522417, 17.9592967], [-15.5210651, 17.9588565], [-15.5190629, 17.9581893], [-15.5159287, 17.9571636], [-15.5149554, 17.9568441], [-15.5143972, 17.9566609], [-15.513669, 17.956416], [-15.5129622, 17.9561825], [-15.5123909, 17.9559854], [-15.5118243, 17.9557896], [-15.5111638, 17.9555625], [-15.5105073, 17.9553239], [-15.5095793, 17.954996], [-15.5083448, 17.9545584], [-15.5070985, 17.9541113], [-15.506351, 17.9538419], [-15.5055486, 17.953571], [-15.5045877, 17.9532252], [-15.503559, 17.9528546], [-15.502517, 17.9524674], [-15.5014817, 17.9520808], [-15.5003907, 17.9516802], [-15.499181, 17.9512075], [-15.4980437, 17.9507846], [-15.4971841, 17.950444], [-15.4956921, 17.9498711], [-15.4946239, 17.9494577], [-15.4931011, 17.9488868], [-15.4920444, 17.9484931], [-15.4917032, 17.9483659], [-15.4911357, 17.9481545], [-15.488831, 17.9472831], [-15.4872794, 17.9466962], [-15.4835089, 17.9452679], [-15.4804002, 17.9440877], [-15.47635, 17.9425554], [-15.4738395, 17.9415972], [-15.4724501, 17.9410843], [-15.4712096, 17.9406364], [-15.4700616, 17.9402167], [-15.4689927, 17.9398071], [-15.4674786, 17.9392776], [-15.4672552, 17.9391997], [-15.4664326, 17.9389127], [-15.465011, 17.93841], [-15.4632206, 17.9378001], [-15.4622108, 17.937462], [-15.4602849, 17.9368176], [-15.459027, 17.936403], [-15.4571218, 17.9357577], [-15.4548883, 17.935025], [-15.4531986, 17.9344559], [-15.4517971, 17.9339902], [-15.4507779, 17.9336546], [-15.4496098, 17.9332603], [-15.4487796, 17.9329707], [-15.4477442, 17.932607], [-15.4467854, 17.9322829], [-15.4453558, 17.9317815], [-15.4438846, 17.9312545], [-15.4428613, 17.9308781], [-15.4413606, 17.9303358], [-15.4385711, 17.9292717], [-15.4377584, 17.928968], [-15.4358768, 17.9282598], [-15.4345129, 17.9277277], [-15.4334562, 17.927322], [-15.4324611, 17.9269251], [-15.4308531, 17.9262782], [-15.4293618, 17.92569], [-15.4288267, 17.925473], [-15.4271999, 17.9247942], [-15.4244868, 17.9236802], [-15.4235508, 17.9232923], [-15.4226147, 17.922884], [-15.421755, 17.9225089], [-15.4205413, 17.9219908], [-15.4198506, 17.9216999], [-15.4183593, 17.9210618], [-15.4158273, 17.9199619], [-15.414222, 17.9192881], [-15.4127095, 17.9186725], [-15.4100955, 17.9176612], [-15.4090534, 17.9172707], [-15.4066743, 17.9164145], [-15.4049386, 17.9158042], [-15.4001882, 17.9141425], [-15.3968681, 17.9129805], [-15.3955096, 17.9125147], [-15.3946432, 17.9122098], [-15.3910223, 17.910949], [-15.3885748, 17.9100889], [-15.3869028, 17.9095057], [-15.3863083, 17.909299], [-15.3854447, 17.9089934], [-15.384646, 17.9087307], [-15.3837832, 17.9085081], [-15.3827141, 17.9082691], [-15.3816349, 17.9080259], [-15.3809291, 17.9078939], [-15.3800319, 17.9077344], [-15.3792205, 17.9076145], [-15.3782858, 17.9074907], [-15.3772639, 17.9073822], [-15.3762969, 17.9073056], [-15.3757297, 17.9072699], [-15.3750859, 17.9072393], [-15.3740512, 17.9072188], [-15.373034, 17.9072252], [-15.3721449, 17.9072559], [-15.3711227, 17.9073051], [-15.3701359, 17.907372], [-15.3693058, 17.9074626], [-15.3685306, 17.9075609], [-15.3673732, 17.9077242], [-15.3651416, 17.9080356], [-15.363716, 17.9082347], [-15.3622878, 17.9084312], [-15.3613181, 17.9085575], [-15.3603029, 17.908666], [-15.3596149, 17.908717], [-15.3590128, 17.9087579], [-15.358023, 17.9088], [-15.3571098, 17.9088179], [-15.3559685, 17.9088153], [-15.3550337, 17.9087783], [-15.3541942, 17.9087349], [-15.353812, 17.9087043], [-15.3534418, 17.9086685], [-15.3527887, 17.9086022], [-15.3519076, 17.9085078], [-15.3511579, 17.9084108], [-15.3502513, 17.908264], [-15.3489867, 17.908033], [-15.3482786, 17.9078799], [-15.3470206, 17.9075724], [-15.3463219, 17.9073911], [-15.3456125, 17.9071831], [-15.3446335, 17.9068832], [-15.3430268, 17.906383], [-15.3395493, 17.9052983], [-15.3330396, 17.9032679], [-15.3298639, 17.9022687], [-15.3268893, 17.9013485], [-15.3244364, 17.9005752], [-15.3159928, 17.8979475], [-15.3032336, 17.8939402], [-15.2941047, 17.8910993], [-15.2914077, 17.8902493], [-15.288173, 17.8892385], [-15.2862686, 17.8886412], [-15.2832189, 17.8876789], [-15.2822828, 17.8873675], [-15.2805997, 17.8867855], [-15.2795483, 17.8864192], [-15.2782126, 17.8859291], [-15.2780828, 17.885881], [-15.2776104, 17.8857057], [-15.2769104, 17.8854467], [-15.2760695, 17.8851314], [-15.2745125, 17.884543], [-15.2730963, 17.8840057], [-15.2715553, 17.8834212], [-15.2711532, 17.883271], [-15.2698334, 17.8827779], [-15.2678539, 17.8820287], [-15.2653997, 17.8811098], [-15.263097, 17.8802406], [-15.2616003, 17.8796688], [-15.2596745, 17.8789464], [-15.2577876, 17.8782329], [-15.2550611, 17.8772029], [-15.2542162, 17.8768876], [-15.2525519, 17.8762533], [-15.2494848, 17.8750982], [-15.2451557, 17.8734606], [-15.2435732, 17.8728581], [-15.2420953, 17.8723055], [-15.241009, 17.8718779], [-15.239865, 17.8714235], [-15.2389008, 17.8710138], [-15.2382007, 17.8707074], [-15.2376053, 17.8704547], [-15.2370662, 17.870216], [-15.2354756, 17.8694859], [-15.2342123, 17.868872], [-15.2330831, 17.8683116], [-15.2324085, 17.8679708], [-15.231864, 17.8676849], [-15.2313772, 17.8674334], [-15.2298296, 17.8665948], [-15.2297627, 17.8665567], [-15.2288224, 17.8660217], [-15.22783, 17.8654448], [-15.2268402, 17.8648653], [-15.2257848, 17.8642258], [-15.2245791, 17.8635097], [-15.2201414, 17.8608508], [-15.2188754, 17.8600836], [-15.2185124, 17.8598666], [-15.2159652, 17.8583438], [-15.2143385, 17.8573622], [-15.2137001, 17.856978], [-15.2124569, 17.8562376], [-15.2111037, 17.8554334], [-15.209713, 17.8545871], [-15.2062181, 17.8524974], [-15.2024294, 17.8502226], [-15.2012305, 17.8495001], [-15.197112, 17.8470057], [-15.1966989, 17.8467657], [-15.1962577, 17.846504], [-15.1959693, 17.8463278], [-15.1950413, 17.8457878], [-15.1940529, 17.8451929], [-15.1923591, 17.8441768], [-15.1906908, 17.8431798], [-15.1896058, 17.8425236], [-15.1883063, 17.8417257], [-15.1868686, 17.8408423], [-15.1858641, 17.8401951], [-15.185034, 17.8396793], [-15.1841649, 17.8391112], [-15.1835614, 17.8387167], [-15.1829647, 17.838321], [-15.1822405, 17.8378371], [-15.1818623, 17.8375882], [-15.1814009, 17.8372665], [-15.1808766, 17.8369103], [-15.1799901, 17.8363064], [-15.1788461, 17.8355379], [-15.1781742, 17.8350783], [-15.1774272, 17.8345715], [-15.1765233, 17.8339983], [-15.1760218, 17.8336765], [-15.1755309, 17.8333906], [-15.1748765, 17.8330088], [-15.1741657, 17.8326003], [-15.17364, 17.8323284], [-15.1731437, 17.8320603], [-15.1725832, 17.8317705], [-15.1721084, 17.8315407], [-15.1705045, 17.8307938], [-15.1699036, 17.8305397], [-15.1693001, 17.8302755], [-15.1687007, 17.8300252], [-15.1680838, 17.8297916], [-15.1675232, 17.8295771], [-15.1670136, 17.8293984], [-15.1658776, 17.8289924], [-15.1640899, 17.8283898], [-15.1632316, 17.8280737], [-15.1626644, 17.8278319], [-15.1617095, 17.8274259], [-15.1610094, 17.8271003], [-15.1603416, 17.8267556], [-15.1595879, 17.8263522], [-15.1590058, 17.8260164], [-15.1582977, 17.8255861], [-15.1576124, 17.8251367], [-15.1568238, 17.8246005], [-15.1561952, 17.8241807], [-15.1550362, 17.8234016], [-15.1536655, 17.8224811], [-15.1527174, 17.8218376], [-15.152185, 17.8214827], [-15.1517451, 17.8211916], [-15.1511604, 17.8208226], [-15.1493338, 17.8197361], [-15.1487155, 17.8193875], [-15.1480155, 17.8190122], [-15.1459864, 17.8179742], [-15.1437601, 17.8168544], [-15.1420985, 17.8160002], [-15.1407695, 17.8153159], [-15.1382616, 17.8140008], [-15.1358584, 17.8127048], [-15.1347037, 17.81206], [-15.1334833, 17.8113642], [-15.1322977, 17.8106785], [-15.1312181, 17.8100567], [-15.1304846, 17.8096238], [-15.1299293, 17.8092931], [-15.1294144, 17.8089803], [-15.1290308, 17.808753], [-15.1286674, 17.8085321], [-15.1282918, 17.8083036], [-15.1276588, 17.8079065], [-15.1267804, 17.8073498], [-15.1259717, 17.8068403], [-15.1250853, 17.8062964], [-15.1246092, 17.8059797], [-15.1240124, 17.8055979], [-15.1231138, 17.8050668], [-15.1224419, 17.8046735], [-15.1218425, 17.8043402], [-15.1212028, 17.8039929], [-15.1204678, 17.8036047], [-15.1197839, 17.8032561], [-15.1190838, 17.8029229], [-15.1185608, 17.8026739], [-15.1180619, 17.8024236], [-15.1172157, 17.8020508], [-15.1161616, 17.8016077], [-15.1151826, 17.8012272], [-15.1144221, 17.8009182], [-15.1136269, 17.800604], [-15.1125003, 17.8001558], [-15.1116192, 17.7997932], [-15.1106335, 17.7994012], [-15.1097792, 17.7990347], [-15.1086018, 17.7985201], [-15.1077756, 17.7981511], [-15.1069026, 17.7977604], [-15.1057251, 17.7972355], [-15.1048306, 17.7968193], [-15.1041211, 17.7964847], [-15.1035404, 17.7962038], [-15.1028511, 17.7958603], [-15.1021577, 17.7955066], [-15.1014966, 17.7951414], [-15.100873, 17.7947889], [-15.1003097, 17.7944633], [-15.0994782, 17.7939487], [-15.0986508, 17.7934098], [-15.0979896, 17.7929642], [-15.0975966, 17.792696], [-15.09726, 17.7924496], [-15.0969073, 17.7921903], [-15.0965922, 17.7919567], [-15.0960879, 17.7915774], [-15.0954978, 17.7911151], [-15.0946073, 17.7904115], [-15.0940508, 17.7899493], [-15.09358, 17.7895815], [-15.0930476, 17.7891665], [-15.0925045, 17.7887732], [-15.0919184, 17.7883684], [-15.091424, 17.7880656], [-15.091272, 17.7879725], [-15.0906779, 17.7876418], [-15.0905851, 17.7875923], [-15.0901414, 17.7873557], [-15.0896117, 17.7870965], [-15.0891343, 17.7868704], [-15.0884436, 17.7865704], [-15.0875759, 17.7862409], [-15.0870234, 17.7860506], [-15.0863542, 17.7858412], [-15.0850077, 17.7854108], [-15.0837591, 17.7850188], [-15.0826393, 17.7846702], [-15.0815651, 17.7843356], [-15.0804965, 17.7839612], [-15.0796165, 17.7836294], [-15.0784564, 17.7831684], [-15.0773124, 17.7826703], [-15.0760974, 17.7821519], [-15.0744908, 17.7814827], [-15.0725448, 17.7806628], [-15.0718045, 17.780341], [-15.0688407, 17.7790831], [-15.0657924, 17.777769], [-15.0640033, 17.7769926], [-15.0610448, 17.7757462], [-15.0597708, 17.7752149], [-15.0590117, 17.7748829], [-15.0575204, 17.7742775], [-15.0573935, 17.7742253], [-15.0560439, 17.7736696], [-15.0548583, 17.7732099], [-15.0539826, 17.7728702], [-15.0513996, 17.7718919], [-15.0499378, 17.771344], [-15.0486128, 17.7708127], [-15.0471845, 17.7702419], [-15.0458233, 17.7696953], [-15.0443092, 17.769049], [-15.042944, 17.7684692], [-15.0416645, 17.7679073], [-15.0403583, 17.7673249], [-15.03915, 17.7667834], [-15.0378732, 17.7661908], [-15.0367615, 17.7656761], [-15.035533, 17.7650835], [-15.0346023, 17.7646225], [-15.0337936, 17.7642265], [-15.032545, 17.7636084], [-15.0313313, 17.7629851], [-15.0300814, 17.7623389], [-15.0292861, 17.7619327], [-15.028279, 17.7613912], [-15.0273831, 17.7609021], [-15.0267407, 17.7605585], [-15.0260997, 17.7601996], [-15.0244823, 17.759303], [-15.023742, 17.7588701], [-15.022881, 17.7583247], [-15.0222024, 17.7579007], [-15.02156, 17.7574766], [-15.0207943, 17.7569619], [-15.0202337, 17.7565813], [-15.0194961, 17.7560461], [-15.018096, 17.7550014], [-15.0172041, 17.7543091], [-15.0165819, 17.753811], [-15.0157544, 17.75312], [-15.0151804, 17.7526423], [-15.0146627, 17.7522081], [-15.0142953, 17.7518709], [-15.0139318, 17.7515401], [-15.0136006, 17.7512335], [-15.0130977, 17.7507533], [-15.012462, 17.750144], [-15.0118907, 17.749559], [-15.0112724, 17.7489025], [-15.0106247, 17.7482128], [-15.0100748, 17.7476086], [-15.0094769, 17.7469738], [-15.0091428, 17.7465728], [-15.0086197, 17.7459405], [-15.007858, 17.7450157], [-15.0071727, 17.7441651], [-15.006419, 17.7431994], [-15.0056881, 17.742244], [-15.005216, 17.7416462], [-15.0047962, 17.7411493], [-15.0042424, 17.7405656], [-15.0037381, 17.74007], [-15.0033264, 17.7396766], [-15.002849, 17.7392601], [-15.0022267, 17.7387569], [-15.001819, 17.7384503], [-15.0013925, 17.7381552], [-15.0007595, 17.7377465], [-15.0001144, 17.7373518], [-14.999641, 17.7370887], [-14.9991368, 17.7368281], [-14.9982946, 17.7364385], [-14.9973759, 17.7360668], [-14.9958859, 17.7355533], [-14.9948882, 17.7352058], [-14.9931139, 17.7345952], [-14.9903418, 17.7336347], [-14.9873377, 17.7326051], [-14.9859162, 17.7321056], [-14.9844463, 17.7316011], [-14.9831052, 17.7311348], [-14.9821718, 17.7308206], [-14.9810493, 17.7304361], [-14.9800113, 17.7300707], [-14.9787989, 17.7296428], [-14.9771614, 17.7290488], [-14.9754784, 17.7284178], [-14.9745302, 17.7280626], [-14.9734157, 17.7276219], [-14.971793, 17.7269858], [-14.9707241, 17.7265642], [-14.9695547, 17.7260852], [-14.9687152, 17.7257237], [-14.9679212, 17.7253877], [-14.9668148, 17.7249036], [-14.965636, 17.7243875], [-14.9645832, 17.7239161], [-14.9634755, 17.723414], [-14.9620593, 17.7227651], [-14.9598549, 17.7217581], [-14.9566171, 17.72026], [-14.9559291, 17.719947], [-14.9543989, 17.7192891], [-14.9540448, 17.7191665], [-14.9525093, 17.7186785], [-14.9518655, 17.718483], [-14.9503487, 17.718018], [-14.9493402, 17.717705], [-14.9483559, 17.7173857], [-14.9478127, 17.7172106], [-14.9469638, 17.7168785], [-14.9464139, 17.7166498], [-14.9459928, 17.7164761], [-14.9453907, 17.7161976], [-14.9449039, 17.7159689], [-14.9443486, 17.7156879], [-14.9439289, 17.7154643], [-14.943544, 17.7152509], [-14.9430947, 17.7149916], [-14.942441, 17.7146063], [-14.9416718, 17.7141088], [-14.9410348, 17.7136745], [-14.9403857, 17.7132044], [-14.9399994, 17.7129054], [-14.9396293, 17.7126154], [-14.9389145, 17.7120073], [-14.9380414, 17.7112331], [-14.9372824, 17.7105433], [-14.9364012, 17.7097448], [-14.9358353, 17.7092389], [-14.9349448, 17.7084264], [-14.9337646, 17.7073903], [-14.9332081, 17.7069048], [-14.9322858, 17.7061763], [-14.9314794, 17.7055863], [-14.9308303, 17.7051494], [-14.9301115, 17.7046933], [-14.9296072, 17.7043892], [-14.9293095, 17.7042219], [-14.9281695, 17.7035869], [-14.9274386, 17.7032266], [-14.927039, 17.7030324], [-14.9259876, 17.7025738], [-14.9253666, 17.7023131], [-14.9245499, 17.7020167], [-14.9240725, 17.7018558], [-14.9237144, 17.7017357], [-14.9233845, 17.7016283], [-14.9231257, 17.7015427], [-14.9224202, 17.7013358], [-14.9211359, 17.7009621], [-14.9206701, 17.7008298], [-14.9198681, 17.7005718], [-14.9189602, 17.7002677], [-14.9184908, 17.7000965], [-14.918059, 17.6999317], [-14.9170786, 17.6995101], [-14.9163048, 17.6991779], [-14.914556, 17.6984343], [-14.9137339, 17.6980612], [-14.9113092, 17.6969842], [-14.905383, 17.6943579], [-14.9016573, 17.692704], [-14.9002357, 17.6920946], [-14.8989006, 17.6914902], [-14.8955244, 17.6899442], [-14.8944555, 17.6894408], [-14.8931922, 17.6888326], [-14.8922333, 17.6883676], [-14.8908305, 17.6876521], [-14.8897053, 17.6871065], [-14.8888658, 17.6866733], [-14.8873892, 17.6858978], [-14.8862592, 17.6853097], [-14.8846856, 17.684468], [-14.8829596, 17.6835288], [-14.8804557, 17.6821604], [-14.8796712, 17.681717], [-14.8783435, 17.6809951], [-14.8773712, 17.6804533], [-14.8762205, 17.6798694], [-14.8754038, 17.6794579], [-14.8748674, 17.6791896], [-14.8743269, 17.6789622], [-14.8738334, 17.6787347], [-14.8730944, 17.6784012], [-14.8722806, 17.6780319], [-14.8715696, 17.6777176], [-14.8707287, 17.6773688], [-14.8694158, 17.6768372], [-14.8681524, 17.6763491], [-14.8663352, 17.6756361], [-14.8650733, 17.6751454], [-14.863417, 17.6745193], [-14.8619699, 17.6739609], [-14.8598832, 17.6731508], [-14.8590115, 17.6728185], [-14.8572278, 17.6720927], [-14.8558371, 17.6714896], [-14.8547387, 17.6710066], [-14.853985, 17.6706526], [-14.8534834, 17.6704214], [-14.8527928, 17.6700738], [-14.8518808, 17.669624], [-14.8513672, 17.669371], [-14.8507047, 17.6690324], [-14.8501924, 17.6687666], [-14.849723, 17.6685212], [-14.849322, 17.6683065], [-14.8483276, 17.6677654], [-14.8475403, 17.6672919], [-14.8465627, 17.6667322], [-14.845703, 17.6662281], [-14.84507, 17.6658479], [-14.8442459, 17.665363], [-14.8430631, 17.6646774], [-14.8414584, 17.6637605], [-14.8405968, 17.6632826], [-14.8399685, 17.6629491], [-14.8395018, 17.6627005], [-14.8377221, 17.6617856], [-14.8368511, 17.6613626], [-14.8360256, 17.6609703], [-14.8351116, 17.6605486], [-14.8343553, 17.6602016], [-14.8337484, 17.6599026], [-14.8330343, 17.659562], [-14.8325522, 17.6593352], [-14.8318206, 17.6589883], [-14.8313874, 17.658778], [-14.8310119, 17.65858], [-14.8306639, 17.6583838], [-14.8304614, 17.6582765], [-14.8298532, 17.6579244], [-14.8291806, 17.6575212], [-14.8287917, 17.6572701], [-14.8281352, 17.6568445], [-14.8277141, 17.6565743], [-14.8272669, 17.6562695], [-14.8268887, 17.6559871], [-14.8265071, 17.6556976], [-14.8262309, 17.6554861], [-14.8260102, 17.6553193], [-14.8247656, 17.6543017], [-14.8242373, 17.6538663], [-14.8212446, 17.651389], [-14.8208101, 17.6510369], [-14.8202173, 17.6505583], [-14.8196836, 17.6501347], [-14.8190848, 17.6496599], [-14.818427, 17.6491711], [-14.8171234, 17.6482075], [-14.816369, 17.6476746], [-14.8156368, 17.6471551], [-14.8149441, 17.6466796], [-14.8143668, 17.6462905], [-14.8134226, 17.6456643], [-14.8127501, 17.6452285], [-14.8122505, 17.6449166], [-14.8115786, 17.6445019], [-14.8111555, 17.6442361], [-14.8108202, 17.6440342], [-14.8103401, 17.6437613], [-14.8099411, 17.6435345], [-14.8087911, 17.6428744], [-14.8081005, 17.6424929], [-14.8076961, 17.6422718], [-14.8069102, 17.6418245], [-14.8061934, 17.6414174], [-14.8056476, 17.6411075], [-14.8051313, 17.6407988], [-14.8047933, 17.6406014], [-14.804108, 17.6401796], [-14.8034133, 17.6397227], [-14.8027011, 17.6392176], [-14.8015606, 17.6383648], [-14.8012454, 17.6381092], [-14.8009256, 17.6378459], [-14.8006399, 17.6375967], [-14.8003858, 17.6373737], [-14.7996005, 17.6366471], [-14.7991808, 17.63624], [-14.7987556, 17.6358106], [-14.7983466, 17.6353824], [-14.7979939, 17.6350003], [-14.7975359, 17.6344801], [-14.7973026, 17.6342028], [-14.7971222, 17.6339804], [-14.7966204, 17.6333519], [-14.7964329, 17.633117], [-14.7960366, 17.6325738], [-14.7951555, 17.631329], [-14.7933825, 17.6288028], [-14.7925248, 17.6275822], [-14.7915526, 17.6261986], [-14.7915082, 17.6261353], [-14.7911248, 17.6255889], [-14.7892035, 17.6228502], [-14.7883628, 17.6216592], [-14.7861063, 17.6184631], [-14.784328, 17.6159239], [-14.7835421, 17.6148313], [-14.783105, 17.6142622], [-14.7826155, 17.6136461], [-14.782024, 17.6129444], [-14.7816204, 17.6124944], [-14.7807942, 17.6116265], [-14.7801183, 17.6109516], [-14.7795648, 17.6104246], [-14.7787598, 17.609713], [-14.7782193, 17.6092886], [-14.7772383, 17.6085172], [-14.7769634, 17.6083101], [-14.7767924, 17.6081791], [-14.7762801, 17.6078115], [-14.7756672, 17.6073891], [-14.7752186, 17.6070957], [-14.7747505, 17.6068055], [-14.7743019, 17.6065275], [-14.7736716, 17.6061466], [-14.7715855, 17.6048958], [-14.7707359, 17.6043704], [-14.7699648, 17.6038853], [-14.7693452, 17.603475], [-14.7684601, 17.6028895], [-14.7673295, 17.6021263], [-14.766553, 17.6015882], [-14.7658409, 17.6010756], [-14.7647385, 17.6002868], [-14.7637542, 17.5995671], [-14.7631386, 17.5990916], [-14.7625391, 17.5986314], [-14.7617402, 17.5980206], [-14.761245, 17.597642], [-14.7602995, 17.5969248], [-14.7594926, 17.5963178], [-14.7592306, 17.5961207], [-14.7580209, 17.5952425], [-14.756944, 17.5944857], [-14.7562628, 17.594028], [-14.75613, 17.5939389], [-14.7558424, 17.5937458], [-14.7550523, 17.5932157], [-14.7545046, 17.5928481], [-14.7541304, 17.5926103], [-14.7527732, 17.5917564], [-14.7522408, 17.5914329], [-14.7512631, 17.5908564], [-14.7490302, 17.5895754], [-14.7482228, 17.5891294], [-14.7481115, 17.5890679], [-14.7474592, 17.5887013], [-14.7471607, 17.5885335], [-14.7458585, 17.5877933], [-14.7448701, 17.5872053], [-14.7440292, 17.5867067], [-14.742735, 17.5859115], [-14.7417158, 17.585271], [-14.7403519, 17.5843659], [-14.7394466, 17.5837688], [-14.7387292, 17.5832779], [-14.7379607, 17.5827384], [-14.7369736, 17.5820212], [-14.7360805, 17.5813564], [-14.7353469, 17.5807951], [-14.7343464, 17.5800217], [-14.7336987, 17.579509], [-14.7332695, 17.5791549], [-14.7326888, 17.5786818], [-14.7320411, 17.5781372], [-14.7314027, 17.5776066], [-14.73083, 17.5771029], [-14.7300535, 17.576433], [-14.729277, 17.5757247], [-14.7285059, 17.5750036], [-14.7278515, 17.5744014], [-14.7272345, 17.5738197], [-14.7264916, 17.5730935], [-14.7255863, 17.5721755], [-14.7248165, 17.5713867], [-14.7240159, 17.5706234], [-14.7235277, 17.5701887], [-14.7230919, 17.5698141], [-14.7222912, 17.5691671], [-14.7217588, 17.5687618], [-14.721158, 17.5683322], [-14.7204646, 17.5678899], [-14.7195889, 17.5673874], [-14.7189479, 17.5670499], [-14.7180882, 17.5666497], [-14.7172849, 17.5663045], [-14.7164963, 17.5660129], [-14.7155307, 17.5656946], [-14.7147247, 17.5654619], [-14.7141977, 17.5653161], [-14.7136129, 17.565201], [-14.7128244, 17.5650681], [-14.7119862, 17.5649466], [-14.710975, 17.5648507], [-14.7101663, 17.5648009], [-14.7092289, 17.5647561], [-14.7082606, 17.5647791], [-14.7074345, 17.5648494], [-14.7065896, 17.5649313], [-14.7059727, 17.5650348], [-14.705046, 17.5651895], [-14.7040857, 17.5653979], [-14.7031496, 17.565623], [-14.7017871, 17.5659912], [-14.7008175, 17.5662546], [-14.7001912, 17.5663978], [-14.6994013, 17.5665666], [-14.6986958, 17.5666957], [-14.6980548, 17.5667711], [-14.6974151, 17.5668159], [-14.6969055, 17.5668606], [-14.6964669, 17.5668824], [-14.6959667, 17.5668888], [-14.6953538, 17.5668773], [-14.694643, 17.566844], [-14.6940497, 17.5667916], [-14.693194, 17.566697], [-14.6927199, 17.566635], [-14.6922505, 17.5665646], [-14.6917999, 17.5664758], [-14.6914586, 17.5664029], [-14.6910489, 17.5663198], [-14.6904796, 17.5661632], [-14.689929, 17.5659848], [-14.688942, 17.5656524], [-14.6880884, 17.5653148], [-14.6873883, 17.5650016], [-14.6870168, 17.564829], [-14.6865723, 17.564604], [-14.6862075, 17.5643923], [-14.6858702, 17.5641967], [-14.6856214, 17.5640439], [-14.6852861, 17.5637927], [-14.6850219, 17.5635613], [-14.6849294, 17.5634756], [-14.6848422, 17.5633944], [-14.6846357, 17.5631528], [-14.6844258, 17.5628759], [-14.6843561, 17.5627896], [-14.6842595, 17.5626343], [-14.6841609, 17.5624585], [-14.6840711, 17.5622744], [-14.6839833, 17.562096], [-14.6838887, 17.5618748], [-14.6838458, 17.561738], [-14.6838002, 17.5615942], [-14.6837298, 17.5613129], [-14.6836782, 17.5610897], [-14.6836419, 17.5608532], [-14.6836185, 17.5605476], [-14.6836165, 17.5603143], [-14.6836212, 17.5601046], [-14.6836305, 17.5599303], [-14.6836412, 17.5598255], [-14.68366, 17.5596519], [-14.6836949, 17.5594768], [-14.6837566, 17.5591987], [-14.6838129, 17.5590094], [-14.6838807, 17.5588221], [-14.6839812, 17.558583], [-14.6841509, 17.5582103], [-14.6842582, 17.5580147], [-14.6843722, 17.5578421], [-14.6844902, 17.5576694], [-14.6845932, 17.5575411], [-14.6846672, 17.5574489], [-14.6849079, 17.5572021], [-14.6850736, 17.5570423], [-14.6852486, 17.5568831], [-14.6853411, 17.5568038], [-14.6854853, 17.5566881], [-14.6864538, 17.5558796], [-14.686532, 17.5558084], [-14.6869545, 17.5554491], [-14.6871074, 17.5553168], [-14.6872683, 17.5551851], [-14.6877994, 17.5547446], [-14.6878765, 17.5546889], [-14.6881454, 17.5544684], [-14.6886201, 17.5540886], [-14.6887759, 17.5539716], [-14.6888645, 17.5538961], [-14.6892848, 17.5535375], [-14.6895589, 17.5533106], [-14.689984, 17.5529551], [-14.690262, 17.5527152], [-14.6903511, 17.5526363], [-14.6909764, 17.5521163], [-14.6912473, 17.5518919], [-14.6918106, 17.5514188], [-14.6919099, 17.5513325], [-14.6922887, 17.5510185], [-14.6924905, 17.5508338], [-14.6925683, 17.5507615], [-14.6927541, 17.5505953], [-14.6932992, 17.550073], [-14.6937063, 17.5496791], [-14.693807, 17.5495524], [-14.6941703, 17.5492405], [-14.694474, 17.5489496], [-14.694751, 17.5487009], [-14.6954498, 17.5480377], [-14.6955831, 17.5479203], [-14.6959392, 17.5475872], [-14.6962064, 17.5473385], [-14.6963375, 17.5472049], [-14.696652, 17.546905], [-14.6971174, 17.546469], [-14.6973266, 17.5462631], [-14.6975465, 17.5460572], [-14.6977691, 17.545845], [-14.6979529, 17.5456442], [-14.6981379, 17.5454486], [-14.698492, 17.5450995], [-14.6985389, 17.5450381], [-14.6987361, 17.5447964], [-14.698779, 17.5447338], [-14.6988313, 17.5446442], [-14.6988849, 17.5445381], [-14.6990338, 17.5442581], [-14.6991907, 17.5439704], [-14.6992913, 17.5438016], [-14.6995287, 17.5434614], [-14.6997271, 17.5432082], [-14.6998283, 17.5430757], [-14.7003594, 17.5424532], [-14.7006109, 17.5421418], [-14.7007611, 17.54195], [-14.7013298, 17.5412799], [-14.7016087, 17.540941], [-14.7017401, 17.5407825], [-14.7018099, 17.5406917], [-14.7020942, 17.5403234], [-14.7023919, 17.5399653], [-14.7024603, 17.539872], [-14.7026454, 17.5396316], [-14.7028506, 17.5393221], [-14.703045, 17.538996], [-14.7031067, 17.5388695], [-14.7032784, 17.5385498], [-14.7033843, 17.5383068], [-14.703493, 17.5380574], [-14.7035684, 17.5378435], [-14.703721, 17.537473], [-14.7038624, 17.5371655], [-14.7039248, 17.5370229], [-14.7039831, 17.5368739], [-14.7040683, 17.5366917], [-14.7041548, 17.5364788], [-14.7043043, 17.5360574], [-14.7044063, 17.535801], [-14.704531, 17.535512], [-14.7046215, 17.5353196], [-14.7047382, 17.5350619], [-14.7048917, 17.5346853], [-14.7049856, 17.5344807], [-14.7051801, 17.5340779], [-14.7053209, 17.5338157], [-14.7054751, 17.5335433], [-14.7055987, 17.5333165], [-14.7058667, 17.5328247], [-14.7062181, 17.5322351], [-14.7065239, 17.5317607]]}}, {"type": "Feature", "properties": {"highway": "trunk"}, "geometry": {"type": "LineString", "coordinates": [[-15.9724286, 18.0387905], [-15.9724273, 18.0386528], [-15.972426, 18.0384857], [-15.9724286, 18.0383289], [-15.972393, 18.0376927], [-15.9723911, 18.0373413], [-15.9724091, 18.0369179], [-15.9724199, 18.0365832], [-15.9724903, 18.035908], [-15.9725359, 18.0355107], [-15.9725641, 18.0352959], [-15.9727002, 18.0346175], [-15.9727572, 18.0343324], [-15.9728572, 18.03378], [-15.9730161, 18.0329833], [-15.9731769, 18.0322296], [-15.9732661, 18.0318713], [-15.9733513, 18.0314026], [-15.9733915, 18.0310961], [-15.9734773, 18.0306317], [-15.9736664, 18.0297225], [-15.9737207, 18.0294011], [-15.9738253, 18.0288738], [-15.973985, 18.0280595], [-15.9741506, 18.02726], [-15.9742358, 18.0267365], [-15.97428, 18.0264878], [-15.9744054, 18.0256786], [-15.9745041, 18.0251921], [-15.9745171, 18.0251278], [-15.974581, 18.0248172], [-15.9747576, 18.0240027], [-15.9748882, 18.0232396], [-15.9750505, 18.022424], [-15.975206, 18.0216461], [-15.9752684, 18.0213203], [-15.9753583, 18.0208612], [-15.9755152, 18.0199767], [-15.9756211, 18.0194379], [-15.9756386, 18.0193333], [-15.9757204, 18.0189188], [-15.9757454, 18.0187665], [-15.9759068, 18.0179789], [-15.9760013, 18.0174522], [-15.9761031, 18.0169424], [-15.9761247, 18.0168343], [-15.9763178, 18.0158351], [-15.976354, 18.0156316], [-15.9764296, 18.0152652], [-15.9764583, 18.0151212], [-15.97647, 18.0150692], [-15.9765425, 18.014723], [-15.9766102, 18.0143812], [-15.9766826, 18.0140119], [-15.9767265, 18.0137829], [-15.9767953, 18.013424], [-15.9769153, 18.0127997], [-15.9769434, 18.0126435], [-15.9771004, 18.0118719], [-15.9772553, 18.0110588], [-15.9773945, 18.0103725], [-15.977435, 18.0101731]]}}, {"type": "Feature", "properties": {"highway": "secondary"}, "geometry": {"type": "LineString", "coordinates": [[-15.9794721, 18.0630677], [-15.9790201, 18.0628845], [-15.9786584, 18.0627379], [-15.978171, 18.0625404], [-15.9780751, 18.0625015], [-15.9770844, 18.0621], [-15.9740041, 18.0608515], [-15.9739413, 18.0608261], [-15.9738984, 18.0608087]]}}, {"type": "Feature", "properties": {"highway": "secondary"}, "geometry": {"type": "LineString", "coordinates": [[-15.9798945, 18.0685148], [-15.9800659, 18.0683673], [-15.9801963, 18.0682665], [-15.980309, 18.0681722], [-15.980462, 18.0680727], [-15.9809554, 18.0677518], [-15.980989, 18.0677328], [-15.9813241, 18.0675136], [-15.9821624, 18.0669864], [-15.9831454, 18.0663643]]}}, {"type": "Feature", "properties": {"highway": "tertiary"}, "geometry": {"type": "LineString", "coordinates": [[-15.985314, 18.0649905], [-15.9853759, 18.0649523], [-15.9864047, 18.0643169], [-15.9864835, 18.0642683], [-15.9866388, 18.0641723], [-15.987508, 18.0636355], [-15.9878984, 18.0633924], [-15.9880686, 18.0632864], [-15.9885988, 18.0629587], [-15.9887391, 18.0628752], [-15.9897195, 18.062269]]}}, {"type": "Feature", "properties": {"highway": "tertiary"}, "geometry": {"type": "LineString", "coordinates": [[-15.9961948, 18.0716655], [-15.9964748, 18.0720717], [-15.9966579, 18.0723372], [-15.9969205, 18.0727184], [-15.9971535, 18.0730565], [-15.9973316, 18.0733149], [-15.9976798, 18.0738292], [-15.9981019, 18.0744565], [-15.9983488, 18.0748121]]}}, {"type": "Feature", "properties": {"highway": "tertiary"}, "geometry": {"type": "LineString", "coordinates": [[-16.0011502, 18.0789279], [-16.0012053, 18.0790527], [-16.0012324, 18.0791509], [-16.0012436, 18.0792298], [-16.0012482, 18.0792785], [-16.0012517, 18.0793685], [-16.0012229, 18.0794634], [-16.0012058, 18.0795575], [-16.0011819, 18.0796702], [-16.0011578, 18.0798276], [-16.0011181, 18.0800545], [-16.0010719, 18.0802623], [-16.001033, 18.0805059], [-16.0010031, 18.0806736], [-16.0009565, 18.0808957], [-16.0009163, 18.0811025], [-16.0008855, 18.0812478], [-16.0008089, 18.081629], [-16.0007727, 18.0817722], [-16.0006429, 18.0820471], [-16.000569, 18.0821899], [-16.0004675, 18.0823606], [-16.0004255, 18.0824424], [-16.0003545, 18.0825744], [-16.0003028, 18.0827286], [-16.000278, 18.0828044], [-16.0002289, 18.0829956], [-16.0002237, 18.0830269], [-16.0001533, 18.0832697], [-16.0000869, 18.0835402], [-15.9999441, 18.0840614], [-15.9998891, 18.0842909], [-15.9998318, 18.0845172], [-15.9997944, 18.0846899]]}}, {"type": "Feature", "properties": {"highway": "tertiary"}, "geometry": {"type": "LineString", "coordinates": [[-15.95418, 18.0979157], [-15.9544234, 18.0978331], [-15.9546259, 18.09778], [-15.9548744, 18.0977313], [-15.9550654, 18.0977129]]}}, {"type": "Feature", "properties": {"highway": "tertiary"}, "geometry": {"type": "LineString", "coordinates": [[-15.9700415, 18.0866137], [-15.9700047, 18.0866904], [-15.9698215, 18.0875456], [-15.9697285, 18.0880132], [-15.9696441, 18.0885578], [-15.9696282, 18.0886466], [-15.9694567, 18.0896019], [-15.9693455, 18.090171], [-15.9692784, 18.0905146], [-15.9692381, 18.0907428], [-15.9690477, 18.0915358], [-15.9687701, 18.0927851], [-15.9686118, 18.0936455], [-15.9684844, 18.0943938], [-15.9683758, 18.0949882], [-15.968364, 18.0950521], [-15.9682525, 18.0956465], [-15.9681346, 18.0963522], [-15.9680577, 18.0968084], [-15.967989, 18.0972285], [-15.9679913, 18.0973364], [-15.9680065, 18.0974005], [-15.9680299, 18.0974501], [-15.9680766, 18.0975155], [-15.9683313, 18.0977743], [-15.9683602, 18.0978168], [-15.9683733, 18.0978475], [-15.9683808, 18.0978736], [-15.9683793, 18.0979083], [-15.9683416, 18.0979936], [-15.9682452, 18.0981574], [-15.9679236, 18.0985975]]}}, {"type": "Feature", "properties": {"highway": "tertiary"}, "geometry": {"type": "LineString", "coordinates": [[-15.950922, 18.1118811], [-15.9506598, 18.1122042], [-15.9503729, 18.1125939], [-15.9501663, 18.1128747], [-15.9498914, 18.1132252], [-15.9494698, 18.1137129], [-15.9491819, 18.1140805], [-15.948831, 18.1145178], [-15.9485532, 18.1148843], [-15.9482891, 18.1152197], [-15.9477757, 18.115872], [-15.947207, 18.1165658], [-15.9469474, 18.1168825], [-15.9461285, 18.1179053], [-15.9454638, 18.1187579], [-15.9454172, 18.1188107], [-15.9452656, 18.1190012], [-15.9448295, 18.1195491], [-15.9445557, 18.1198918], [-15.9442673, 18.1202438], [-15.9437821, 18.1208361], [-15.9437355, 18.120893], [-15.9432073, 18.1215564], [-15.9429384, 18.1218942], [-15.9421179, 18.1229092], [-15.9415977, 18.1235654], [-15.9413183, 18.1239178], [-15.9409688, 18.1243519], [-15.9408018, 18.1245594], [-15.9405413, 18.124897], [-15.9402614, 18.1252253], [-15.9398345, 18.1257474], [-15.9397368, 18.1258669], [-15.9396788, 18.1259407], [-15.9392211, 18.1265289], [-15.9391414, 18.1266241], [-15.9389401, 18.1268612], [-15.9386309, 18.1272267], [-15.9383645, 18.1275623], [-15.9380609, 18.1279286]]}}, {"type": "Feature", "properties": {"highway": "secondary"}, "geometry": {"type": "LineString", "coordinates": [[-15.972072, 18.1072019], [-15.9719514, 18.107182], [-15.9710799, 18.1070414], [-15.970712, 18.1069806], [-15.9703367, 18.1069142], [-15.9696792, 18.1068208], [-15.9695575, 18.1068029], [-15.9689776, 18.1067088], [-15.9685317, 18.106637], [-15.9684121, 18.1066177], [-15.9683079, 18.1065965], [-15.9680606, 18.1065625], [-15.9678772, 18.1065339], [-15.9668754, 18.1063751], [-15.9665054, 18.1063182], [-15.9656505, 18.1061933]]}}, {"type": "Feature", "properties": {"highway": "tertiary"}, "geometry": {"type": "LineString", "coordinates": [[-15.9927745, 18.1184422], [-15.9927611, 18.1183148], [-15.9927316, 18.1181886], [-15.9926739, 18.1179961], [-15.9926029, 18.1177807], [-15.9925063, 18.1175028], [-15.9924714, 18.1173958], [-15.9923239, 18.1169853], [-15.9921978, 18.1166183], [-15.9920798, 18.116241], [-15.9918364, 18.1156189], [-15.9917855, 18.1154947], [-15.9916399, 18.1151231], [-15.9915213, 18.1148121], [-15.9914133, 18.1145279], [-15.9913059, 18.1142283], [-15.9911503, 18.1138649], [-15.9909726, 18.1133685], [-15.9908928, 18.1131596], [-15.9906472, 18.1125827], [-15.9904691, 18.1121303], [-15.9904487, 18.1120675], [-15.9901057, 18.1112775]]}}, {"type": "Feature", "properties": {"highway": "tertiary"}, "geometry": {"type": "LineString", "coordinates": [[-15.9573996, 18.0969432], [-15.9574885, 18.0967492], [-15.957706, 18.0962295], [-15.9578776, 18.095841], [-15.9578908, 18.0958111], [-15.9579971, 18.0955644], [-15.9582899, 18.0948845], [-15.9583493, 18.0947484], [-15.9584275, 18.0945647], [-15.9586313, 18.094144], [-15.9588647, 18.0935865], [-15.9589833, 18.093317], [-15.9594569, 18.0922116], [-15.9597632, 18.0915001], [-15.9600395, 18.0908499]]}}, {"type": "Feature", "properties": {"highway": "trunk"}, "geometry": {"type": "LineString", "coordinates": [[-15.9968448, 18.0979708], [-15.9967187, 18.0973003], [-15.9966409, 18.096895], [-15.9965846, 18.0965967], [-15.9965229, 18.096255], [-15.9964398, 18.0958267], [-15.9963566, 18.0953831], [-15.9962627, 18.094863], [-15.9962347, 18.0947357], [-15.9961003, 18.0941244], [-15.9958919, 18.0929212], [-15.9957776, 18.0923955], [-15.995724, 18.092189], [-15.9956502, 18.0919043], [-15.9955858, 18.0917317], [-15.9954708, 18.0914991], [-15.9953045, 18.0912441], [-15.9952508, 18.0911625], [-15.9950834, 18.0908995], [-15.99462, 18.0902073], [-15.9943735, 18.0898388], [-15.9941931, 18.0895691], [-15.9937905, 18.0889462], [-15.9935026, 18.0885383], [-15.9933577, 18.0883182], [-15.9928531, 18.0875519], [-15.9927558, 18.0873922], [-15.9923084, 18.0867114], [-15.9921242, 18.0864312], [-15.9918051, 18.0859459]]}}, {"type": "Feature", "properties": {"highway": "secondary"}, "geometry": {"type": "LineString", "coordinates": [[-15.9750767, 18.0577185], [-15.9749774, 18.0577433], [-15.9749219, 18.0577419], [-15.9748582, 18.0577225], [-15.9747957, 18.0576987]]}}, {"type": "Feature", "properties": {"highway": "tertiary"}, "geometry": {"type": "LineString", "coordinates": [[-15.9815025, 18.0952165], [-15.9815709, 18.0951632], [-15.9816672, 18.0950851], [-15.9818076, 18.0949751], [-15.9819555, 18.0948641]]}}, {"type": "Feature", "properties": {"highway": "tertiary"}, "geometry": {"type": "LineString", "coordinates": [[-15.9815843, 18.0954599], [-15.9815397, 18.0953869], [-15.9815216, 18.0953544], [-15.9814724, 18.0952642]]}}, {"type": "Feature", "properties": {"highway": "tertiary"}, "geometry": {"type": "LineString", "coordinates": [[-15.9811469, 18.0950583], [-15.9810318, 18.0950708], [-15.9809379, 18.0950886], [-15.98078, 18.0951265], [-15.980667, 18.0951485], [-15.9805108, 18.0951829], [-15.9804048, 18.0952033], [-15.9803063, 18.0952199], [-15.9800628, 18.0952568], [-15.9798382, 18.0952734], [-15.9796344, 18.0952798], [-15.9794413, 18.0952741], [-15.9792897, 18.0952747], [-15.9791046, 18.0952709]]}}, {"type": "Feature", "properties": {"highway": "tertiary"}, "geometry": {"type": "LineString", "coordinates": [[-15.9819555, 18.0948641], [-15.9818754, 18.0948878], [-15.9817667, 18.09492], [-15.9816242, 18.0949487], [-15.9815029, 18.0949672], [-15.9814179, 18.094983]]}}, {"type": "Feature", "properties": {"highway": "secondary"}, "geometry": {"type": "LineString", "coordinates": [[-15.9790024, 18.0556832], [-15.9793045, 18.0555278], [-15.9800919, 18.0551086], [-15.9805253, 18.0548778], [-15.9812766, 18.05447], [-15.9820551, 18.054073], [-15.9824244, 18.0538738], [-15.9828959, 18.0536286], [-15.9830562, 18.0535444], [-15.9831172, 18.053511], [-15.9832265, 18.0534552], [-15.9837395, 18.0532008], [-15.9844074, 18.0528451], [-15.9852642, 18.0523856], [-15.9853394, 18.0523452], [-15.9854645, 18.05228], [-15.9856305, 18.0521935], [-15.9868245, 18.0515797], [-15.986939, 18.0515166], [-15.98771, 18.0511146], [-15.9880131, 18.0509566], [-15.988533, 18.0506855], [-15.9892763, 18.050313], [-15.9894868, 18.0502075], [-15.9900262, 18.0499242], [-15.9914039, 18.0492008], [-15.9915021, 18.0491504], [-15.9919229, 18.0489343], [-15.9921241, 18.0488247], [-15.9923454, 18.0487227], [-15.9927061, 18.0485556], [-15.9929837, 18.0484319], [-15.9931956, 18.0483505], [-15.9935741, 18.0482106], [-15.9937455, 18.0481489], [-15.9938703, 18.048107], [-15.9949974, 18.0477287], [-15.9951724, 18.0476662], [-15.9956928, 18.0474922], [-15.9963191, 18.0472869], [-15.9970188, 18.0470298], [-15.999683, 18.0461341], [-15.9997428, 18.046114], [-16.0014814, 18.0455295], [-16.0029468, 18.045035], [-16.0041461, 18.0446456], [-16.007339, 18.0435533], [-16.0089281, 18.0430203], [-16.0097757, 18.0427295], [-16.0102411, 18.0425778], [-16.0107901, 18.0423854], [-16.0114387, 18.042171], [-16.0125377, 18.041807], [-16.015067, 18.0409548], [-16.016272, 18.0405586], [-16.0164718, 18.0404897], [-16.0166495, 18.040424], [-16.016795, 18.0403654], [-16.0170495, 18.0402411], [-16.0172939, 18.040111], [-16.0174924, 18.0400032], [-16.0176694, 18.0398923], [-16.0178304, 18.0397852], [-16.017998, 18.0396653], [-16.0181643, 18.0395238], [-16.0183242, 18.0393822], [-16.018462, 18.0392455], [-16.0185552, 18.0391438], [-16.0187447, 18.038929], [-16.0189616, 18.0386554], [-16.0190776, 18.0385011], [-16.0192116, 18.03828], [-16.0194464, 18.0378985], [-16.0194645, 18.0378698], [-16.0199091, 18.0371392], [-16.0200079, 18.0369864], [-16.0201711, 18.0367724], [-16.0203296, 18.0365926], [-16.0204784, 18.0364474], [-16.0207943, 18.0361717], [-16.0210368, 18.0359875]]}}, {"type": "Feature", "properties": {"highway": "trunk"}, "geometry": {"type": "LineString", "coordinates": [[-15.9747003, 18.0579804], [-15.9747182, 18.0579696], [-15.9747351, 18.0579573], [-15.9747627, 18.0579308], [-15.9747852, 18.0579003], [-15.974802, 18.0578666], [-15.9748125, 18.0578307], [-15.9748165, 18.0577937], [-15.9748139, 18.0577565], [-15.9747957, 18.0576987], [-15.9747844, 18.0576782]]}}, {"type": "Feature", "properties": {"highway": "tertiary"}, "geometry": {"type": "LineString", "coordinates": [[-15.9813778, 18.0822206], [-15.9813194, 18.082531], [-15.9812638, 18.0828019], [-15.9812312, 18.0829995], [-15.98122, 18.0830593], [-15.9811823, 18.0832594], [-15.9811202, 18.0835895], [-15.981068, 18.0838665], [-15.9810306, 18.0840653], [-15.9810089, 18.0841789], [-15.9809803, 18.0843328], [-15.9807957, 18.0853135], [-15.9807437, 18.0855899], [-15.9806743, 18.0859587], [-15.9804778, 18.0870028], [-15.9803932, 18.0874521], [-15.9803316, 18.0877796]]}}, {"type": "Feature", "properties": {"highway": "trunk"}, "geometry": {"type": "LineString", "coordinates": [[-15.9754389, 17.9925422], [-15.9754463, 17.992506], [-15.9754478, 17.9924692], [-15.9754433, 17.9924326], [-15.9754329, 17.992397], [-15.9754168, 17.9923635], [-15.9753955, 17.9923327], [-15.9753694, 17.9923054], [-15.9753392, 17.9922822]]}}, {"type": "Feature", "properties": {"highway": "tertiary"}, "geometry": {"type": "LineString", "coordinates": [[-15.9819555, 18.0948641], [-15.9820289, 18.0948081], [-15.9820852, 18.0947654], [-15.9822281, 18.0946628], [-15.9824024, 18.0945124], [-15.9825902, 18.0943148], [-15.9827672, 18.0941108], [-15.9829603, 18.0938202], [-15.9831212, 18.0935168], [-15.9832419, 18.0932312], [-15.9833546, 18.0928985], [-15.9834337, 18.0926015], [-15.9834659, 18.0924077], [-15.9834874, 18.0921885], [-15.9835048, 18.0919093], [-15.9834908, 18.0914769], [-15.9834643, 18.0911767], [-15.9834089, 18.0908216], [-15.9833772, 18.0906077], [-15.9832865, 18.0903478], [-15.9831552, 18.0899548], [-15.9830017, 18.0894989], [-15.9829912, 18.0894678], [-15.98273, 18.0886938]]}}, {"type": "Feature", "properties": {"highway": "tertiary"}, "geometry": {"type": "LineString", "coordinates": [[-15.9768976, 18.092667], [-15.976912, 18.0926023], [-15.9769325, 18.0924904], [-15.9769699, 18.0922272], [-15.9771239, 18.0913923], [-15.9771885, 18.0910606], [-15.9774112, 18.0898437], [-15.977458, 18.0896039], [-15.977646, 18.0885326], [-15.9777782, 18.0878429]]}}, {"type": "Feature", "properties": {"highway": "tertiary"}, "geometry": {"type": "LineString", "coordinates": [[-15.996274, 18.0993125], [-15.9963893, 18.0992726], [-15.99651, 18.0992441], [-15.9966289, 18.0992227], [-15.996753, 18.0992111]]}}, {"type": "Feature", "properties": {"highway": "tertiary"}, "geometry": {"type": "LineString", "coordinates": [[-15.996688, 18.0989431], [-15.9965654, 18.0990739], [-15.9964914, 18.0991458], [-15.9963921, 18.0992239], [-15.996274, 18.0993125]]}}, {"type": "Feature", "properties": {"highway": "trunk"}, "geometry": {"type": "LineString", "coordinates": [[-15.9981371, 18.1037945], [-15.9981431, 18.103769], [-15.9981447, 18.1037296], [-15.9981372, 18.1036908], [-15.9981209, 18.1036546], [-15.9980966, 18.1036226], [-15.9980655, 18.1035965], [-15.9980435, 18.1035839]]}}, {"type": "Feature", "properties": {"highway": "tertiary"}, "geometry": {"type": "LineString", "coordinates": [[-15.9579801, 18.0986218], [-15.9580256, 18.0987046], [-15.9580681, 18.0987774], [-15.9581133, 18.0988568], [-15.9581756, 18.098969]]}}, {"type": "Feature", "properties": {"highway": "tertiary"}, "geometry": {"type": "LineString", "coordinates": [[-15.996274, 18.0993125], [-15.9958004, 18.0995089], [-15.9950935, 18.0997908], [-15.9947312, 18.0999212], [-15.9943248, 18.100064], [-15.9938965, 18.1002039], [-15.9934748, 18.1003416], [-15.9924863, 18.1006754], [-15.9911216, 18.1011505], [-15.9903778, 18.1014062], [-15.9897503, 18.1016243], [-15.9891542, 18.1018365], [-15.9886701, 18.1020035], [-15.9884092, 18.102094], [-15.9879774, 18.1022438], [-15.9869332, 18.1026], [-15.9863667, 18.1027932]]}}, {"type": "Feature", "properties": {"highway": "tertiary"}, "geometry": {"type": "LineString", "coordinates": [[-15.9984293, 18.1036147], [-15.9988765, 18.1034968], [-15.9993781, 18.1033579], [-15.9996812, 18.1032712], [-15.9999937, 18.1031692], [-16.0002577, 18.1030802], [-16.0011086, 18.1027811], [-16.0016831, 18.1025643], [-16.0023286, 18.102321], [-16.0025486, 18.1022381], [-16.0028846, 18.102114], [-16.0033888, 18.1019279], [-16.0038623, 18.1017562], [-16.0039061, 18.1017403], [-16.004228, 18.1016166], [-16.0048498, 18.1013777], [-16.0052809, 18.1012011], [-16.00531, 18.1011945], [-16.0053399, 18.101197], [-16.0053674, 18.1012085]]}}, {"type": "Feature", "properties": {"highway": "tertiary"}, "geometry": {"type": "LineString", "coordinates": [[-15.9583449, 18.0991398], [-15.958398, 18.0992456], [-15.9584536, 18.0993444], [-15.9585206, 18.0994354]]}}, {"type": "Feature", "properties": {"highway": "tertiary"}, "geometry": {"type": "LineString", "coordinates": [[-15.957322, 18.0972903], [-15.9572954, 18.0972464], [-15.9572547, 18.0972135], [-15.9572047, 18.0971958], [-15.9571514, 18.0971951], [-15.9571009, 18.0972116]]}}, {"type": "Feature", "properties": {"highway": "tertiary"}, "geometry": {"type": "LineString", "coordinates": [[-15.957322, 18.0972903], [-15.9573431, 18.0971648], [-15.957368, 18.0970581], [-15.9573996, 18.0969432]]}}, {"type": "Feature", "properties": {"highway": "tertiary"}, "geometry": {"type": "LineString", "coordinates": [[-15.9574188, 18.0975791], [-15.9577194, 18.0981187], [-15.9578381, 18.0983478], [-15.9579801, 18.0986218]]}}, {"type": "Feature", "properties": {"highway": "tertiary"}, "geometry": {"type": "LineString", "coordinates": [[-15.9585102, 18.0988843], [-15.9584998, 18.0987897], [-15.9585007, 18.0987005], [-15.958514, 18.0985752]]}}, {"type": "Feature", "properties": {"highway": "tertiary"}, "geometry": {"type": "LineString", "coordinates": [[-15.9566693, 18.0974994], [-15.9568377, 18.0974753], [-15.9569499, 18.0974634], [-15.957097, 18.0974681]]}}, {"type": "Feature", "properties": {"highway": "trunk"}, "geometry": {"type": "LineString", "coordinates": [[-15.9543218, 18.0974688], [-15.9543517, 18.097389]]}}, {"type": "Feature", "properties": {"highway": "trunk"}, "geometry": {"type": "LineString", "coordinates": [[-15.9612915, 18.0876892], [-15.9613773, 18.087623], [-15.9614249, 18.0875622], [-15.9614705, 18.0874946], [-15.9615737, 18.0873238], [-15.9616381, 18.0871861], [-15.961799, 18.0868393], [-15.9619237, 18.0865436], [-15.9620573, 18.0862397]]}}, {"type": "Feature", "properties": {"highway": "primary"}, "geometry": {"type": "LineString", "coordinates": [[-15.9384786, 18.1394984], [-15.9377979, 18.1389889], [-15.9374338, 18.1387164], [-15.9373825, 18.1386865], [-15.9370684, 18.1384538], [-15.9363734, 18.137939], [-15.9360507, 18.1376997], [-15.9353642, 18.1371907], [-15.9350304, 18.1369429], [-15.934591, 18.1366168], [-15.9344357, 18.1365015], [-15.9343058, 18.136405], [-15.9341008, 18.1362526], [-15.9338246, 18.1360473], [-15.9334974, 18.1358042], [-15.9333748, 18.1357135], [-15.9332518, 18.1356209], [-15.9331315, 18.1355302], [-15.9330566, 18.1354738], [-15.9324796, 18.1350391], [-15.932396, 18.1349827]]}}, {"type": "Feature", "properties": {"highway": "trunk"}, "geometry": {"type": "LineString", "coordinates": [[-15.9689118, 18.0705496], [-15.9688693, 18.0706445], [-15.9687328, 18.0709568], [-15.9685599, 18.0713581], [-15.9683642, 18.0717905], [-15.9683461, 18.0718306], [-15.9683043, 18.0719361], [-15.9681874, 18.0722043], [-15.9678177, 18.0730525], [-15.9677953, 18.0731031], [-15.9676867, 18.0733407], [-15.9675592, 18.0736373], [-15.9675324, 18.0736956], [-15.967352, 18.0740876], [-15.9672847, 18.074265]]}}, {"type": "Feature", "properties": {"highway": "trunk"}, "geometry": {"type": "LineString", "coordinates": [[-15.9734939, 18.0604393], [-15.9735222, 18.0603743], [-15.9735473, 18.0602869], [-15.9736151, 18.0601242], [-15.9737242, 18.059823], [-15.9741595, 18.0588454], [-15.9743202, 18.0584959], [-15.9744131, 18.0583373], [-15.9745533, 18.0581609], [-15.9747003, 18.0579804]]}}, {"type": "Feature", "properties": {"highway": "trunk"}, "geometry": {"type": "LineString", "coordinates": [[-15.9620162, 18.0861496], [-15.9618688, 18.0865193], [-15.9617601, 18.086782], [-15.9616291, 18.0870713], [-15.9615898, 18.087158], [-15.961508, 18.0873289], [-15.9614263, 18.0874457], [-15.9613713, 18.0875324], [-15.9613311, 18.0876], [-15.9612915, 18.0876892]]}}, {"type": "Feature", "properties": {"highway": "secondary"}, "geometry": {"type": "LineString", "coordinates": [[-15.9747351, 18.0579573], [-15.9749003, 18.0578428], [-15.9750767, 18.0577185]]}}, {"type": "Feature", "properties": {"highway": "trunk"}, "geometry": {"type": "LineString", "coordinates": [[-15.975206, 18.0563454], [-15.9753928, 18.0555876], [-15.9754287, 18.0554488], [-15.9754602, 18.0552801], [-15.9754818, 18.0551408], [-15.9755085, 18.0549682], [-15.9755559, 18.054567], [-15.9755868, 18.0541743], [-15.975599, 18.0539416], [-15.9756028, 18.0537159], [-15.9755973, 18.0535194], [-15.9755728, 18.0531437], [-15.9755427, 18.052817], [-15.9754837, 18.052437], [-15.9754213, 18.0520529], [-15.9747095, 18.0489891], [-15.9746454, 18.048702], [-15.9739422, 18.0455522], [-15.9739284, 18.045438], [-15.9739239, 18.0453671], [-15.9739216, 18.0453307], [-15.9739277, 18.0452031], [-15.9739326, 18.0450394]]}}, {"type": "Feature", "properties": {"highway": "tertiary"}, "geometry": {"type": "LineString", "coordinates": [[-15.9973571, 18.0664194], [-15.9976812, 18.0662132], [-15.9980018, 18.0660333], [-15.9982756, 18.0658532], [-15.9986106, 18.0656398], [-15.9989282, 18.0654442], [-15.9992446, 18.065246], [-15.9995533, 18.0650526], [-15.9998607, 18.0648599], [-16.0002349, 18.0646251], [-16.0003933, 18.0645308], [-16.0005682, 18.0644202], [-16.000734, 18.064316], [-16.0008921, 18.0642162], [-16.0011957, 18.0640243], [-16.0015337, 18.0638139], [-16.0018436, 18.0636181], [-16.0021591, 18.063425], [-16.0024712, 18.0632237], [-16.002852, 18.062989]]}}, {"type": "Feature", "properties": {"highway": "tertiary"}, "geometry": {"type": "LineString", "coordinates": [[-15.9557641, 18.076518], [-15.9557809, 18.0764663], [-15.9559379, 18.0759386], [-15.9561435, 18.0752477], [-15.9561625, 18.0751839], [-15.9562398, 18.0749243], [-15.9564138, 18.0743393], [-15.9565159, 18.0739963], [-15.9566271, 18.0736226], [-15.9568027, 18.0730325], [-15.9568737, 18.072794], [-15.9569013, 18.0727011], [-15.9571227, 18.0719573], [-15.9572437, 18.0715505]]}}, {"type": "Feature", "properties": {"highway": "primary"}, "geometry": {"type": "LineString", "coordinates": [[-15.9766873, 18.0012451], [-15.9766102, 18.0012464], [-15.9764633, 18.0012626], [-15.9762865, 18.0012876], [-15.9760832, 18.0013147], [-15.9758766, 18.0013529], [-15.9755286, 18.0014018], [-15.9752739, 18.0014375], [-15.9752036, 18.0014474], [-15.974995, 18.0014777], [-15.9749551, 18.001488], [-15.9746214, 18.001532], [-15.9743133, 18.0015833], [-15.9739377, 18.0016426], [-15.9737855, 18.001667], [-15.973564, 18.0017016], [-15.9735029, 18.0017108], [-15.9726954, 18.0018326], [-15.9725953, 18.0018477], [-15.9723522, 18.0018843], [-15.9722603, 18.0018982], [-15.9717155, 18.0019803], [-15.9714858, 18.0020198], [-15.9713204, 18.0020482], [-15.9709211, 18.0021205], [-15.9704383, 18.0021956], [-15.9701286, 18.0022438], [-15.9699935, 18.0022648], [-15.969792, 18.0022961], [-15.9696166, 18.0023253], [-15.9695627, 18.0023343], [-15.9692175, 18.002377], [-15.9691603, 18.0023841], [-15.9687835, 18.0024453], [-15.9682913, 18.0025154], [-15.967842, 18.0025792], [-15.9673901, 18.0026468]]}}, {"type": "Feature", "properties": {"highway": "trunk"}, "geometry": {"type": "LineString", "coordinates": [[-15.9774832, 18.0094537], [-15.9774162, 18.0097688], [-15.9773706, 18.009997], [-15.9773453, 18.0101598], [-15.9773196, 18.0103248], [-15.9772486, 18.0106743], [-15.9769964, 18.0119535], [-15.9769146, 18.012308], [-15.9768181, 18.0127697], [-15.9768073, 18.0128309], [-15.9767979, 18.0129062], [-15.9767456, 18.013248], [-15.9766801, 18.0135934], [-15.9766035, 18.0139979], [-15.9765606, 18.0142071], [-15.9765324, 18.0143805], [-15.9763613, 18.0152312], [-15.9762749, 18.0156189], [-15.9760523, 18.0168222], [-15.9759718, 18.0172131], [-15.9758511, 18.017801], [-15.9757881, 18.0181428], [-15.9756459, 18.018908], [-15.9755668, 18.01932], [-15.9754367, 18.0199805], [-15.9753348, 18.020543], [-15.9752195, 18.0211895], [-15.9750988, 18.0217507], [-15.9750116, 18.0221741], [-15.9749043, 18.0227225], [-15.9748238, 18.0230987], [-15.9746803, 18.0238613], [-15.9746012, 18.024249], [-15.9744778, 18.0248775], [-15.9743573, 18.0254695], [-15.9741211, 18.0267116], [-15.9740514, 18.027061], [-15.9739628, 18.0275188], [-15.9739394, 18.0276397], [-15.9738708, 18.0279949], [-15.9738409, 18.0281412], [-15.9737224, 18.0287361], [-15.9736383, 18.0291537], [-15.9734747, 18.029966], [-15.9734036, 18.0303295], [-15.9733446, 18.0306496], [-15.9731867, 18.0314384], [-15.9730938, 18.0318374], [-15.9729503, 18.032681], [-15.9729239, 18.032812], [-15.9727518, 18.0336642], [-15.9725654, 18.0346053], [-15.9724394, 18.0352837], [-15.972375, 18.0357849], [-15.972328, 18.0362759], [-15.9722985, 18.0365896], [-15.9722704, 18.0369224], [-15.9722637, 18.0372412], [-15.9722623, 18.0376849], [-15.9722744, 18.0381606], [-15.9722757, 18.0384233], [-15.9722784, 18.0386426], [-15.9722932, 18.0387791]]}}, {"type": "Feature", "properties": {"highway": "trunk"}, "geometry": {"type": "LineString", "coordinates": [[-15.9736523, 18.0451548], [-15.9737114, 18.0452715], [-15.9737516, 18.0454016], [-15.9737645, 18.0454457], [-15.9737959, 18.0455699], [-15.9740254, 18.0466124], [-15.9741031, 18.046959], [-15.9742343, 18.0475453], [-15.9743198, 18.0479153], [-15.9745318, 18.0489205], [-15.9745945, 18.0491281], [-15.974738, 18.0497096], [-15.9748989, 18.0503625], [-15.9749419, 18.0507067], [-15.975143, 18.0515955], [-15.9752195, 18.051876], [-15.9752905, 18.0522266], [-15.9753388, 18.0525607], [-15.9753971, 18.0530144], [-15.9754327, 18.0535209], [-15.9754421, 18.05373], [-15.9754501, 18.0539544], [-15.975434, 18.0542132], [-15.9754139, 18.0544721], [-15.9753911, 18.0546557], [-15.9753683, 18.0548724], [-15.9753321, 18.0551364], [-15.9752892, 18.0554169], [-15.9751768, 18.0558887]]}}, {"type": "Feature", "properties": {"highway": "tertiary"}, "geometry": {"type": "LineString", "coordinates": [[-15.9660365, 18.0175525], [-15.9664844, 18.0176356], [-15.9669443, 18.0177209], [-15.9678239, 18.017884], [-15.968274, 18.0179675], [-15.9689544, 18.0180937], [-15.9692983, 18.0181574], [-15.9699777, 18.0182834], [-15.9703436, 18.0183513], [-15.9707465, 18.018426], [-15.971524, 18.0185702], [-15.9716313, 18.0185901], [-15.9719087, 18.0186416], [-15.9725211, 18.0187551], [-15.9729098, 18.0188272], [-15.9732779, 18.0188955], [-15.9738965, 18.0190102], [-15.9741742, 18.0190617], [-15.9742657, 18.0190787], [-15.9750534, 18.0192248], [-15.9755668, 18.01932], [-15.9756386, 18.0193333]]}}, {"type": "Feature", "properties": {"highway": "tertiary"}, "geometry": {"type": "LineString", "coordinates": [[-15.965653, 18.0521098], [-15.9655516, 18.0516797], [-15.9655372, 18.0516187], [-15.9655052, 18.0514829], [-15.9654054, 18.0510961], [-15.965277, 18.050634], [-15.9651242, 18.0498661], [-15.9651073, 18.0497761], [-15.9650456, 18.0495282], [-15.9649054, 18.0489173], [-15.9648228, 18.048559], [-15.9647413, 18.04818], [-15.9646169, 18.0475967], [-15.964576, 18.0474212], [-15.9645461, 18.0472672], [-15.9645023, 18.0470923], [-15.9643693, 18.046488], [-15.9642749, 18.0460747], [-15.9641728, 18.0456373], [-15.9640171, 18.0449458], [-15.9640022, 18.0448699], [-15.96398, 18.0447831], [-15.9639217, 18.0445279], [-15.9637907, 18.0439541], [-15.9637021, 18.0435769], [-15.9634522, 18.0424717], [-15.963422, 18.0423393], [-15.963144, 18.0411222], [-15.9630564, 18.0407387], [-15.9629237, 18.0401654], [-15.9628611, 18.0398831], [-15.9628446, 18.0398108], [-15.9626687, 18.0390405], [-15.9625675, 18.0386158], [-15.9622958, 18.0373616], [-15.9620263, 18.0361234], [-15.9618923, 18.0354548], [-15.9617836, 18.0349186], [-15.9616957, 18.0345314], [-15.9615851, 18.0340321], [-15.9615588, 18.03393], [-15.961495, 18.0335917], [-15.9613974, 18.0331346], [-15.961327, 18.0328442], [-15.9612922, 18.0326905], [-15.9612405, 18.0324622], [-15.9611009, 18.0317809], [-15.9610096, 18.0313601], [-15.960985, 18.0312579], [-15.9609238, 18.030948], [-15.9608203, 18.0304357], [-15.9607331, 18.0299934], [-15.9606123, 18.0294304], [-15.9605322, 18.029057], [-15.9604681, 18.028759], [-15.9603671, 18.0282739], [-15.9603407, 18.02814], [-15.9602125, 18.0275685], [-15.9601444, 18.0272652], [-15.9600887, 18.0270167], [-15.9599599, 18.0263995], [-15.9598845, 18.0260261], [-15.9597677, 18.0254823], [-15.9595781, 18.0246035], [-15.9594494, 18.0240184], [-15.9593865, 18.0237187], [-15.9591892, 18.0227938], [-15.9590752, 18.022271], [-15.958968, 18.0218718], [-15.958913, 18.0216308], [-15.9588823, 18.0214875], [-15.9588312, 18.020923], [-15.958799, 18.0205889], [-15.9586823, 18.0200252], [-15.9586582, 18.0198084], [-15.9586528, 18.0196949], [-15.9586394, 18.0194181], [-15.9586313, 18.0191962], [-15.9586319, 18.0190607], [-15.9586398, 18.0188647], [-15.9586664, 18.0186548], [-15.9586968, 18.0181453], [-15.9587962, 18.0173493], [-15.9588185, 18.0169706], [-15.9588476, 18.0165727], [-15.9589311, 18.0157228], [-15.9590279, 18.0143539], [-15.9591369, 18.012825], [-15.9591678, 18.0124325], [-15.9591965, 18.012137], [-15.9592277, 18.0117172], [-15.9592367, 18.0115953], [-15.9593021, 18.011005], [-15.9593294, 18.0106745], [-15.9593524, 18.0103955], [-15.9593591, 18.010297], [-15.9594105, 18.0097369], [-15.9594606, 18.0092516], [-15.9595178, 18.0086209], [-15.9595927, 18.0076201], [-15.9596478, 18.0067316], [-15.9596729, 18.0063345], [-15.9596922, 18.0060305], [-15.9597284, 18.0054273], [-15.9597552, 18.0051263], [-15.9597902, 18.0046904], [-15.9598209, 18.0043036], [-15.9598383, 18.0040409], [-15.959845, 18.0039554], [-15.9598437, 18.0038853], [-15.9598316, 18.0038266], [-15.9598075, 18.003773]]}}, {"type": "Feature", "properties": {"highway": "tertiary"}, "geometry": {"type": "LineString", "coordinates": [[-15.99447, 18.0590017], [-15.9942021, 18.058612], [-15.9940946, 18.0584557], [-15.9940416, 18.0583786], [-15.9938642, 18.0581206], [-15.9936758, 18.0578466], [-15.9933607, 18.0573881], [-15.9931798, 18.057125], [-15.9929994, 18.0568627], [-15.9926608, 18.0563702], [-15.9924868, 18.056117], [-15.9921459, 18.0556212], [-15.9919811, 18.0553814], [-15.9918875, 18.0552453], [-15.991824, 18.055153], [-15.9915414, 18.0547419]]}}, {"type": "Feature", "properties": {"highway": "tertiary"}, "geometry": {"type": "LineString", "coordinates": [[-15.9916453, 18.054298], [-15.991888, 18.0541584], [-15.9921362, 18.0540105], [-15.9922864, 18.053911], [-15.992521, 18.0537631], [-15.9927651, 18.0536114], [-15.992977, 18.0534762], [-15.9931397, 18.0533742], [-15.9931701, 18.0533551], [-15.993382, 18.0532301], [-15.9936259, 18.0530923], [-15.9937965, 18.0529824], [-15.9938441, 18.0529518], [-15.9941014, 18.0527865]]}}, {"type": "Feature", "properties": {"highway": "tertiary"}, "geometry": {"type": "LineString", "coordinates": [[-15.9867885, 18.057559], [-15.9869649, 18.057457], [-15.9872344, 18.0572912], [-15.9874088, 18.0571777], [-15.9876636, 18.0570082], [-15.9879278, 18.056829], [-15.9880123, 18.0567736], [-15.988088, 18.0567213], [-15.9881987, 18.0566448], [-15.9883274, 18.0565377], [-15.9883864, 18.0564905], [-15.9885554, 18.0563592], [-15.9887324, 18.0562355], [-15.9889792, 18.0560888], [-15.9893118, 18.0558938], [-15.9894633, 18.0557969], [-15.9895988, 18.0557051], [-15.9897544, 18.055598], [-15.9898611, 18.0555175], [-15.9900037, 18.0554174], [-15.9901728, 18.0553002], [-15.990201, 18.0552807], [-15.9903094, 18.0552056], [-15.9903987, 18.0551405], [-15.9904281, 18.0551204], [-15.9906476, 18.0549703], [-15.9906941, 18.0549384], [-15.9908672, 18.0548162], [-15.9909623, 18.0547584], [-15.9910731, 18.0546838], [-15.9911427, 18.0546363]]}}, {"type": "Feature", "properties": {"highway": "tertiary"}, "geometry": {"type": "LineString", "coordinates": [[-15.9866929, 18.0579009], [-15.9868465, 18.0581322], [-15.9869627, 18.0583074], [-15.9871496, 18.0585556], [-15.9873243, 18.0588226], [-15.9876269, 18.059242], [-15.9877825, 18.0594711], [-15.9881271, 18.0599752], [-15.9883033, 18.0602225], [-15.9884776, 18.0604635], [-15.9888303, 18.0609876], [-15.9889832, 18.0611992], [-15.9894151, 18.0618023], [-15.9894781, 18.0618967], [-15.9897195, 18.062269]]}}, {"type": "Feature", "properties": {"highway": "tertiary"}, "geometry": {"type": "LineString", "coordinates": [[-16.002852, 18.062989], [-16.0024827, 18.0624322], [-16.0021213, 18.0618926], [-16.0017344, 18.0613382], [-16.0014118, 18.0608658], [-16.0010652, 18.0603494], [-16.0007386, 18.059877], [-16.0006929, 18.0598177], [-16.0003585, 18.0593377], [-16.0000656, 18.058892], [-15.9999796, 18.0587741], [-15.9996329, 18.0582666], [-15.9992827, 18.0577604], [-15.9985331, 18.0566802], [-15.9981932, 18.0561745], [-15.9981195, 18.0560468], [-15.9980428, 18.055871], [-15.9979643, 18.0556869], [-15.9978315, 18.0553351], [-15.9978012, 18.0552549], [-15.9977081, 18.0549899], [-15.9975824, 18.0546608], [-15.9974801, 18.0543949], [-15.9974632, 18.0543491], [-15.9973595, 18.0540676], [-15.9971854, 18.0535955], [-15.9969125, 18.0528457], [-15.9968159, 18.0525996], [-15.996775, 18.0524721], [-15.9966926, 18.0522432], [-15.9966406, 18.0521125], [-15.9965497, 18.0518786], [-15.9965088, 18.0517651], [-15.9964793, 18.0516876], [-15.9963967, 18.051472], [-15.9963632, 18.0513873]]}}, {"type": "Feature", "properties": {"highway": "tertiary"}, "geometry": {"type": "LineString", "coordinates": [[-15.9863727, 18.0574767], [-15.986404, 18.0575408], [-15.9864284, 18.0575906], [-15.9864683, 18.0576556]]}}, {"type": "Feature", "properties": {"highway": "tertiary"}, "geometry": {"type": "LineString", "coordinates": [[-15.9797806, 18.0624513], [-15.9798959, 18.0621733], [-15.9800394, 18.0618903], [-15.9800944, 18.0617895], [-15.9801722, 18.0617054], [-15.9802298, 18.0616442]]}}, {"type": "Feature", "properties": {"highway": "tertiary"}, "geometry": {"type": "LineString", "coordinates": [[-15.9963632, 18.0513873], [-15.9963191, 18.0512608], [-15.9961896, 18.0509273], [-15.9960575, 18.0505588], [-15.9959261, 18.0501967], [-15.995855, 18.0499991], [-15.9958282, 18.0499187], [-15.9958014, 18.049846], [-15.9956877, 18.0495493], [-15.9956723, 18.0495113], [-15.9955493, 18.0491913], [-15.9954869, 18.0490185], [-15.9954205, 18.0488374], [-15.9952871, 18.048481], [-15.9952375, 18.0483631], [-15.9950969, 18.0479917], [-15.9949974, 18.0477287]]}}, {"type": "Feature", "properties": {"highway": "tertiary"}, "geometry": {"type": "LineString", "coordinates": [[-15.9764715, 18.0950445], [-15.9764729, 18.0949253], [-15.976481, 18.0948323], [-15.9765841, 18.0941414], [-15.9767337, 18.0933978], [-15.9768383, 18.0928233], [-15.9768523, 18.0927322]]}}, {"type": "Feature", "properties": {"highway": "tertiary"}, "geometry": {"type": "LineString", "coordinates": [[-15.9877454, 18.0724872], [-15.9885689, 18.0719682], [-15.9896394, 18.0712934], [-15.9900477, 18.071036], [-15.9903836, 18.0708243], [-15.99076, 18.0705871], [-15.9908823, 18.07051], [-15.9911353, 18.0703506], [-15.9918526, 18.0698984], [-15.9925668, 18.0694579], [-15.9929436, 18.0692256], [-15.9933161, 18.0689759], [-15.9936498, 18.0687656], [-15.9940314, 18.068525]]}}, {"type": "Feature", "properties": {"highway": "tertiary"}, "geometry": {"type": "LineString", "coordinates": [[-15.9926432, 18.1290911], [-15.9926429, 18.1283147], [-15.9926429, 18.1281924], [-15.9926415, 18.1275884], [-15.9926352, 18.1271431], [-15.9926372, 18.1269294], [-15.9926455, 18.1264741], [-15.9926404, 18.1260925], [-15.9926438, 18.1258508], [-15.9926315, 18.1252514], [-15.9926335, 18.1248839], [-15.9926324, 18.1246163], [-15.9926266, 18.1240714], [-15.992623, 18.1239587], [-15.992631, 18.1238261], [-15.9926417, 18.1235227], [-15.9926632, 18.1233086], [-15.9926981, 18.1229874], [-15.9927249, 18.1226802]]}}, {"type": "Feature", "properties": {"highway": "trunk"}, "geometry": {"type": "LineString", "coordinates": [[-15.9736523, 18.0451548], [-15.9736753, 18.0451659], [-15.9737038, 18.0451748], [-15.9737334, 18.0451794], [-15.9737634, 18.0451794], [-15.9737931, 18.0451749], [-15.9738216, 18.045166], [-15.9738482, 18.0451529], [-15.9738723, 18.045136], [-15.9738933, 18.0451156], [-15.9739106, 18.0450923], [-15.9739239, 18.0450667], [-15.9739326, 18.0450394]]}}, {"type": "Feature", "properties": {"highway": "secondary"}, "geometry": {"type": "LineString", "coordinates": [[-15.9738984, 18.0608087], [-15.9737474, 18.0607199], [-15.9735481, 18.0605987], [-15.9734939, 18.0604393]]}}, {"type": "Feature", "properties": {"highway": "trunk"}, "geometry": {"type": "LineString", "coordinates": [[-15.9743847, 18.0578976], [-15.9743552, 18.0580595], [-15.9742953, 18.058227], [-15.9741771, 18.0584936], [-15.9739911, 18.0589212], [-15.9738323, 18.0592768], [-15.9734973, 18.0600325], [-15.9734221, 18.0601515], [-15.9733998, 18.0601829]]}}, {"type": "Feature", "properties": {"highway": "tertiary"}, "geometry": {"type": "LineString", "coordinates": [[-15.9841512, 18.0747529], [-15.9832246, 18.0754581], [-15.982943, 18.0757896], [-15.9828035, 18.0759757], [-15.9826529, 18.0762097], [-15.9825026, 18.0765121], [-15.9824168, 18.076749], [-15.9823388, 18.0769999], [-15.9823058, 18.0771486], [-15.9822659, 18.0773283], [-15.9821438, 18.078016], [-15.9820863, 18.07837], [-15.9820119, 18.0787743], [-15.9819633, 18.079023], [-15.9819484, 18.0791198], [-15.9818863, 18.0794574], [-15.9818264, 18.0797826], [-15.9818036, 18.0799065], [-15.9817671, 18.0801048], [-15.9817063, 18.0804353], [-15.9816667, 18.0806506], [-15.9816458, 18.0807644], [-15.9815855, 18.0810925], [-15.981527, 18.08141], [-15.9815225, 18.0814345], [-15.9813778, 18.0822206]]}}, {"type": "Feature", "properties": {"highway": "tertiary"}, "geometry": {"type": "LineString", "coordinates": [[-15.9791046, 18.0952709], [-15.9791999, 18.0953091], [-15.9793071, 18.0953359], [-15.9795083, 18.0953665], [-15.9801064, 18.0954634], [-15.9801802, 18.0954761], [-15.9804752, 18.0955335], [-15.9806483, 18.0955526], [-15.9807837, 18.0955513], [-15.9809098, 18.0955373], [-15.9810211, 18.0955118], [-15.9811418, 18.0954672], [-15.9812417, 18.0954098], [-15.981302, 18.0953722], [-15.9813814, 18.0953231]]}}, {"type": "Feature", "properties": {"highway": "primary"}, "geometry": {"type": "LineString", "coordinates": [[-15.9367821, 18.1190285], [-15.9363715, 18.1187281], [-15.9356086, 18.1181695], [-15.9345625, 18.1174315], [-15.933985, 18.1169993], [-15.9334991, 18.1166585], [-15.9330996, 18.116357], [-15.9324907, 18.1158969], [-15.9314853, 18.1151762], [-15.9306227, 18.1145329], [-15.9304386, 18.1144042], [-15.9303179, 18.1143188], [-15.9296621, 18.1138472], [-15.9294268, 18.1136724], [-15.9293778, 18.1136394], [-15.9286737, 18.1131513], [-15.9282902, 18.11289], [-15.9279308, 18.112635], [-15.9276223, 18.1124222], [-15.9276006, 18.1124068], [-15.9273299, 18.1122142], [-15.9271033, 18.1120505], [-15.926819, 18.11186], [-15.9262665, 18.1114713], [-15.9252486, 18.1107371], [-15.9247242, 18.1103674], [-15.9241918, 18.1099672], [-15.9238753, 18.1097543], [-15.9233415, 18.1093693], [-15.9231296, 18.1092138], [-15.9230492, 18.1091641], [-15.9224068, 18.1087014], [-15.9222418, 18.108579], [-15.9220795, 18.1084618], [-15.9217563, 18.1082311], [-15.9212507, 18.1078716], [-15.9211126, 18.1077671], [-15.9209785, 18.1076766], [-15.9208511, 18.1075759], [-15.9203213, 18.1071871], [-15.9199941, 18.1069576], [-15.9196824, 18.1067204], [-15.919522, 18.1066186], [-15.9192031, 18.1063743], [-15.9189568, 18.1062002], [-15.9189149, 18.1061699], [-15.918639, 18.1059704], [-15.9183672, 18.1057678], [-15.9182371, 18.1056787], [-15.9179642, 18.1054831], [-15.9179281, 18.1054579], [-15.9176814, 18.1052755], [-15.9172087, 18.104913], [-15.9168689, 18.104677], [-15.9160414, 18.1041101], [-15.9158421, 18.1039736], [-15.9155921, 18.1037917], [-15.9150843, 18.1034175], [-15.9150414, 18.1033859], [-15.9148859, 18.1032712], [-15.9148134, 18.1032075], [-15.9147397, 18.1031425], [-15.9146445, 18.1030201], [-15.9145828, 18.1029105], [-15.9145358, 18.1027957], [-15.914501, 18.1026275], [-15.9144999, 18.1025844], [-15.9144919, 18.1022769], [-15.9144889, 18.1021609], [-15.9144927, 18.1019462], [-15.9144996, 18.1015555], [-15.9145077, 18.1007549], [-15.914513, 18.0996293], [-15.9145077, 18.0988695], [-15.9145224, 18.0980563], [-15.9145318, 18.0977261], [-15.9145197, 18.0974202], [-15.9144782, 18.0971002], [-15.9144431, 18.0968138], [-15.9144285, 18.0966948], [-15.9144272, 18.0964246], [-15.9144393, 18.096111], [-15.914454, 18.0957935], [-15.9144379, 18.0954583], [-15.9144232, 18.0951982], [-15.9144218, 18.0949152], [-15.9144914, 18.0942409], [-15.9144541, 18.0917341], [-15.9144392, 18.0907339], [-15.9144244, 18.0898106], [-15.9144186, 18.0890213], [-15.9143985, 18.0888452], [-15.9143586, 18.0886765], [-15.9142946, 18.0884529], [-15.9142029, 18.0882515], [-15.9141074, 18.0880852], [-15.9139853, 18.0879244], [-15.9138094, 18.0877437], [-15.912597, 18.0867157], [-15.9111432, 18.0854874], [-15.9108421, 18.0852262], [-15.9107448, 18.0851418], [-15.9104964, 18.0849449], [-15.9102523, 18.084746], [-15.9096126, 18.0842259], [-15.9093122, 18.0839747], [-15.9090148, 18.0837509], [-15.9087838, 18.0836012], [-15.9085947, 18.0834916], [-15.9084083, 18.0833998], [-15.9081857, 18.0832963], [-15.9078209, 18.0831614], [-15.9075007, 18.083048], [-15.9072389, 18.0829816], [-15.9069036, 18.0829102], [-15.9065576, 18.0828503], [-15.9062518, 18.0828223], [-15.9059665, 18.0828053], [-15.9056433, 18.0828088], [-15.9053364, 18.082819], [-15.9050127, 18.0828537], [-15.9047391, 18.0828949], [-15.904393, 18.0829676], [-15.9038016, 18.0831448], [-15.9027515, 18.0835247], [-15.9012844, 18.0840704], [-15.9010376, 18.084157], [-15.9008145, 18.0842091], [-15.9005741, 18.0842443], [-15.9003821, 18.0842532], [-15.9001297, 18.0842402], [-15.8998939, 18.0841885], [-15.8996542, 18.0841069], [-15.8994357, 18.08402], [-15.8987108, 18.0836688], [-15.8981212, 18.0833963], [-15.8975474, 18.0831194], [-15.8964539, 18.0825946], [-15.8963711, 18.0825533], [-15.896188, 18.0824651], [-15.8954646, 18.0821103], [-15.8947478, 18.0817693], [-15.8936776, 18.0812873], [-15.8933129, 18.0810999], [-15.892936, 18.0808742], [-15.8926027, 18.080633], [-15.8922923, 18.0804038], [-15.8919543, 18.080103], [-15.8917295, 18.0798042], [-15.8915126, 18.0795373], [-15.8912739, 18.0791999], [-15.8909422, 18.0786797], [-15.8907477, 18.0783313], [-15.8905805, 18.0779654], [-15.890368, 18.0772545], [-15.8898442, 18.0757896], [-15.8897495, 18.0755356]]}}, {"type": "Feature", "properties": {"highway": "tertiary"}, "geometry": {"type": "LineString", "coordinates": [[-15.9664284, 18.0794322], [-15.9662389, 18.0793063], [-15.966031, 18.0792537], [-15.9658717, 18.0792207], [-15.9657393, 18.0791907], [-15.965345, 18.0790883]]}}, {"type": "Feature", "properties": {"highway": "tertiary"}, "geometry": {"type": "LineString", "coordinates": [[-16.0024366, 18.0737349], [-16.0026402, 18.0740393], [-16.0027687, 18.0742315], [-16.0028408, 18.074336], [-16.0031483, 18.0747719], [-16.0033089, 18.0750046], [-16.0034409, 18.0752082], [-16.003697, 18.0755677], [-16.0038316, 18.075755], [-16.0040804, 18.076086], [-16.0042772, 18.0763981], [-16.0044211, 18.0765887], [-16.0044802, 18.076677], [-16.0046765, 18.0769692], [-16.0047304, 18.0770834], [-16.0047555, 18.0771961], [-16.0047662, 18.0773415], [-16.0047568, 18.0774822], [-16.0047269, 18.0776689], [-16.0046735, 18.0779134], [-16.0045857, 18.0783256], [-16.0044839, 18.0788073], [-16.0044237, 18.0790731], [-16.0043773, 18.0793316], [-16.004312, 18.0796953], [-16.0042063, 18.0801643], [-16.0039076, 18.0814889], [-16.003722, 18.0823577], [-16.003534, 18.0832375], [-16.0034635, 18.0836193], [-16.0033493, 18.0842263], [-16.0033298, 18.0843199], [-16.0032643, 18.0846219], [-16.0031112, 18.0853282], [-16.0029968, 18.0858562], [-16.0028922, 18.0863387], [-16.0028697, 18.0863934], [-16.0028293, 18.0864545]]}}, {"type": "Feature", "properties": {"highway": "tertiary"}, "geometry": {"type": "LineString", "coordinates": [[-15.9866361, 18.0577477], [-15.9866422, 18.0577356], [-15.9866464, 18.0577227], [-15.9866486, 18.0577094], [-15.9866487, 18.0576959], [-15.9866468, 18.0576826], [-15.9866404, 18.0576641], [-15.9866301, 18.0576473], [-15.9866163, 18.057633], [-15.9865996, 18.0576217], [-15.9865815, 18.0576142], [-15.9865621, 18.0576103], [-15.9865423, 18.0576103], [-15.98652, 18.057615], [-15.9864996, 18.0576245], [-15.986482, 18.0576383], [-15.9864683, 18.0576556], [-15.9864608, 18.0576708], [-15.9864564, 18.0576871], [-15.9864552, 18.0577039], [-15.9864568, 18.057719], [-15.9864611, 18.0577336], [-15.9864678, 18.0577474], [-15.9864931, 18.057775], [-15.9865126, 18.057786], [-15.9865342, 18.0577925], [-15.9865569, 18.0577939], [-15.986576, 18.0577912], [-15.9865942, 18.0577849], [-15.9866107, 18.0577753], [-15.9866249, 18.0577627], [-15.9866361, 18.0577477]]}}, {"type": "Feature", "properties": {"highway": "tertiary"}, "geometry": {"type": "LineString", "coordinates": [[-15.9864552, 18.0577039], [-15.9863144, 18.05783]]}}, {"type": "Feature", "properties": {"highway": "tertiary"}, "geometry": {"type": "LineString", "coordinates": [[-15.9863727, 18.0574767], [-15.9863339, 18.0574238], [-15.9862883, 18.0573754], [-15.9862393, 18.0573276], [-15.9861796, 18.057288], [-15.9861079, 18.0572511], [-15.9859718, 18.0572013], [-15.985733, 18.0571389], [-15.9856559, 18.0571063], [-15.9855855, 18.057077], [-15.9855084, 18.057033], [-15.9854534, 18.0569922], [-15.9854132, 18.0569431], [-15.9852308, 18.0567251], [-15.9850578, 18.0565007], [-15.9850323, 18.0564664], [-15.984941, 18.0563512], [-15.9849096, 18.0563145], [-15.9848543, 18.0562375], [-15.9847447, 18.0560831], [-15.9845455, 18.0557828], [-15.9842236, 18.0552741], [-15.9839054, 18.0547815], [-15.9835498, 18.0542422], [-15.9834109, 18.0540425], [-15.9832522, 18.0537802], [-15.9832404, 18.0537596]]}}, {"type": "Feature", "properties": {"highway": "tertiary"}, "geometry": {"type": "LineString", "coordinates": [[-15.9865569, 18.0577939], [-15.9865689, 18.0578266], [-15.9866203, 18.0578644], [-15.9866929, 18.0579009]]}}, {"type": "Feature", "properties": {"highway": "tertiary"}, "geometry": {"type": "LineString", "coordinates": [[-15.9865423, 18.0576103], [-15.9864807, 18.0575624], [-15.986435, 18.0575266], [-15.9863727, 18.0574767]]}}, {"type": "Feature", "properties": {"highway": "tertiary"}, "geometry": {"type": "LineString", "coordinates": [[-15.9866468, 18.0576826], [-15.986677, 18.057653], [-15.9867186, 18.0576163], [-15.9867885, 18.057559]]}}, {"type": "Feature", "properties": {"highway": "tertiary"}, "geometry": {"type": "LineString", "coordinates": [[-15.9866929, 18.0579009], [-15.9866729, 18.0578273], [-15.9866361, 18.0577477]]}}, {"type": "Feature", "properties": {"highway": "tertiary"}, "geometry": {"type": "LineString", "coordinates": [[-15.9867885, 18.057559], [-15.9866408, 18.0576095], [-15.9865996, 18.0576217]]}}, {"type": "Feature", "properties": {"highway": "tertiary"}, "geometry": {"type": "LineString", "coordinates": [[-15.99448, 18.0591796], [-15.9944811, 18.0591942], [-15.9944846, 18.0592085], [-15.9944941, 18.0592277], [-15.9945081, 18.0592443], [-15.9945259, 18.0592571], [-15.9945416, 18.0592641], [-15.9945583, 18.0592683], [-15.9945756, 18.0592694], [-15.9946003, 18.0592656], [-15.994623, 18.0592556], [-15.9946422, 18.0592403], [-15.9946563, 18.0592207], [-15.9946645, 18.0591983], [-15.9946663, 18.0591807], [-15.9946645, 18.0591631], [-15.9946521, 18.0591337], [-15.9946297, 18.0591104], [-15.9946143, 18.0591013], [-15.9945973, 18.0590953], [-15.9945794, 18.0590924], [-15.9945422, 18.0590973], [-15.99451, 18.0591157], [-15.9944881, 18.0591447], [-15.99448, 18.0591796]]}}, {"type": "Feature", "properties": {"highway": "tertiary"}, "geometry": {"type": "LineString", "coordinates": [[-15.9945756, 18.0592694], [-15.9947045, 18.0593376]]}}, {"type": "Feature", "properties": {"highway": "tertiary"}, "geometry": {"type": "LineString", "coordinates": [[-15.9947045, 18.0593376], [-15.9946645, 18.0591983]]}}, {"type": "Feature", "properties": {"highway": "tertiary"}, "geometry": {"type": "LineString", "coordinates": [[-15.99447, 18.0590017], [-15.9944805, 18.0590801], [-15.99448, 18.0591796]]}}, {"type": "Feature", "properties": {"highway": "tertiary"}, "geometry": {"type": "LineString", "coordinates": [[-15.9863912, 18.0867267], [-15.9864815, 18.0872621], [-15.9864875, 18.0872978], [-15.9865486, 18.0876605]]}}, {"type": "Feature", "properties": {"highway": "tertiary"}, "geometry": {"type": "LineString", "coordinates": [[-15.9713066, 18.0888301], [-15.9714831, 18.0888599], [-15.9715322, 18.0888698], [-15.9715742, 18.0888783], [-15.97221, 18.0889866], [-15.9722587, 18.0889934], [-15.9724956, 18.0890262], [-15.9733245, 18.0891819], [-15.9737232, 18.0892533], [-15.9741107, 18.0893239], [-15.9744934, 18.089391], [-15.9745611, 18.0894014], [-15.9751259, 18.0894874], [-15.9757962, 18.0895465], [-15.9764775, 18.0895967], [-15.977399, 18.0896049], [-15.977458, 18.0896039]]}}, {"type": "Feature", "properties": {"highway": "tertiary"}, "geometry": {"type": "LineString", "coordinates": [[-15.958514, 18.0985752], [-15.9584234, 18.0986756], [-15.9583523, 18.0987523], [-15.9583197, 18.0988019]]}}, {"type": "Feature", "properties": {"highway": "tertiary"}, "geometry": {"type": "LineString", "coordinates": [[-15.991085, 18.0544207], [-15.9908358, 18.05435], [-15.9906201, 18.0542744], [-15.9904418, 18.054194], [-15.9902971, 18.0541064], [-15.9899009, 18.0538254], [-15.9895813, 18.0535859], [-15.9894183, 18.0534668], [-15.9891616, 18.0532648], [-15.9889796, 18.0531196], [-15.9888168, 18.0529888], [-15.9885115, 18.0527434], [-15.9881748, 18.0524903], [-15.988157, 18.0524759], [-15.9879573, 18.0523312], [-15.9877217, 18.0521666], [-15.9874625, 18.0519846], [-15.9871522, 18.0517289], [-15.9871218, 18.0517023]]}}, {"type": "Feature", "properties": {"highway": "trunk"}, "geometry": {"type": "LineString", "coordinates": [[-15.9611701, 18.0878507], [-15.9610709, 18.0880037], [-15.9610168, 18.08813], [-15.9609884, 18.0882565], [-15.9609696, 18.0883636], [-15.9609535, 18.0884656], [-15.9609306, 18.0886742], [-15.9609219, 18.0887508]]}}, {"type": "Feature", "properties": {"highway": "tertiary"}, "geometry": {"type": "LineString", "coordinates": [[-15.9585206, 18.0994354], [-15.9585059, 18.099324], [-15.9585013, 18.0992125], [-15.9585101, 18.0990538]]}}, {"type": "Feature", "properties": {"highway": "tertiary"}, "geometry": {"type": "LineString", "coordinates": [[-15.9573996, 18.0969432], [-15.9572893, 18.0970427], [-15.9572177, 18.097105], [-15.9571009, 18.0972116]]}}, {"type": "Feature", "properties": {"highway": "primary"}, "geometry": {"type": "LineString", "coordinates": [[-15.9598075, 18.003773], [-15.9595098, 18.0038208], [-15.959149, 18.0038674], [-15.9589197, 18.0039031], [-15.9585281, 18.0039439], [-15.958225, 18.0039809], [-15.9581539, 18.0039911], [-15.9579521, 18.0040128], [-15.955948, 18.0042636], [-15.9550172, 18.0043716], [-15.9539471, 18.004492], [-15.9534399, 18.0045587], [-15.9530122, 18.0046127], [-15.9527533, 18.0046454], [-15.9517391, 18.0047656], [-15.9516071, 18.0047827], [-15.9513337, 18.0048182], [-15.9509549, 18.0048673], [-15.9505351, 18.0049133], [-15.9503661, 18.0049327], [-15.9502354, 18.0049477], [-15.9499427, 18.0049817], [-15.9497961, 18.0050013], [-15.9493515, 18.0050599], [-15.9491279, 18.0050882], [-15.9489659, 18.0051087], [-15.9486573, 18.0051466], [-15.9484993, 18.0051668], [-15.9480312, 18.0052226], [-15.9479253, 18.0052352], [-15.9474974, 18.0052838], [-15.9470276, 18.0053363], [-15.9467709, 18.005365], [-15.9463745, 18.0054089], [-15.9462793, 18.0054195], [-15.946198, 18.0054285], [-15.9460062, 18.0054426], [-15.9458893, 18.00546], [-15.9455958, 18.0054899], [-15.9454072, 18.0055184], [-15.9451808, 18.0055527], [-15.9451492, 18.0055618], [-15.9451236, 18.0055752], [-15.9450979, 18.0055934], [-15.9450773, 18.0056142], [-15.9450477, 18.0056645], [-15.9450324, 18.0057238], [-15.945017, 18.0060127], [-15.9450003, 18.0065509], [-15.9449922, 18.0067926], [-15.9449731, 18.007199], [-15.9449694, 18.0072659], [-15.9449475, 18.0076635], [-15.9449295, 18.0081616], [-15.9449226, 18.0083531], [-15.9449084, 18.0086311], [-15.9449004, 18.0087867], [-15.9448898, 18.0089951], [-15.9448711, 18.0094217], [-15.944865, 18.0095613], [-15.9448549, 18.0099672], [-15.9448285, 18.0103507], [-15.9447745, 18.0117232], [-15.944755, 18.0121452]]}}, {"type": "Feature", "properties": {"highway": "tertiary"}, "geometry": {"type": "LineString", "coordinates": [[-15.9926432, 18.1290911], [-15.9936411, 18.1288871], [-15.9943955, 18.1287325], [-15.9950208, 18.1286043], [-15.9952833, 18.1285514], [-15.9965013, 18.128306], [-15.9979974, 18.128002], [-15.999417, 18.1277087], [-16.0008555, 18.1274328], [-16.0022541, 18.1271547], [-16.0025646, 18.127093], [-16.0026805, 18.127067]]}}, {"type": "Feature", "properties": {"highway": "secondary"}, "geometry": {"type": "LineString", "coordinates": [[-16.019066, 18.0973669], [-16.0192246, 18.097606], [-16.0193477, 18.0978154], [-16.0193996, 18.0979266], [-16.0194658, 18.0980945], [-16.0195166, 18.0982551], [-16.0196678, 18.0987997], [-16.0199748, 18.0998753]]}}, {"type": "Feature", "properties": {"highway": "trunk"}, "geometry": {"type": "LineString", "coordinates": [[-15.9617752, 18.088339], [-15.9615738, 18.0884526], [-15.9612572, 18.088573], [-15.9611935, 18.0885927], [-15.9609306, 18.0886742]]}}, {"type": "Feature", "properties": {"highway": "tertiary"}, "geometry": {"type": "LineString", "coordinates": [[-16.0106496, 18.1044221], [-16.0109592, 18.1039205], [-16.0112041, 18.1035239], [-16.0116361, 18.102824], [-16.0121905, 18.1019259], [-16.0130416, 18.1005685], [-16.0132324, 18.100238], [-16.0134416, 18.0999044], [-16.0136448, 18.0995711], [-16.0138095, 18.0993032], [-16.0138546, 18.0992302], [-16.0139403, 18.0990913], [-16.0143861, 18.0983692], [-16.01466, 18.0979255], [-16.0148043, 18.0976917], [-16.0149321, 18.0974846], [-16.0151908, 18.0970656], [-16.0152241, 18.0970115], [-16.0154216, 18.0966916], [-16.0156157, 18.0963772], [-16.0157425, 18.0961718], [-16.0158151, 18.0960541], [-16.0160558, 18.0956642], [-16.0161906, 18.0954458]]}}, {"type": "Feature", "properties": {"highway": "tertiary"}, "geometry": {"type": "LineString", "coordinates": [[-16.0069757, 18.0606356], [-16.0073714, 18.0605226], [-16.0076637, 18.0604418], [-16.0077179, 18.0604213], [-16.008872, 18.0599846], [-16.0099266, 18.0595812], [-16.0107808, 18.0592701], [-16.0144548, 18.0578969], [-16.0163136, 18.0572147], [-16.0181758, 18.0565106], [-16.0185409, 18.0563832], [-16.0187061, 18.0563286], [-16.0188555, 18.0562866], [-16.0190744, 18.0562383], [-16.019207, 18.0562183], [-16.0193422, 18.0561986], [-16.0200419, 18.0561016], [-16.0203798, 18.0560595], [-16.0207759, 18.0560156], [-16.0214652, 18.0559506]]}}, {"type": "Feature", "properties": {"highway": "tertiary"}, "geometry": {"type": "LineString", "coordinates": [[-15.9739763, 18.0809668], [-15.9742489, 18.0794448], [-15.9743228, 18.0790321], [-15.9743744, 18.078744], [-15.9743922, 18.0786445], [-15.9744428, 18.0783622], [-15.9745273, 18.0778905], [-15.9745918, 18.0775304], [-15.9746313, 18.0773095], [-15.9746688, 18.0771002], [-15.9746802, 18.0770367], [-15.9747356, 18.0767273], [-15.9748006, 18.0763642], [-15.9748356, 18.0761688], [-15.974962, 18.0754629], [-15.9750271, 18.0750998], [-15.9750857, 18.0747725], [-15.9751319, 18.0745141], [-15.9751693, 18.0743056], [-15.9752782, 18.0736974], [-15.9753505, 18.0732938], [-15.9753853, 18.0730994], [-15.9754098, 18.0729625], [-15.9755514, 18.072172]]}}, {"type": "Feature", "properties": {"highway": "secondary"}, "geometry": {"type": "LineString", "coordinates": [[-15.9610145, 18.1056116], [-15.9609836, 18.1056122], [-15.9609528, 18.1056065], [-15.9609032, 18.1055822], [-15.9604968, 18.1053783], [-15.9599724, 18.105075], [-15.9594119, 18.1047541], [-15.9592317, 18.1046405], [-15.9589543, 18.1044496]]}}, {"type": "Feature", "properties": {"highway": "tertiary"}, "geometry": {"type": "LineString", "coordinates": [[-16.0017042, 18.072674], [-16.0019822, 18.0724904], [-16.0022967, 18.0722976], [-16.0025947, 18.0721024], [-16.0027173, 18.0720184], [-16.0029024, 18.0719009], [-16.0032299, 18.071689], [-16.00336, 18.0716048], [-16.0035256, 18.0714805], [-16.0036595, 18.0713596], [-16.0037918, 18.071246], [-16.0039567, 18.0711133], [-16.0040979, 18.0709873], [-16.0042818, 18.0708442], [-16.0044303, 18.0707374], [-16.0045595, 18.0706586], [-16.0047762, 18.0705351], [-16.0050742, 18.0703555], [-16.0054325, 18.0701645], [-16.0057571, 18.0699802], [-16.0057971, 18.0699562], [-16.0061124, 18.0697867], [-16.0064007, 18.0696081]]}}, {"type": "Feature", "properties": {"highway": "tertiary"}, "geometry": {"type": "LineString", "coordinates": [[-15.9863144, 18.05783], [-15.9864244, 18.0578114], [-15.9864931, 18.057775]]}}, {"type": "Feature", "properties": {"highway": "tertiary"}, "geometry": {"type": "LineString", "coordinates": [[-15.9967841, 18.0623033], [-15.9960403, 18.0612425], [-15.9953343, 18.0602357], [-15.9947045, 18.0593376]]}}, {"type": "Feature", "properties": {"highway": "tertiary"}, "geometry": {"type": "LineString", "coordinates": [[-15.9764479, 18.0952194], [-15.9764372, 18.0953078], [-15.9764354, 18.0953797], [-15.9761311, 18.0970065], [-15.9759684, 18.097845], [-15.9758815, 18.0983689], [-15.9757665, 18.0990306], [-15.9755639, 18.1000811], [-15.975446, 18.1007797], [-15.9754406, 18.1008092], [-15.9754322, 18.1008549], [-15.9754164, 18.1009535], [-15.9753008, 18.1016426], [-15.9752654, 18.1018427], [-15.9751789, 18.1024092], [-15.9751391, 18.1026555], [-15.9751131, 18.1027936]]}}, {"type": "Feature", "properties": {"highway": "tertiary"}, "geometry": {"type": "LineString", "coordinates": [[-15.977435, 18.0101731], [-15.9785088, 18.0103586], [-15.9793428, 18.0104938], [-15.9794441, 18.0105102], [-15.9796127, 18.0105375], [-15.9801253, 18.0106207], [-15.9802593, 18.0106424], [-15.9811646, 18.0107712], [-15.9814689, 18.0108201], [-15.9820993, 18.0109204], [-15.9823863, 18.0109689], [-15.9829214, 18.0110531], [-15.9860848, 18.0115556], [-15.9872921, 18.0117482]]}}, {"type": "Feature", "properties": {"highway": "tertiary"}, "geometry": {"type": "LineString", "coordinates": [[-15.9659993, 17.9939097], [-15.9660798, 17.9944147], [-15.9661757, 17.9950043], [-15.9662314, 17.9953358], [-15.9662874, 17.9956634], [-15.9663657, 17.9961221], [-15.9664285, 17.9964825], [-15.9665439, 17.9972184], [-15.9665707, 17.9973913], [-15.966623, 17.9977295], [-15.9666592, 17.9979633], [-15.9667504, 17.9985003], [-15.9668174, 17.998911], [-15.9668738, 17.9992554], [-15.9668874, 17.9993385], [-15.9669717, 17.9998536], [-15.9670253, 18.0002024], [-15.9670662, 18.0004571], [-15.967083, 18.0005614], [-15.9671104, 18.0007386], [-15.9671474, 18.0009785], [-15.9672171, 18.0013701], [-15.967264, 18.0016622], [-15.9672823, 18.0017778], [-15.967289, 18.0018028], [-15.9673123, 18.001967], [-15.9673432, 18.0022706], [-15.9673901, 18.0026468], [-15.9674571, 18.0030071], [-15.9675229, 18.0033024], [-15.9675846, 18.0036225], [-15.967606, 18.0038291], [-15.9675953, 18.0039745], [-15.9675698, 18.0040925], [-15.9675369, 18.0041773], [-15.967496, 18.0042602], [-15.9674411, 18.004347], [-15.9673411, 18.0044987], [-15.9672707, 18.0046084], [-15.967209, 18.0047194], [-15.9671433, 18.004838], [-15.9671085, 18.0049247], [-15.9670937, 18.0049974], [-15.9670749, 18.0050995], [-15.9670629, 18.0051977], [-15.9670602, 18.0052716], [-15.9670476, 18.0054475], [-15.9670029, 18.0063766], [-15.966945, 18.0071919], [-15.9669241, 18.0075772], [-15.9668869, 18.0081369], [-15.9668441, 18.009073], [-15.9667997, 18.0100288], [-15.9667697, 18.0109751], [-15.9667385, 18.0116144], [-15.9667169, 18.0118813], [-15.9666942, 18.0123861], [-15.9666651, 18.0127914], [-15.9666244, 18.0135822], [-15.9666215, 18.0136298], [-15.966603, 18.0139393], [-15.9665948, 18.0140795], [-15.966576, 18.0142555], [-15.966516, 18.0146027], [-15.96636, 18.0155019], [-15.9662181, 18.016396], [-15.9660707, 18.0173281], [-15.9660365, 18.0175525], [-15.965929, 18.0182166], [-15.9658035, 18.0191064], [-15.9656602, 18.0200195], [-15.9655028, 18.0209391], [-15.9653811, 18.0218737], [-15.965271, 18.0225221], [-15.9651126, 18.0234662], [-15.9650263, 18.0239866], [-15.9649554, 18.0244445], [-15.9648057, 18.0254295], [-15.9646966, 18.0260867], [-15.9646499, 18.0263681], [-15.9644971, 18.0273637], [-15.9643516, 18.0283112], [-15.9642798, 18.0289338]]}}, {"type": "Feature", "properties": {"highway": "secondary"}, "geometry": {"type": "LineString", "coordinates": [[-15.9357472, 18.0710734], [-15.9356001, 18.0715122], [-15.9355407, 18.0716839], [-15.9355008, 18.0718056], [-15.9354608, 18.0719272], [-15.935324, 18.0723649], [-15.9352454, 18.0726198], [-15.9351723, 18.0728522], [-15.9351059, 18.0730642], [-15.9349024, 18.0737612], [-15.9348744, 18.0738409], [-15.9347657, 18.0742329], [-15.9346497, 18.0747401], [-15.9345762, 18.07525], [-15.9345485, 18.075462], [-15.9345035, 18.075923], [-15.9344646, 18.0764478], [-15.9344151, 18.0768814], [-15.9343248, 18.0773882], [-15.9343022, 18.0775152], [-15.934234, 18.0778681], [-15.9341702, 18.0782881], [-15.9341161, 18.078644], [-15.9340774, 18.0788988], [-15.9340629, 18.0789941], [-15.9340183, 18.0793143], [-15.9340023, 18.0794295], [-15.9339718, 18.0796103], [-15.9339213, 18.0798624], [-15.9339075, 18.0799521], [-15.9338324, 18.080486]]}}, {"type": "Feature", "properties": {"highway": "primary"}, "geometry": {"type": "LineString", "coordinates": [[-15.8897495, 18.0755356], [-15.8896872, 18.0753029], [-15.8896528, 18.0751446], [-15.8896238, 18.0750106], [-15.8896068, 18.0749173], [-15.8895893, 18.0748159], [-15.8895698, 18.0746935], [-15.8895558, 18.0746164], [-15.8895525, 18.0745317], [-15.8895744, 18.0743811], [-15.8896208, 18.0742657], [-15.8896943, 18.0741433], [-15.8897803, 18.0740326], [-15.8899853, 18.0737673], [-15.8902115, 18.0734434], [-15.8902529, 18.0733642], [-15.8903728, 18.0730888], [-15.8906696, 18.0724127], [-15.890742, 18.0721819], [-15.8907768, 18.0720582], [-15.8909592, 18.071417], [-15.8910746, 18.0710434], [-15.8911793, 18.0706815], [-15.8912905, 18.0702976], [-15.8913468, 18.0700808], [-15.8914269, 18.0698064], [-15.8914514, 18.0697226], [-15.8915238, 18.0694598], [-15.8916257, 18.0690481], [-15.8917317, 18.0687026], [-15.8918015, 18.0684564], [-15.891906, 18.0680383], [-15.8919922, 18.0677094], [-15.8920573, 18.0674609], [-15.8921635, 18.0670425], [-15.8922069, 18.0668575], [-15.8923857, 18.0661939]]}}, {"type": "Feature", "properties": {"highway": "tertiary"}, "geometry": {"type": "LineString", "coordinates": [[-15.8895744, 18.0743811], [-15.8894877, 18.0745468], [-15.8894471, 18.074604], [-15.8894072, 18.0746553], [-15.8893528, 18.0746926], [-15.8892816, 18.0747222], [-15.8892143, 18.0747408], [-15.8891371, 18.074747], [-15.8890106, 18.0747419]]}}, {"type": "Feature", "properties": {"highway": "trunk"}, "geometry": {"type": "LineString", "coordinates": [[-15.9254315, 18.1334706], [-15.9248838, 18.1341906], [-15.9246357, 18.1345015], [-15.9244479, 18.1347284], [-15.9241489, 18.1351037], [-15.9240536, 18.1352382], [-15.9238163, 18.135502], [-15.9237278, 18.1355925], [-15.9236084, 18.1357187], [-15.9234783, 18.1358716], [-15.9233496, 18.1360003], [-15.9232141, 18.1361431], [-15.9230733, 18.136282], [-15.9229472, 18.1364069], [-15.9225757, 18.1367612], [-15.9225047, 18.1368364], [-15.9224121, 18.1369288], [-15.9223256, 18.1370193], [-15.9222324, 18.1371066], [-15.9220688, 18.1372595], [-15.921924, 18.1373972], [-15.9218368, 18.1374825], [-15.9217268, 18.137587], [-15.9216236, 18.137689], [-15.9215183, 18.1377986], [-15.9214298, 18.1378916], [-15.9212796, 18.1380439], [-15.9211408, 18.1381829], [-15.9210281, 18.1382937], [-15.9207673, 18.1385614], [-15.9204535, 18.1388672], [-15.9202107, 18.1390992], [-15.9197534, 18.1395452], [-15.9196164, 18.1396779], [-15.919389, 18.1399098], [-15.9188119, 18.1404552], [-15.9181662, 18.1410924], [-15.917562, 18.141685], [-15.917418, 18.1418191], [-15.9171687, 18.1420737], [-15.9163465, 18.1428672], [-15.9160878, 18.1431381], [-15.9153126, 18.1438798], [-15.9144145, 18.1448319], [-15.9141924, 18.1450507], [-15.9141213, 18.145118], [-15.9136707, 18.1455477], [-15.913455, 18.1457529], [-15.9131579, 18.1460489], [-15.9128494, 18.1463562], [-15.9125544, 18.1466389], [-15.9123837, 18.1467952], [-15.9119476, 18.1472273], [-15.9116728, 18.1474978], [-15.9114364, 18.1477356], [-15.9107636, 18.1483838], [-15.9099136, 18.1492339], [-15.9090995, 18.1499928], [-15.9087685, 18.1503013], [-15.9085177, 18.1505498], [-15.9083182, 18.1507475], [-15.9077242, 18.151336], [-15.9076694, 18.1513903], [-15.9069975, 18.1520364], [-15.9063103, 18.1527045], [-15.9045492, 18.1544487], [-15.904227, 18.1547598], [-15.9030707, 18.1559206], [-15.9002621, 18.1586549], [-15.8996784, 18.1592191], [-15.8993601, 18.1595226], [-15.8990289, 18.1598421], [-15.8988856, 18.1599933], [-15.898682, 18.1602195], [-15.8984486, 18.1604934], [-15.8979718, 18.1610763], [-15.8977713, 18.1613485], [-15.8975474, 18.1616556], [-15.8972941, 18.1620397], [-15.8968098, 18.1627923], [-15.8965549, 18.1632038], [-15.8962626, 18.1637017]]}}, {"type": "Feature", "properties": {"highway": "tertiary"}, "geometry": {"type": "LineString", "coordinates": [[-15.9585101, 18.0990538], [-15.9585278, 18.0990129], [-15.9585339, 18.098969], [-15.9585279, 18.0989252], [-15.9585102, 18.0988843]]}}, {"type": "Feature", "properties": {"highway": "tertiary"}, "geometry": {"type": "LineString", "coordinates": [[-15.9581845, 18.0990219], [-15.958156, 18.0991194], [-15.9581271, 18.0992023], [-15.9580795, 18.099313]]}}, {"type": "Feature", "properties": {"highway": "tertiary"}, "geometry": {"type": "LineString", "coordinates": [[-15.9814724, 18.0952642], [-15.9814893, 18.0952414], [-15.9815025, 18.0952165], [-15.981514, 18.0951796], [-15.9815172, 18.0951412], [-15.9815122, 18.0951031], [-15.981499, 18.0950667], [-15.9814782, 18.0950337], [-15.9814508, 18.0950054], [-15.9814179, 18.094983], [-15.9813909, 18.0949709], [-15.9813622, 18.0949628], [-15.9813326, 18.0949589], [-15.9813027, 18.0949594], [-15.9812733, 18.0949641], [-15.9812449, 18.0949731]]}}, {"type": "Feature", "properties": {"highway": "tertiary"}, "geometry": {"type": "LineString", "coordinates": [[-15.9814003, 18.0953162], [-15.9814546, 18.095363], [-15.9814935, 18.0953917], [-15.9815351, 18.0954216], [-15.9815843, 18.0954599]]}}, {"type": "Feature", "properties": {"highway": "tertiary"}, "geometry": {"type": "LineString", "coordinates": [[-15.9755514, 18.072172], [-15.9759215, 18.0719169], [-15.9765482, 18.0714685], [-15.9768112, 18.0713095], [-15.9770438, 18.0711387], [-15.9773351, 18.0709439], [-15.977469, 18.0708569], [-15.9776509, 18.0707425], [-15.9778111, 18.0706188], [-15.9779991, 18.0704688]]}}, {"type": "Feature", "properties": {"highway": "tertiary"}, "geometry": {"type": "LineString", "coordinates": [[-16.0044237, 18.0790731], [-16.0050596, 18.0791431], [-16.0061928, 18.0792939], [-16.0068163, 18.0793466], [-16.0072667, 18.0793981], [-16.0074029, 18.0794137], [-16.0075382, 18.0794293], [-16.0079147, 18.0794727], [-16.0082822, 18.0795142], [-16.0084361, 18.0795318], [-16.0096249, 18.0796678], [-16.0098114, 18.0796891], [-16.010414, 18.079758], [-16.0110656, 18.0798325]]}}, {"type": "Feature", "properties": {"highway": "tertiary"}, "geometry": {"type": "LineString", "coordinates": [[-15.987508, 18.0636355], [-15.9867987, 18.0626026], [-15.9865427, 18.0622273], [-15.9863387, 18.0619283], [-15.9860895, 18.0615666], [-15.9859514, 18.0613651], [-15.9854313, 18.0606062], [-15.9852167, 18.0602932], [-15.9848718, 18.0597834], [-15.9847995, 18.0596765], [-15.9847247, 18.0595659], [-15.9846352, 18.0594335], [-15.9845033, 18.0592386], [-15.9843242, 18.0589743], [-15.9841178, 18.0586968], [-15.983675, 18.0580219], [-15.9835069, 18.0577764], [-15.9830515, 18.0571045], [-15.982879, 18.0568501], [-15.982688, 18.0565752], [-15.9823455, 18.0560825], [-15.982181, 18.0558457], [-15.9818847, 18.0554439], [-15.98173, 18.0552071], [-15.9812766, 18.05447]]}}, {"type": "Feature", "properties": {"highway": "tertiary"}, "geometry": {"type": "LineString", "coordinates": [[-15.9973571, 18.0664194], [-15.9970757, 18.066021], [-15.9968397, 18.065687], [-15.9966203, 18.0653789], [-15.9965573, 18.0652761], [-15.9963622, 18.0649989], [-15.9962297, 18.0648106], [-15.9960957, 18.0646276], [-15.9959219, 18.0643514], [-15.9956006, 18.0638837], [-15.995574, 18.0638451], [-15.995427, 18.0636312], [-15.9951862, 18.0632807]]}}, {"type": "Feature", "properties": {"highway": "primary"}, "geometry": {"type": "LineString", "coordinates": [[-15.8923857, 18.0661939], [-15.8925463, 18.0656155], [-15.8926364, 18.0652466], [-15.8927475, 18.0647935], [-15.8927931, 18.0646532], [-15.8928637, 18.0644212], [-15.892997, 18.0639343], [-15.8930382, 18.0638248], [-15.8931188, 18.0635411], [-15.8931528, 18.0633782], [-15.8932915, 18.0628945], [-15.8933354, 18.0627509], [-15.8934311, 18.0624349], [-15.8935715, 18.0619856], [-15.8936979, 18.0615545], [-15.893815, 18.0611739], [-15.8939609, 18.0607343], [-15.8939967, 18.0606022], [-15.8941041, 18.0601314], [-15.8942315, 18.0595315], [-15.8943328, 18.0591662], [-15.89443, 18.0587652], [-15.8945688, 18.0583463], [-15.8946539, 18.0580327], [-15.8947626, 18.0575545], [-15.8948383, 18.0572715], [-15.8949637, 18.0568845], [-15.8951099, 18.0563362], [-15.8951495, 18.056115], [-15.8952011, 18.0558823], [-15.8952916, 18.0555202], [-15.8953909, 18.0550905], [-15.8955351, 18.0546786], [-15.8956544, 18.0542795], [-15.8957443, 18.0539607], [-15.8958073, 18.0536936], [-15.8959146, 18.0532908], [-15.8960084, 18.0529228], [-15.8960266, 18.0528228], [-15.8961279, 18.0524606], [-15.896217, 18.052138], [-15.8963048, 18.0518607], [-15.896401, 18.0515201], [-15.8964765, 18.0512531], [-15.8964973, 18.0511568], [-15.8965127, 18.0510587], [-15.8965302, 18.0509637], [-15.8965684, 18.0508527], [-15.896626, 18.0506474], [-15.8966864, 18.0504453], [-15.8967267, 18.0503089], [-15.8968165, 18.0499755], [-15.896905, 18.0496905], [-15.8969526, 18.0495132], [-15.8969969, 18.0493552], [-15.8970297, 18.0492276], [-15.8970693, 18.0490823], [-15.8971163, 18.0488935], [-15.8972014, 18.0484409], [-15.8973355, 18.0478894], [-15.8974475, 18.0475056], [-15.8975688, 18.0470841], [-15.897652, 18.0467067], [-15.8977499, 18.0462872], [-15.8978572, 18.0457861], [-15.8979169, 18.0454584], [-15.8979752, 18.0451804], [-15.8983433, 18.0439352], [-15.8984706, 18.0434864], [-15.8987503, 18.0422737], [-15.8989268, 18.0416203], [-15.8995882, 18.0391541], [-15.9000271, 18.0376049]]}}, {"type": "Feature", "properties": {"highway": "tertiary"}, "geometry": {"type": "LineString", "coordinates": [[-15.9369627, 18.0617645], [-15.9365426, 18.0616571], [-15.9362425, 18.0615743], [-15.9359299, 18.061488], [-15.9358892, 18.0614768], [-15.9356953, 18.0614233], [-15.9355524, 18.0613839], [-15.9352786, 18.0613083], [-15.9346683, 18.0611399], [-15.9343701, 18.0610576], [-15.9343292, 18.0610466], [-15.9340035, 18.0609594], [-15.9335228, 18.0608306], [-15.933379, 18.0607921], [-15.9331693, 18.0607359], [-15.9330642, 18.0607077], [-15.9328801, 18.0606584], [-15.9328094, 18.0606394], [-15.9322757, 18.0604964], [-15.9321994, 18.060476], [-15.9318749, 18.060389], [-15.9318395, 18.0603795], [-15.9315094, 18.060291], [-15.9310192, 18.0601597], [-15.9308597, 18.060117], [-15.930624, 18.0600538], [-15.9305501, 18.060034], [-15.9303607, 18.0599834], [-15.9302527, 18.059955], [-15.9297331, 18.0598169], [-15.9296455, 18.0597915], [-15.9293223, 18.059705], [-15.9292777, 18.0596943], [-15.929117, 18.0596515], [-15.9287256, 18.0595446], [-15.9284705, 18.0594758], [-15.9282653, 18.0594149], [-15.9281318, 18.0593788], [-15.9275438, 18.0592176], [-15.9272166, 18.059122], [-15.9265861, 18.058932], [-15.9261444, 18.0587989], [-15.9257167, 18.0586761], [-15.92541, 18.0586006], [-15.9247603, 18.0584346], [-15.9243294, 18.0583115], [-15.9240416, 18.0582077], [-15.9236862, 18.0581327], [-15.9233624, 18.0580401], [-15.9223768, 18.0578382]]}}, {"type": "Feature", "properties": {"highway": "tertiary"}, "geometry": {"type": "LineString", "coordinates": [[-15.9486402, 18.0567906], [-15.9486196, 18.0565904], [-15.9486059, 18.0564458], [-15.9485683, 18.0561985], [-15.9484792, 18.0558377], [-15.9483773, 18.0554679], [-15.9483075, 18.055131], [-15.9482726, 18.0549753], [-15.9481892, 18.0545833], [-15.947921, 18.0535579], [-15.94786, 18.0532706], [-15.9478194, 18.0530861], [-15.947775, 18.0528848], [-15.9476169, 18.0521669], [-15.9474652, 18.0514868], [-15.9474486, 18.0514123], [-15.9473424, 18.050935], [-15.947218, 18.0502837], [-15.947113, 18.0497343], [-15.9470661, 18.049335], [-15.9469408, 18.0482678]]}}, {"type": "Feature", "properties": {"highway": "tertiary"}, "geometry": {"type": "LineString", "coordinates": [[-15.945805, 18.0419598], [-15.9446453, 18.0413448], [-15.9435015, 18.0407381], [-15.9432675, 18.040614], [-15.9431815, 18.0405728], [-15.942632, 18.040277], [-15.9424793, 18.040196], [-15.9423243, 18.0401138], [-15.9421777, 18.0400361], [-15.9416227, 18.0397418], [-15.9415984, 18.0397289], [-15.9412826, 18.0395614], [-15.941207, 18.0395213], [-15.9408798, 18.0393478], [-15.9405809, 18.0391892], [-15.9405271, 18.0391607], [-15.9402529, 18.0390153], [-15.9399059, 18.0388313], [-15.9397891, 18.0387693], [-15.9396172, 18.0386781], [-15.9394275, 18.0385776], [-15.9392812, 18.0385], [-15.9389612, 18.0383302], [-15.9386183, 18.0381484], [-15.9385107, 18.0380913], [-15.9383233, 18.0379919], [-15.9380549, 18.0378496], [-15.9380101, 18.0378258], [-15.9376289, 18.0376237], [-15.9375494, 18.0375815], [-15.9372903, 18.037444], [-15.9366407, 18.0370995], [-15.9362841, 18.0369104], [-15.9362273, 18.0368803]]}}, {"type": "Feature", "properties": {"highway": "primary"}, "geometry": {"type": "LineString", "coordinates": [[-15.9327928, 18.0221501], [-15.9314545, 18.0244162], [-15.9313597, 18.0245844], [-15.9310706, 18.0250972], [-15.9308274, 18.025498], [-15.930528, 18.0259915], [-15.9303755, 18.0262789], [-15.9301979, 18.0265975], [-15.9299268, 18.0270632], [-15.9296993, 18.027463]]}}, {"type": "Feature", "properties": {"highway": "tertiary"}, "geometry": {"type": "LineString", "coordinates": [[-15.9507616, 18.0654221], [-15.9506368, 18.0650346], [-15.9504949, 18.0645831], [-15.9504452, 18.0643792], [-15.9503582, 18.0640496], [-15.9502733, 18.0637276], [-15.9500113, 18.0629961], [-15.9499573, 18.0628095], [-15.9497843, 18.062015], [-15.9496245, 18.0614453], [-15.949536, 18.0610373], [-15.9494609, 18.0606286], [-15.949392, 18.0602108], [-15.9492704, 18.0595587]]}}, {"type": "Feature", "properties": {"highway": "tertiary"}, "geometry": {"type": "LineString", "coordinates": [[-15.9492704, 18.0595587], [-15.9491143, 18.0589657], [-15.9490612, 18.0586305], [-15.9490162, 18.0584202], [-15.9490029, 18.0583578], [-15.9488312, 18.0576016], [-15.9487069, 18.0571107], [-15.9486402, 18.0567906]]}}, {"type": "Feature", "properties": {"highway": "primary"}, "geometry": {"type": "LineString", "coordinates": [[-15.9673901, 18.0026468], [-15.9669528, 18.0027119], [-15.9653295, 18.0029534], [-15.9648984, 18.003022], [-15.9647859, 18.0030399], [-15.9644268, 18.0030877], [-15.9641326, 18.0031315], [-15.9614272, 18.0035101], [-15.9602306, 18.0037043], [-15.9598075, 18.003773]]}}, {"type": "Feature", "properties": {"highway": "tertiary"}, "geometry": {"type": "LineString", "coordinates": [[-15.9738512, 17.9848497], [-15.9732954, 17.9849401], [-15.9726741, 17.985041], [-15.9724502, 17.9850774], [-15.9723118, 17.9850999], [-15.9715078, 17.9852306], [-15.9711039, 17.9852962], [-15.9707515, 17.9853535], [-15.9699043, 17.9854911], [-15.9698532, 17.9854994], [-15.969572, 17.9855451], [-15.9689923, 17.9856393], [-15.9685625, 17.9857092], [-15.9681945, 17.985769], [-15.9675756, 17.9858696], [-15.9672941, 17.9859153], [-15.9672108, 17.9859288], [-15.9664028, 17.9860601], [-15.9660319, 17.9861204], [-15.9646932, 17.986338], [-15.962045, 17.9867683]]}}, {"type": "Feature", "properties": {"highway": "tertiary"}, "geometry": {"type": "LineString", "coordinates": [[-15.8896238, 18.0750106], [-15.889736, 18.0750019], [-15.8898485, 18.075003], [-15.8899605, 18.075014], [-15.8912888, 18.0751966], [-15.8916713, 18.0752439], [-15.8920747, 18.0752938], [-15.8929312, 18.0753998], [-15.893534, 18.0754744], [-15.8941579, 18.0755516], [-15.8945495, 18.0755816], [-15.8949559, 18.0756274], [-15.8953115, 18.0756768], [-15.8957072, 18.0757433], [-15.8961248, 18.075795], [-15.8962469, 18.0758101], [-15.8966008, 18.0758539], [-15.8967758, 18.0758755], [-15.8971696, 18.0759243], [-15.8974653, 18.0759609], [-15.8978063, 18.0760031], [-15.8980949, 18.0760388], [-15.8984753, 18.0760858], [-15.8986281, 18.0761047], [-15.8989954, 18.0761502], [-15.8993766, 18.0761974], [-15.8996009, 18.0762251], [-15.9002965, 18.0763112], [-15.9010585, 18.0764203], [-15.9015539, 18.0764913], [-15.9017825, 18.076524], [-15.9020147, 18.0765573], [-15.9023205, 18.0765969], [-15.9025336, 18.0766246], [-15.9030908, 18.0766969], [-15.9033907, 18.0767358], [-15.9044006, 18.0768354], [-15.9054403, 18.0769379], [-15.9058963, 18.0769829], [-15.9060861, 18.0770016], [-15.9071046, 18.0771293], [-15.9076072, 18.0771923], [-15.9079768, 18.0772386], [-15.9083392, 18.077284], [-15.908419, 18.077294], [-15.9088298, 18.0773455], [-15.9092023, 18.0773922], [-15.9096234, 18.077445], [-15.9101537, 18.0775115], [-15.9105195, 18.0775573], [-15.910966, 18.0776133], [-15.9114141, 18.0776695], [-15.9122302, 18.0777718], [-15.9126809, 18.0778283], [-15.9131177, 18.0778831], [-15.9135183, 18.0779333], [-15.9139674, 18.0779896], [-15.9143767, 18.0780409], [-15.9147817, 18.0780916], [-15.9151845, 18.0781421], [-15.9154817, 18.0781794], [-15.915574, 18.078191], [-15.9163296, 18.0782857], [-15.9167975, 18.0783443], [-15.9168112, 18.0783461], [-15.9208857, 18.0788292], [-15.921533, 18.078912], [-15.9227384, 18.0790663], [-15.9237813, 18.0791998], [-15.9269664, 18.0796074], [-15.927132, 18.0796286], [-15.9282227, 18.0797682], [-15.9288776, 18.0798552], [-15.9292162, 18.0798963], [-15.9296332, 18.0799463], [-15.9301309, 18.0800123], [-15.931152, 18.080143], [-15.9322919, 18.080303], [-15.9332295, 18.0804089], [-15.9338324, 18.080486]]}}, {"type": "Feature", "properties": {"highway": "tertiary"}, "geometry": {"type": "LineString", "coordinates": [[-15.9899917, 18.0831787], [-15.9903891, 18.0829255], [-15.9911046, 18.0824717], [-15.992202, 18.0817879], [-15.9929112, 18.0813228], [-15.9932776, 18.0810826], [-15.9943939, 18.0803734], [-15.9950693, 18.0799445], [-15.9954473, 18.0797052], [-15.9958213, 18.0794666], [-15.9964367, 18.079078], [-15.9965199, 18.07902], [-15.9967107, 18.0788969], [-15.9972473, 18.0785384], [-15.9976285, 18.0783015], [-15.9980035, 18.0780554], [-15.9983996, 18.077805], [-15.9990501, 18.0773981], [-15.9997966, 18.0769233]]}}, {"type": "Feature", "properties": {"highway": "tertiary"}, "geometry": {"type": "LineString", "coordinates": [[-15.912597, 18.0867157], [-15.912669, 18.0864645], [-15.9126824, 18.08623], [-15.9127066, 18.0859673], [-15.9127226, 18.0858118], [-15.9127629, 18.0854344], [-15.9127966, 18.0850493], [-15.9128578, 18.0844402], [-15.9128775, 18.0842678], [-15.9129022, 18.0840002], [-15.9129254, 18.0837629], [-15.912956, 18.0834798], [-15.9129984, 18.0830691], [-15.9130084, 18.0829768], [-15.9130345, 18.0827031], [-15.9130558, 18.0824046], [-15.9130935, 18.0820373], [-15.9131328, 18.0816551], [-15.9131515, 18.0814736], [-15.9131872, 18.0811259], [-15.9132221, 18.080787], [-15.9132236, 18.0807719], [-15.9132497, 18.0805186], [-15.9132687, 18.0803337], [-15.9132854, 18.0801449], [-15.9133401, 18.0796393], [-15.9133773, 18.0792773], [-15.9134177, 18.0788841], [-15.913474, 18.0783524], [-15.9135183, 18.0779333], [-15.9135581, 18.0775484], [-15.9135895, 18.0772208], [-15.9136026, 18.0770848], [-15.9136114, 18.0769998], [-15.9136515, 18.0766095], [-15.9136944, 18.0761919], [-15.9137221, 18.0759488], [-15.9138189, 18.0750937], [-15.9138542, 18.074705], [-15.9139203, 18.0741166], [-15.9139739, 18.0736621], [-15.9140074, 18.0734237], [-15.9140249, 18.0732376], [-15.9140855, 18.0725791], [-15.9141281, 18.0720799], [-15.9141871, 18.0716178], [-15.9142119, 18.0713825], [-15.9142274, 18.0712525], [-15.9142525, 18.0709981], [-15.9142575, 18.0709411], [-15.9142851, 18.0707378], [-15.9143184, 18.0704848], [-15.9143309, 18.0703839], [-15.9143718, 18.0698485], [-15.914377, 18.0697985], [-15.9144174, 18.0693532], [-15.914429, 18.0692587]]}}, {"type": "Feature", "properties": {"highway": "tertiary"}, "geometry": {"type": "LineString", "coordinates": [[-15.9656137, 18.0570954], [-15.9657636, 18.0566925], [-15.9658974, 18.0562992], [-15.9660153, 18.0559565], [-15.9661281, 18.0556286], [-15.9662917, 18.0551887], [-15.9663105, 18.0551109], [-15.9663293, 18.0550382], [-15.9663014, 18.0547711], [-15.966295, 18.0547047], [-15.966289, 18.0546588], [-15.9662677, 18.0545904], [-15.9662241, 18.0544362], [-15.9661982, 18.0543305], [-15.9661362, 18.0540771], [-15.9660148, 18.0535807], [-15.9659212, 18.053203], [-15.9658987, 18.0531115], [-15.9657595, 18.0525439], [-15.9657544, 18.0525231], [-15.9656561, 18.0521224], [-15.965653, 18.0521098]]}}, {"type": "Feature", "properties": {"highway": "tertiary"}, "geometry": {"type": "LineString", "coordinates": [[-15.9918526, 18.0698984], [-15.9915937, 18.0695252], [-15.9911423, 18.0688743], [-15.9908688, 18.0684801], [-15.9904172, 18.067829], [-15.989686, 18.0667773], [-15.9894349, 18.0664004], [-15.9889463, 18.0657085], [-15.9887098, 18.0653561], [-15.9882037, 18.0646377], [-15.9880015, 18.0643421], [-15.9877733, 18.0640176], [-15.987508, 18.0636355]]}}, {"type": "Feature", "properties": {"highway": "tertiary"}, "geometry": {"type": "LineString", "coordinates": [[-15.9421179, 18.1229092], [-15.9417858, 18.1226677], [-15.9415609, 18.1225041], [-15.9413739, 18.1223681], [-15.9410704, 18.1221474], [-15.9410079, 18.1221019], [-15.9403909, 18.1216532], [-15.9400566, 18.12141], [-15.9396791, 18.1211355], [-15.9395326, 18.1210289], [-15.9391193, 18.1207283], [-15.9389665, 18.1206172], [-15.9379237, 18.1198588], [-15.9367821, 18.1190285]]}}, {"type": "Feature", "properties": {"highway": "tertiary"}, "geometry": {"type": "LineString", "coordinates": [[-15.9728886, 18.0413014], [-15.9742229, 18.04101], [-15.9749577, 18.0408509], [-15.9750711, 18.0408263], [-15.9759994, 18.0406187], [-15.9763043, 18.0405522], [-15.9767415, 18.0404539], [-15.9768254, 18.0404374], [-15.977321, 18.0403424], [-15.9777823, 18.0402506], [-15.9786808, 18.0400624], [-15.9795129, 18.0398821], [-15.9795779, 18.039868], [-15.9799669, 18.0397827], [-15.9803344, 18.0397048], [-15.9803988, 18.0396946], [-15.9808333, 18.0396003], [-15.9812276, 18.0395212], [-15.981642, 18.0394345], [-15.9820698, 18.0393401], [-15.9828208, 18.0391935]]}}, {"type": "Feature", "properties": {"highway": "tertiary"}, "geometry": {"type": "LineString", "coordinates": [[-15.9130244, 18.1241218], [-15.9122579, 18.1251162], [-15.9114784, 18.1261275], [-15.9105367, 18.1272786], [-15.9104066, 18.1274496], [-15.9100518, 18.1279157], [-15.9099369, 18.128068], [-15.9097164, 18.1283602], [-15.9095617, 18.1285652], [-15.9093333, 18.1288678], [-15.9092244, 18.129012], [-15.9089953, 18.1293034], [-15.9084251, 18.1300397], [-15.9082684, 18.1302346], [-15.9082039, 18.1303148], [-15.9078051, 18.1308197], [-15.9074499, 18.1312707], [-15.9058764, 18.1332686], [-15.905635, 18.1335751], [-15.9054293, 18.1338363], [-15.9049899, 18.1343942], [-15.9042915, 18.135281]]}}, {"type": "Feature", "properties": {"highway": "tertiary"}, "geometry": {"type": "LineString", "coordinates": [[-15.9241918, 18.1099672], [-15.9244374, 18.1096439], [-15.9248123, 18.1091705], [-15.9249283, 18.1090241], [-15.925032, 18.1088931], [-15.9251414, 18.108755], [-15.9255266, 18.1082686], [-15.9257694, 18.107962], [-15.9260153, 18.1076514], [-15.9265127, 18.1070233], [-15.9265751, 18.1069445], [-15.9267315, 18.106747], [-15.9271089, 18.1062704], [-15.9273679, 18.1059434], [-15.9275964, 18.1056549], [-15.9281377, 18.1049713], [-15.9283948, 18.1046501]]}}, {"type": "Feature", "properties": {"highway": "primary"}, "geometry": {"type": "LineString", "coordinates": [[-15.9220149, 18.0407314], [-15.9222203, 18.0403533], [-15.9224108, 18.0400141], [-15.9225517, 18.0397831], [-15.9226777, 18.0395467], [-15.9228605, 18.0392243], [-15.9230793, 18.03886], [-15.9232833, 18.0385111], [-15.9233826, 18.0383414], [-15.9234296, 18.038261], [-15.9235376, 18.0380764], [-15.9237546, 18.0377053], [-15.9239716, 18.0373347], [-15.9242385, 18.0368759], [-15.9244459, 18.0365086]]}}, {"type": "Feature", "properties": {"highway": "primary"}, "geometry": {"type": "LineString", "coordinates": [[-15.9000271, 18.0376049], [-15.9001158, 18.0373245], [-15.9002279, 18.0370385], [-15.900343, 18.0368351], [-15.9004806, 18.0365977], [-15.9006463, 18.0363563], [-15.9010121, 18.0358202], [-15.9012766, 18.0354983], [-15.9014743, 18.0352784], [-15.9016446, 18.0351175], [-15.9020329, 18.0347618], [-15.9023679, 18.0344776], [-15.9027103, 18.0342251], [-15.903112, 18.0339681], [-15.9034047, 18.0338096], [-15.9036625, 18.0336765], [-15.9039518, 18.0335289], [-15.90432, 18.0333799], [-15.9048437, 18.0332373], [-15.9052433, 18.0331498], [-15.9056553, 18.033072], [-15.9061874, 18.0329996], [-15.9065482, 18.0329781], [-15.9068199, 18.0329842], [-15.9070667, 18.0329913], [-15.9073124, 18.0330134], [-15.9075205, 18.0330381], [-15.9078826, 18.0331133], [-15.9083372, 18.0332345], [-15.9086904, 18.0333341], [-15.9090225, 18.0334462], [-15.9093498, 18.0335852], [-15.9095483, 18.0336859], [-15.9097253, 18.0337841], [-15.9102161, 18.0340379], [-15.9103462, 18.0341054], [-15.9104522, 18.0341845], [-15.9105715, 18.0342993], [-15.910707, 18.0344179], [-15.910884, 18.0345875], [-15.9110999, 18.0347635], [-15.9117007, 18.0351639], [-15.9119636, 18.035345], [-15.9121335, 18.0354458], [-15.9122063, 18.035489], [-15.9124581, 18.0356223], [-15.9133449, 18.0361101], [-15.9136949, 18.0363065], [-15.9146163, 18.0368], [-15.9150562, 18.0370435], [-15.9159105, 18.0374937], [-15.9164335, 18.0377653], [-15.9168734, 18.0380025], [-15.9176995, 18.0384271], [-15.9180053, 18.0385852], [-15.918248, 18.0387166], [-15.9186932, 18.0389614], [-15.9187563, 18.0390022], [-15.9192002, 18.0392203], [-15.91964, 18.0394587], [-15.919698, 18.0394898], [-15.919868, 18.0395811], [-15.9200343, 18.0396704], [-15.9201631, 18.0397444], [-15.9204943, 18.039921], [-15.9207639, 18.0400702], [-15.9212822, 18.0403584], [-15.9220149, 18.0407314]]}}, {"type": "Feature", "properties": {"highway": "tertiary"}, "geometry": {"type": "LineString", "coordinates": [[-15.9537488, 18.0289144], [-15.9533844, 18.0287203], [-15.9525954, 18.0283001], [-15.9522544, 18.0281016], [-15.9518012, 18.0278608], [-15.9514374, 18.0276595], [-15.9507859, 18.0272944], [-15.9503138, 18.027047], [-15.9497733, 18.0267639], [-15.9494629, 18.0266083], [-15.9491705, 18.026461], [-15.9486981, 18.0261983], [-15.9480865, 18.0258613], [-15.9477177, 18.0256765], [-15.9469812, 18.0253075], [-15.9462957, 18.02492], [-15.9460683, 18.0247907], [-15.9456521, 18.024556], [-15.9452363, 18.0243209], [-15.9445169, 18.0239049], [-15.9438542, 18.0235217], [-15.9434645, 18.0232963], [-15.943147, 18.0231208], [-15.9415685, 18.0222482], [-15.9409176, 18.021893], [-15.9398427, 18.0213074], [-15.9385048, 18.0205822], [-15.9381799, 18.020406], [-15.9377865, 18.0201767], [-15.9374711, 18.0199908], [-15.9373114, 18.0198967], [-15.936838, 18.0196176], [-15.9365164, 18.019428], [-15.9349102, 18.0184812]]}}, {"type": "Feature", "properties": {"highway": "primary"}, "geometry": {"type": "LineString", "coordinates": [[-15.9296993, 18.027463], [-15.9294994, 18.0278103], [-15.9291761, 18.0283727], [-15.9284423, 18.0296494], [-15.9282975, 18.0298947], [-15.9282748, 18.0299331], [-15.9280723, 18.0302751], [-15.9279758, 18.0304258], [-15.9277507, 18.0308241], [-15.927044, 18.0320397], [-15.9263402, 18.0332504], [-15.9261284, 18.0336148], [-15.9258601, 18.0340765], [-15.9256884, 18.034372], [-15.9254859, 18.0347265], [-15.9252253, 18.0351724], [-15.9250367, 18.0355107], [-15.9249052, 18.0357415], [-15.9248329, 18.0358506], [-15.9244459, 18.0365086]]}}, {"type": "Feature", "properties": {"highway": "tertiary"}, "geometry": {"type": "LineString", "coordinates": [[-15.9223768, 18.0578382], [-15.9223677, 18.0579722], [-15.9223636, 18.0581273], [-15.9223583, 18.0582553], [-15.9223521, 18.0584327], [-15.9223465, 18.0585611], [-15.9223428, 18.0588236], [-15.9223358, 18.0591295], [-15.9223511, 18.0594998], [-15.9223645, 18.0597856], [-15.9223681, 18.0599654], [-15.9223735, 18.0601055], [-15.9223713, 18.0602584], [-15.9223571, 18.060425], [-15.9223431, 18.0605929], [-15.9223244, 18.0607563], [-15.9223168, 18.0609227], [-15.9223189, 18.0610309], [-15.9223266, 18.0611212], [-15.9223418, 18.0613863], [-15.9223435, 18.0617722], [-15.9223434, 18.061786], [-15.9223421, 18.0621427], [-15.9223444, 18.0624285], [-15.9223723, 18.0627141], [-15.9223782, 18.0628862], [-15.92237, 18.0630813], [-15.9223838, 18.0632172], [-15.9223804, 18.0635257], [-15.9223866, 18.063965], [-15.9223806, 18.0640513], [-15.922383, 18.0643156], [-15.9223831, 18.064441], [-15.9223745, 18.0647183], [-15.9223813, 18.064783], [-15.9223792, 18.0648766], [-15.9223892, 18.0650508], [-15.9223921, 18.065322], [-15.922374, 18.0656619]]}}, {"type": "Feature", "properties": {"highway": "tertiary"}, "geometry": {"type": "LineString", "coordinates": [[-15.9223768, 18.0578382], [-15.9223916, 18.0577227], [-15.9224127, 18.0576062], [-15.9224391, 18.0574934], [-15.9224685, 18.0574047], [-15.922498, 18.0573091], [-15.9225787, 18.0570998], [-15.9226483, 18.0569429], [-15.9227039, 18.0568213], [-15.9227782, 18.0566594], [-15.9229378, 18.0562626], [-15.9230514, 18.0559931], [-15.9230655, 18.0559596], [-15.9232746, 18.055425], [-15.9233225, 18.0553026], [-15.9235189, 18.0548081], [-15.923629, 18.054556], [-15.9236953, 18.054487], [-15.9237351, 18.054413], [-15.9237576, 18.0543423], [-15.9237916, 18.0542715], [-15.9239317, 18.0539471], [-15.9240393, 18.0536979], [-15.9242432, 18.053355], [-15.924309, 18.0532309], [-15.9243601, 18.0531195], [-15.9245251, 18.0528367], [-15.9245368, 18.0528135], [-15.9246876, 18.0525251], [-15.9247674, 18.0524001], [-15.9248373, 18.0523011], [-15.9249379, 18.0521416], [-15.9249726, 18.0520948], [-15.9251581, 18.0518648], [-15.9253198, 18.0516569], [-15.9253696, 18.0515985], [-15.9255806, 18.0513745], [-15.925696, 18.0512362], [-15.9257701, 18.0511374], [-15.9260169, 18.050877], [-15.9262443, 18.0506198], [-15.9263357, 18.0505122], [-15.9264973, 18.0503182], [-15.9267978, 18.0499742], [-15.9269544, 18.0497899], [-15.9270924, 18.0496222], [-15.9272361, 18.0494584], [-15.9272768, 18.0494049], [-15.9273849, 18.0492569], [-15.9274775, 18.0491486], [-15.9275566, 18.0490491], [-15.9277591, 18.0488158], [-15.9282359, 18.0482416], [-15.9283062, 18.0481604], [-15.9284492, 18.0479953], [-15.9284731, 18.0479662], [-15.9285361, 18.0478894], [-15.9287753, 18.0475979], [-15.9289463, 18.0473895], [-15.9291583, 18.0471311], [-15.9291969, 18.0470819], [-15.9294726, 18.0467476], [-15.9295642, 18.0466366], [-15.9298841, 18.0462582], [-15.9299125, 18.0462246], [-15.9300412, 18.0460638], [-15.93009, 18.0460028], [-15.9301952, 18.0458668], [-15.9302593, 18.0457839], [-15.9302876, 18.0457473], [-15.9304333, 18.04554], [-15.9305191, 18.0454291], [-15.9306083, 18.0453334]]}}, {"type": "Feature", "properties": {"highway": "secondary"}, "geometry": {"type": "LineString", "coordinates": [[-15.9625675, 18.0386158], [-15.9630087, 18.0385006], [-15.9636255, 18.0383791], [-15.9637141, 18.0383647], [-15.9638692, 18.0383281], [-15.9639891, 18.0383136], [-15.9642188, 18.0382602], [-15.9648392, 18.0381644], [-15.9652014, 18.0380624], [-15.9654254, 18.0380152], [-15.9656158, 18.0379706], [-15.9658089, 18.0379336], [-15.9659417, 18.0379094], [-15.9661335, 18.0378801], [-15.9665278, 18.0378622], [-15.9667853, 18.0378596], [-15.9670441, 18.0378635], [-15.9672761, 18.0378775], [-15.9675886, 18.037903], [-15.9680781, 18.0379744], [-15.9684643, 18.0380356], [-15.9687124, 18.0380777], [-15.9690772, 18.0381593], [-15.9694688, 18.0382588], [-15.969788, 18.0383207], [-15.9699128, 18.0383456], [-15.9705056, 18.0384578], [-15.9706762, 18.0384935], [-15.971152, 18.038593], [-15.971402, 18.038642], [-15.9717635, 18.0387128], [-15.9720618, 18.0387649], [-15.9720875, 18.0387677], [-15.9722932, 18.0387791]]}}, {"type": "Feature", "properties": {"highway": "secondary"}, "geometry": {"type": "LineString", "coordinates": [[-15.9306083, 18.0453334], [-15.9302471, 18.0451466], [-15.9300732, 18.0450567], [-15.9298073, 18.0449195], [-15.9297111, 18.0448699], [-15.9292732, 18.0446257], [-15.9290526, 18.0445001], [-15.928828, 18.0443789], [-15.9282272, 18.0440748], [-15.9279154, 18.0439142], [-15.9275479, 18.0437076], [-15.9274708, 18.0436706], [-15.9272978, 18.0435788], [-15.9270959, 18.0434749], [-15.9266024, 18.0432096], [-15.926192, 18.0429884], [-15.9261022, 18.0429399], [-15.9257568, 18.0427474], [-15.9256757, 18.0427034], [-15.9252767, 18.0424879], [-15.9251104, 18.0423993], [-15.9249435, 18.0423068], [-15.9248072, 18.0422306], [-15.9242795, 18.0419536], [-15.9238965, 18.0417526], [-15.9234709, 18.0415411], [-15.9233335, 18.0414646], [-15.9229781, 18.0412682], [-15.9225301, 18.0410176], [-15.9220149, 18.0407314]]}}, {"type": "Feature", "properties": {"highway": "secondary"}, "geometry": {"type": "LineString", "coordinates": [[-15.9405959, 18.0506642], [-15.9408058, 18.0503123], [-15.941115, 18.0497938], [-15.9412578, 18.0495543], [-15.9417038, 18.0488065], [-15.9418938, 18.048488], [-15.9420917, 18.0481562], [-15.9425049, 18.0474632], [-15.9425492, 18.047389], [-15.9426636, 18.0471972], [-15.942689, 18.0471546], [-15.9430013, 18.046631], [-15.9432006, 18.0462968]]}}, {"type": "Feature", "properties": {"highway": "primary"}, "geometry": {"type": "LineString", "coordinates": [[-16.0210081, 18.1036186], [-16.0211697, 18.1041463], [-16.0213025, 18.1046696], [-16.0213548, 18.1048531], [-16.0215315, 18.1054863], [-16.0217319, 18.1062042], [-16.0217485, 18.1062626], [-16.0218406, 18.1065872], [-16.0218706, 18.1066927], [-16.0219555, 18.1069916], [-16.0225275, 18.1090031], [-16.0226878, 18.1096206], [-16.0228245, 18.1101656], [-16.0228582, 18.1103789]]}}, {"type": "Feature", "properties": {"highway": "tertiary"}, "geometry": {"type": "LineString", "coordinates": [[-15.9791046, 18.0952709], [-15.9789022, 18.0952415], [-15.9786567, 18.0952021], [-15.9784862, 18.0951723], [-15.9783821, 18.0951573], [-15.9782743, 18.0951417], [-15.9779996, 18.0951179], [-15.9778191, 18.095099], [-15.9777099, 18.0950897], [-15.9774838, 18.0951029], [-15.9773694, 18.0951137], [-15.9768857, 18.0951653], [-15.9767336, 18.0951868], [-15.9765282, 18.0952121], [-15.9764479, 18.0952194]]}}, {"type": "Feature", "properties": {"highway": "primary"}, "geometry": {"type": "LineString", "coordinates": [[-15.932396, 18.1349827], [-15.9320508, 18.1347297], [-15.9314613, 18.1342978], [-15.930441, 18.1335502], [-15.9303165, 18.1334589], [-15.9300971, 18.1332982], [-15.9296175, 18.1329467], [-15.9294219, 18.1328034], [-15.9293026, 18.132716], [-15.928722, 18.1322905], [-15.9283788, 18.1320391], [-15.9282923, 18.1319757], [-15.9273778, 18.1313056], [-15.9272403, 18.1312048]]}}, {"type": "Feature", "properties": {"highway": "secondary"}, "geometry": {"type": "LineString", "coordinates": [[-15.9366235, 18.0683594], [-15.9367605, 18.0679516], [-15.9368722, 18.0675967], [-15.9368875, 18.0675494], [-15.9370411, 18.0670736], [-15.9370838, 18.0669246], [-15.9373803, 18.0659477], [-15.9373925, 18.0659075], [-15.9374901, 18.0655837], [-15.9376026, 18.0652203], [-15.9376741, 18.0650075], [-15.9377701, 18.064685], [-15.937836, 18.0644637], [-15.9379397, 18.0641156], [-15.9381127, 18.0635347], [-15.9382301, 18.063203], [-15.9383386, 18.0628114], [-15.9385068, 18.0622097]]}}, {"type": "Feature", "properties": {"highway": "tertiary"}, "geometry": {"type": "LineString", "coordinates": [[-15.9642798, 18.0289338], [-15.9643385, 18.0292874], [-15.9645004, 18.0301412], [-15.9645189, 18.0302388]]}}, {"type": "Feature", "properties": {"highway": "tertiary"}, "geometry": {"type": "LineString", "coordinates": [[-16.0063049, 18.1058844], [-16.0077315, 18.105574], [-16.0085145, 18.1054154], [-16.009246, 18.1052673], [-16.0093478, 18.1052451], [-16.0098491, 18.1051357], [-16.0099989, 18.105103], [-16.0101363, 18.1050635], [-16.0102284, 18.1050275], [-16.0103002, 18.1049724], [-16.0103481, 18.1049233], [-16.0104299, 18.1048295], [-16.0105917, 18.104517], [-16.0106496, 18.1044221]]}}, {"type": "Feature", "properties": {"highway": "secondary"}, "geometry": {"type": "LineString", "coordinates": [[-15.9519312, 18.1002552], [-15.9523046, 18.1004442], [-15.9525704, 18.1005787], [-15.9531068, 18.1008502], [-15.9536317, 18.1011159], [-15.9541351, 18.1013762], [-15.9544975, 18.1015636], [-15.9548974, 18.1017703], [-15.9551787, 18.1019157], [-15.9555912, 18.102129], [-15.955845, 18.1022602], [-15.9562959, 18.1024933], [-15.9565762, 18.1026373], [-15.9567827, 18.102745], [-15.9570481, 18.1028849], [-15.9573304, 18.1030281], [-15.9575468, 18.1031399]]}}, {"type": "Feature", "properties": {"highway": "tertiary"}, "geometry": {"type": "LineString", "coordinates": [[-15.9733998, 18.0601829], [-15.9732983, 18.0601112], [-15.9732169, 18.0600786], [-15.973173, 18.0600593], [-15.9731563, 18.060052], [-15.9725605, 18.0598061], [-15.9720331, 18.0595884], [-15.9719363, 18.0595498], [-15.9712555, 18.0592784], [-15.9706158, 18.0590233], [-15.970302, 18.0588842], [-15.9702423, 18.0588577], [-15.9702009, 18.0588394], [-15.9696406, 18.0586018], [-15.969557, 18.0585663], [-15.9695117, 18.0585471], [-15.9693454, 18.058477], [-15.9691906, 18.0584117], [-15.9690258, 18.0583421], [-15.9689136, 18.0582947], [-15.9687443, 18.0582223], [-15.9685944, 18.0581583], [-15.9682296, 18.0580002], [-15.9678595, 18.0578522], [-15.9676213, 18.0577634], [-15.9673289, 18.0576563], [-15.9671633, 18.0575933], [-15.9671117, 18.0575761], [-15.9665703, 18.0574022], [-15.9662408, 18.0572963], [-15.9659457, 18.057202], [-15.965829, 18.0571663], [-15.9656137, 18.0570954]]}}, {"type": "Feature", "properties": {"highway": "trunk"}, "geometry": {"type": "LineString", "coordinates": [[-15.9673612, 18.0742822], [-15.9674222, 18.0741389], [-15.9676004, 18.0737215], [-15.9677553, 18.0733703], [-15.9678622, 18.0731279], [-15.9682534, 18.0722409], [-15.9683759, 18.0719621], [-15.9684357, 18.0718259], [-15.9687958, 18.0709916], [-15.9689756, 18.0705751]]}}, {"type": "Feature", "properties": {"highway": "tertiary"}, "geometry": {"type": "LineString", "coordinates": [[-15.9529451, 17.9959994], [-15.9540032, 17.9958206], [-15.9544878, 17.9957387], [-15.9549607, 17.9956588], [-15.9562684, 17.9954378], [-15.9581177, 17.9951253], [-15.9607155, 17.9947246], [-15.9620264, 17.9945224], [-15.9632889, 17.9943277], [-15.9639668, 17.9942231], [-15.9646304, 17.9941208], [-15.9646872, 17.994112], [-15.9659993, 17.9939097], [-15.9667363, 17.993796], [-15.9673262, 17.993705], [-15.9675559, 17.9936696], [-15.9677096, 17.9936459], [-15.9683122, 17.9935529], [-15.9685529, 17.9935158], [-15.9686756, 17.9934969], [-15.9688905, 17.9934659], [-15.9694818, 17.9933725], [-15.969866, 17.9933133], [-15.9702654, 17.9932499], [-15.9708665, 17.9931589], [-15.9711697, 17.9931122], [-15.9712252, 17.9931036], [-15.9720334, 17.992979], [-15.972415, 17.9929201], [-15.9728124, 17.9928588], [-15.9734345, 17.9927629], [-15.9736462, 17.9927302], [-15.9738038, 17.9927059], [-15.9739831, 17.9926782], [-15.9746092, 17.9925817], [-15.9746605, 17.9925729]]}}, {"type": "Feature", "properties": {"highway": "trunk"}, "geometry": {"type": "LineString", "coordinates": [[-15.975224, 17.9922418], [-15.9752034, 17.9922127], [-15.9751739, 17.9921674], [-15.975137, 17.9921189], [-15.9750934, 17.9920462], [-15.9750438, 17.99192]]}}, {"type": "Feature", "properties": {"highway": "primary"}, "geometry": {"type": "LineString", "coordinates": [[-15.9754389, 17.9925422], [-15.9755668, 17.9924614], [-15.9756432, 17.9924168], [-15.975723, 17.9923804], [-15.975827, 17.9923492], [-15.9759551, 17.9923154]]}}, {"type": "Feature", "properties": {"highway": "primary"}, "geometry": {"type": "LineString", "coordinates": [[-15.9759551, 17.9923154], [-15.9758122, 17.9923064], [-15.9756459, 17.9923058], [-15.9755266, 17.9923039], [-15.9754414, 17.992295], [-15.9753392, 17.9922822]]}}, {"type": "Feature", "properties": {"highway": "tertiary"}, "geometry": {"type": "LineString", "coordinates": [[-15.9746605, 17.9925729], [-15.9747497, 17.9925682], [-15.9748387, 17.992577], [-15.9749251, 17.9925989], [-15.9750067, 17.9926335]]}}, {"type": "Feature", "properties": {"highway": "tertiary"}, "geometry": {"type": "LineString", "coordinates": [[-15.9749601, 17.9924029], [-15.9748927, 17.9924563], [-15.9748197, 17.9925027], [-15.974742, 17.9925415], [-15.9746605, 17.9925729]]}}, {"type": "Feature", "properties": {"highway": "tertiary"}, "geometry": {"type": "LineString", "coordinates": [[-15.925892, 18.0184991], [-15.9268794, 18.0190215], [-15.9273394, 18.0192649], [-15.9286282, 18.0199468], [-15.9290443, 18.0201669], [-15.9295786, 18.0204495], [-15.9327928, 18.0221501], [-15.9360551, 18.0238924], [-15.9364761, 18.0241147], [-15.9366028, 18.0241816], [-15.938294, 18.0250746], [-15.9394706, 18.0256958], [-15.9401033, 18.0260299], [-15.9402227, 18.0260914], [-15.9438123, 18.0279738], [-15.9455495, 18.0288905], [-15.946099, 18.0291729], [-15.947101, 18.0296846], [-15.9472087, 18.0297396], [-15.9483263, 18.0303159], [-15.9494784, 18.0309427], [-15.9499088, 18.0311769], [-15.9501176, 18.0312905], [-15.9506216, 18.0315647], [-15.951791, 18.0322009], [-15.9521981, 18.0324251], [-15.9529525, 18.0328406], [-15.9531072, 18.0329306], [-15.9533165, 18.0330559], [-15.9534688, 18.0331401], [-15.9537225, 18.0332801], [-15.953856, 18.0333537], [-15.9538952, 18.0333735], [-15.9539345, 18.0333869], [-15.9539687, 18.0333961], [-15.9540159, 18.0334025], [-15.954061, 18.033399], [-15.9540951, 18.0333926], [-15.9541373, 18.0333747], [-15.9541802, 18.0333518], [-15.9542171, 18.0333225], [-15.9542748, 18.0332332], [-15.9544317, 18.0329603], [-15.9545966, 18.0326759], [-15.9547213, 18.0324623], [-15.9547525, 18.0324084], [-15.9548146, 18.0323032], [-15.9548581, 18.0322264], [-15.9548803, 18.0321875], [-15.9549473, 18.0320702], [-15.9550258, 18.0319229], [-15.9551941, 18.0316213], [-15.9552594, 18.0314955], [-15.9553309, 18.0313576], [-15.9553942, 18.0312617], [-15.9554213, 18.0312259], [-15.9554596, 18.0311679], [-15.9554999, 18.0311189], [-15.9555522, 18.0310557], [-15.9556132, 18.0310321], [-15.9556755, 18.0310111], [-15.9557654, 18.0309837], [-15.9559639, 18.030933], [-15.956163, 18.030895], [-15.9563971, 18.0308472], [-15.9565888, 18.03081], [-15.9566827, 18.0307918], [-15.9567799, 18.0307713], [-15.9569006, 18.0307458], [-15.9569445, 18.0307373], [-15.9575709, 18.0306211], [-15.9576342, 18.0306094], [-15.9577163, 18.030591], [-15.9581197, 18.0305278], [-15.958347, 18.0304806], [-15.9585188, 18.0304461], [-15.9587118, 18.0304073], [-15.9591299, 18.0303255], [-15.9593213, 18.030288], [-15.959497, 18.0302547], [-15.9597377, 18.030209], [-15.9599588, 18.030168], [-15.9600868, 18.0301447], [-15.9602923, 18.0301048], [-15.9603942, 18.0300775], [-15.960552, 18.03004], [-15.9607331, 18.0299934]]}}, {"type": "Feature", "properties": {"highway": "tertiary"}, "geometry": {"type": "LineString", "coordinates": [[-15.947818, 18.0387446], [-15.9480246, 18.0384043], [-15.948338, 18.0378882], [-15.9484736, 18.0376649], [-15.9485187, 18.0375906], [-15.9486791, 18.0373264], [-15.9489166, 18.0369351], [-15.9491145, 18.0366242], [-15.949261, 18.0363679], [-15.9495905, 18.0358252], [-15.9497913, 18.0354944], [-15.9500679, 18.0350389], [-15.9502978, 18.0346603], [-15.9504479, 18.0344131], [-15.9506554, 18.0340713], [-15.9508953, 18.0336763], [-15.9510626, 18.0334007], [-15.9511114, 18.0333203], [-15.9512455, 18.0330994], [-15.951791, 18.0322009]]}}, {"type": "Feature", "properties": {"highway": "trunk"}, "geometry": {"type": "LineString", "coordinates": [[-15.8952239, 18.0667812], [-15.8956076, 18.0668605], [-15.8959942, 18.0669277], [-15.8961376, 18.066962], [-15.8963961, 18.067031], [-15.8966122, 18.0670636], [-15.8969928, 18.0671208], [-15.8972198, 18.0671549], [-15.8974971, 18.0672068], [-15.8978941, 18.0672835], [-15.8980281, 18.0673098], [-15.8983316, 18.0673771], [-15.8988052, 18.0674755], [-15.8990955, 18.0675205], [-15.8991331, 18.0675263], [-15.8992432, 18.0675433], [-15.8993827, 18.0675688], [-15.8994229, 18.0675762], [-15.8997307, 18.0676335], [-15.9001149, 18.0677049], [-15.9002005, 18.0677203], [-15.9005683, 18.0677896], [-15.9007175, 18.0678112], [-15.9010097, 18.0678618], [-15.9012415, 18.0679045], [-15.9014597, 18.0679439], [-15.9018635, 18.0680185], [-15.90236, 18.0681046], [-15.9024443, 18.0681155], [-15.9027907, 18.0681636], [-15.9029258, 18.068176], [-15.9031211, 18.0682076], [-15.9034368, 18.0682398], [-15.9036025, 18.0682567], [-15.9038173, 18.0682787], [-15.9041192, 18.0683], [-15.9044254, 18.0683337], [-15.9045748, 18.0683469], [-15.9051297, 18.0684034], [-15.9053033, 18.0684182], [-15.9056529, 18.0684525], [-15.9059076, 18.0684775], [-15.9061065, 18.0684935], [-15.9065723, 18.0685368], [-15.9066444, 18.0685369], [-15.9068033, 18.0685533], [-15.9070134, 18.068575], [-15.9072471, 18.0685988], [-15.9077907, 18.0686488], [-15.9081517, 18.0686779], [-15.9085532, 18.0687053], [-15.9091698, 18.0687646], [-15.9118131, 18.0690171], [-15.9130298, 18.0691208], [-15.9134905, 18.0691648], [-15.9139525, 18.069216], [-15.914429, 18.0692587]]}}, {"type": "Feature", "properties": {"highway": "tertiary"}, "geometry": {"type": "LineString", "coordinates": [[-15.9018635, 18.0680185], [-15.9017792, 18.0684718], [-15.9016867, 18.0688913], [-15.9015486, 18.0694739], [-15.9015137, 18.0696371], [-15.9014882, 18.0697723], [-15.9014661, 18.0699023], [-15.901456, 18.0699425], [-15.9014225, 18.0701088], [-15.9013501, 18.0704811], [-15.9012643, 18.0709592], [-15.9012515, 18.0710224], [-15.9012361, 18.0711046], [-15.9011489, 18.0714985], [-15.901106, 18.0717357], [-15.9010912, 18.071802], [-15.9010752, 18.0718734], [-15.9010282, 18.0721041], [-15.9010108, 18.0722036], [-15.9010027, 18.0722489], [-15.9009933, 18.0723081], [-15.9009089, 18.0727187], [-15.9008761, 18.0728764], [-15.9008446, 18.073028], [-15.9008164, 18.0731601], [-15.9007822, 18.0733246], [-15.9007499, 18.073569], [-15.9007359, 18.0736749], [-15.9006339, 18.0741823], [-15.9005535, 18.0746056], [-15.9005414, 18.0746808], [-15.9005177, 18.0748211], [-15.9004853, 18.0749941], [-15.9004747, 18.0751022], [-15.9004332, 18.0753247], [-15.9004139, 18.0754278], [-15.9003826, 18.0756422], [-15.9002965, 18.0763112]]}}, {"type": "Feature", "properties": {"highway": "tertiary"}, "geometry": {"type": "LineString", "coordinates": [[-15.9201899, 18.1150772], [-15.920772, 18.1154826], [-15.9212267, 18.115808], [-15.9222842, 18.1165724], [-15.9228439, 18.1169714], [-15.9230948, 18.11716], [-15.9232271, 18.117242], [-15.923294, 18.1172917], [-15.9237719, 18.1176356], [-15.9241966, 18.1179412], [-15.9243499, 18.1180536], [-15.9250563, 18.1185593], [-15.9253632, 18.1187738], [-15.925446, 18.1188317], [-15.9256724, 18.1189954], [-15.9259595, 18.119203], [-15.9262702, 18.119424], [-15.9264349, 18.1195411], [-15.9265219, 18.1196035], [-15.9268061, 18.1198075], [-15.9271064, 18.1200231], [-15.9273754, 18.1202146], [-15.9274725, 18.1202837], [-15.9276776, 18.1204294], [-15.9279606, 18.1206305], [-15.9283906, 18.1209354], [-15.9285007, 18.1210254], [-15.9286965, 18.1211565], [-15.9289957, 18.1213692], [-15.9291153, 18.1214527], [-15.9298781, 18.1219963], [-15.9303059, 18.1222953], [-15.9306362, 18.122535], [-15.9308083, 18.1226582], [-15.9309243, 18.1227413], [-15.931181, 18.1229251], [-15.9314273, 18.1231014], [-15.9315425, 18.1231796], [-15.9317429, 18.1233043], [-15.9323321, 18.1237465], [-15.9328017, 18.1240912]]}}, {"type": "Feature", "properties": {"highway": "tertiary"}, "geometry": {"type": "LineString", "coordinates": [[-15.9254315, 18.1334706], [-15.9252803, 18.1333747], [-15.9252252, 18.1333376], [-15.9250383, 18.1332076], [-15.9248692, 18.1330933], [-15.9247572, 18.1330091], [-15.9245603, 18.1328611], [-15.9243373, 18.1326934], [-15.924306, 18.1326699], [-15.9237977, 18.1323015], [-15.9237029, 18.1322202], [-15.9236062, 18.132097], [-15.9235693, 18.1320169], [-15.9235456, 18.1319557], [-15.9235404, 18.1318769], [-15.9235378, 18.1317981], [-15.9235612, 18.1317252], [-15.9235707, 18.1316955], [-15.9236049, 18.1316368], [-15.9238299, 18.1313541], [-15.9240178, 18.1311419], [-15.924126, 18.1310027], [-15.9241512, 18.1309699], [-15.9241829, 18.1308857], [-15.9241873, 18.1308291], [-15.9241841, 18.1307531], [-15.9241753, 18.1307], [-15.9241451, 18.1306369], [-15.9241128, 18.1305837], [-15.9240143, 18.1304961], [-15.9239602, 18.130448], [-15.92347, 18.1300359], [-15.9232771, 18.1298737], [-15.923122, 18.1297433], [-15.9227879, 18.1294624], [-15.9225513, 18.1292635], [-15.9224455, 18.1291726], [-15.9223274, 18.1290711], [-15.9221064, 18.128881], [-15.9217607, 18.1285838], [-15.921601, 18.1284465], [-15.9213907, 18.1282597], [-15.9212223, 18.1281102], [-15.920963, 18.1278355], [-15.9208579, 18.1277287], [-15.9206737, 18.1275415], [-15.9204644, 18.1273288], [-15.9203287, 18.1272018], [-15.9203724, 18.127053], [-15.9204021, 18.1269592], [-15.9205396, 18.1266403], [-15.9207268, 18.1261526], [-15.9207545, 18.1260578], [-15.9207692, 18.1259675], [-15.9207876, 18.1258274], [-15.9207906, 18.1257311], [-15.9207814, 18.1253946], [-15.9207552, 18.124975], [-15.9207425, 18.1248434], [-15.9207618, 18.1247676], [-15.9208223, 18.12465], [-15.9208463, 18.1246186], [-15.9212425, 18.1241127], [-15.9213574, 18.1239661], [-15.921449, 18.1238492], [-15.9215632, 18.1237034], [-15.9219462, 18.1232145], [-15.922187, 18.122907], [-15.9224273, 18.122604], [-15.9228203, 18.1221102], [-15.9229311, 18.1219709], [-15.9229867, 18.1219009], [-15.9230369, 18.1218373], [-15.9231482, 18.1216964], [-15.9232932, 18.1215127], [-15.9235389, 18.1212057], [-15.9237953, 18.1208854], [-15.9240228, 18.1205995], [-15.9244043, 18.1201126], [-15.9244841, 18.1200023], [-15.924523, 18.119959], [-15.9246142, 18.1198379], [-15.9247309, 18.1197003], [-15.9251171, 18.1192057], [-15.92527, 18.1190107], [-15.925446, 18.1188317]]}}, {"type": "Feature", "properties": {"highway": "tertiary"}, "geometry": {"type": "LineString", "coordinates": [[-15.9396895, 18.1291173], [-15.9401634, 18.129461], [-15.9403874, 18.1296343], [-15.9405095, 18.1297225], [-15.9408283, 18.1299607], [-15.9411151, 18.1301763], [-15.9412275, 18.1302633], [-15.9415393, 18.1305046], [-15.9418477, 18.1307307], [-15.9422202, 18.1310005], [-15.9425789, 18.1312445], [-15.9427615, 18.1313741], [-15.9430719, 18.1315745], [-15.943177, 18.1316424], [-15.9432111, 18.1316621], [-15.9434018, 18.1317779], [-15.9437351, 18.1319553], [-15.9438283, 18.1320004], [-15.9441005, 18.1321342], [-15.9448408, 18.1324674], [-15.9452497, 18.1326471], [-15.9456035, 18.1327888], [-15.9457444, 18.1328469], [-15.9460032, 18.1329514], [-15.9461585, 18.1330141], [-15.9464146, 18.1331176], [-15.9468672, 18.1333014], [-15.9471582, 18.1334163], [-15.9473466, 18.1334692], [-15.9475451, 18.1335011], [-15.947759, 18.1335125], [-15.9479655, 18.13351], [-15.9480561, 18.1335031], [-15.9482881, 18.1334896], [-15.9484064, 18.1334746], [-15.9485094, 18.133452], [-15.9487347, 18.1333978], [-15.948911, 18.1333354], [-15.9491287, 18.1332567], [-15.9491967, 18.133229], [-15.9495599, 18.133075], [-15.9497814, 18.1329811]]}}, {"type": "Feature", "properties": {"highway": "tertiary"}, "geometry": {"type": "LineString", "coordinates": [[-15.9570293, 18.0972922], [-15.9569108, 18.0973649], [-15.9568297, 18.0974216], [-15.9566693, 18.0974994]]}}, {"type": "Feature", "properties": {"highway": "tertiary"}, "geometry": {"type": "LineString", "coordinates": [[-15.9628225, 18.0909998], [-15.9622872, 18.0918723], [-15.9619251, 18.0925097], [-15.9615791, 18.0931216], [-15.9613223, 18.0936009], [-15.9610266, 18.0941057], [-15.9607689, 18.0945701], [-15.9602835, 18.0954527], [-15.9602746, 18.0954687], [-15.9601776, 18.0956434], [-15.9599751, 18.0959873], [-15.9594923, 18.0968669], [-15.9593393, 18.0971238], [-15.9591477, 18.0974456], [-15.9589854, 18.097721], [-15.9587774, 18.0981022], [-15.958514, 18.0985752]]}}, {"type": "Feature", "properties": {"highway": "tertiary"}, "geometry": {"type": "LineString", "coordinates": [[-15.9580795, 18.099313], [-15.9579493, 18.0995296], [-15.9578324, 18.0997392], [-15.9576838, 18.1000152], [-15.9575029, 18.1003343], [-15.9574579, 18.1004156], [-15.9573292, 18.1006478], [-15.9572028, 18.1008744], [-15.9571513, 18.1009739], [-15.9570291, 18.1011919], [-15.9569514, 18.1013218], [-15.9568751, 18.1014557], [-15.9567482, 18.101688], [-15.9565426, 18.1020439], [-15.9564157, 18.1022742], [-15.9562959, 18.1024933], [-15.9560582, 18.1028945], [-15.955872, 18.1032305], [-15.9557241, 18.1034921], [-15.9555889, 18.103728], [-15.9554467, 18.1039694], [-15.9552445, 18.1043218], [-15.9550614, 18.1046287], [-15.9549051, 18.1049201], [-15.9547971, 18.1051285], [-15.9547032, 18.1052916]]}}, {"type": "Feature", "properties": {"highway": "trunk"}, "geometry": {"type": "LineString", "coordinates": [[-15.9968448, 18.0979708], [-15.9968173, 18.0983084], [-15.9968088, 18.0984566], [-15.9967978, 18.0986064], [-15.9967858, 18.0987026], [-15.996771, 18.0988073]]}}, {"type": "Feature", "properties": {"highway": "trunk"}, "geometry": {"type": "LineString", "coordinates": [[-15.9972269, 18.0992083], [-15.9972475, 18.0991821], [-15.997265, 18.0991539], [-15.9972943, 18.099073], [-15.9972996, 18.0990203], [-15.997295, 18.0989675], [-15.9972805, 18.0989163], [-15.9972338, 18.0988364], [-15.9972067, 18.0988075], [-15.9971758, 18.0987823]]}}, {"type": "Feature", "properties": {"highway": "secondary"}, "geometry": {"type": "LineString", "coordinates": [[-15.9974976, 18.1038919], [-15.9969095, 18.1041016], [-15.9968407, 18.1041261], [-15.9962092, 18.1043488], [-15.9958175, 18.1044949], [-15.9955048, 18.104603], [-15.9948089, 18.1048504], [-15.9939611, 18.1051526], [-15.9933068, 18.1053859], [-15.9925866, 18.1056426], [-15.9916941, 18.1059621], [-15.9906207, 18.1063434], [-15.9898509, 18.1065969], [-15.989745, 18.1066371], [-15.9891723, 18.1068416], [-15.9882724, 18.1071469]]}}, {"type": "Feature", "properties": {"highway": "tertiary"}, "geometry": {"type": "LineString", "coordinates": [[-15.945753, 18.0737976], [-15.945734, 18.0739417], [-15.945683, 18.0743277], [-15.9456642, 18.0744462], [-15.9456387, 18.0745775], [-15.9455892, 18.0747514], [-15.9454928, 18.0750944], [-15.945397, 18.075414], [-15.9453253, 18.075653], [-15.9452108, 18.0760446], [-15.9451788, 18.076154], [-15.9451305, 18.0763481], [-15.9449613, 18.0769076], [-15.9449048, 18.0770771], [-15.9448582, 18.0772115], [-15.9447543, 18.0775212], [-15.9447376, 18.0775757], [-15.9445323, 18.0783194], [-15.9444988, 18.0784278], [-15.944307, 18.0791098], [-15.9442399, 18.0793482], [-15.9442091, 18.0794489], [-15.944131, 18.0797529], [-15.9441078, 18.0798688], [-15.9441027, 18.0798966], [-15.9440761, 18.0800411], [-15.9440683, 18.0800838], [-15.944048, 18.0802577], [-15.9440348, 18.0803615], [-15.9439798, 18.0807863], [-15.9439181, 18.0811815], [-15.9438367, 18.0817621], [-15.9438289, 18.0818082], [-15.9437451, 18.0823034], [-15.9437062, 18.0824883], [-15.9436677, 18.0826965], [-15.9436163, 18.0829906], [-15.943533, 18.0833666], [-15.9435225, 18.0834329], [-15.9434648, 18.0837644], [-15.9434339, 18.0839174], [-15.943391, 18.0840997], [-15.9433441, 18.0843062], [-15.9433092, 18.0844401], [-15.9432784, 18.0846134], [-15.9432596, 18.0847958], [-15.9432302, 18.0849549], [-15.9431699, 18.0853476], [-15.9431372, 18.0855608], [-15.9431029, 18.085784], [-15.9430366, 18.0862609], [-15.9429796, 18.0862553], [-15.9428832, 18.0862397], [-15.9427842, 18.0862263], [-15.94259, 18.0862008], [-15.9425269, 18.086192], [-15.9419587, 18.0861129], [-15.9414816, 18.0860465], [-15.9411268, 18.0859971], [-15.9409417, 18.0859659], [-15.9405755, 18.0859043], [-15.9405113, 18.0858915], [-15.940406, 18.0858705], [-15.9400189, 18.0858347], [-15.9399107, 18.085817], [-15.9397129, 18.0857979], [-15.9395709, 18.0857741], [-15.9393445, 18.0857361], [-15.9392929, 18.0857298], [-15.9392412, 18.0857346], [-15.939192, 18.0857505], [-15.9391478, 18.0857764], [-15.9391109, 18.0858112]]}}, {"type": "Feature", "properties": {"highway": "tertiary"}, "geometry": {"type": "LineString", "coordinates": [[-15.9751873, 18.1028056], [-15.9752572, 18.1024138], [-15.9753501, 18.1018765], [-15.9754293, 18.1014789], [-15.9755112, 18.1009703], [-15.9755347, 18.1008247], [-15.9756222, 18.1003848], [-15.9756809, 18.1001029], [-15.9758599, 18.0990403], [-15.9759804, 18.0983831], [-15.9761067, 18.0976506], [-15.9762154, 18.0970204], [-15.9763966, 18.096034], [-15.9765149, 18.0953903], [-15.976519, 18.0953015], [-15.9765282, 18.0952121]]}}, {"type": "Feature", "properties": {"highway": "trunk"}, "geometry": {"type": "LineString", "coordinates": [[-15.9968107, 18.0992606], [-15.9968705, 18.099345], [-15.996923, 18.0994054], [-15.9969696, 18.0994888], [-15.9970116, 18.0995735], [-15.9970591, 18.099717], [-15.9971221, 18.0999551], [-15.9971653, 18.1001548], [-15.9973316, 18.1009229], [-15.9974457, 18.1014868]]}}, {"type": "Feature", "properties": {"highway": "trunk"}, "geometry": {"type": "LineString", "coordinates": [[-15.9988236, 18.1081843], [-15.9989377, 18.1087474], [-15.9989999, 18.1090546], [-15.9990331, 18.1092166], [-15.9991984, 18.1100216], [-15.9994864, 18.1115], [-15.9996567, 18.1122588], [-15.9997377, 18.1126578], [-15.9998738, 18.1133278], [-15.9999212, 18.1135474], [-16.0000239, 18.1140238], [-16.0001757, 18.1147572], [-16.0002743, 18.1152667], [-16.0004152, 18.115957], [-16.0004672, 18.1162118], [-16.0005705, 18.1167168], [-16.000702, 18.1173917], [-16.0008025, 18.1178794], [-16.0009217, 18.118562], [-16.0010666, 18.1192554], [-16.0011765, 18.1197194], [-16.0012785, 18.1202216], [-16.0012937, 18.1202937], [-16.0014278, 18.1209031], [-16.0016739, 18.1221234], [-16.0019319, 18.1233726], [-16.0021445, 18.1244], [-16.002171, 18.1245278], [-16.0022009, 18.1246825], [-16.0024073, 18.1257504], [-16.0026429, 18.1268658], [-16.0026676, 18.1269829], [-16.0026805, 18.127067]]}}, {"type": "Feature", "properties": {"highway": "tertiary"}, "geometry": {"type": "LineString", "coordinates": [[-15.997265, 18.0991539], [-15.9973917, 18.099055], [-15.9975052, 18.0989846], [-15.997839, 18.098809]]}}, {"type": "Feature", "properties": {"highway": "tertiary"}, "geometry": {"type": "LineString", "coordinates": [[-15.997839, 18.098809], [-15.9976059, 18.0988781], [-15.9974579, 18.0988893], [-15.9973258, 18.0988686], [-15.9972338, 18.0988364]]}}, {"type": "Feature", "properties": {"highway": "tertiary"}, "geometry": {"type": "LineString", "coordinates": [[-15.9810264, 18.09484], [-15.9810559, 18.0948891], [-15.9810855, 18.0949414], [-15.9811096, 18.0949758], [-15.9811564, 18.095043]]}}, {"type": "Feature", "properties": {"highway": "tertiary"}, "geometry": {"type": "LineString", "coordinates": [[-15.98273, 18.0886938], [-15.9826473, 18.0887409], [-15.9825494, 18.0887839], [-15.9824579, 18.0888077], [-15.9823542, 18.0888255], [-15.9818533, 18.0889276], [-15.9808691, 18.0891252], [-15.9800622, 18.0892872]]}}, {"type": "Feature", "properties": {"highway": "tertiary"}, "geometry": {"type": "LineString", "coordinates": [[-15.9713066, 18.0888301], [-15.9711776, 18.088809], [-15.9696441, 18.0885578]]}}, {"type": "Feature", "properties": {"highway": "trunk"}, "geometry": {"type": "LineString", "coordinates": [[-15.9635264, 18.0874347], [-15.9641808, 18.087167], [-15.9643981, 18.0870866], [-15.9646685, 18.0869882], [-15.9648975, 18.0869049], [-15.9653878, 18.0867673], [-15.9658395, 18.0866774], [-15.9660063, 18.0866426], [-15.9662488, 18.086592], [-15.9665699, 18.0865407], [-15.9669149, 18.0865009], [-15.9672425, 18.086476], [-15.9673554, 18.0864674], [-15.9676098, 18.0864603], [-15.9679402, 18.0864597], [-15.9682204, 18.0864707], [-15.9685438, 18.0864893], [-15.9688068, 18.086516], [-15.969028, 18.086543], [-15.9691134, 18.0865534], [-15.9694275, 18.0865956], [-15.9700047, 18.0866904], [-15.9716618, 18.0869705]]}}, {"type": "Feature", "properties": {"highway": "secondary"}, "geometry": {"type": "LineString", "coordinates": [[-15.9910834, 18.0848337], [-15.990882, 18.0845283], [-15.990752, 18.0843313], [-15.9907103, 18.0842681], [-15.9899917, 18.0831787]]}}, {"type": "Feature", "properties": {"highway": "tertiary"}, "geometry": {"type": "LineString", "coordinates": [[-15.9534507, 18.1136751], [-15.9539066, 18.112867], [-15.954368, 18.1120653], [-15.9546315, 18.1115917], [-15.9549118, 18.1110959], [-15.9550365, 18.1108798], [-15.9550642, 18.1108355], [-15.9551758, 18.1106564], [-15.9552035, 18.1106121], [-15.9554864, 18.110152], [-15.9557976, 18.1095911], [-15.956338, 18.1086766], [-15.9566968, 18.1080698], [-15.9569509, 18.1077097], [-15.9570469, 18.1075701], [-15.9572232, 18.1073139], [-15.957486, 18.1068901], [-15.9577757, 18.1064146], [-15.9580547, 18.1059494], [-15.9581338, 18.1058142], [-15.9584355, 18.1053158], [-15.9586957, 18.1048812], [-15.9588405, 18.1046415], [-15.9589543, 18.1044496]]}}, {"type": "Feature", "properties": {"highway": "secondary"}, "geometry": {"type": "LineString", "coordinates": [[-16.0023272, 18.086119], [-16.0028293, 18.0864545], [-16.0030998, 18.0866352], [-16.0033599, 18.0868103], [-16.0038105, 18.0871223], [-16.0042358, 18.0873943], [-16.0047574, 18.0877456], [-16.0054239, 18.088196], [-16.0056278, 18.0883298], [-16.0058004, 18.0884476], [-16.0062464, 18.0887547], [-16.0064135, 18.088868], [-16.0068616, 18.0891726], [-16.0069682, 18.0892444], [-16.0075321, 18.0896241], [-16.007564, 18.0896457], [-16.0077154, 18.0897486], [-16.0081695, 18.090057], [-16.0083309, 18.0901671], [-16.0084586, 18.0902534], [-16.0088054, 18.0904936], [-16.0099883, 18.0912872], [-16.0105733, 18.0916642], [-16.0110683, 18.0920004], [-16.0115347, 18.0923139], [-16.0120004, 18.0926274], [-16.0125016, 18.0929705], [-16.0129825, 18.093288], [-16.0132037, 18.093432], [-16.0134411, 18.0935962], [-16.0136057, 18.0936979], [-16.0137442, 18.0937929], [-16.0140213, 18.0939773], [-16.0143631, 18.0942107], [-16.0147378, 18.0944668], [-16.0152994, 18.0948471], [-16.0161906, 18.0954458]]}}, {"type": "Feature", "properties": {"highway": "trunk"}, "geometry": {"type": "LineString", "coordinates": [[-15.9971758, 18.0987823], [-15.9970765, 18.0986365], [-15.9970137, 18.0985074], [-15.9969409, 18.0982973], [-15.9968768, 18.0980794], [-15.9968448, 18.0979708]]}}, {"type": "Feature", "properties": {"highway": "trunk"}, "geometry": {"type": "LineString", "coordinates": [[-15.9980435, 18.1035839], [-15.9979663, 18.1034548], [-15.997935, 18.1033721], [-15.997901, 18.10327], [-15.9978412, 18.1029726], [-15.9976183, 18.101893], [-15.9975931, 18.1017709], [-15.9974885, 18.1012342], [-15.9973498, 18.1005503], [-15.99725, 18.0999863], [-15.9972039, 18.0996358], [-15.9972007, 18.0995026], [-15.9972088, 18.0993525], [-15.9972136, 18.0992877], [-15.9972269, 18.0992083]]}}, {"type": "Feature", "properties": {"highway": "trunk"}, "geometry": {"type": "LineString", "coordinates": [[-16.0094205, 18.1609943], [-16.0093854, 18.1608292], [-16.0093559, 18.1607337], [-16.0093279, 18.1606149], [-16.0091695, 18.1593447], [-16.0091206, 18.1587728], [-16.0090935, 18.1584552], [-16.0090733, 18.1581145], [-16.009057, 18.1577861], [-16.0090327, 18.1559779], [-16.0089707, 18.1542582], [-16.0089509, 18.1526277], [-16.0089375, 18.1523002], [-16.008912, 18.1519599], [-16.0088933, 18.1516228], [-16.0088502, 18.1513238], [-16.0087631, 18.1506662], [-16.0086953, 18.1502998], [-16.0086334, 18.1497762], [-16.0085689, 18.1495094], [-16.0084492, 18.1490394], [-16.0083792, 18.1487662], [-16.0082899, 18.1484179], [-16.0081369, 18.1478207], [-16.0078417, 18.1467111], [-16.0077273, 18.1461975], [-16.0075024, 18.1453959], [-16.0074523, 18.1452051], [-16.0073038, 18.1446395], [-16.0072566, 18.1444596], [-16.0072399, 18.144396]]}}, {"type": "Feature", "properties": {"highway": "tertiary"}, "geometry": {"type": "LineString", "coordinates": [[-15.972882, 18.1068982], [-15.9730782, 18.1066543], [-15.9732017, 18.1065085], [-15.9735323, 18.1061067], [-15.9737474, 18.1058084], [-15.9739645, 18.1055514], [-15.974376, 18.1050412], [-15.9744344, 18.1049702], [-15.9744869, 18.1049105], [-15.9745823, 18.1047888], [-15.9746678, 18.1046811], [-15.9747038, 18.1046396], [-15.9747406, 18.1045949], [-15.9747747, 18.1045374]]}}, {"type": "Feature", "properties": {"highway": "secondary"}, "geometry": {"type": "LineString", "coordinates": [[-15.9730275, 18.107303], [-15.9727881, 18.1072618], [-15.9727026, 18.1072467], [-15.9725138, 18.1072251], [-15.9722599, 18.1072037], [-15.9721701, 18.1071999], [-15.972072, 18.1072019]]}}, {"type": "Feature", "properties": {"highway": "secondary"}, "geometry": {"type": "LineString", "coordinates": [[-15.9726878, 18.1073297], [-15.9727686, 18.1073389], [-15.9731589, 18.1073922], [-15.9732092, 18.1073935], [-15.9732749, 18.107389]]}}, {"type": "Feature", "properties": {"highway": "tertiary"}, "geometry": {"type": "LineString", "coordinates": [[-15.9724061, 18.0995754], [-15.9727718, 18.0996225], [-15.9740155, 18.0998168], [-15.9746519, 18.0999379], [-15.9755639, 18.1000811], [-15.9756809, 18.1001029]]}}, {"type": "Feature", "properties": {"highway": "tertiary"}, "geometry": {"type": "LineString", "coordinates": [[-15.9750722, 18.1183622], [-15.9749968, 18.1184556], [-15.9749104, 18.1185128], [-15.9747049, 18.1186357], [-15.9743116, 18.1188582], [-15.9738797, 18.1191025], [-15.9733871, 18.119384], [-15.9727693, 18.1197755], [-15.9722448, 18.1201187], [-15.9721898, 18.1201528], [-15.9720135, 18.1202621], [-15.9712327, 18.1207208], [-15.9709756, 18.1209018], [-15.9705881, 18.121191], [-15.9700897, 18.121565], [-15.9698242, 18.1218007], [-15.9694889, 18.1220888], [-15.9690852, 18.1224177], [-15.9684724, 18.1229517], [-15.9679748, 18.1234067], [-15.9673834, 18.1239918], [-15.9667808, 18.1245893], [-15.9665817, 18.1247815], [-15.9658318, 18.1254546], [-15.9655757, 18.1256845], [-15.9651623, 18.1260044], [-15.9648591, 18.1262419], [-15.9646854, 18.1263732], [-15.9646074, 18.1264264], [-15.9642595, 18.1266823], [-15.9641925, 18.1267289], [-15.9637658, 18.1270389], [-15.9635578, 18.1271785], [-15.9628785, 18.1275731], [-15.9626263, 18.1276975], [-15.9624777, 18.1277699], [-15.9619501, 18.1280622], [-15.9614093, 18.1283132], [-15.9612933, 18.128367], [-15.9606858, 18.128646]]}}, {"type": "Feature", "properties": {"highway": "tertiary"}, "geometry": {"type": "LineString", "coordinates": [[-15.9679236, 18.0985975], [-15.9680753, 18.0987038], [-15.9682092, 18.0987841], [-15.9683986, 18.0988734], [-15.9684922, 18.0989049], [-15.9686894, 18.0989664], [-15.9688712, 18.0990074], [-15.9695477, 18.0991268], [-15.969714, 18.0991486], [-15.9700697, 18.0992095], [-15.9708585, 18.0993384], [-15.9710252, 18.0993639], [-15.9724061, 18.0995754]]}}, {"type": "Feature", "properties": {"highway": "tertiary"}, "geometry": {"type": "LineString", "coordinates": [[-15.9901057, 18.1112775], [-15.9888665, 18.1117638], [-15.9887777, 18.1117996], [-15.9881511, 18.1120519], [-15.9878661, 18.1121659], [-15.9870044, 18.1125095], [-15.9860489, 18.1128963], [-15.9850873, 18.1132851], [-15.9849599, 18.1133323], [-15.9843242, 18.1135872], [-15.9837838, 18.1138051], [-15.9831762, 18.1140416], [-15.9828403, 18.1141786], [-15.9819786, 18.1145234], [-15.9811968, 18.1148478], [-15.9810908, 18.1148988], [-15.9809862, 18.1149396], [-15.9800716, 18.1153003], [-15.9797792, 18.1154188], [-15.9787929, 18.1158256], [-15.9787505, 18.1158423], [-15.9785809, 18.115909], [-15.9784769, 18.1159667], [-15.9782942, 18.1160284], [-15.9780547, 18.1161155], [-15.9778935, 18.1161562], [-15.9777, 18.1161761], [-15.9775168, 18.1161683], [-15.9773397, 18.1161406], [-15.9771292, 18.1161071], [-15.9769091, 18.1160651], [-15.9764104, 18.1159975], [-15.976169, 18.115944], [-15.9758219, 18.1158744], [-15.975605, 18.115835], [-15.9751511, 18.1157524]]}}, {"type": "Feature", "properties": {"highway": "tertiary"}, "geometry": {"type": "LineString", "coordinates": [[-15.9901057, 18.1112775], [-15.9908311, 18.1109992], [-15.9912243, 18.1108473], [-15.9918635, 18.1105906], [-15.9924862, 18.1103457], [-15.9926042, 18.110296], [-15.9927034, 18.1102489], [-15.992989, 18.1101161], [-15.9931058, 18.1100526], [-15.9932628, 18.1099688], [-15.9933324, 18.1099315], [-15.9933995, 18.1098971], [-15.9935132, 18.1098477], [-15.9939293, 18.1097052]]}}, {"type": "Feature", "properties": {"highway": "tertiary"}, "geometry": {"type": "LineString", "coordinates": [[-15.9720902, 18.1112333], [-15.97207, 18.11083], [-15.9720762, 18.110717], [-15.9721476, 18.1102234], [-15.9721558, 18.110156], [-15.972206, 18.1098486], [-15.9722769, 18.1094721], [-15.9724344, 18.1087945], [-15.9725835, 18.1080761], [-15.9726848, 18.1074917]]}}, {"type": "Feature", "properties": {"highway": "tertiary"}, "geometry": {"type": "LineString", "coordinates": [[-15.9863667, 18.1027932], [-15.9857341, 18.1013351], [-15.9856355, 18.1011191], [-15.9854621, 18.1007203], [-15.9851557, 18.1000423], [-15.9848151, 18.0992928], [-15.9847249, 18.0991092], [-15.9846474, 18.0989779], [-15.9845073, 18.0987319], [-15.9844302, 18.0986076], [-15.9843691, 18.0985158], [-15.9842944, 18.0984075], [-15.9837656, 18.0977541], [-15.983142, 18.0971085], [-15.982957, 18.0969045], [-15.9827203, 18.0966521], [-15.9815843, 18.0954599]]}}, {"type": "Feature", "properties": {"highway": "trunk"}, "geometry": {"type": "LineString", "coordinates": [[-15.9540296, 18.0979825], [-15.9541084, 18.0979564], [-15.95418, 18.0979157], [-15.9542442, 18.0978592], [-15.9542944, 18.0977911], [-15.9543285, 18.0977145], [-15.9543447, 18.0976328], [-15.9543425, 18.0975496], [-15.9543218, 18.0974688]]}}, {"type": "Feature", "properties": {"highway": "tertiary"}, "geometry": {"type": "LineString", "coordinates": [[-15.9550654, 18.0977129], [-15.9548984, 18.0976908], [-15.9548031, 18.0976617], [-15.9547301, 18.0976223], [-15.9546083, 18.0975432], [-15.9543517, 18.097389], [-15.9542298, 18.0973283]]}}, {"type": "Feature", "properties": {"highway": "tertiary"}, "geometry": {"type": "LineString", "coordinates": [[-15.9550654, 18.0977129], [-15.9555862, 18.097633], [-15.9561704, 18.0975629], [-15.9563642, 18.0975382], [-15.9566693, 18.0974994]]}}, {"type": "Feature", "properties": {"highway": "tertiary"}, "geometry": {"type": "LineString", "coordinates": [[-15.945753, 18.0737976], [-15.9457758, 18.0735774], [-15.945795, 18.0732228], [-15.9458211, 18.0728389], [-15.9458186, 18.0725921], [-15.9458283, 18.0724593], [-15.9458352, 18.0723641], [-15.9458668, 18.0722551], [-15.945903, 18.0721302], [-15.9459869, 18.0718439], [-15.9460986, 18.0715876], [-15.9461893, 18.0713793], [-15.9462569, 18.0712363], [-15.9463259, 18.0711407], [-15.946409, 18.0710285], [-15.9464808, 18.0709295], [-15.9466376, 18.0707484], [-15.9467002, 18.0706761], [-15.9468172, 18.0705471], [-15.9469234, 18.0704367], [-15.9471634, 18.0702024], [-15.9472328, 18.0701197], [-15.94729, 18.0700558], [-15.947322, 18.070006], [-15.9473492, 18.0699635], [-15.9474008, 18.0698771], [-15.9474641, 18.0697554], [-15.9476312, 18.069406], [-15.9477097, 18.0692817], [-15.947871, 18.0690198], [-15.9480356, 18.068814], [-15.9480683, 18.0687822], [-15.9481144, 18.0687373], [-15.9484004, 18.0684363], [-15.9485784, 18.0682445], [-15.9487129, 18.0680921], [-15.9488379, 18.0679151], [-15.9489287, 18.0677531], [-15.9490037, 18.0676106], [-15.9491081, 18.0673839], [-15.949174, 18.0671961], [-15.9491847, 18.0671727], [-15.9492309, 18.0670719], [-15.9492912, 18.0669472], [-15.9493325, 18.0668406], [-15.9494518, 18.0666966], [-15.9495249, 18.0666117], [-15.9496154, 18.06652], [-15.949754, 18.0663841], [-15.9501729, 18.0659732], [-15.9504726, 18.0656706], [-15.9507616, 18.0654221], [-15.9508459, 18.0653521], [-15.9509511, 18.065263], [-15.95098, 18.0652373], [-15.9510524, 18.0651735], [-15.9510846, 18.0651404], [-15.95111, 18.065117], [-15.9512045, 18.0650299], [-15.9512859, 18.0649488], [-15.9513368, 18.0648981], [-15.9514563, 18.0647765], [-15.9515918, 18.0646582], [-15.9517644, 18.0645075], [-15.9520484, 18.0642595], [-15.9521227, 18.0641946], [-15.9527131, 18.0636613], [-15.9528043, 18.0635812], [-15.9531062, 18.0633095], [-15.9531974, 18.0632274], [-15.9532485, 18.0631814], [-15.9535005, 18.062967], [-15.9536669, 18.0628253], [-15.9540311, 18.0625153], [-15.9542765, 18.0622938], [-15.9543689, 18.0621942], [-15.9548136, 18.0617932], [-15.9552505, 18.0613992], [-15.9554021, 18.0612671], [-15.9554843, 18.061191], [-15.955601, 18.061084], [-15.9557392, 18.0609874], [-15.9560265, 18.0607242], [-15.9562289, 18.0605269], [-15.9564276, 18.0603361], [-15.9565744, 18.0602163], [-15.9567668, 18.0600451], [-15.9570355, 18.0597953], [-15.9576737, 18.0592177], [-15.9581367, 18.0587986], [-15.9585151, 18.0584623], [-15.9585497, 18.0584315], [-15.9586221, 18.0583742], [-15.9587113, 18.0583037], [-15.9588472, 18.0581946], [-15.9589236, 18.0581192], [-15.9589433, 18.0581017], [-15.959226, 18.0578513], [-15.9592773, 18.0578058], [-15.9598975, 18.0572453], [-15.9599734, 18.0571767], [-15.9600169, 18.0571334], [-15.9602362, 18.056934], [-15.9602889, 18.0568844], [-15.960576, 18.0566143], [-15.9608517, 18.0563516], [-15.9610677, 18.0561464], [-15.9614529, 18.0558161]]}}, {"type": "Feature", "properties": {"highway": "trunk"}, "geometry": {"type": "LineString", "coordinates": [[-15.9543517, 18.097389], [-15.9544163, 18.0971863], [-15.9544591, 18.0970514], [-15.9545526, 18.096852], [-15.9546271, 18.096731], [-15.9550318, 18.0961569], [-15.9553946, 18.0956614], [-15.9559147, 18.09493], [-15.9590952, 18.0905523], [-15.9594588, 18.0900315], [-15.9600083, 18.0892958], [-15.9602448, 18.0890711], [-15.9602656, 18.0890525], [-15.9604013, 18.0889663], [-15.9605317, 18.0889096], [-15.9606531, 18.088855], [-15.9609219, 18.0887508]]}}, {"type": "Feature", "properties": {"highway": "tertiary"}, "geometry": {"type": "LineString", "coordinates": [[-15.9373204, 18.0967379], [-15.9372389, 18.0967371], [-15.9370759, 18.0967358], [-15.9367959, 18.0967172], [-15.936761, 18.0967149], [-15.9353479, 18.0965544], [-15.9348364, 18.0964963]]}}, {"type": "Feature", "properties": {"highway": "tertiary"}, "geometry": {"type": "LineString", "coordinates": [[-16.0019986, 18.1072699], [-16.0034578, 18.1070086], [-16.0046936, 18.1067968], [-16.004945, 18.1067537], [-16.0055043, 18.1066403], [-16.0057604, 18.1065915], [-16.0060729, 18.1065319], [-16.0064041, 18.1064605]]}}, {"type": "Feature", "properties": {"highway": "tertiary"}, "geometry": {"type": "LineString", "coordinates": [[-15.9641925, 18.1267289], [-15.9644672, 18.127353], [-15.9644918, 18.1274091], [-15.964732, 18.127955], [-15.9650127, 18.1285928], [-15.9650725, 18.1287287], [-15.9652327, 18.1290928], [-15.9652588, 18.1291523], [-15.9654234, 18.1295261], [-15.9656365, 18.1300105], [-15.9656554, 18.1300535], [-15.9658779, 18.1305592], [-15.9659923, 18.1308191], [-15.9660973, 18.1310579], [-15.9662791, 18.131471]]}}, {"type": "Feature", "properties": {"highway": "tertiary"}, "geometry": {"type": "LineString", "coordinates": [[-15.975135, 18.1182277], [-15.9750026, 18.1179272], [-15.9748272, 18.1175342], [-15.9746382, 18.1171116], [-15.9746014, 18.1170285], [-15.9742396, 18.1162238], [-15.9740866, 18.1158834], [-15.9738716, 18.1153615], [-15.9736336, 18.1148335], [-15.9731144, 18.1137046], [-15.9726799, 18.1127243], [-15.9726406, 18.1126566], [-15.972489, 18.1123956], [-15.9724442, 18.1123184], [-15.9723519, 18.1121272], [-15.9722771, 18.1119721], [-15.9721953, 18.1117199], [-15.9720902, 18.1112333]]}}, {"type": "Feature", "properties": {"highway": "tertiary"}, "geometry": {"type": "LineString", "coordinates": [[-15.9774532, 18.1031685], [-15.9773174, 18.1031463], [-15.976626, 18.1030332], [-15.9761256, 18.1029562], [-15.9759512, 18.1029239], [-15.9751873, 18.1028056]]}}, {"type": "Feature", "properties": {"highway": "tertiary"}, "geometry": {"type": "LineString", "coordinates": [[-15.9610749, 18.1009277], [-15.9613104, 18.101039], [-15.9614351, 18.1010874], [-15.9615652, 18.1011313], [-15.9616446, 18.1011532], [-15.961821, 18.1011997], [-15.9619494, 18.1012204], [-15.9620945, 18.1012422], [-15.9622446, 18.1012548], [-15.9624862, 18.1012636], [-15.9625669, 18.1012678], [-15.9630686, 18.101263], [-15.9641776, 18.1012804], [-15.9643218, 18.1012906], [-15.9648186, 18.1013165], [-15.9665627, 18.1014797]]}}, {"type": "Feature", "properties": {"highway": "tertiary"}, "geometry": {"type": "LineString", "coordinates": [[-15.9939293, 18.1097052], [-15.9946873, 18.1094462], [-15.9953139, 18.109242], [-15.995958, 18.1090332], [-15.9962204, 18.1089323], [-15.9962909, 18.1089015], [-15.9963673, 18.1088569], [-15.9964944, 18.1087858], [-15.9966415, 18.1087163], [-15.9969706, 18.1085822], [-15.9977385, 18.1082978], [-15.9978592, 18.1082544], [-15.9986144, 18.1079698], [-15.9987684, 18.1079117]]}}, {"type": "Feature", "properties": {"highway": "tertiary"}, "geometry": {"type": "LineString", "coordinates": [[-15.9479655, 18.13351], [-15.9477245, 18.1341043], [-15.9475865, 18.1344498], [-15.9474473, 18.1347983], [-15.9473008, 18.1351647], [-15.9471653, 18.135504], [-15.9470538, 18.135783], [-15.9470136, 18.135881], [-15.9468741, 18.1362352], [-15.9467425, 18.1365809], [-15.9466067, 18.1369228], [-15.9465159, 18.1371515], [-15.946382, 18.1375139], [-15.9463254, 18.1376673], [-15.9462316, 18.1378771], [-15.9460819, 18.1382122], [-15.9459016, 18.1386155], [-15.9457768, 18.1388832], [-15.9454094, 18.139737], [-15.9451928, 18.1401894], [-15.9451302, 18.1403111], [-15.9450431, 18.1405054], [-15.9447945, 18.1410599], [-15.9447652, 18.1411304], [-15.9446792, 18.1413358], [-15.9443574, 18.1420763], [-15.9442418, 18.1423398], [-15.9441705, 18.1425033], [-15.9440998, 18.1426483], [-15.9439615, 18.1429432], [-15.9437259, 18.1433769]]}}, {"type": "Feature", "properties": {"highway": "tertiary"}, "geometry": {"type": "LineString", "coordinates": [[-15.9609219, 18.0887508], [-15.9608884, 18.088939], [-15.9608656, 18.0890728], [-15.9608388, 18.0891799], [-15.9608053, 18.0892908], [-15.9607145, 18.0894746]]}}, {"type": "Feature", "properties": {"highway": "trunk"}, "geometry": {"type": "LineString", "coordinates": [[-15.9909733, 18.0852622], [-15.9909415, 18.0852712], [-15.9907178, 18.0853461], [-15.9904417, 18.0854303], [-15.9897947, 18.0856277], [-15.989491, 18.0857203], [-15.9894541, 18.0857317], [-15.9890378, 18.0858604], [-15.9884076, 18.0860552]]}}, {"type": "Feature", "properties": {"highway": "tertiary"}, "geometry": {"type": "LineString", "coordinates": [[-15.9144145, 18.1448319], [-15.9139897, 18.1444386], [-15.9135279, 18.1440109], [-15.9133479, 18.1438443], [-15.9126803, 18.143226], [-15.9123977, 18.1429643], [-15.9114594, 18.1420954], [-15.9112588, 18.1419096], [-15.9108366, 18.1415186], [-15.9104854, 18.1411934], [-15.9101585, 18.1408906], [-15.9097113, 18.1404765], [-15.9095366, 18.1403147], [-15.9085781, 18.139427], [-15.9076435, 18.1385615], [-15.9067077, 18.1376949], [-15.9060898, 18.1371226]]}}, {"type": "Feature", "properties": {"highway": "tertiary"}, "geometry": {"type": "LineString", "coordinates": [[-15.9380552, 18.0926235], [-15.938035, 18.0927853], [-15.9379247, 18.0935117], [-15.9378569, 18.0939751], [-15.937745, 18.0947559], [-15.9376436, 18.0954062]]}}, {"type": "Feature", "properties": {"highway": "trunk"}, "geometry": {"type": "LineString", "coordinates": [[-15.953548, 18.0977408], [-15.9535493, 18.0979403], [-15.9535507, 18.0980846], [-15.9535275, 18.0981937], [-15.9534828, 18.0982941], [-15.9533458, 18.098545]]}}, {"type": "Feature", "properties": {"highway": "trunk"}, "geometry": {"type": "LineString", "coordinates": [[-15.9609306, 18.0886742], [-15.9607481, 18.0887416], [-15.9604868, 18.0888549], [-15.9603288, 18.0889305], [-15.9602258, 18.0889939], [-15.960203, 18.0890122], [-15.9600555, 18.089134]]}}, {"type": "Feature", "properties": {"highway": "trunk"}, "geometry": {"type": "LineString", "coordinates": [[-15.9609219, 18.0887508], [-15.961209, 18.0886611], [-15.9612937, 18.0886346], [-15.9615542, 18.0885494], [-15.9616595, 18.0885196]]}}, {"type": "Feature", "properties": {"highway": "trunk"}, "geometry": {"type": "LineString", "coordinates": [[-15.9750438, 17.99192], [-15.9750505, 17.9920475], [-15.9750505, 17.992133], [-15.9750458, 17.9921891], [-15.9750351, 17.9922545], [-15.975033, 17.9922993]]}}, {"type": "Feature", "properties": {"highway": "primary"}, "geometry": {"type": "LineString", "coordinates": [[-16.0071267, 18.1444242], [-16.0070383, 18.1444393], [-16.0068414, 18.1444729], [-16.0046661, 18.1444754], [-16.0019007, 18.1444983], [-16.0002562, 18.1444875], [-15.9961608, 18.1444753], [-15.9955519, 18.1444735], [-15.9952484, 18.1444726]]}}, {"type": "Feature", "properties": {"highway": "primary"}, "geometry": {"type": "LineString", "coordinates": [[-15.9884998, 18.1470491], [-15.9709313, 18.147179], [-15.967469, 18.1471859], [-15.967048, 18.1472223], [-15.966625, 18.1472963], [-15.965952, 18.1474402], [-15.9648549, 18.1476386]]}}, {"type": "Feature", "properties": {"highway": "tertiary"}, "geometry": {"type": "LineString", "coordinates": [[-15.9777137, 18.0878388], [-15.9776397, 18.0882539], [-15.977399, 18.0896049], [-15.9773557, 18.0898345], [-15.9771263, 18.0910496], [-15.9770634, 18.0913824], [-15.9769188, 18.0922218], [-15.9768736, 18.092484], [-15.976857, 18.0925596], [-15.9768421, 18.0926549]]}}, {"type": "Feature", "properties": {"highway": "secondary"}, "geometry": {"type": "LineString", "coordinates": [[-15.947818, 18.0387446], [-15.9487363, 18.0392202], [-15.9489668, 18.0393525], [-15.9493334, 18.0395327], [-15.9497653, 18.0397544], [-15.9499316, 18.039854], [-15.9500872, 18.0399356], [-15.9505431, 18.0401639], [-15.9506598, 18.0402429], [-15.9508342, 18.0403361], [-15.9510394, 18.0404292], [-15.9512003, 18.0405184], [-15.9513538, 18.0405681], [-15.9514913, 18.0406115], [-15.9516375, 18.0406427], [-15.9517837, 18.0406663], [-15.951964, 18.0406733], [-15.9521471, 18.0406708]]}}, {"type": "Feature", "properties": {"highway": "tertiary"}, "geometry": {"type": "LineString", "coordinates": [[-15.9967841, 18.0623033], [-15.9964651, 18.0624984], [-15.9964049, 18.0625352], [-15.996156, 18.0626875], [-15.9960696, 18.0627403], [-15.9958318, 18.0628858], [-15.995763, 18.0629279], [-15.9955779, 18.0630411], [-15.9955168, 18.0630785], [-15.9954377, 18.0631268], [-15.9951862, 18.0632807]]}}, {"type": "Feature", "properties": {"highway": "tertiary"}, "geometry": {"type": "LineString", "coordinates": [[-15.9598075, 18.003773], [-15.9597699, 18.0037169], [-15.9597421, 18.0036617], [-15.959723, 18.0035996], [-15.9596901, 18.0034797], [-15.9596586, 18.0033438], [-15.9595594, 18.0028789], [-15.9595278, 18.0027427], [-15.9594856, 18.0025607], [-15.9594513, 18.0024154], [-15.9592392, 18.0015205], [-15.9591021, 18.0009326], [-15.9590364, 18.0005869], [-15.9589498, 18.0001271], [-15.9588823, 17.9997242], [-15.9588459, 17.9995066], [-15.9585455, 17.9977369], [-15.9584557, 17.9971891], [-15.9583142, 17.9964332], [-15.9581177, 17.9951253]]}}, {"type": "Feature", "properties": {"highway": "tertiary"}, "geometry": {"type": "LineString", "coordinates": [[-15.9441665, 18.1097426], [-15.9404939, 18.1069927], [-15.936924, 18.1043197], [-15.9367512, 18.1042133], [-15.9365497, 18.1041234], [-15.9349686, 18.1035008], [-15.9347455, 18.1033907], [-15.9346203, 18.1033074], [-15.9344208, 18.1031625], [-15.9341792, 18.1029871], [-15.9339291, 18.1028055], [-15.9333791, 18.1024061], [-15.9331027, 18.1022054], [-15.932607, 18.1018455], [-15.9323893, 18.1016875], [-15.9323019, 18.101624], [-15.9316588, 18.1011571], [-15.9313283, 18.1009171], [-15.9310012, 18.1006831], [-15.9303501, 18.1002174], [-15.9302534, 18.1001482], [-15.9300525, 18.1000044], [-15.9295458, 18.099642], [-15.9292141, 18.0994047], [-15.9288995, 18.0991797], [-15.9283742, 18.0988039], [-15.9281555, 18.0986474], [-15.928101, 18.0986084], [-15.9274452, 18.0981393], [-15.9271114, 18.0979005], [-15.9268048, 18.0976812], [-15.9260553, 18.097145], [-15.9259453, 18.0970663], [-15.9256541, 18.096858], [-15.9253829, 18.096664], [-15.925024, 18.0964073], [-15.9239939, 18.0956667], [-15.9239009, 18.0956039], [-15.9236987, 18.0954568], [-15.9234936, 18.0953128], [-15.9228527, 18.0948564], [-15.9223647, 18.0944992], [-15.9218179, 18.094095], [-15.9215516, 18.0938612], [-15.9212492, 18.0935536], [-15.9211837, 18.093487], [-15.9209095, 18.0932202], [-15.9206158, 18.0929809], [-15.9197411, 18.0923466], [-15.9189375, 18.0917636], [-15.9182194, 18.0911916], [-15.9158425, 18.0892875], [-15.9154975, 18.0890192], [-15.9147047, 18.0884322], [-15.9145584, 18.0883195], [-15.9141325, 18.0879917], [-15.9138094, 18.0877437]]}}, {"type": "Feature", "properties": {"highway": "tertiary"}, "geometry": {"type": "LineString", "coordinates": [[-15.9241918, 18.1099672], [-15.923943, 18.1102832], [-15.923548, 18.1107944], [-15.9234139, 18.1109831], [-15.9233471, 18.111067], [-15.9228502, 18.1116873], [-15.9226554, 18.1119315], [-15.9226173, 18.1119875], [-15.9223884, 18.11228], [-15.9220109, 18.1127623], [-15.92188, 18.1129322], [-15.9217798, 18.1130584], [-15.9216764, 18.1131916], [-15.9212951, 18.1136823], [-15.9210838, 18.1139543], [-15.9210455, 18.114004], [-15.9207048, 18.1144347]]}}, {"type": "Feature", "properties": {"highway": "tertiary"}, "geometry": {"type": "LineString", "coordinates": [[-15.9328017, 18.1240912], [-15.9338472, 18.1248401], [-15.934137, 18.1250521], [-15.9346164, 18.1254028], [-15.9346434, 18.1254239], [-15.9349467, 18.1256435], [-15.9352264, 18.1258476]]}}, {"type": "Feature", "properties": {"highway": "tertiary"}, "geometry": {"type": "LineString", "coordinates": [[-15.9855492, 18.0879028], [-15.9865486, 18.0876605]]}}, {"type": "Feature", "properties": {"highway": "tertiary"}, "geometry": {"type": "LineString", "coordinates": [[-16.0228471, 18.1118233], [-16.0227701, 18.1118265], [-16.0227262, 18.1118412], [-16.0224395, 18.1120035], [-16.0219568, 18.1124765], [-16.0208626, 18.1133316], [-16.0187494, 18.1149164], [-16.018116, 18.1153914], [-16.0173478, 18.1159107], [-16.0160762, 18.1168107], [-16.015827, 18.1170578], [-16.015765, 18.1170848], [-16.0156527, 18.1170884], [-16.0147447, 18.1171961], [-16.0148504, 18.1176596], [-16.0149823, 18.118217], [-16.0149822, 18.1183656], [-16.0148728, 18.1184234]]}}, {"type": "Feature", "properties": {"highway": "tertiary"}, "geometry": {"type": "LineString", "coordinates": [[-15.922374, 18.0656619], [-15.9223423, 18.0660226], [-15.9223396, 18.0663569], [-15.9223353, 18.0668793], [-15.9223257, 18.0674336], [-15.9223162, 18.0679487], [-15.922301, 18.0684317], [-15.9222951, 18.068578], [-15.9222726, 18.0692277], [-15.922264, 18.0698917]]}}, {"type": "Feature", "properties": {"highway": "secondary"}, "geometry": {"type": "LineString", "coordinates": [[-15.9432006, 18.0462968], [-15.9433776, 18.0459888], [-15.9437987, 18.04529], [-15.9438376, 18.0452225], [-15.9439811, 18.0449917], [-15.9442896, 18.0444701], [-15.9444693, 18.044173], [-15.9446892, 18.0438211], [-15.9450056, 18.0432993], [-15.9451506, 18.0430726], [-15.9451919, 18.0430006], [-15.9455811, 18.0423228], [-15.945805, 18.0419598], [-15.9459425, 18.041731], [-15.9460122, 18.0416173], [-15.9461962, 18.0413172], [-15.9463468, 18.0410716], [-15.9464711, 18.0408689], [-15.9466915, 18.0405516], [-15.9469637, 18.0401256], [-15.9471354, 18.0398515], [-15.9473191, 18.0395633], [-15.9476329, 18.039066], [-15.947818, 18.0387446]]}}, {"type": "Feature", "properties": {"highway": "tertiary"}, "geometry": {"type": "LineString", "coordinates": [[-15.9580795, 18.099313], [-15.958179, 18.0992453], [-15.9582633, 18.0991824], [-15.9583178, 18.0991356]]}}, {"type": "Feature", "properties": {"highway": "tertiary"}, "geometry": {"type": "LineString", "coordinates": [[-15.9826161, 18.0875551], [-15.9826041, 18.0876202], [-15.9825388, 18.0880247]]}}, {"type": "Feature", "properties": {"highway": "tertiary"}, "geometry": {"type": "LineString", "coordinates": [[-15.9728132, 18.0807621], [-15.9725378, 18.0807127], [-15.9700008, 18.0802578], [-15.9695699, 18.0801718], [-15.9692609, 18.0801106], [-15.968786, 18.0800134], [-15.9679104, 18.0798021], [-15.9670562, 18.0795795], [-15.9664284, 18.0794322]]}}, {"type": "Feature", "properties": {"highway": "tertiary"}, "geometry": {"type": "LineString", "coordinates": [[-15.9913658, 18.0543818], [-15.9913351, 18.0543808], [-15.9913054, 18.054388], [-15.9912696, 18.0544117], [-15.9912572, 18.0544253], [-15.9912433, 18.0544529], [-15.9912399, 18.0544679], [-15.9912378, 18.0544857], [-15.9912405, 18.0545023], [-15.9912527, 18.0545337], [-15.9912749, 18.0545597], [-15.9913046, 18.0545775], [-15.991315, 18.0545807], [-15.9913311, 18.0545845], [-15.9913585, 18.054585], [-15.991374, 18.0545826], [-15.9913935, 18.0545754], [-15.9914233, 18.0545553], [-15.9914407, 18.0545321], [-15.9914443, 18.0545269], [-15.9914514, 18.0545079], [-15.9914545, 18.0544879], [-15.9914541, 18.0544728], [-15.9914515, 18.0544583], [-15.9914397, 18.0544307], [-15.9914201, 18.0544076], [-15.9913949, 18.054391], [-15.9913658, 18.0543818]]}}, {"type": "Feature", "properties": {"highway": "tertiary"}, "geometry": {"type": "LineString", "coordinates": [[-15.9915414, 18.0547419], [-15.9915027, 18.0546618], [-15.9914743, 18.0546028], [-15.9914576, 18.0545683], [-15.9914407, 18.0545321]]}}, {"type": "Feature", "properties": {"highway": "tertiary"}, "geometry": {"type": "LineString", "coordinates": [[-15.9912405, 18.0545023], [-15.99119, 18.0545646], [-15.9911427, 18.0546363]]}}, {"type": "Feature", "properties": {"highway": "tertiary"}, "geometry": {"type": "LineString", "coordinates": [[-15.9911427, 18.0546363], [-15.991212, 18.054612], [-15.9912624, 18.0545957], [-15.991315, 18.0545807]]}}, {"type": "Feature", "properties": {"highway": "tertiary"}, "geometry": {"type": "LineString", "coordinates": [[-15.991374, 18.0545826], [-15.9914086, 18.054613], [-15.9914428, 18.0546461], [-15.9915414, 18.0547419]]}}, {"type": "Feature", "properties": {"highway": "tertiary"}, "geometry": {"type": "LineString", "coordinates": [[-15.9916453, 18.054298], [-15.9915475, 18.0543408], [-15.9914964, 18.05436], [-15.9914456, 18.0543714], [-15.9913995, 18.0543753], [-15.9913351, 18.0543808]]}}, {"type": "Feature", "properties": {"highway": "tertiary"}, "geometry": {"type": "LineString", "coordinates": [[-15.991085, 18.0544207], [-15.9911752, 18.054458], [-15.9912378, 18.0544857]]}}, {"type": "Feature", "properties": {"highway": "tertiary"}, "geometry": {"type": "LineString", "coordinates": [[-15.9914541, 18.0544728], [-15.9914817, 18.0544472], [-15.9915369, 18.054401], [-15.9916453, 18.054298]]}}, {"type": "Feature", "properties": {"highway": "tertiary"}, "geometry": {"type": "LineString", "coordinates": [[-15.9912696, 18.0544117], [-15.9912222, 18.0544153], [-15.9911565, 18.0544173], [-15.991085, 18.0544207]]}}, {"type": "Feature", "properties": {"highway": "tertiary"}, "geometry": {"type": "LineString", "coordinates": [[-16.0068757, 18.0689919], [-16.0069996, 18.068996], [-16.0070723, 18.0690457], [-16.0071994, 18.0692038], [-16.0078242, 18.0701115], [-16.0079772, 18.070335], [-16.0083197, 18.0708353], [-16.0086757, 18.0713552], [-16.0093679, 18.0723661], [-16.0098475, 18.0730665], [-16.0100923, 18.073424], [-16.0107913, 18.0744449], [-16.0108972, 18.0746224], [-16.0109876, 18.0748064], [-16.0110019, 18.0748424], [-16.0110317, 18.0749177], [-16.0111082, 18.0751166], [-16.0111492, 18.0752962], [-16.0111736, 18.0755316], [-16.0111696, 18.0756894], [-16.0111637, 18.0759239], [-16.0111348, 18.0770768], [-16.0111319, 18.0771902], [-16.0111222, 18.0775753], [-16.0111178, 18.0777545], [-16.0110969, 18.0785866], [-16.0110951, 18.078658], [-16.0110861, 18.0790163], [-16.0110656, 18.0798325]]}}, {"type": "Feature", "properties": {"highway": "tertiary"}, "geometry": {"type": "LineString", "coordinates": [[-15.9997966, 18.0769233], [-16.0001409, 18.0774192], [-16.0003146, 18.0776692], [-16.0007649, 18.0783301], [-16.0009504, 18.0786024], [-16.0010794, 18.0788051], [-16.0011502, 18.0789279]]}}, {"type": "Feature", "properties": {"highway": "primary"}, "geometry": {"type": "LineString", "coordinates": [[-16.0215291, 17.9923179], [-16.0189631, 17.9923209], [-16.0188806, 17.9923209], [-16.0153309, 17.9923213], [-16.0142752, 17.9923214], [-16.0133357, 17.9923178], [-16.0110068, 17.992309], [-16.0097596, 17.9923105], [-15.9996421, 17.992323], [-15.993901, 17.9923218], [-15.9881339, 17.9923243], [-15.9862716, 17.9923207], [-15.9843054, 17.9923116], [-15.9827485, 17.9923249], [-15.979975, 17.9923205], [-15.9789705, 17.9923192], [-15.9781645, 17.9923205], [-15.9773317, 17.9923154], [-15.9771869, 17.9923205], [-15.9767067, 17.9923205], [-15.9761663, 17.9923128], [-15.9759551, 17.9923154]]}}, {"type": "Feature", "properties": {"highway": "tertiary"}, "geometry": {"type": "LineString", "coordinates": [[-15.9727686, 18.1073389], [-15.9727881, 18.1072618]]}}, {"type": "Feature", "properties": {"highway": "secondary"}, "geometry": {"type": "LineString", "coordinates": [[-16.0161906, 18.0954458], [-16.0166754, 18.0957708], [-16.0173897, 18.0962271], [-16.0178744, 18.0965457], [-16.0185647, 18.0970115], [-16.019066, 18.0973669]]}}, {"type": "Feature", "properties": {"highway": "tertiary"}, "geometry": {"type": "LineString", "coordinates": [[-15.9984293, 18.1036147], [-15.9982891, 18.1036166], [-15.9982, 18.1036173], [-15.9981369, 18.1036122], [-15.9980655, 18.1035965]]}}, {"type": "Feature", "properties": {"highway": "secondary"}, "geometry": {"type": "LineString", "coordinates": [[-15.9974976, 18.1038919], [-15.9976587, 18.1038732], [-15.9978221, 18.1038662]]}}, {"type": "Feature", "properties": {"highway": "secondary"}, "geometry": {"type": "LineString", "coordinates": [[-15.9977698, 18.1037501], [-15.9976511, 18.1038306], [-15.9974976, 18.1038919]]}}, {"type": "Feature", "properties": {"highway": "tertiary"}, "geometry": {"type": "LineString", "coordinates": [[-15.9981431, 18.103769], [-15.9982062, 18.1037174], [-15.9982983, 18.1036684], [-15.9984293, 18.1036147]]}}, {"type": "Feature", "properties": {"highway": "tertiary"}, "geometry": {"type": "LineString", "coordinates": [[-15.9574188, 18.0975791], [-15.957373, 18.0974791], [-15.9573314, 18.0973392]]}}, {"type": "Feature", "properties": {"highway": "tertiary"}, "geometry": {"type": "LineString", "coordinates": [[-15.9571784, 18.0974886], [-15.9573089, 18.0975293], [-15.9574188, 18.0975791]]}}, {"type": "Feature", "properties": {"highway": "tertiary"}, "geometry": {"type": "LineString", "coordinates": [[-15.98273, 18.0886938], [-15.9825388, 18.0880247]]}}, {"type": "Feature", "properties": {"highway": "tertiary"}, "geometry": {"type": "LineString", "coordinates": [[-15.9855492, 18.0879028], [-15.9847943, 18.0881171], [-15.983733, 18.0883951], [-15.9828587, 18.0886189], [-15.9827906, 18.0886553], [-15.98273, 18.0886938]]}}, {"type": "Feature", "properties": {"highway": "tertiary"}, "geometry": {"type": "LineString", "coordinates": [[-15.9803316, 18.0877796], [-15.9803217, 18.0878406]]}}, {"type": "Feature", "properties": {"highway": "tertiary"}, "geometry": {"type": "LineString", "coordinates": [[-15.9793568, 18.0930871], [-15.9793755, 18.0930082], [-15.9793975, 18.0929259], [-15.979456, 18.0926334], [-15.9794759, 18.0925278], [-15.9795879, 18.0919086], [-15.9796055, 18.0917907], [-15.9796294, 18.0916795], [-15.9797445, 18.0910432], [-15.979864, 18.0903824], [-15.9798812, 18.0902879], [-15.9798972, 18.090199], [-15.9799983, 18.0896402], [-15.9800404, 18.0894079], [-15.9800622, 18.0892872]]}}, {"type": "Feature", "properties": {"highway": "tertiary"}, "geometry": {"type": "LineString", "coordinates": [[-15.9945794, 18.0590924], [-15.99447, 18.0590017]]}}, {"type": "Feature", "properties": {"highway": "secondary"}, "geometry": {"type": "LineString", "coordinates": [[-15.9365058, 18.0838911], [-15.9366035, 18.0839041], [-15.9369729, 18.0839533], [-15.9370714, 18.0839664], [-15.9373022, 18.0839971], [-15.9376246, 18.08404], [-15.9379788, 18.0840871], [-15.9380818, 18.0841008], [-15.9383051, 18.0841306], [-15.9386077, 18.0841708], [-15.9391379, 18.0842414]]}}, {"type": "Feature", "properties": {"highway": "secondary"}, "geometry": {"type": "LineString", "coordinates": [[-15.9391379, 18.0842414], [-15.9390763, 18.0847641], [-15.9390242, 18.0851928], [-15.939006, 18.0853109], [-15.938994, 18.0854449], [-15.9389883, 18.0854831], [-15.9389893, 18.0855235], [-15.9390097, 18.0855941], [-15.9390437, 18.0856998], [-15.9391109, 18.0858112]]}}, {"type": "Feature", "properties": {"highway": "tertiary"}, "geometry": {"type": "LineString", "coordinates": [[-15.9779991, 18.0704688], [-15.9781562, 18.0703084], [-15.9784877, 18.0699542], [-15.9788661, 18.0695638], [-15.9790426, 18.0693628], [-15.9795358, 18.0688694], [-15.9798945, 18.0685148]]}}, {"type": "Feature", "properties": {"highway": "secondary"}, "geometry": {"type": "LineString", "coordinates": [[-15.9521471, 18.0406708], [-15.9522926, 18.0406558], [-15.9524314, 18.040637], [-15.9525941, 18.0406131], [-15.9527975, 18.0405745], [-15.9531449, 18.0405031], [-15.9533849, 18.0404534], [-15.9534466, 18.0404419], [-15.9537578, 18.0403934], [-15.9541279, 18.0403259], [-15.9543706, 18.04028], [-15.9547636, 18.0402175], [-15.9551726, 18.0401397], [-15.9557574, 18.0400287], [-15.9560269, 18.0399663], [-15.9561168, 18.0399471], [-15.95691, 18.0397843], [-15.9574002, 18.0396857]]}}, {"type": "Feature", "properties": {"highway": "secondary"}, "geometry": {"type": "LineString", "coordinates": [[-15.9369627, 18.0617645], [-15.9372538, 18.0608145], [-15.937423, 18.0602621], [-15.9376273, 18.0595953], [-15.9379904, 18.0584103], [-15.9381006, 18.0580506], [-15.9382813, 18.0574606], [-15.9383392, 18.0572718], [-15.9383753, 18.0571539], [-15.9384349, 18.0569594], [-15.9386135, 18.0563765], [-15.9387219, 18.0560228], [-15.9390927, 18.0548125], [-15.9394642, 18.0535999], [-15.9398243, 18.0524245]]}}, {"type": "Feature", "properties": {"highway": "secondary"}, "geometry": {"type": "LineString", "coordinates": [[-15.9385068, 18.0622097], [-15.938146, 18.0621042], [-15.938117, 18.0620957], [-15.9373287, 18.0618762], [-15.9369627, 18.0617645]]}}, {"type": "Feature", "properties": {"highway": "secondary"}, "geometry": {"type": "LineString", "coordinates": [[-15.9398243, 18.0524245], [-15.9399152, 18.0521638], [-15.9399595, 18.052059], [-15.9400028, 18.0519563], [-15.9401304, 18.0516682], [-15.9402155, 18.0515006], [-15.9403127, 18.0512907], [-15.9403322, 18.0512486], [-15.9404099, 18.0510765], [-15.9405959, 18.0506642]]}}, {"type": "Feature", "properties": {"highway": "trunk"}, "geometry": {"type": "LineString", "coordinates": [[-15.9533458, 18.098545], [-15.9535405, 18.0983533], [-15.9536532, 18.0982424], [-15.9537707, 18.0981446], [-15.9538919, 18.0980652], [-15.9540296, 18.0979825]]}}, {"type": "Feature", "properties": {"highway": "tertiary"}, "geometry": {"type": "LineString", "coordinates": [[-16.0054774, 18.061361], [-16.0055395, 18.0613237], [-16.0056414, 18.0612606], [-16.00624, 18.0609198], [-16.0064267, 18.0608403], [-16.0065485, 18.0607815], [-16.0068855, 18.0606655], [-16.0069757, 18.0606356]]}}, {"type": "Feature", "properties": {"highway": "tertiary"}, "geometry": {"type": "LineString", "coordinates": [[-15.9802298, 18.0616442], [-15.9803063, 18.0615855], [-15.9808508, 18.0612285], [-15.9810519, 18.06111], [-15.9811217, 18.0610641], [-15.981807, 18.0606165], [-15.98187, 18.0605732], [-15.9821463, 18.0603959], [-15.9824587, 18.060206], [-15.9827223, 18.0600345], [-15.9829556, 18.0598751], [-15.9829818, 18.0598566], [-15.9832151, 18.0596953], [-15.9832674, 18.0596641], [-15.9835222, 18.0595009], [-15.983777, 18.05933], [-15.9840091, 18.0591668], [-15.9843242, 18.0589743], [-15.9847351, 18.0587009], [-15.9849894, 18.0585459], [-15.9851195, 18.0584668], [-15.9852563, 18.0583916], [-15.9853555, 18.0583393], [-15.9855057, 18.0582513], [-15.9856097, 18.0581933], [-15.9856844, 18.0581525], [-15.9859979, 18.0579912], [-15.9863144, 18.05783]]}}, {"type": "Feature", "properties": {"highway": "tertiary"}, "geometry": {"type": "LineString", "coordinates": [[-15.9672847, 18.074265], [-15.9671832, 18.0742342], [-15.967134, 18.0742209], [-15.9668205, 18.0741362], [-15.9660857, 18.0739378], [-15.9660488, 18.0739279], [-15.9657161, 18.073838], [-15.9648492, 18.073604], [-15.964465, 18.0735002], [-15.9636675, 18.0732849], [-15.9635981, 18.0732662], [-15.9633323, 18.0731944], [-15.963226, 18.0731687], [-15.9627235, 18.07303], [-15.9623418, 18.072927], [-15.9610503, 18.0725783], [-15.9606502, 18.0724702], [-15.959856, 18.0722558], [-15.9597663, 18.0722316], [-15.9595012, 18.07216], [-15.9593641, 18.072123], [-15.9588803, 18.0719923], [-15.9587633, 18.0719608], [-15.9584917, 18.0718874], [-15.9584355, 18.0718723], [-15.9576257, 18.0716536], [-15.9572437, 18.0715505]]}}, {"type": "Feature", "properties": {"highway": "tertiary"}, "geometry": {"type": "LineString", "coordinates": [[-15.9782346, 18.0816954], [-15.9778362, 18.0816301], [-15.9776917, 18.081606], [-15.9773513, 18.0815481], [-15.9772121, 18.081526], [-15.9767147, 18.0814431], [-15.9766492, 18.0814322], [-15.9760498, 18.0813334]]}}, {"type": "Feature", "properties": {"highway": "trunk"}, "geometry": {"type": "LineString", "coordinates": [[-15.9716741, 18.0868988], [-15.9712424, 18.0868217], [-15.9709179, 18.0867637], [-15.9700415, 18.0866137], [-15.9691271, 18.0864824], [-15.9690647, 18.0864763], [-15.9688106, 18.0864467], [-15.9685421, 18.0864237], [-15.968491, 18.0864197], [-15.9682176, 18.0863982], [-15.9681761, 18.0863963], [-15.9679399, 18.0863856], [-15.9676146, 18.0863782], [-15.9673393, 18.0863917], [-15.9669143, 18.0864193], [-15.9665656, 18.0864595], [-15.9662473, 18.0865088], [-15.9658111, 18.0865933], [-15.9653611, 18.0866975], [-15.9650257, 18.0867934], [-15.9648767, 18.0868414], [-15.9646444, 18.0869162], [-15.9641035, 18.0870951], [-15.9634888, 18.087355]]}}, {"type": "Feature", "properties": {"highway": "trunk"}, "geometry": {"type": "LineString", "coordinates": [[-15.9863912, 18.0867267], [-15.9867793, 18.0865858], [-15.9869362, 18.0865099]]}}, {"type": "Feature", "properties": {"highway": "secondary"}, "geometry": {"type": "LineString", "coordinates": [[-15.9882724, 18.1071469], [-15.9878737, 18.1072909], [-15.9862598, 18.1078738], [-15.9859758, 18.1079748], [-15.9853582, 18.1081699], [-15.9851651, 18.1082323], [-15.9849653, 18.1082846], [-15.9844248, 18.108407], [-15.9841539, 18.1084503], [-15.9836436, 18.1085542], [-15.9833405, 18.1086115], [-15.9831923, 18.1086415], [-15.9829456, 18.1086874], [-15.9828805, 18.1086963], [-15.9827276, 18.1087129], [-15.9825546, 18.1087212], [-15.9824118, 18.1087183], [-15.9823655, 18.1087173], [-15.9822496, 18.1087161], [-15.9821228, 18.1087084], [-15.9820377, 18.1087015], [-15.9818335, 18.1086848], [-15.9811493, 18.1086071], [-15.9810057, 18.1085908], [-15.9809034, 18.1085755], [-15.9803157, 18.1084879], [-15.9800249, 18.1084497], [-15.9798571, 18.1084277], [-15.97971, 18.108404], [-15.978711, 18.1082434], [-15.9786457, 18.1082325], [-15.9776001, 18.1080572], [-15.9767126, 18.1079132], [-15.9765329, 18.1078902], [-15.9758314, 18.1077748], [-15.975493, 18.1077237], [-15.9752326, 18.1076784], [-15.9744349, 18.1075574], [-15.9742251, 18.1075355], [-15.9737217, 18.1074579], [-15.9732749, 18.107389]]}}, {"type": "Feature", "properties": {"highway": "tertiary"}, "geometry": {"type": "LineString", "coordinates": [[-15.9882724, 18.1071469], [-15.98821, 18.1070035], [-15.988079, 18.1067028], [-15.9879251, 18.1063496], [-15.9876956, 18.1058227], [-15.9875067, 18.1053891], [-15.9872746, 18.1048697], [-15.9871664, 18.104601], [-15.9870748, 18.1044031], [-15.9869514, 18.1041233], [-15.9868602, 18.1039175], [-15.9865853, 18.1033005], [-15.986474, 18.1030423], [-15.9863667, 18.1027932]]}}, {"type": "Feature", "properties": {"highway": "tertiary"}, "geometry": {"type": "LineString", "coordinates": [[-15.9582675, 18.0988202], [-15.9581933, 18.098785], [-15.9581382, 18.0987525], [-15.9580744, 18.0987042], [-15.9579801, 18.0986218]]}}, {"type": "Feature", "properties": {"highway": "tertiary"}, "geometry": {"type": "LineString", "coordinates": [[-15.9828208, 18.0391935], [-15.9826725, 18.0401245], [-15.9826349, 18.0403764], [-15.982554, 18.0409175], [-15.9824534, 18.0415857], [-15.9824534, 18.0417145], [-15.9824793, 18.0418773], [-15.9825604, 18.0424001], [-15.9828246, 18.043781], [-15.9834151, 18.0469679], [-15.9836948, 18.0484934], [-15.983877, 18.0494957], [-15.9839091, 18.0496586], [-15.9839521, 18.0497942], [-15.9840169, 18.0499336], [-15.9842406, 18.0503378], [-15.9846605, 18.0510966], [-15.9846995, 18.0511671], [-15.9852095, 18.0520833], [-15.9852724, 18.0521954]]}}, {"type": "Feature", "properties": {"highway": "tertiary"}, "geometry": {"type": "LineString", "coordinates": [[-15.987141, 18.012606], [-15.9870071, 18.0134208], [-15.9868898, 18.0141969], [-15.986879, 18.0142549], [-15.986869, 18.0143308], [-15.9867905, 18.0147644], [-15.9867543, 18.0149965], [-15.9866263, 18.0157882], [-15.9866143, 18.0158669], [-15.9864883, 18.0166431], [-15.9863771, 18.0173076], [-15.9863516, 18.0174741], [-15.9862382, 18.0182296], [-15.9860958, 18.0190751], [-15.9859669, 18.0198627], [-15.9858437, 18.0206716], [-15.9857154, 18.021471], [-15.9855183, 18.0227311], [-15.9853206, 18.0239751], [-15.9851316, 18.0251749], [-15.9849331, 18.0264068], [-15.9847346, 18.0276642], [-15.9845415, 18.0288731], [-15.9844396, 18.0294521], [-15.9843242, 18.0300693], [-15.9840828, 18.0314134], [-15.9838682, 18.0326657], [-15.9837422, 18.0334717], [-15.9836671, 18.0338925], [-15.983541, 18.0346908], [-15.9834793, 18.0350937], [-15.9834163, 18.035498], [-15.9832875, 18.0362771], [-15.9832245, 18.036689], [-15.9831467, 18.0371519], [-15.9830758, 18.0375955], [-15.9829684, 18.0383697], [-15.9828208, 18.0391935]]}}, {"type": "Feature", "properties": {"highway": "secondary"}, "geometry": {"type": "LineString", "coordinates": [[-15.9338324, 18.080486], [-15.9337586, 18.0809367], [-15.9336899, 18.0813799], [-15.9336696, 18.0815113], [-15.9335997, 18.0819625], [-15.9335611, 18.0822115], [-15.9335311, 18.0824048], [-15.9334514, 18.0829191], [-15.9333728, 18.0834265]]}}, {"type": "Feature", "properties": {"highway": "tertiary"}, "geometry": {"type": "LineString", "coordinates": [[-15.9376436, 18.0954062], [-15.9374169, 18.0965241], [-15.9373634, 18.0966581], [-15.9373204, 18.0967379]]}}, {"type": "Feature", "properties": {"highway": "tertiary"}, "geometry": {"type": "LineString", "coordinates": [[-15.9362273, 18.0368803], [-15.9359073, 18.0367117], [-15.9357681, 18.0366383], [-15.9349103, 18.0361861], [-15.9348468, 18.0361527], [-15.9343913, 18.0359126], [-15.9339611, 18.0356858], [-15.9329285, 18.0351415], [-15.932552, 18.034943], [-15.9324882, 18.0349094], [-15.9321472, 18.0347297], [-15.9318715, 18.0345844], [-15.9313038, 18.0342851], [-15.9311808, 18.0342203], [-15.9307717, 18.0340046], [-15.930267, 18.0337386], [-15.9297297, 18.0334554], [-15.9293384, 18.0332491], [-15.9289328, 18.0330353], [-15.927044, 18.0320397]]}}, {"type": "Feature", "properties": {"highway": "tertiary"}, "geometry": {"type": "LineString", "coordinates": [[-15.9941014, 18.0527865], [-15.9944268, 18.0525786], [-15.9947449, 18.0523738], [-15.9950717, 18.0521717], [-15.9953818, 18.0519799], [-15.9956921, 18.0517879], [-15.9960227, 18.0515917], [-15.9963632, 18.0513873]]}}, {"type": "Feature", "properties": {"highway": "secondary"}, "geometry": {"type": "LineString", "coordinates": [[-16.0215449, 18.097446], [-16.021161, 18.0976509], [-16.0210175, 18.097707], [-16.0208733, 18.0977567], [-16.0206983, 18.0977994], [-16.0205374, 18.0978223], [-16.0203503, 18.0978364], [-16.0201612, 18.0978287], [-16.020006, 18.0978024], [-16.0198101, 18.097752], [-16.0196146, 18.0976782], [-16.0194222, 18.0975851], [-16.019066, 18.0973669]]}}, {"type": "Feature", "properties": {"highway": "tertiary"}, "geometry": {"type": "LineString", "coordinates": [[-16.0093478, 18.1052451], [-16.0094343, 18.1044812], [-16.0094397, 18.1044339], [-16.0094682, 18.1038758], [-16.0094827, 18.1033566], [-16.0094871, 18.1031967], [-16.0094994, 18.1027551], [-16.0095122, 18.1022947], [-16.0095194, 18.1020384], [-16.0095343, 18.1015039], [-16.0095493, 18.1009686], [-16.0095631, 18.1004748], [-16.0095747, 18.1000568], [-16.0095766, 18.0999904], [-16.0095905, 18.099491], [-16.009605, 18.0989697], [-16.0096528, 18.0982295], [-16.0096606, 18.097788], [-16.0096729, 18.0974687], [-16.0096954, 18.0968856], [-16.0097018, 18.0964212], [-16.0097187, 18.0956356], [-16.0097313, 18.0954814], [-16.0097376, 18.0950255], [-16.0097445, 18.0945449], [-16.0097384, 18.094189], [-16.009741, 18.0940935], [-16.0097626, 18.0933202], [-16.0097741, 18.0929075], [-16.0097757, 18.0928518], [-16.009819, 18.0920438], [-16.0098258, 18.0918446], [-16.0098334, 18.0916319], [-16.0098216, 18.0914516]]}}, {"type": "Feature", "properties": {"highway": "tertiary"}, "geometry": {"type": "LineString", "coordinates": [[-15.9810264, 18.09484], [-15.9809601, 18.0947642], [-15.9804738, 18.0942473], [-15.9793568, 18.0930871]]}}, {"type": "Feature", "properties": {"highway": "tertiary"}, "geometry": {"type": "LineString", "coordinates": [[-15.9812449, 18.0949731], [-15.9811968, 18.0949579], [-15.9811602, 18.0949372], [-15.9811243, 18.0949108], [-15.9810264, 18.09484]]}}, {"type": "Feature", "properties": {"highway": "tertiary"}, "geometry": {"type": "LineString", "coordinates": [[-15.9579692, 18.0691125], [-15.9580767, 18.0687395], [-15.9582401, 18.0681726], [-15.9583087, 18.0679345], [-15.95832, 18.0679027], [-15.9584041, 18.0676035], [-15.9585521, 18.06709], [-15.9586611, 18.0667118], [-15.9587144, 18.0665269], [-15.9589192, 18.0658162], [-15.9589975, 18.0655448], [-15.9590062, 18.0655146], [-15.9590239, 18.0654531], [-15.9590918, 18.0652176], [-15.9591808, 18.0649086], [-15.959358, 18.0642938], [-15.959459, 18.0639434], [-15.959474, 18.0638913], [-15.9596218, 18.0633786], [-15.9596694, 18.0632132], [-15.9597165, 18.0630501], [-15.9597607, 18.0628967], [-15.9599355, 18.06229], [-15.960053, 18.0618757], [-15.9603962, 18.0607071], [-15.9607402, 18.0594979], [-15.9608381, 18.0591861], [-15.9609195, 18.0588759], [-15.960929, 18.0588429], [-15.9610155, 18.0585427], [-15.9610654, 18.0583482], [-15.9610876, 18.0582839], [-15.9611019, 18.0582428], [-15.9611151, 18.0581914], [-15.9611957, 18.0578762], [-15.9612878, 18.0575163], [-15.9613466, 18.0572863], [-15.9615121, 18.0566384], [-15.9615523, 18.0565096]]}}, {"type": "Feature", "properties": {"highway": "tertiary"}, "geometry": {"type": "LineString", "coordinates": [[-15.9733734, 18.0451915], [-15.9735956, 18.0451054]]}}, {"type": "Feature", "properties": {"highway": "tertiary"}, "geometry": {"type": "LineString", "coordinates": [[-15.9927249, 18.1226802], [-15.9925519, 18.1227153], [-15.9923789, 18.1227503], [-15.9914616, 18.1229262], [-15.9911679, 18.1229836], [-15.9908849, 18.1230371], [-15.990559, 18.123106], [-15.9902278, 18.123171], [-15.9899569, 18.123227], [-15.9896819, 18.1232933], [-15.9891441, 18.1234029], [-15.988646, 18.1234885], [-15.9881885, 18.1235703], [-15.988095, 18.1235803], [-15.9879863, 18.1235919], [-15.9878112, 18.1235978], [-15.9876721, 18.1235853], [-15.987524, 18.1235416], [-15.9872999, 18.1234417], [-15.9869353, 18.123272], [-15.9867958, 18.1232185], [-15.986647, 18.1231777], [-15.9864767, 18.1231369], [-15.9863001, 18.1231087], [-15.9861092, 18.1230885], [-15.9858987, 18.1230808], [-15.9857511, 18.1230885], [-15.9856571, 18.1230957], [-15.9855687, 18.1231025], [-15.9853971, 18.1231267], [-15.9852214, 18.1231599], [-15.9850551, 18.1231994], [-15.9849159, 18.1232456], [-15.9839848, 18.1236568], [-15.9835174, 18.1238632], [-15.9834555, 18.1238905], [-15.9829618, 18.1241085], [-15.9825264, 18.1243008], [-15.9823206, 18.1243916], [-15.9818555, 18.124597], [-15.9813852, 18.1248047], [-15.9813213, 18.1248329], [-15.9807464, 18.1250867], [-15.9798318, 18.1254906], [-15.9788951, 18.1259041], [-15.9779194, 18.1263346], [-15.9769916, 18.126744], [-15.9763345, 18.1270339], [-15.9756885, 18.1273189], [-15.9750079, 18.1276192], [-15.9743725, 18.1278995], [-15.973498, 18.1282854], [-15.9726723, 18.1286497], [-15.9718027, 18.1290333], [-15.9709035, 18.1294301], [-15.9700748, 18.1297957], [-15.9694454, 18.1300734], [-15.9687553, 18.1303778], [-15.9684268, 18.1305228], [-15.9680397, 18.1306936], [-15.9671742, 18.1310758], [-15.9670678, 18.1311228], [-15.9662791, 18.131471]]}}, {"type": "Feature", "properties": {"highway": "tertiary"}, "geometry": {"type": "LineString", "coordinates": [[-15.9645189, 18.0302388], [-15.9645358, 18.0303131], [-15.9645465, 18.0303667], [-15.9645591, 18.0303959], [-15.9645752, 18.0304239], [-15.9646047, 18.0304494], [-15.9646584, 18.0304724], [-15.9646892, 18.0304774], [-15.9650097, 18.0305336], [-15.9650771, 18.0305443], [-15.9655507, 18.0306198], [-15.9660397, 18.0306993], [-15.966506, 18.0307702], [-15.9667532, 18.0308091], [-15.9674552, 18.0309385], [-15.9692959, 18.0312329], [-15.9704515, 18.031414], [-15.9708274, 18.0314772], [-15.9710218, 18.0315104], [-15.9717312, 18.0316302], [-15.9723549, 18.0317271], [-15.9730938, 18.0318374], [-15.9732661, 18.0318713]]}}, {"type": "Feature", "properties": {"highway": "secondary"}, "geometry": {"type": "LineString", "coordinates": [[-15.9841512, 18.0747529], [-15.9840089, 18.0745453], [-15.9839044, 18.0743929], [-15.9827107, 18.0726518], [-15.9824745, 18.0723073], [-15.9819795, 18.071585], [-15.9818339, 18.0713989], [-15.9812947, 18.0706188], [-15.981245, 18.0705436], [-15.9810036, 18.0701892], [-15.9805468, 18.0695127], [-15.9801077, 18.0688669], [-15.9798945, 18.0685148]]}}, {"type": "Feature", "properties": {"highway": "tertiary"}, "geometry": {"type": "LineString", "coordinates": [[-15.9589543, 18.1044496], [-15.9591128, 18.1041877], [-15.9592855, 18.1038932], [-15.9594499, 18.1036163], [-15.9595175, 18.1035038], [-15.9598116, 18.1030146], [-15.9600697, 18.10258], [-15.9602671, 18.1022471], [-15.9604676, 18.1019239], [-15.9606882, 18.1015392], [-15.9609324, 18.1011531], [-15.9610749, 18.1009277]]}}, {"type": "Feature", "properties": {"highway": "tertiary"}, "geometry": {"type": "LineString", "coordinates": [[-15.9927249, 18.1226802], [-15.9927316, 18.1223004], [-15.9927303, 18.1220009], [-15.9927356, 18.1216083], [-15.9927437, 18.1212387], [-15.9927464, 18.1210653], [-15.9927504, 18.1205173], [-15.9927517, 18.1203745], [-15.9927544, 18.1200686], [-15.9927624, 18.119685], [-15.9927692, 18.1194849], [-15.9927755, 18.1190408], [-15.9927745, 18.1184422]]}}, {"type": "Feature", "properties": {"highway": "tertiary"}, "geometry": {"type": "LineString", "coordinates": [[-15.9748272, 18.1175342], [-15.9749103, 18.1170771], [-15.9749733, 18.1167304], [-15.9750382, 18.1163733], [-15.9750978, 18.1160455], [-15.9751511, 18.1157524]]}}, {"type": "Feature", "properties": {"highway": "tertiary"}, "geometry": {"type": "LineString", "coordinates": [[-15.9831454, 18.0663643], [-15.9835196, 18.0661488], [-15.9838642, 18.0659269], [-15.9842183, 18.0657], [-15.9842786, 18.0656579], [-15.9844664, 18.065533], [-15.9846085, 18.065445], [-15.985314, 18.0649905]]}}, {"type": "Feature", "properties": {"highway": "trunk"}, "geometry": {"type": "LineString", "coordinates": [[-16.0071267, 18.1444242], [-16.0071924, 18.1446671], [-16.0073966, 18.1454223], [-16.007591, 18.1460799], [-16.0077345, 18.1467337], [-16.0080363, 18.14785], [-16.0081917, 18.148439], [-16.0083568, 18.1490645], [-16.008511, 18.1499018], [-16.0085487, 18.1501205], [-16.0085914, 18.1503164], [-16.0086653, 18.1506804], [-16.0087645, 18.1513304], [-16.008798, 18.1516273], [-16.0088289, 18.1519599], [-16.0088477, 18.1523014], [-16.0088517, 18.1526232], [-16.0088812, 18.1542576], [-16.0089147, 18.1559932], [-16.0089657, 18.1578053], [-16.008971, 18.1581264], [-16.0090005, 18.1584629], [-16.009027, 18.1587793], [-16.0090703, 18.1592963], [-16.0091344, 18.1599041], [-16.0092124, 18.1606432], [-16.0092205, 18.1607948], [-16.0092178, 18.1608763], [-16.0092125, 18.1610142]]}}, {"type": "Feature", "properties": {"highway": "trunk"}, "geometry": {"type": "LineString", "coordinates": [[-16.0027753, 18.1270485], [-16.0027345, 18.1268512], [-16.0025017, 18.1257267], [-16.0022885, 18.1246669], [-16.002258, 18.1245135], [-16.0022313, 18.1243837], [-16.0020177, 18.1233449], [-16.0017663, 18.1221027], [-16.0015201, 18.1208871], [-16.0013935, 18.1202783], [-16.0012778, 18.1197039], [-16.0010265, 18.118517], [-16.0007664, 18.1172738], [-16.0005288, 18.1160645], [-16.0005028, 18.1159363], [-16.0003619, 18.1152423], [-16.0002886, 18.1148815], [-16.0001899, 18.1144065], [-16.0000356, 18.1136505], [-16.0000102, 18.1135262], [-15.9997887, 18.1124856], [-15.9997387, 18.1122386], [-15.9995831, 18.1114692], [-15.9993427, 18.1102957], [-15.9992044, 18.1095856], [-15.99913, 18.1092034], [-15.9990973, 18.1090356], [-15.99903, 18.1087306], [-15.998928, 18.1082598]]}}, {"type": "Feature", "properties": {"highway": "tertiary"}, "geometry": {"type": "LineString", "coordinates": [[-15.9201899, 18.1150772], [-15.919916, 18.1154326], [-15.9195028, 18.115957], [-15.9193085, 18.1162038], [-15.9191227, 18.1164413], [-15.9190057, 18.1165928], [-15.9188757, 18.1167509], [-15.9188047, 18.1168398], [-15.9185677, 18.1171368], [-15.9183672, 18.117388], [-15.9183066, 18.117464], [-15.91815, 18.1176602], [-15.9179274, 18.1179444], [-15.917775, 18.1181302], [-15.9177233, 18.118195], [-15.9175307, 18.1184363], [-15.9172274, 18.1188329], [-15.9169847, 18.1191433], [-15.9167227, 18.1194682], [-15.9164934, 18.1197551], [-15.9163471, 18.1199382], [-15.9161387, 18.1201988], [-15.915999, 18.1203736], [-15.9157785, 18.1206495], [-15.9156242, 18.1208426], [-15.9153941, 18.1211305], [-15.9151551, 18.1214085], [-15.914855, 18.1217931], [-15.9145948, 18.1221182], [-15.9143588, 18.1224241], [-15.9139766, 18.1229097], [-15.9137446, 18.1231754], [-15.9133972, 18.1236005], [-15.913241, 18.1238018], [-15.9130244, 18.1241218]]}}, {"type": "Feature", "properties": {"highway": "secondary"}, "geometry": {"type": "LineString", "coordinates": [[-15.9734939, 18.0604393], [-15.9733998, 18.0601829]]}}, {"type": "Feature", "properties": {"highway": "primary"}, "geometry": {"type": "LineString", "coordinates": [[-16.0228582, 18.1103789], [-16.0228837, 18.1106886], [-16.022886, 18.1108131], [-16.0228882, 18.1109293], [-16.0228881, 18.1110649], [-16.0228609, 18.1115286], [-16.0228471, 18.1118233], [-16.0228238, 18.1122554], [-16.0228016, 18.1126875], [-16.0227656, 18.1133871], [-16.022711, 18.1145823]]}}, {"type": "Feature", "properties": {"highway": "secondary"}, "geometry": {"type": "LineString", "coordinates": [[-15.9575468, 18.1031399], [-15.957465, 18.1032825], [-15.9573155, 18.1035433]]}}, {"type": "Feature", "properties": {"highway": "secondary"}, "geometry": {"type": "LineString", "coordinates": [[-15.9589543, 18.1044496], [-15.958878, 18.104378], [-15.9588352, 18.1043471], [-15.9587867, 18.1043213], [-15.9585569, 18.1042049], [-15.9580934, 18.1039473], [-15.957786, 18.1037926], [-15.9573155, 18.1035433]]}}, {"type": "Feature", "properties": {"highway": "tertiary"}, "geometry": {"type": "LineString", "coordinates": [[-15.9860352, 18.0705713], [-15.985307, 18.0695093], [-15.9851272, 18.0692471], [-15.9845797, 18.0684485], [-15.9838505, 18.0674128], [-15.9833953, 18.0667315], [-15.9831454, 18.0663643]]}}, {"type": "Feature", "properties": {"highway": "tertiary"}, "geometry": {"type": "LineString", "coordinates": [[-15.9918703, 18.0653887], [-15.992226, 18.065901], [-15.9925642, 18.0663961], [-15.9928988, 18.0668817], [-15.9930492, 18.0670999], [-15.9932836, 18.0674401], [-15.9934275, 18.0676651], [-15.9935441, 18.0678298], [-15.9936388, 18.0679635], [-15.9938397, 18.0682472], [-15.9940314, 18.068525]]}}, {"type": "Feature", "properties": {"highway": "tertiary"}, "geometry": {"type": "LineString", "coordinates": [[-15.9868245, 18.0515797], [-15.9868774, 18.0516196], [-15.9869541, 18.0516503], [-15.9871218, 18.0517023]]}}, {"type": "Feature", "properties": {"highway": "tertiary"}, "geometry": {"type": "LineString", "coordinates": [[-15.9871218, 18.0517023], [-15.986939, 18.0515166]]}}, {"type": "Feature", "properties": {"highway": "tertiary"}, "geometry": {"type": "LineString", "coordinates": [[-15.9832404, 18.0537596], [-15.9832419, 18.0537389], [-15.9832396, 18.0537261], [-15.9832352, 18.0537115], [-15.9831922, 18.053639], [-15.9831172, 18.053511]]}}, {"type": "Feature", "properties": {"highway": "tertiary"}, "geometry": {"type": "LineString", "coordinates": [[-15.9830562, 18.0535444], [-15.9831514, 18.0536767], [-15.9831943, 18.0537344], [-15.9832071, 18.053744], [-15.9832235, 18.0537539], [-15.9832404, 18.0537596]]}}, {"type": "Feature", "properties": {"highway": "tertiary"}, "geometry": {"type": "LineString", "coordinates": [[-15.9852724, 18.0521954], [-15.9852642, 18.0523856]]}}, {"type": "Feature", "properties": {"highway": "tertiary"}, "geometry": {"type": "LineString", "coordinates": [[-15.9854645, 18.05228], [-15.9852724, 18.0521954]]}}, {"type": "Feature", "properties": {"highway": "tertiary"}, "geometry": {"type": "LineString", "coordinates": [[-16.0042563, 18.1331354], [-16.0041519, 18.1331587], [-16.0030483, 18.1334289], [-16.0021194, 18.1336563], [-16.0013748, 18.1338182], [-16.0006767, 18.1339645], [-15.9991057, 18.1342935], [-15.9977475, 18.1345781], [-15.9964268, 18.1348547], [-15.9952466, 18.1351181], [-15.9947805, 18.1352221], [-15.9939979, 18.1354137], [-15.9930569, 18.1356091], [-15.9922681, 18.1358565], [-15.9916974, 18.1359475], [-15.9911736, 18.1360572], [-15.9907201, 18.1361521], [-15.9904624, 18.1362061], [-15.9899996, 18.136303], [-15.9898802, 18.1363296], [-15.9892509, 18.1364695], [-15.9886829, 18.1365958]]}}, {"type": "Feature", "properties": {"highway": "tertiary"}, "geometry": {"type": "LineString", "coordinates": [[-15.9302116, 18.1498419], [-15.9299897, 18.1501095], [-15.9296248, 18.1505645], [-15.9296099, 18.1505829], [-15.9292683, 18.1510059], [-15.9290792, 18.151241], [-15.9283313, 18.1521711], [-15.9274223, 18.1533013], [-15.9266547, 18.1542967], [-15.9263895, 18.1546113]]}}, {"type": "Feature", "properties": {"highway": "tertiary"}, "geometry": {"type": "LineString", "coordinates": [[-15.9185525, 18.0851481], [-15.9183433, 18.0851157], [-15.9171369, 18.0849285], [-15.9163181, 18.0848015], [-15.9160495, 18.0847598], [-15.915489, 18.0846729], [-15.9146964, 18.08455], [-15.9145832, 18.0845324], [-15.9144344, 18.0845093], [-15.9140905, 18.084456], [-15.9137804, 18.0844079], [-15.9135204, 18.0843675], [-15.9132668, 18.0843282], [-15.9128775, 18.0842678]]}}, {"type": "Feature", "properties": {"highway": "tertiary"}, "geometry": {"type": "LineString", "coordinates": [[-15.9768523, 18.0927322], [-15.9768976, 18.092667]]}}, {"type": "Feature", "properties": {"highway": "tertiary"}, "geometry": {"type": "LineString", "coordinates": [[-15.9768421, 18.0926549], [-15.9768523, 18.0927322]]}}, {"type": "Feature", "properties": {"highway": "tertiary"}, "geometry": {"type": "LineString", "coordinates": [[-15.9825388, 18.0880247], [-15.9825047, 18.088134], [-15.9823542, 18.0888255]]}}, {"type": "Feature", "properties": {"highway": "tertiary"}, "geometry": {"type": "LineString", "coordinates": [[-15.9728595, 18.1070216], [-15.972882, 18.1068982]]}}, {"type": "Feature", "properties": {"highway": "tertiary"}, "geometry": {"type": "LineString", "coordinates": [[-15.9726848, 18.1074917], [-15.9727686, 18.1073389]]}}, {"type": "Feature", "properties": {"highway": "tertiary"}, "geometry": {"type": "LineString", "coordinates": [[-15.972882, 18.1068982], [-15.9727855, 18.1070075], [-15.9727366, 18.1071419], [-15.9727026, 18.1072467], [-15.9726878, 18.1073297]]}}, {"type": "Feature", "properties": {"highway": "tertiary"}, "geometry": {"type": "LineString", "coordinates": [[-15.9727881, 18.1072618], [-15.9728175, 18.1071588], [-15.9728315, 18.1071036], [-15.9728595, 18.1070216]]}}, {"type": "Feature", "properties": {"highway": "tertiary"}, "geometry": {"type": "LineString", "coordinates": [[-15.9863912, 18.0867267], [-15.9863742, 18.0866573]]}}, {"type": "Feature", "properties": {"highway": "tertiary"}, "geometry": {"type": "LineString", "coordinates": [[-15.8897495, 18.0755356], [-15.8896583, 18.0753813], [-15.889604, 18.0752965], [-15.8895329, 18.0751913], [-15.8894753, 18.0751174], [-15.8894055, 18.0750396], [-15.8893231, 18.0749612], [-15.8892091, 18.0748669], [-15.8890106, 18.0747419], [-15.8888577, 18.074677], [-15.8887477, 18.0746323], [-15.8886042, 18.0745864], [-15.8883467, 18.0745189], [-15.8880852, 18.0744832], [-15.8878256, 18.0744436], [-15.8861493, 18.0742475], [-15.8846388, 18.0740536], [-15.8822452, 18.0737671], [-15.8813314, 18.0736532], [-15.880284, 18.0735261], [-15.8787029, 18.0733281], [-15.8780898, 18.0732501], [-15.8769192, 18.0731011], [-15.8762689, 18.0730213], [-15.8735407, 18.0726866], [-15.8721972, 18.0725223], [-15.8708869, 18.072354], [-15.8703934, 18.0722967], [-15.8694305, 18.0721781], [-15.8689563, 18.0721169], [-15.8686036, 18.0720515], [-15.8683611, 18.0719943], [-15.8680945, 18.0719174], [-15.8678244, 18.0718259], [-15.8675664, 18.0717261], [-15.8674188, 18.0716681], [-15.8671707, 18.0715674], [-15.8666986, 18.0713111], [-15.866354, 18.0710804], [-15.8660683, 18.0708687], [-15.8656821, 18.0705436], [-15.8653217, 18.0701472], [-15.8650895, 18.06987], [-15.864931, 18.0696945], [-15.8647473, 18.0694688], [-15.8644952, 18.0690774], [-15.8643369, 18.0687561], [-15.8642055, 18.0684029], [-15.8640674, 18.0679962], [-15.8639587, 18.0675972], [-15.8639158, 18.067374], [-15.8638702, 18.0670413], [-15.8638152, 18.0666167], [-15.8637656, 18.0664], [-15.8637053, 18.06621], [-15.8636369, 18.066034], [-15.8635899, 18.0658492], [-15.8635511, 18.0656235], [-15.8635068, 18.0652104], [-15.863353, 18.06426], [-15.8632618, 18.0636151], [-15.8631335, 18.0628496], [-15.8629075, 18.0616605], [-15.862691, 18.0605849], [-15.8621809, 18.0577495]]}}, {"type": "Feature", "properties": {"highway": "trunk"}, "geometry": {"type": "LineString", "coordinates": [[-15.9738512, 17.9848497], [-15.9737697, 17.984361], [-15.9737455, 17.9842182], [-15.973668, 17.9837615], [-15.9736463, 17.9836314], [-15.9736157, 17.9834513], [-15.973427, 17.9823425], [-15.973209, 17.9810751], [-15.9731445, 17.9806997], [-15.973117, 17.98054], [-15.9730405, 17.980072], [-15.9730143, 17.9799116], [-15.9729784, 17.979692], [-15.9728956, 17.9792199], [-15.9728486, 17.9789292], [-15.9727931, 17.9786178], [-15.9727543, 17.9783924], [-15.972608, 17.977575], [-15.9725721, 17.9773746], [-15.9725283, 17.9771124], [-15.9725013, 17.976951], [-15.9724496, 17.9766416], [-15.9723639, 17.976129], [-15.972262, 17.9755301], [-15.9721932, 17.9751286], [-15.9721547, 17.9749033], [-15.9720531, 17.974299], [-15.9720418, 17.9742224], [-15.9719431, 17.9736459], [-15.9717341, 17.9724459], [-15.9715235, 17.9711889], [-15.9714056, 17.9705138], [-15.9713627, 17.9702681], [-15.9713254, 17.9700444], [-15.9712449, 17.9695622], [-15.9711719, 17.9691247], [-15.9710626, 17.9684692], [-15.9709749, 17.9679436], [-15.9709211, 17.9675687]]}}, {"type": "Feature", "properties": {"highway": "trunk"}, "geometry": {"type": "LineString", "coordinates": [[-15.9640724, 18.0787807], [-15.9642775, 18.0788919], [-15.9644895, 18.0789958], [-15.9646036, 18.0790273], [-15.9649854, 18.0791339]]}}, {"type": "Feature", "properties": {"highway": "primary"}, "geometry": {"type": "LineString", "coordinates": [[-16.0223563, 18.1220056], [-16.0223472, 18.1225643], [-16.0223043, 18.123329], [-16.022315, 18.1238159], [-16.0223794, 18.1247999], [-16.0225726, 18.1272904], [-16.0226584, 18.128208], [-16.0227174, 18.1289626], [-16.0227817, 18.129689], [-16.0227549, 18.1301274], [-16.0226959, 18.1303925], [-16.0225323, 18.1308743], [-16.0221246, 18.1317639], [-16.0219502, 18.1323374], [-16.0217598, 18.1330231], [-16.0216445, 18.1337012], [-16.0215667, 18.1343333], [-16.0215586, 18.1351056], [-16.0216069, 18.136036], [-16.0217571, 18.1369103], [-16.021961, 18.1376571], [-16.0221621, 18.1382332], [-16.0225537, 18.1390871], [-16.0229158, 18.1397447], [-16.0232726, 18.1402596], [-16.0234576, 18.1407643], [-16.0235381, 18.1411109], [-16.0235614, 18.1415166], [-16.0231173, 18.1474836], [-16.0229598, 18.1497277], [-16.0228867, 18.1502795], [-16.0227889, 18.1508518], [-16.0226792, 18.1513752], [-16.0225154, 18.152027], [-16.0222311, 18.1528171], [-16.0217, 18.1539844], [-16.0212226, 18.1547388], [-16.0204448, 18.1557939], [-16.0201712, 18.1560845], [-16.0201091, 18.156157], [-16.0199834, 18.1563037], [-16.0191734, 18.157053], [-16.0187389, 18.1574251], [-16.0184063, 18.1576851], [-16.0176606, 18.1581438], [-16.0170652, 18.1584649], [-16.0163195, 18.1588625], [-16.0156651, 18.1590919], [-16.0145815, 18.1594538], [-16.0136641, 18.1597392], [-16.0126046, 18.1600451], [-16.011682, 18.1603484], [-16.0111858, 18.1605319], [-16.009818, 18.1610486], [-16.0097462, 18.1610688]]}}, {"type": "Feature", "properties": {"highway": "trunk"}, "geometry": {"type": "LineString", "coordinates": [[-15.998845, 18.1078926], [-15.9988203, 18.1077552], [-15.9986357, 18.1068091], [-15.9986107, 18.1066801], [-15.9984231, 18.1057967], [-15.9983563, 18.1054819], [-15.9982557, 18.1049844], [-15.9982181, 18.1047817], [-15.9981658, 18.1045242], [-15.9981051, 18.1042398], [-15.9980983, 18.1041437], [-15.998094, 18.1040122], [-15.9981078, 18.1039141], [-15.9981371, 18.1037945]]}}, {"type": "Feature", "properties": {"highway": "primary"}, "geometry": {"type": "LineString", "coordinates": [[-16.0072399, 18.144396], [-16.0071267, 18.1444242]]}}, {"type": "Feature", "properties": {"highway": "trunk"}, "geometry": {"type": "LineString", "coordinates": [[-16.0038405, 18.1319469], [-16.0041519, 18.1331587], [-16.0049239, 18.1361623], [-16.0050362, 18.1365993], [-16.0050779, 18.1367526], [-16.0056102, 18.1387099], [-16.0062879, 18.141249], [-16.0063637, 18.1415331], [-16.0064098, 18.141706], [-16.0070971, 18.1443119], [-16.0071052, 18.1443426], [-16.0071267, 18.1444242]]}}, {"type": "Feature", "properties": {"highway": "trunk"}, "geometry": {"type": "LineString", "coordinates": [[-16.0072399, 18.144396], [-16.0072117, 18.1442875], [-16.0071859, 18.1441904], [-16.0064863, 18.1414967], [-16.0053903, 18.1374711], [-16.0050424, 18.1361411], [-16.0048713, 18.1354869], [-16.004558, 18.1342893], [-16.0042563, 18.1331354], [-16.0039447, 18.1319443]]}}, {"type": "Feature", "properties": {"highway": "trunk"}, "geometry": {"type": "LineString", "coordinates": [[-15.9978625, 18.1038965], [-15.9979114, 18.1039519], [-15.9979595, 18.1040483], [-15.9979908, 18.1041462], [-15.9980518, 18.1044643], [-15.998104, 18.1047021], [-15.9981929, 18.1051346], [-15.9982746, 18.105514], [-15.9983317, 18.1058239], [-15.9985425, 18.1068342], [-15.9987395, 18.1077739], [-15.9987684, 18.1079117]]}}, {"type": "Feature", "properties": {"highway": "trunk"}, "geometry": {"type": "LineString", "coordinates": [[-15.9971758, 18.0987823], [-15.9971123, 18.0987471], [-15.9970419, 18.0987271], [-15.9969685, 18.0987234], [-15.9968963, 18.0987361], [-15.9968292, 18.0987646], [-15.996771, 18.0988073]]}}, {"type": "Feature", "properties": {"highway": "trunk"}, "geometry": {"type": "LineString", "coordinates": [[-15.9968107, 18.0992606], [-15.9968503, 18.0992829], [-15.9968929, 18.0992995], [-15.9969376, 18.0993098], [-15.9969835, 18.0993138], [-15.9970294, 18.0993113], [-15.9970745, 18.0993024], [-15.9971177, 18.0992872], [-15.9971581, 18.0992662], [-15.9971947, 18.0992397], [-15.9972269, 18.0992083]]}}, {"type": "Feature", "properties": {"highway": "trunk"}, "geometry": {"type": "LineString", "coordinates": [[-15.9980435, 18.1035839], [-15.9979966, 18.1035679], [-15.997947, 18.1035643], [-15.9978982, 18.1035731], [-15.9978535, 18.1035938], [-15.9978161, 18.103625], [-15.9977886, 18.1036644]]}}, {"type": "Feature", "properties": {"highway": "trunk"}, "geometry": {"type": "LineString", "coordinates": [[-15.9978625, 18.1038965], [-15.9979148, 18.1039163], [-15.9979709, 18.1039205], [-15.9980258, 18.1039087], [-15.9980745, 18.103882], [-15.9981128, 18.1038428], [-15.9981371, 18.1037945]]}}, {"type": "Feature", "properties": {"highway": "trunk"}, "geometry": {"type": "LineString", "coordinates": [[-15.9977698, 18.1037501], [-15.9977772, 18.1037925], [-15.9977949, 18.1038319], [-15.9978221, 18.1038662]]}}, {"type": "Feature", "properties": {"highway": "trunk"}, "geometry": {"type": "LineString", "coordinates": [[-15.996688, 18.0989431], [-15.9966784, 18.0989995], [-15.9966804, 18.0990566], [-15.9966939, 18.0991122], [-15.9967184, 18.0991644], [-15.996753, 18.0992111]]}}, {"type": "Feature", "properties": {"highway": "secondary"}, "geometry": {"type": "LineString", "coordinates": [[-15.9875469, 18.0796136], [-15.9865998, 18.078258], [-15.9865183, 18.0781413], [-15.9864862, 18.0780953], [-15.9863432, 18.0778906], [-15.9861658, 18.0776367], [-15.9856106, 18.0768419], [-15.9849298, 18.0758674], [-15.9844181, 18.075135], [-15.9841512, 18.0747529]]}}, {"type": "Feature", "properties": {"highway": "tertiary"}, "geometry": {"type": "LineString", "coordinates": [[-15.9990918, 18.075858], [-15.9993441, 18.0762393], [-15.9995627, 18.0765697], [-15.9997966, 18.0769233]]}}, {"type": "Feature", "properties": {"highway": "tertiary"}, "geometry": {"type": "LineString", "coordinates": [[-15.9885309, 18.0810189], [-15.9896297, 18.080327], [-15.9903435, 18.07989], [-15.9907285, 18.0796548], [-15.9918011, 18.078969], [-15.9920015, 18.0788392], [-15.9929157, 18.0782624], [-15.9929395, 18.0782474], [-15.993149, 18.0781152], [-15.9936126, 18.0778227], [-15.994015, 18.077571], [-15.994093, 18.0775196], [-15.9947151, 18.0771261], [-15.9950996, 18.076883], [-15.9954826, 18.0766447], [-15.9956035, 18.0765667], [-15.9961731, 18.076213], [-15.9965612, 18.075968], [-15.9972446, 18.0755321], [-15.9976507, 18.0752761], [-15.9983488, 18.0748121]]}}, {"type": "Feature", "properties": {"highway": "tertiary"}, "geometry": {"type": "LineString", "coordinates": [[-15.9947614, 18.0695849], [-15.9954688, 18.070606], [-15.9957268, 18.070986], [-15.9960846, 18.0715055], [-15.9961948, 18.0716655]]}}, {"type": "Feature", "properties": {"highway": "trunk"}, "geometry": {"type": "LineString", "coordinates": [[-15.975224, 17.9922418], [-15.9751897, 17.9922406], [-15.9751555, 17.9922439], [-15.9751222, 17.9922516], [-15.9750902, 17.9922636], [-15.9750603, 17.9922795], [-15.975033, 17.9922993]]}}, {"type": "Feature", "properties": {"highway": "trunk"}, "geometry": {"type": "LineString", "coordinates": [[-15.9751215, 17.9927054], [-15.9751581, 17.9927137], [-15.9751957, 17.9927167], [-15.9752333, 17.9927143], [-15.9752701, 17.9927065], [-15.9753052, 17.9926936], [-15.9753379, 17.9926758], [-15.9753675, 17.9926535]]}}, {"type": "Feature", "properties": {"highway": "trunk"}, "geometry": {"type": "LineString", "coordinates": [[-15.973778, 18.0448238], [-15.9737437, 18.0448217], [-15.9737096, 18.0448255], [-15.9736767, 18.0448352], [-15.9736462, 18.0448504], [-15.9736192, 18.0448706], [-15.9735964, 18.0448951]]}}, {"type": "Feature", "properties": {"highway": "trunk"}, "geometry": {"type": "LineString", "coordinates": [[-15.9739326, 18.0450394], [-15.9739369, 18.0450074], [-15.9739351, 18.0449751], [-15.9739273, 18.0449437], [-15.9739136, 18.0449141], [-15.9738945, 18.0448874], [-15.9738707, 18.0448643], [-15.9738426, 18.0448455], [-15.9738114, 18.0448318], [-15.973778, 18.0448238]]}}, {"type": "Feature", "properties": {"highway": "trunk"}, "geometry": {"type": "LineString", "coordinates": [[-15.9747844, 18.0576782], [-15.9747324, 18.0576205], [-15.9746994, 18.057599], [-15.974663, 18.0575832], [-15.9746242, 18.0575736], [-15.9745843, 18.0575705], [-15.9745444, 18.0575741], [-15.9745057, 18.0575842]]}}, {"type": "Feature", "properties": {"highway": "trunk"}, "geometry": {"type": "LineString", "coordinates": [[-15.9743847, 18.0578976], [-15.9744075, 18.0579293], [-15.9744358, 18.0579567], [-15.9744687, 18.057979], [-15.9745051, 18.0579955], [-15.9745441, 18.0580057], [-15.9745843, 18.0580093], [-15.9746245, 18.0580062], [-15.9746636, 18.0579965], [-15.9747003, 18.0579804]]}}, {"type": "Feature", "properties": {"highway": "secondary"}, "geometry": {"type": "LineString", "coordinates": [[-15.9831454, 18.0663643], [-15.9829697, 18.0661021], [-15.9829007, 18.0659991], [-15.9824186, 18.0652939], [-15.982171, 18.0649412], [-15.9820343, 18.0647466], [-15.9819196, 18.0645895], [-15.9817788, 18.0643778], [-15.9817305, 18.0643122]]}}, {"type": "Feature", "properties": {"highway": "trunk"}, "geometry": {"type": "LineString", "coordinates": [[-15.9745057, 18.0575842], [-15.9744695, 18.0576004], [-15.9744423, 18.0576181], [-15.9744181, 18.0576392], [-15.9743972, 18.0576634], [-15.9743802, 18.0576902], [-15.9743643, 18.0577284], [-15.9743561, 18.0577688], [-15.974356, 18.0578099], [-15.9743639, 18.0578503], [-15.9743728, 18.0578745], [-15.9743847, 18.0578976]]}}, {"type": "Feature", "properties": {"highway": "trunk"}, "geometry": {"type": "LineString", "coordinates": [[-15.9735626, 18.0449721], [-15.9735602, 18.0450001], [-15.9735624, 18.0450281], [-15.9735691, 18.0450554], [-15.9735803, 18.0450814], [-15.9735956, 18.0451054]]}}, {"type": "Feature", "properties": {"highway": "trunk"}, "geometry": {"type": "LineString", "coordinates": [[-15.975033, 17.9922993], [-15.9750088, 17.9923224], [-15.9749881, 17.9923484], [-15.9749723, 17.9923749], [-15.9749601, 17.9924029], [-15.9749512, 17.9924369], [-15.9749475, 17.9924717], [-15.9749491, 17.9925066], [-15.9749561, 17.9925409], [-15.9749683, 17.9925738], [-15.9749854, 17.9926048], [-15.9750067, 17.9926335], [-15.9750314, 17.9926566], [-15.9750589, 17.9926768], [-15.9750892, 17.9926931], [-15.9751215, 17.9927054]]}}, {"type": "Feature", "properties": {"highway": "trunk"}, "geometry": {"type": "LineString", "coordinates": [[-15.996771, 18.0988073], [-15.9967349, 18.0988476], [-15.996707, 18.0988934], [-15.996688, 18.0989431]]}}, {"type": "Feature", "properties": {"highway": "tertiary"}, "geometry": {"type": "LineString", "coordinates": [[-15.9863667, 18.1027932], [-15.985499, 18.1030966], [-15.9853236, 18.1031557], [-15.9842301, 18.1035239], [-15.9841231, 18.1035599], [-15.9835584, 18.1036906], [-15.9829657, 18.1037887], [-15.9823743, 18.1038346], [-15.9818177, 18.1038486], [-15.981404, 18.1038117], [-15.9810016, 18.1037664], [-15.9806932, 18.1037244], [-15.9795633, 18.1035274], [-15.9788001, 18.1033952], [-15.9780223, 18.103262], [-15.9774532, 18.1031685]]}}, {"type": "Feature", "properties": {"highway": "tertiary"}, "geometry": {"type": "LineString", "coordinates": [[-15.9813814, 18.0953231], [-15.9814003, 18.0953162]]}}, {"type": "Feature", "properties": {"highway": "trunk"}, "geometry": {"type": "LineString", "coordinates": [[-15.996753, 18.0992111], [-15.9967708, 18.0992291], [-15.99679, 18.0992456], [-15.9968107, 18.0992606]]}}, {"type": "Feature", "properties": {"highway": "tertiary"}, "geometry": {"type": "LineString", "coordinates": [[-15.9765282, 18.0952121], [-15.9765083, 18.0951307], [-15.9764715, 18.0950445]]}}, {"type": "Feature", "properties": {"highway": "tertiary"}, "geometry": {"type": "LineString", "coordinates": [[-15.9777782, 18.0878429], [-15.9777885, 18.0877905]]}}, {"type": "Feature", "properties": {"highway": "tertiary"}, "geometry": {"type": "LineString", "coordinates": [[-15.9901057, 18.1112775], [-15.9898469, 18.110695], [-15.9897436, 18.1104528], [-15.9894794, 18.1098544], [-15.9888652, 18.1084495], [-15.9882724, 18.1071469]]}}, {"type": "Feature", "properties": {"highway": "tertiary"}, "geometry": {"type": "LineString", "coordinates": [[-15.9811469, 18.0950583], [-15.9811323, 18.0950924], [-15.981125, 18.0951286], [-15.9811254, 18.0951654], [-15.9811333, 18.0952015], [-15.9811485, 18.0952353], [-15.9811704, 18.0952657], [-15.9811982, 18.0952914], [-15.9812307, 18.0953114], [-15.9812667, 18.095325], [-15.9813048, 18.0953316], [-15.9813435, 18.0953309], [-15.9813814, 18.0953231]]}}, {"type": "Feature", "properties": {"highway": "tertiary"}, "geometry": {"type": "LineString", "coordinates": [[-15.9814003, 18.0953162], [-15.9814271, 18.0953025], [-15.9814513, 18.095285], [-15.9814724, 18.0952642]]}}, {"type": "Feature", "properties": {"highway": "tertiary"}, "geometry": {"type": "LineString", "coordinates": [[-15.9777228, 18.0877863], [-15.9777137, 18.0878388]]}}, {"type": "Feature", "properties": {"highway": "tertiary"}, "geometry": {"type": "LineString", "coordinates": [[-15.9764715, 18.0950445], [-15.9764546, 18.0951485], [-15.9764479, 18.0952194]]}}, {"type": "Feature", "properties": {"highway": "trunk"}, "geometry": {"type": "LineString", "coordinates": [[-16.0030504, 18.1283761], [-16.0030435, 18.1283449], [-16.0027898, 18.1271077], [-16.0027753, 18.1270485]]}}, {"type": "Feature", "properties": {"highway": "trunk"}, "geometry": {"type": "LineString", "coordinates": [[-16.0039447, 18.1319443], [-16.0036282, 18.130738], [-16.0033076, 18.1295418], [-16.0031775, 18.1289855], [-16.0030504, 18.1283761]]}}, {"type": "Feature", "properties": {"highway": "trunk"}, "geometry": {"type": "LineString", "coordinates": [[-16.0029382, 18.1283429], [-16.0029734, 18.1284741], [-16.0030835, 18.1289855], [-16.0032036, 18.1295409], [-16.0035343, 18.1307474], [-16.0038405, 18.1319469]]}}, {"type": "Feature", "properties": {"highway": "tertiary"}, "geometry": {"type": "LineString", "coordinates": [[-15.9750722, 18.1183622], [-15.975135, 18.1182277]]}}, {"type": "Feature", "properties": {"highway": "trunk"}, "geometry": {"type": "LineString", "coordinates": [[-15.9404148, 18.0723032], [-15.9405615, 18.0723503], [-15.9407696, 18.0724131], [-15.9412844, 18.0725397], [-15.9414429, 18.0725996], [-15.9418066, 18.0727058], [-15.9422419, 18.0728291], [-15.9424678, 18.0728815], [-15.9433155, 18.0730984], [-15.9433677, 18.0731134], [-15.9438259, 18.073245], [-15.9442982, 18.0733705], [-15.9444829, 18.0734127], [-15.9446866, 18.0734674], [-15.945753, 18.0737976]]}}, {"type": "Feature", "properties": {"highway": "trunk"}, "geometry": {"type": "LineString", "coordinates": [[-15.945753, 18.0737976], [-15.9461167, 18.0738896], [-15.9462165, 18.0739139], [-15.9467423, 18.0740603], [-15.9470374, 18.0741409], [-15.9471421, 18.0741695], [-15.9478234, 18.0743366], [-15.9480382, 18.0743995], [-15.948215, 18.0744513], [-15.9484656, 18.0745293], [-15.9489877, 18.0746776], [-15.9495111, 18.074819], [-15.9496564, 18.0748582], [-15.94989, 18.0749199], [-15.9501422, 18.0749855], [-15.9504747, 18.075076], [-15.9508449, 18.0751678], [-15.951089, 18.075238], [-15.9513196, 18.0753004], [-15.9516301, 18.0753845], [-15.9520248, 18.0754766], [-15.9523134, 18.0755567], [-15.9524421, 18.0755949], [-15.9525897, 18.0756383], [-15.9528807, 18.0757147], [-15.9532468, 18.0758104], [-15.9536653, 18.0759251], [-15.9542594, 18.0760896], [-15.9546308, 18.0761925], [-15.9551043, 18.076328], [-15.9553875, 18.0764118], [-15.9557641, 18.076518], [-15.956311, 18.0766527], [-15.9570536, 18.0768411], [-15.9572807, 18.0769035], [-15.9574297, 18.0769444], [-15.9580551, 18.0771117], [-15.9583799, 18.077199], [-15.9587431, 18.0772966], [-15.9591688, 18.077411], [-15.9595661, 18.077534], [-15.9599084, 18.0776364], [-15.9608523, 18.0779146], [-15.9610693, 18.0779698], [-15.9611835, 18.0779988], [-15.9612385, 18.0780128], [-15.9618351, 18.078185], [-15.9621977, 18.0782805], [-15.9629786, 18.0784861], [-15.963342, 18.078584], [-15.96376, 18.0786966], [-15.9640724, 18.0787807]]}}, {"type": "Feature", "properties": {"highway": "tertiary"}, "geometry": {"type": "LineString", "coordinates": [[-15.9573314, 18.0973392], [-15.957322, 18.0972903]]}}, {"type": "Feature", "properties": {"highway": "tertiary"}, "geometry": {"type": "LineString", "coordinates": [[-15.9571784, 18.0974886], [-15.9572375, 18.0974765], [-15.9572874, 18.0974439], [-15.9573203, 18.0973957], [-15.9573314, 18.0973392]]}}, {"type": "Feature", "properties": {"highway": "tertiary"}, "geometry": {"type": "LineString", "coordinates": [[-15.9582675, 18.0988202], [-15.9582295, 18.0988472], [-15.9582002, 18.0988827], [-15.9581818, 18.0989243], [-15.9581756, 18.098969]]}}, {"type": "Feature", "properties": {"highway": "tertiary"}, "geometry": {"type": "LineString", "coordinates": [[-15.9583449, 18.0991398], [-15.9584018, 18.0991333], [-15.9584449, 18.0991161], [-15.9584818, 18.099089], [-15.9585101, 18.0990538]]}}, {"type": "Feature", "properties": {"highway": "tertiary"}, "geometry": {"type": "LineString", "coordinates": [[-15.9747747, 18.1045374], [-15.974808, 18.1045001], [-15.9748278, 18.1044829], [-15.9748507, 18.1044554], [-15.9748688, 18.1044197], [-15.9748839, 18.1043821], [-15.9749188, 18.1042514], [-15.9749562, 18.104075], [-15.9750153, 18.1037462], [-15.9750639, 18.1034675], [-15.9751206, 18.1031344], [-15.9751873, 18.1028056]]}}, {"type": "Feature", "properties": {"highway": "secondary"}, "geometry": {"type": "LineString", "coordinates": [[-15.9732749, 18.107389], [-15.9732159, 18.107354], [-15.9731575, 18.1073316], [-15.9730275, 18.107303]]}}, {"type": "Feature", "properties": {"highway": "trunk"}, "geometry": {"type": "LineString", "coordinates": [[-15.9977886, 18.1036644], [-15.9977736, 18.1037061], [-15.9977698, 18.1037501]]}}, {"type": "Feature", "properties": {"highway": "trunk"}, "geometry": {"type": "LineString", "coordinates": [[-15.9978221, 18.1038662], [-15.9978625, 18.1038965]]}}, {"type": "Feature", "properties": {"highway": "secondary"}, "geometry": {"type": "LineString", "coordinates": [[-15.972072, 18.1072019], [-15.9721872, 18.1072413], [-15.9722739, 18.1072597], [-15.9726878, 18.1073297]]}}, {"type": "Feature", "properties": {"highway": "tertiary"}, "geometry": {"type": "LineString", "coordinates": [[-15.9726878, 18.1073297], [-15.9726848, 18.1074917]]}}, {"type": "Feature", "properties": {"highway": "tertiary"}, "geometry": {"type": "LineString", "coordinates": [[-15.9751131, 18.1027936], [-15.9750789, 18.1029683], [-15.9750222, 18.1032524], [-15.9749285, 18.103729], [-15.9748399, 18.1041482], [-15.9747932, 18.1043742], [-15.9747876, 18.1044095], [-15.9747815, 18.1044457], [-15.9747762, 18.1044866], [-15.9747747, 18.1045374]]}}, {"type": "Feature", "properties": {"highway": "tertiary"}, "geometry": {"type": "LineString", "coordinates": [[-15.9751131, 18.1027936], [-15.9751873, 18.1028056]]}}, {"type": "Feature", "properties": {"highway": "tertiary"}, "geometry": {"type": "LineString", "coordinates": [[-15.9581845, 18.0990219], [-15.9582047, 18.099062], [-15.9582351, 18.0990957], [-15.9582737, 18.0991208], [-15.9583178, 18.0991356]]}}, {"type": "Feature", "properties": {"highway": "tertiary"}, "geometry": {"type": "LineString", "coordinates": [[-15.9571009, 18.0972116], [-15.9570703, 18.0972326], [-15.957046, 18.09726], [-15.9570293, 18.0972922], [-15.9570206, 18.097342], [-15.9570301, 18.0973917], [-15.9570566, 18.0974354], [-15.957097, 18.0974681], [-15.9571362, 18.0974837], [-15.9571784, 18.0974886]]}}, {"type": "Feature", "properties": {"highway": "trunk"}, "geometry": {"type": "LineString", "coordinates": [[-15.9612915, 18.0876892], [-15.9611967, 18.0878096]]}}, {"type": "Feature", "properties": {"highway": "trunk"}, "geometry": {"type": "LineString", "coordinates": [[-15.9735964, 18.0448951], [-15.973581, 18.044919], [-15.9735696, 18.0449448], [-15.9735626, 18.0449721]]}}, {"type": "Feature", "properties": {"highway": "tertiary"}, "geometry": {"type": "LineString", "coordinates": [[-15.9874687, 18.0726616], [-15.9869306, 18.071877], [-15.9867202, 18.0715702], [-15.9862931, 18.0709474], [-15.9860352, 18.0705713]]}}, {"type": "Feature", "properties": {"highway": "trunk"}, "geometry": {"type": "LineString", "coordinates": [[-15.9735956, 18.0451054], [-15.9736121, 18.0451243], [-15.9736311, 18.0451409], [-15.9736523, 18.0451548]]}}, {"type": "Feature", "properties": {"highway": "tertiary"}, "geometry": {"type": "LineString", "coordinates": [[-15.965653, 18.0521098], [-15.9658278, 18.0519436], [-15.9662206, 18.051616], [-15.9668409, 18.0510468], [-15.9669573, 18.0509415], [-15.9679082, 18.0501012], [-15.9682442, 18.0497942], [-15.9684953, 18.0495647], [-15.9690414, 18.0490702], [-15.9694211, 18.0487194], [-15.9701182, 18.0480753], [-15.9702153, 18.0479777], [-15.9702576, 18.0479411], [-15.9704357, 18.0477867], [-15.9709014, 18.0473833], [-15.9712488, 18.0470823], [-15.9713423, 18.0470013], [-15.9716541, 18.0467136], [-15.9717426, 18.046632], [-15.9722463, 18.0461674], [-15.97238, 18.0460441]]}}, {"type": "Feature", "properties": {"highway": "trunk"}, "geometry": {"type": "LineString", "coordinates": [[-15.9816032, 18.0877424], [-15.9821194, 18.0876782], [-15.9826041, 18.0876202], [-15.9833124, 18.0875004], [-15.9840631, 18.0873572], [-15.9845385, 18.087253], [-15.9853137, 18.0870583], [-15.985532, 18.0869986], [-15.9858486, 18.0869059], [-15.9859165, 18.0868847], [-15.9863912, 18.0867267]]}}, {"type": "Feature", "properties": {"highway": "trunk"}, "geometry": {"type": "LineString", "coordinates": [[-15.9826161, 18.0875551], [-15.9821145, 18.0876152], [-15.9816015, 18.087682], [-15.98144, 18.0876968], [-15.9811824, 18.0877203], [-15.9806614, 18.0877565], [-15.9803316, 18.0877796]]}}, {"type": "Feature", "properties": {"highway": "trunk"}, "geometry": {"type": "LineString", "coordinates": [[-15.9863742, 18.0866573], [-15.9858883, 18.0868353], [-15.9858295, 18.0868525], [-15.9856625, 18.0869014], [-15.9853762, 18.08698], [-15.9852913, 18.0870018], [-15.9849991, 18.087077], [-15.984517, 18.0871951], [-15.9839507, 18.0873163], [-15.9838712, 18.0873333], [-15.9832911, 18.0874369], [-15.9826161, 18.0875551]]}}, {"type": "Feature", "properties": {"highway": "tertiary"}, "geometry": {"type": "LineString", "coordinates": [[-15.9811564, 18.095043], [-15.9811469, 18.0950583]]}}, {"type": "Feature", "properties": {"highway": "tertiary"}, "geometry": {"type": "LineString", "coordinates": [[-15.9812449, 18.0949731], [-15.9812239, 18.0949828], [-15.9812044, 18.0949949], [-15.9811864, 18.0950091], [-15.9811704, 18.0950252], [-15.9811564, 18.095043]]}}, {"type": "Feature", "properties": {"highway": "tertiary"}, "geometry": {"type": "LineString", "coordinates": [[-15.9812881, 18.0822056], [-15.9805531, 18.0820831], [-15.9802057, 18.0820252]]}}, {"type": "Feature", "properties": {"highway": "trunk"}, "geometry": {"type": "LineString", "coordinates": [[-15.9357472, 18.0710734], [-15.9358328, 18.071097], [-15.9359807, 18.0711378], [-15.93624, 18.0712093]]}}, {"type": "Feature", "properties": {"highway": "trunk"}, "geometry": {"type": "LineString", "coordinates": [[-15.974565, 17.9890564], [-15.9745188, 17.9887939], [-15.9744859, 17.9886112], [-15.9743227, 17.9876717], [-15.9742767, 17.9874071], [-15.9742177, 17.9870244], [-15.9740889, 17.9861877], [-15.9739125, 17.9851961], [-15.9738959, 17.985103], [-15.9738512, 17.9848497]]}}, {"type": "Feature", "properties": {"highway": "trunk"}, "geometry": {"type": "LineString", "coordinates": [[-15.9750438, 17.99192], [-15.974915, 17.9911342], [-15.9747273, 17.9899582], [-15.9746133, 17.989314], [-15.974565, 17.9890564]]}}, {"type": "Feature", "properties": {"highway": "trunk"}, "geometry": {"type": "LineString", "coordinates": [[-15.9753675, 17.9926535], [-15.9753868, 17.9926346], [-15.9754038, 17.9926137], [-15.9754183, 17.9925912], [-15.97543, 17.9925672], [-15.9754389, 17.9925422]]}}, {"type": "Feature", "properties": {"highway": "trunk"}, "geometry": {"type": "LineString", "coordinates": [[-15.9753392, 17.9922822], [-15.9753126, 17.9922671], [-15.9752842, 17.9922552], [-15.9752545, 17.9922467], [-15.975224, 17.9922418]]}}, {"type": "Feature", "properties": {"highway": "tertiary"}, "geometry": {"type": "LineString", "coordinates": [[-15.9585102, 18.0988843], [-15.9584753, 18.098843], [-15.9584633, 18.0988355], [-15.9584289, 18.0988139], [-15.9583753, 18.0987998], [-15.9583197, 18.0988019]]}}, {"type": "Feature", "properties": {"highway": "tertiary"}, "geometry": {"type": "LineString", "coordinates": [[-15.9583178, 18.0991356], [-15.9583449, 18.0991398]]}}, {"type": "Feature", "properties": {"highway": "tertiary"}, "geometry": {"type": "LineString", "coordinates": [[-15.9581756, 18.098969], [-15.9581845, 18.0990219]]}}, {"type": "Feature", "properties": {"highway": "tertiary"}, "geometry": {"type": "LineString", "coordinates": [[-15.9583197, 18.0988019], [-15.9582675, 18.0988202]]}}, {"type": "Feature", "properties": {"highway": "tertiary"}, "geometry": {"type": "LineString", "coordinates": [[-15.9800622, 18.0892872], [-15.9793058, 18.0894176], [-15.9791213, 18.0894381], [-15.9783483, 18.0895316], [-15.9776938, 18.0895848], [-15.977458, 18.0896039]]}}, {"type": "Feature", "properties": {"highway": "tertiary"}, "geometry": {"type": "LineString", "coordinates": [[-15.9800622, 18.0892872], [-15.9800805, 18.0891861], [-15.9802021, 18.0885138]]}}, {"type": "Feature", "properties": {"highway": "tertiary"}, "geometry": {"type": "LineString", "coordinates": [[-15.9802021, 18.0885138], [-15.9803217, 18.0878406]]}}, {"type": "Feature", "properties": {"highway": "trunk"}, "geometry": {"type": "LineString", "coordinates": [[-15.9751215, 17.9927054], [-15.975147, 17.9927707], [-15.9751765, 17.9928409], [-15.9752007, 17.9929149], [-15.9752235, 17.9930373], [-15.9752476, 17.9931687], [-15.9753388, 17.9938173], [-15.97554, 17.9950284], [-15.9756106, 17.9954097], [-15.9759276, 17.9971231], [-15.9759992, 17.9975193], [-15.9761944, 17.9987388], [-15.9763044, 17.9994454], [-15.9763929, 17.9999722], [-15.9765297, 18.0007323], [-15.9766102, 18.0012464], [-15.9766786, 18.001666], [-15.9771547, 18.0043304], [-15.9773719, 18.0056007], [-15.9775267, 18.0065513], [-15.9775704, 18.0069271], [-15.97762, 18.0076809], [-15.9776267, 18.0079054], [-15.9776281, 18.008098], [-15.9776187, 18.0082702], [-15.9776093, 18.0084219], [-15.9775999, 18.0085699], [-15.9775852, 18.0087076], [-15.9775382, 18.0090966], [-15.9774832, 18.0094537]]}}, {"type": "Feature", "properties": {"highway": "trunk"}, "geometry": {"type": "LineString", "coordinates": [[-15.977435, 18.0101731], [-15.9774719, 18.0100063], [-15.977486, 18.0099284], [-15.9775382, 18.0096489], [-15.9775673, 18.0094783]]}}, {"type": "Feature", "properties": {"highway": "trunk"}, "geometry": {"type": "LineString", "coordinates": [[-15.9775673, 18.0094783], [-15.9776019, 18.0092458], [-15.9776355, 18.0089678], [-15.977667, 18.0087223], [-15.9776824, 18.0085507], [-15.9776992, 18.0083065], [-15.9777099, 18.0078875], [-15.9777018, 18.0077262], [-15.9776858, 18.0073672], [-15.977679, 18.0071803], [-15.977667, 18.0069463], [-15.9776408, 18.0067358], [-15.9775822, 18.006362], [-15.9774665, 18.005651], [-15.9774546, 18.0055883], [-15.9773897, 18.0052342], [-15.9773076, 18.0047857], [-15.9771714, 18.003979], [-15.9770293, 18.003155], [-15.976924, 18.0026187], [-15.9767396, 18.0015167], [-15.9766873, 18.0012451], [-15.9766082, 18.0007132], [-15.9764783, 17.9999462], [-15.976336, 17.9991317], [-15.9762011, 17.9982936], [-15.9760986, 17.9976629], [-15.9760724, 17.9974945], [-15.9760154, 17.9971291], [-15.9759316, 17.9966604], [-15.9757948, 17.9958441], [-15.9756593, 17.9950189], [-15.9755239, 17.9942491], [-15.9753703, 17.9934435], [-15.9753247, 17.993161], [-15.9753167, 17.9930765], [-15.9753147, 17.9929888], [-15.9753157, 17.9928964], [-15.9753221, 17.9928422], [-15.9753294, 17.9927985], [-15.9753469, 17.9927229], [-15.9753675, 17.9926535]]}}, {"type": "Feature", "properties": {"highway": "trunk"}, "geometry": {"type": "LineString", "coordinates": [[-15.9733998, 18.0601829], [-15.9732991, 18.060424], [-15.9731219, 18.0608479], [-15.9730616, 18.0609697], [-15.9729928, 18.0610901], [-15.9728631, 18.0614721], [-15.9722071, 18.0629714], [-15.971801, 18.0638997], [-15.9715302, 18.0645187], [-15.9709024, 18.0659537], [-15.9707479, 18.0663559]]}}, {"type": "Feature", "properties": {"highway": "trunk"}, "geometry": {"type": "LineString", "coordinates": [[-15.9722932, 18.0387791], [-15.9723146, 18.0389053], [-15.9723642, 18.039103], [-15.9723924, 18.0392942], [-15.9724501, 18.0395914], [-15.9725225, 18.0399956], [-15.9726016, 18.040382], [-15.9726727, 18.0406931], [-15.9728014, 18.0413179], [-15.9728819, 18.0416941], [-15.9731101, 18.0425929], [-15.9731818, 18.0429084], [-15.9734569, 18.0441671], [-15.9734922, 18.0443186], [-15.973527, 18.0444701], [-15.9735565, 18.0445964], [-15.9735712, 18.0446907], [-15.973586, 18.0447634], [-15.9735954, 18.044824], [-15.9735964, 18.0448951]]}}, {"type": "Feature", "properties": {"highway": "secondary"}, "geometry": {"type": "LineString", "coordinates": [[-15.9722932, 18.0387791], [-15.9724286, 18.0387905]]}}, {"type": "Feature", "properties": {"highway": "trunk"}, "geometry": {"type": "LineString", "coordinates": [[-15.973778, 18.0448238], [-15.9737375, 18.0447583], [-15.9737041, 18.0446947], [-15.9736665, 18.0446308], [-15.9736235, 18.0445403], [-15.97359, 18.0443962], [-15.9735383, 18.0441499], [-15.9732682, 18.0428966], [-15.9728886, 18.0413014], [-15.9727451, 18.0406727], [-15.9725936, 18.0399803], [-15.9725198, 18.0395786], [-15.9724876, 18.039321], [-15.9724662, 18.0391922], [-15.9724528, 18.0390838], [-15.972438, 18.0389321], [-15.9724286, 18.0387905]]}}, {"type": "Feature", "properties": {"highway": "trunk"}, "geometry": {"type": "LineString", "coordinates": [[-15.9708005, 18.0663949], [-15.9709802, 18.0659677], [-15.9716164, 18.0645438], [-15.9723226, 18.0629465], [-15.9727089, 18.0620344], [-15.9731528, 18.0611407], [-15.9732202, 18.0610083], [-15.9732764, 18.0608935], [-15.9734939, 18.0604393]]}}, {"type": "Feature", "properties": {"highway": "trunk"}, "geometry": {"type": "LineString", "coordinates": [[-15.9884076, 18.0860552], [-15.9881795, 18.0861256], [-15.9878497, 18.0862276], [-15.9876287, 18.0862959], [-15.9871434, 18.0864459], [-15.9869362, 18.0865099]]}}, {"type": "Feature", "properties": {"highway": "tertiary"}, "geometry": {"type": "LineString", "coordinates": [[-15.9940314, 18.068525], [-15.9946393, 18.0681397], [-15.9951407, 18.0678258], [-15.9956304, 18.0675147], [-15.9960856, 18.0672255], [-15.9973571, 18.0664194]]}}, {"type": "Feature", "properties": {"highway": "trunk"}, "geometry": {"type": "LineString", "coordinates": [[-15.914429, 18.0692587], [-15.9151752, 18.0693509], [-15.9156875, 18.0693965], [-15.9160727, 18.0694376], [-15.9161495, 18.0694411], [-15.9163759, 18.0694618], [-15.9166175, 18.0694838], [-15.9169823, 18.0695249], [-15.9171181, 18.0695358], [-15.9172475, 18.0695505], [-15.9176689, 18.0695898], [-15.9178182, 18.0696024], [-15.918184, 18.0696362], [-15.9185337, 18.0696582], [-15.9186192, 18.0696681], [-15.9190171, 18.0697052], [-15.919089, 18.0697126], [-15.9194449, 18.069734], [-15.9197185, 18.0697605], [-15.9199482, 18.0697828], [-15.9201935, 18.0698007], [-15.9204977, 18.0698299], [-15.9207769, 18.069853], [-15.9209966, 18.0698732], [-15.9212259, 18.0698913], [-15.9214087, 18.0699037], [-15.9215933, 18.0699138], [-15.921814, 18.0699298], [-15.9220293, 18.0699409], [-15.9222651, 18.0699536], [-15.9226925, 18.0699688], [-15.923121, 18.0699676], [-15.9234169, 18.0699671], [-15.9235352, 18.0699701], [-15.9237992, 18.0699721], [-15.9247334, 18.0699774], [-15.9250073, 18.0699709], [-15.9253559, 18.0699707], [-15.9258128, 18.0699779], [-15.926771, 18.0699649], [-15.9274696, 18.0699666], [-15.9286448, 18.0699749], [-15.928867, 18.0699714], [-15.9291941, 18.0699801], [-15.9293523, 18.0699732], [-15.9295907, 18.0699723], [-15.9300323, 18.0699704], [-15.9302046, 18.0699734], [-15.9303592, 18.069979], [-15.9305487, 18.0699903], [-15.9309251, 18.0700251], [-15.9311944, 18.0700449], [-15.9314983, 18.0700824], [-15.9319513, 18.070142], [-15.9320616, 18.0701575], [-15.9321743, 18.0701798], [-15.932541, 18.0702525], [-15.9327421, 18.0702854], [-15.9329378, 18.0703232], [-15.9334414, 18.0704532], [-15.9335834, 18.0704915], [-15.9337135, 18.0705267], [-15.9337318, 18.0705316], [-15.9341441, 18.0706423], [-15.9344028, 18.0707087], [-15.9347506, 18.0708016], [-15.9350781, 18.0708865], [-15.9354306, 18.0709861], [-15.9356871, 18.0710569], [-15.9357472, 18.0710734]]}}, {"type": "Feature", "properties": {"highway": "tertiary"}, "geometry": {"type": "LineString", "coordinates": [[-16.0064007, 18.0696081], [-16.006604, 18.0694869], [-16.0066958, 18.0694189], [-16.0067236, 18.0693983], [-16.0067945, 18.0693181], [-16.00684, 18.0692431], [-16.0068602, 18.0691702], [-16.0068742, 18.0690831], [-16.0068757, 18.0689919]]}}, {"type": "Feature", "properties": {"highway": "tertiary"}, "geometry": {"type": "LineString", "coordinates": [[-15.9983488, 18.0748121], [-15.9988792, 18.0744972], [-15.999077, 18.0743697], [-15.9996839, 18.0739896], [-15.999814, 18.073907], [-15.9999741, 18.0737998], [-16.0001232, 18.073693], [-16.0005181, 18.0734394], [-16.0009456, 18.0731656], [-16.0011336, 18.0730513], [-16.0012645, 18.0729636], [-16.0017042, 18.072674]]}}, {"type": "Feature", "properties": {"highway": "tertiary"}, "geometry": {"type": "LineString", "coordinates": [[-16.0009839, 18.0716313], [-16.0010959, 18.0717855], [-16.0017042, 18.072674]]}}, {"type": "Feature", "properties": {"highway": "tertiary"}, "geometry": {"type": "LineString", "coordinates": [[-15.9973571, 18.0664194], [-15.9978107, 18.0670481], [-15.9980932, 18.0674534], [-15.9987121, 18.0683632], [-15.9988118, 18.0685058], [-15.9989057, 18.0686425], [-15.999544, 18.0695539], [-15.9999468, 18.0701325], [-16.0002817, 18.0706196], [-16.0006554, 18.071176], [-16.0008589, 18.0714707], [-16.0009839, 18.0716313]]}}, {"type": "Feature", "properties": {"highway": "tertiary"}, "geometry": {"type": "LineString", "coordinates": [[-16.0043773, 18.0793316], [-16.0035374, 18.079185], [-16.0030151, 18.0790948], [-16.0022543, 18.0789632], [-16.0020117, 18.0789398], [-16.0013439, 18.0788751], [-16.0012504, 18.0788906], [-16.0011502, 18.0789279]]}}, {"type": "Feature", "properties": {"highway": "secondary"}, "geometry": {"type": "LineString", "coordinates": [[-15.9912886, 18.0851647], [-15.991597, 18.0850571], [-15.9918031, 18.0849918], [-15.9919447, 18.084947], [-15.992351, 18.0848183], [-15.9929589, 18.0846258], [-15.9932846, 18.0845242], [-15.9936194, 18.0844324], [-15.9938419, 18.0843725], [-15.9940854, 18.084313], [-15.9943825, 18.0842539], [-15.9946105, 18.0842106], [-15.9949605, 18.0841545], [-15.9953333, 18.0841112], [-15.9957317, 18.084092], [-15.9960133, 18.0840755], [-15.9963338, 18.0840729], [-15.9966329, 18.0840806], [-15.9968582, 18.084092], [-15.997121, 18.0841073], [-15.9974107, 18.0841265], [-15.9977044, 18.0841634], [-15.9980055, 18.0842055], [-15.9983196, 18.0842663], [-15.9986115, 18.0843331], [-15.9988484, 18.0843993], [-15.9991045, 18.0844681], [-15.9993258, 18.084537], [-15.9996101, 18.0846351], [-15.9997944, 18.0846899]]}}, {"type": "Feature", "properties": {"highway": "primary"}, "geometry": {"type": "LineString", "coordinates": [[-16.0199748, 18.0998753], [-16.0202022, 18.1007374], [-16.0202738, 18.1009965], [-16.0203651, 18.1013553]]}}, {"type": "Feature", "properties": {"highway": "tertiary"}, "geometry": {"type": "LineString", "coordinates": [[-15.9547032, 18.1052916], [-15.9545101, 18.1056313], [-15.9543224, 18.1059557], [-15.9541266, 18.1062884], [-15.9539314, 18.1066371], [-15.9537437, 18.1069701], [-15.9535499, 18.1073095], [-15.9533729, 18.1076472], [-15.953169, 18.1079787], [-15.9529893, 18.1082935], [-15.9529571, 18.1083477], [-15.9528632, 18.1085128], [-15.952756, 18.1087218]]}}, {"type": "Feature", "properties": {"highway": "trunk"}, "geometry": {"type": "LineString", "coordinates": [[-15.9543218, 18.0974688], [-15.9542837, 18.0973939], [-15.9542298, 18.0973283], [-15.9541592, 18.0972729], [-15.9540774, 18.0972337], [-15.9539886, 18.0972126], [-15.9538971, 18.0972106]]}}, {"type": "Feature", "properties": {"highway": "trunk"}, "geometry": {"type": "LineString", "coordinates": [[-15.953548, 18.0977408], [-15.9535862, 18.0978128], [-15.9536391, 18.0978759], [-15.9537044, 18.0979273], [-15.9537794, 18.0979649], [-15.9538609, 18.0979872], [-15.9539455, 18.0979932], [-15.9540296, 18.0979825]]}}, {"type": "Feature", "properties": {"highway": "tertiary"}, "geometry": {"type": "LineString", "coordinates": [[-15.9360008, 18.1264155], [-15.9363603, 18.1266843], [-15.9370164, 18.1271731], [-15.937684, 18.1276667], [-15.9380609, 18.1279286]]}}, {"type": "Feature", "properties": {"highway": "trunk"}, "geometry": {"type": "LineString", "coordinates": [[-15.9399781, 18.1149767], [-15.9397294, 18.1152882], [-15.9395839, 18.1154704], [-15.9394366, 18.1156549], [-15.9393215, 18.1158025], [-15.9392181, 18.1159352], [-15.9390194, 18.1161901], [-15.9386509, 18.1166629], [-15.9385628, 18.1167724], [-15.9383833, 18.1169955], [-15.9381688, 18.1172568], [-15.9380365, 18.1174245], [-15.9377866, 18.1177412], [-15.9376419, 18.1179349], [-15.9374485, 18.1181939], [-15.9373963, 18.1182638], [-15.9373413, 18.1183262], [-15.9372306, 18.1184671], [-15.9370445, 18.118704], [-15.9369949, 18.1187668], [-15.9367821, 18.1190285], [-15.9365487, 18.1193026], [-15.9361772, 18.1197857], [-15.9360766, 18.1199106], [-15.9359586, 18.1200724], [-15.9357789, 18.1203082], [-15.935673, 18.1204433], [-15.9354772, 18.120697], [-15.9354423, 18.1207429], [-15.9352371, 18.1210008], [-15.9350422, 18.121244], [-15.9349765, 18.1213288], [-15.9348689, 18.1214668], [-15.9347051, 18.1216769], [-15.9346095, 18.1217995], [-15.9345482, 18.1218785], [-15.9343986, 18.1220782], [-15.9340672, 18.1224869], [-15.933896, 18.1226981], [-15.9336492, 18.1229925], [-15.9328017, 18.1240912]]}}, {"type": "Feature", "properties": {"highway": "trunk"}, "geometry": {"type": "LineString", "coordinates": [[-15.9538971, 18.0972106], [-15.9538359, 18.0972202], [-15.9537769, 18.0972384], [-15.9537215, 18.0972648], [-15.9536708, 18.0972988], [-15.9536071, 18.0973613], [-15.9535595, 18.0974357], [-15.9535303, 18.0975182], [-15.953521, 18.0976048], [-15.953532, 18.0976912], [-15.953548, 18.0977408]]}}, {"type": "Feature", "properties": {"highway": "trunk"}, "geometry": {"type": "LineString", "coordinates": [[-15.9728433, 18.0871832], [-15.9738029, 18.0873451], [-15.9741063, 18.0874003], [-15.9744523, 18.0874643], [-15.9749043, 18.0875379], [-15.9752525, 18.0875884], [-15.9758822, 18.0876756], [-15.9761302, 18.0877027], [-15.9763373, 18.0877253], [-15.9764586, 18.0877351], [-15.97678, 18.0877609], [-15.9769467, 18.0877794], [-15.9772254, 18.087805], [-15.9774571, 18.0878216], [-15.9777137, 18.0878388], [-15.9777782, 18.0878429], [-15.9780048, 18.0878526], [-15.9782994, 18.0878634], [-15.9785513, 18.0878694], [-15.9787198, 18.0878755], [-15.9790641, 18.087878], [-15.9793301, 18.0878787], [-15.979628, 18.0878711], [-15.9799415, 18.087857]]}}, {"type": "Feature", "properties": {"highway": "tertiary"}, "geometry": {"type": "LineString", "coordinates": [[-15.9607145, 18.0894746], [-15.9606349, 18.0895777]]}}, {"type": "Feature", "properties": {"highway": "tertiary"}, "geometry": {"type": "LineString", "coordinates": [[-15.9600395, 18.0908499], [-15.9602649, 18.0903348], [-15.9603614, 18.0901105], [-15.9604472, 18.0899078], [-15.9605491, 18.0897166], [-15.9605991, 18.0896356], [-15.9606349, 18.0895777]]}}, {"type": "Feature", "properties": {"highway": "trunk"}, "geometry": {"type": "LineString", "coordinates": [[-15.9600555, 18.089134], [-15.9599521, 18.0892542], [-15.9593962, 18.0899952], [-15.9590229, 18.0905236], [-15.95846, 18.0912928], [-15.9558335, 18.0948822], [-15.955335, 18.0956183], [-15.9549755, 18.0961033], [-15.9545384, 18.0966725], [-15.9544341, 18.0968073], [-15.9543171, 18.0969171], [-15.9541641, 18.0970403], [-15.9538971, 18.0972106]]}}, {"type": "Feature", "properties": {"highway": "tertiary"}, "geometry": {"type": "LineString", "coordinates": [[-15.9283948, 18.1046501], [-15.9286429, 18.1043343], [-15.9288991, 18.1040099], [-15.9289519, 18.1039433], [-15.9291156, 18.1037366], [-15.929288, 18.103521], [-15.9294973, 18.1032545], [-15.9297398, 18.1029483]]}}, {"type": "Feature", "properties": {"highway": "tertiary"}, "geometry": {"type": "LineString", "coordinates": [[-15.9297398, 18.1029483], [-15.9299808, 18.1026372], [-15.9303585, 18.1021496], [-15.9305244, 18.1019355], [-15.9305722, 18.1018761], [-15.931078, 18.1012475], [-15.9313283, 18.1009171], [-15.9315645, 18.1006384], [-15.9321136, 18.0999313], [-15.9322881, 18.0997117], [-15.9326614, 18.0992418], [-15.9329061, 18.0989338], [-15.9333061, 18.0984034], [-15.9337042, 18.0979133], [-15.9341086, 18.0974073], [-15.9344625, 18.0969558], [-15.9348364, 18.0964963]]}}, {"type": "Feature", "properties": {"highway": "trunk"}, "geometry": {"type": "LineString", "coordinates": [[-15.9611967, 18.0878096], [-15.9611701, 18.0878507]]}}, {"type": "Feature", "properties": {"highway": "trunk"}, "geometry": {"type": "LineString", "coordinates": [[-15.9799388, 18.0878032], [-15.979625, 18.087821], [-15.9793273, 18.0878285], [-15.9790564, 18.087826], [-15.9787935, 18.087826], [-15.9785387, 18.0878183], [-15.9782785, 18.0878133], [-15.9780104, 18.0878049], [-15.9777885, 18.0877905], [-15.9777228, 18.0877863], [-15.9772227, 18.0877477], [-15.9767798, 18.0877019], [-15.9763554, 18.0876629], [-15.9759013, 18.0876117], [-15.9749158, 18.0874591], [-15.9744591, 18.0873875], [-15.9738124, 18.0872668], [-15.9728563, 18.0870977]]}}, {"type": "Feature", "properties": {"highway": "tertiary"}, "geometry": {"type": "LineString", "coordinates": [[-15.9760498, 18.0813334], [-15.9749289, 18.0811348], [-15.9744453, 18.0810465], [-15.9739763, 18.0809668]]}}, {"type": "Feature", "properties": {"highway": "tertiary"}, "geometry": {"type": "LineString", "coordinates": [[-15.9813778, 18.0822206], [-15.9812881, 18.0822056]]}}, {"type": "Feature", "properties": {"highway": "trunk"}, "geometry": {"type": "LineString", "coordinates": [[-15.9716618, 18.0869705], [-15.9718518, 18.0870046], [-15.9726144, 18.0871395], [-15.9728433, 18.0871832]]}}, {"type": "Feature", "properties": {"highway": "tertiary"}, "geometry": {"type": "LineString", "coordinates": [[-15.9739763, 18.0809668], [-15.9728132, 18.0807621]]}}, {"type": "Feature", "properties": {"highway": "tertiary"}, "geometry": {"type": "LineString", "coordinates": [[-16.0017042, 18.072674], [-16.0018525, 18.0729074], [-16.0019888, 18.0730928], [-16.0024366, 18.0737349]]}}, {"type": "Feature", "properties": {"highway": "tertiary"}, "geometry": {"type": "LineString", "coordinates": [[-15.9983488, 18.0748121], [-15.9990918, 18.075858]]}}, {"type": "Feature", "properties": {"highway": "secondary"}, "geometry": {"type": "LineString", "coordinates": [[-15.9899917, 18.0831787], [-15.9893951, 18.0822866], [-15.9892868, 18.0821276], [-15.988785, 18.0813915], [-15.9885309, 18.0810189]]}}, {"type": "Feature", "properties": {"highway": "secondary"}, "geometry": {"type": "LineString", "coordinates": [[-15.9885309, 18.0810189], [-15.9884716, 18.0809342], [-15.9878111, 18.0799908], [-15.9875469, 18.0796136]]}}, {"type": "Feature", "properties": {"highway": "trunk"}, "geometry": {"type": "LineString", "coordinates": [[-15.9869362, 18.0865099], [-15.9867685, 18.0865475], [-15.9863742, 18.0866573]]}}, {"type": "Feature", "properties": {"highway": "trunk"}, "geometry": {"type": "LineString", "coordinates": [[-15.9616595, 18.0885196], [-15.9616945, 18.0884909], [-15.9617803, 18.0884341], [-15.9621291, 18.0881762], [-15.9623125, 18.0880406], [-15.9627445, 18.0877865], [-15.963002, 18.0876629]]}}, {"type": "Feature", "properties": {"highway": "tertiary"}, "geometry": {"type": "LineString", "coordinates": [[-15.9696441, 18.0885578], [-15.9694159, 18.0885187], [-15.9692948, 18.0885002], [-15.969184, 18.0884832], [-15.9686434, 18.0883984], [-15.9684321, 18.0883755], [-15.9682886, 18.0883678], [-15.9681773, 18.0883704], [-15.9680325, 18.088387], [-15.9678943, 18.0884086], [-15.9677012, 18.0884584], [-15.9672105, 18.088598], [-15.9664537, 18.0888131], [-15.9659886, 18.0889453], [-15.9656104, 18.0890537], [-15.9655802, 18.0890624], [-15.9653135, 18.0891388], [-15.9652323, 18.0891621], [-15.965169, 18.0891807], [-15.9650673, 18.0892131], [-15.9648943, 18.089273], [-15.9647777, 18.0893154], [-15.9646341, 18.0893788], [-15.9645711, 18.0894082], [-15.964492, 18.0894451], [-15.9643511, 18.0895228], [-15.9641795, 18.0896274], [-15.9639935, 18.0897399], [-15.9639099, 18.0897905]]}}, {"type": "Feature", "properties": {"highway": "trunk"}, "geometry": {"type": "LineString", "coordinates": [[-15.9629627, 18.0875883], [-15.9626857, 18.0877246], [-15.9622724, 18.087979], [-15.9620682, 18.0881285], [-15.9618527, 18.0882863], [-15.9617752, 18.088339]]}}, {"type": "Feature", "properties": {"highway": "tertiary"}, "geometry": {"type": "LineString", "coordinates": [[-15.9352264, 18.1258476], [-15.9356193, 18.1261343], [-15.9360008, 18.1264155]]}}, {"type": "Feature", "properties": {"highway": "trunk"}, "geometry": {"type": "LineString", "coordinates": [[-15.9533458, 18.098545], [-15.9528197, 18.0991668], [-15.9526059, 18.0994287], [-15.9519312, 18.1002552], [-15.9512056, 18.1011368], [-15.9511024, 18.1012622], [-15.9509994, 18.101387], [-15.9505753, 18.1019009], [-15.9503312, 18.1021998], [-15.9500349, 18.1025625], [-15.9497355, 18.1029164], [-15.9496765, 18.1029862], [-15.949269, 18.103468], [-15.9491004, 18.1036721], [-15.9486488, 18.1042189], [-15.9485794, 18.1043036], [-15.9484794, 18.1044257], [-15.948262, 18.104691], [-15.947968, 18.1050624], [-15.9476707, 18.1054106], [-15.9473726, 18.1057725], [-15.9466861, 18.1066058], [-15.9458613, 18.1076256], [-15.9454128, 18.1081783], [-15.9447556, 18.1090092], [-15.9441665, 18.1097426], [-15.9428745, 18.1113415], [-15.9415355, 18.112978], [-15.9409281, 18.1137968], [-15.9407493, 18.1140133], [-15.9406733, 18.1141053], [-15.9403836, 18.1144635], [-15.9402224, 18.1146675], [-15.9399781, 18.1149767]]}}, {"type": "Feature", "properties": {"highway": "trunk"}, "geometry": {"type": "LineString", "coordinates": [[-15.8918331, 18.0660458], [-15.8919917, 18.0660866], [-15.8923857, 18.0661939]]}}, {"type": "Feature", "properties": {"highway": "tertiary"}, "geometry": {"type": "LineString", "coordinates": [[-15.9793483, 18.0818826], [-15.9791367, 18.0818469], [-15.9786466, 18.0817642], [-15.9784825, 18.0817378], [-15.9782813, 18.081703], [-15.9782346, 18.0816954]]}}, {"type": "Feature", "properties": {"highway": "tertiary"}, "geometry": {"type": "LineString", "coordinates": [[-15.9802057, 18.0820252], [-15.9798578, 18.0819672], [-15.9797311, 18.0819467]]}}, {"type": "Feature", "properties": {"highway": "tertiary"}, "geometry": {"type": "LineString", "coordinates": [[-15.9797311, 18.0819467], [-15.9796642, 18.0819358], [-15.9793483, 18.0818826]]}}, {"type": "Feature", "properties": {"highway": "tertiary"}, "geometry": {"type": "LineString", "coordinates": [[-15.9207048, 18.1144347], [-15.9204987, 18.1146953], [-15.9201899, 18.1150772]]}}, {"type": "Feature", "properties": {"highway": "trunk"}, "geometry": {"type": "LineString", "coordinates": [[-15.9649077, 18.0798148], [-15.9649761, 18.0796542], [-15.9650499, 18.0795063], [-15.9651183, 18.0793597], [-15.9651966, 18.0791794], [-15.9652542, 18.0790547], [-15.9657916, 18.0778317]]}}, {"type": "Feature", "properties": {"highway": "secondary"}, "geometry": {"type": "LineString", "coordinates": [[-15.9617981, 18.1055855], [-15.9616354, 18.105558], [-15.9614611, 18.1055427], [-15.9613699, 18.1055376], [-15.9613162, 18.1055408], [-15.9612572, 18.1055529], [-15.9611312, 18.1055835], [-15.9610145, 18.1056116]]}}, {"type": "Feature", "properties": {"highway": "tertiary"}, "geometry": {"type": "LineString", "coordinates": [[-15.9665627, 18.1014797], [-15.967211, 18.101551], [-15.9672896, 18.1015596], [-15.9673561, 18.1015669], [-15.9677737, 18.1016278], [-15.9678291, 18.1016379], [-15.9678719, 18.1016458], [-15.9685545, 18.1017311], [-15.9690759, 18.1018156], [-15.9698669, 18.1019437], [-15.970538, 18.1020524], [-15.9712025, 18.10216], [-15.9719163, 18.1022757], [-15.972501, 18.1023712], [-15.9735175, 18.1025351], [-15.9742771, 18.1026581], [-15.9746918, 18.1027253]]}}, {"type": "Feature", "properties": {"highway": "trunk"}, "geometry": {"type": "LineString", "coordinates": [[-15.9648183, 18.0797868], [-15.9647549, 18.0799389], [-15.9646981, 18.0801066], [-15.9644686, 18.080626]]}}, {"type": "Feature", "properties": {"highway": "trunk"}, "geometry": {"type": "LineString", "coordinates": [[-15.9987684, 18.1079117], [-15.9988236, 18.1081843]]}}, {"type": "Feature", "properties": {"highway": "trunk"}, "geometry": {"type": "LineString", "coordinates": [[-15.998928, 18.1082598], [-15.998845, 18.1078926]]}}, {"type": "Feature", "properties": {"highway": "trunk"}, "geometry": {"type": "LineString", "coordinates": [[-15.93624, 18.0712093], [-15.9366184, 18.0713137], [-15.9366519, 18.0713229]]}}, {"type": "Feature", "properties": {"highway": "trunk"}, "geometry": {"type": "LineString", "coordinates": [[-15.9387574, 18.0718823], [-15.939202, 18.0720045], [-15.9396057, 18.0720887], [-15.9397048, 18.0721192], [-15.9402324, 18.0722539], [-15.9404148, 18.0723032]]}}, {"type": "Feature", "properties": {"highway": "tertiary"}, "geometry": {"type": "LineString", "coordinates": [[-15.9606858, 18.128646], [-15.9602116, 18.1288372], [-15.9597458, 18.129025], [-15.9587408, 18.1294186], [-15.9582558, 18.1296163], [-15.9577408, 18.1298356], [-15.9576684, 18.1298649], [-15.9573466, 18.1299885], [-15.9566147, 18.1302839], [-15.9564095, 18.1303667], [-15.9561282, 18.1304735], [-15.9549054, 18.1309601], [-15.9547604, 18.1310178], [-15.9544773, 18.1311305], [-15.9541961, 18.1312402], [-15.9539169, 18.1313492], [-15.9536934, 18.1314364], [-15.9536157, 18.1314691], [-15.9533206, 18.1315931], [-15.9531063, 18.1316752], [-15.952996, 18.1317189], [-15.9526876, 18.131841], [-15.9524367, 18.1319523], [-15.95224, 18.1320395], [-15.9518816, 18.1321985], [-15.951801, 18.1322284], [-15.9511158, 18.1324827], [-15.9508533, 18.1325795], [-15.9505512, 18.132691], [-15.9504613, 18.1327268], [-15.9502602, 18.1328084], [-15.9499484, 18.1329224], [-15.9497814, 18.1329811]]}}, {"type": "Feature", "properties": {"highway": "tertiary"}, "geometry": {"type": "LineString", "coordinates": [[-15.9380609, 18.1279286], [-15.9384585, 18.128221]]}}, {"type": "Feature", "properties": {"highway": "trunk"}, "geometry": {"type": "LineString", "coordinates": [[-16.0026805, 18.127067], [-16.0026992, 18.1271594], [-16.0029382, 18.1283429]]}}, {"type": "Feature", "properties": {"highway": "tertiary"}, "geometry": {"type": "LineString", "coordinates": [[-16.0026805, 18.127067], [-16.0027753, 18.1270485]]}}, {"type": "Feature", "properties": {"highway": "tertiary"}, "geometry": {"type": "LineString", "coordinates": [[-15.9384585, 18.128221], [-15.9391026, 18.1286982], [-15.9392988, 18.128839], [-15.939454, 18.1289466], [-15.9396895, 18.1291173]]}}, {"type": "Feature", "properties": {"highway": "trunk"}, "geometry": {"type": "LineString", "coordinates": [[-15.9689756, 18.0705751], [-15.9692417, 18.0699767], [-15.9693402, 18.0697317], [-15.9693936, 18.0696004], [-15.9694768, 18.0694199], [-15.9696844, 18.068938], [-15.9698387, 18.0685857], [-15.9699813, 18.0682577], [-15.9700407, 18.0681123], [-15.9702091, 18.0677196], [-15.9705243, 18.0670145], [-15.9708005, 18.0663949]]}}, {"type": "Feature", "properties": {"highway": "trunk"}, "geometry": {"type": "LineString", "coordinates": [[-15.9707479, 18.0663559], [-15.9699786, 18.0680862], [-15.9699167, 18.0682306], [-15.9697749, 18.0685611], [-15.9696298, 18.0689152], [-15.9694049, 18.0693893], [-15.9692741, 18.0697008], [-15.9691808, 18.0699495], [-15.9689118, 18.0705496]]}}, {"type": "Feature", "properties": {"highway": "secondary"}, "geometry": {"type": "LineString", "coordinates": [[-15.9997944, 18.0846899], [-15.999928, 18.0847409], [-16.0000768, 18.0847996], [-16.0001493, 18.0848276], [-16.0002123, 18.0848557], [-16.0005878, 18.0850469], [-16.0009955, 18.0852585], [-16.001375, 18.0854867], [-16.0017586, 18.0857379], [-16.0021448, 18.0859928], [-16.0023272, 18.086119]]}}, {"type": "Feature", "properties": {"highway": "tertiary"}, "geometry": {"type": "LineString", "coordinates": [[-16.002852, 18.062989], [-16.0032164, 18.0627637], [-16.0032328, 18.0627533], [-16.0035527, 18.0625512], [-16.0038693, 18.0623297], [-16.0042021, 18.0621406], [-16.0045008, 18.0619593], [-16.0046111, 18.0618903], [-16.00485, 18.0617508], [-16.0051339, 18.0615648], [-16.0054774, 18.061361]]}}, {"type": "Feature", "properties": {"highway": "tertiary"}, "geometry": {"type": "LineString", "coordinates": [[-16.0068757, 18.0689919], [-16.0068568, 18.068904], [-16.0068248, 18.0688257], [-16.0067145, 18.0686457], [-16.0064428, 18.0682183], [-16.0057187, 18.0671771], [-16.0052911, 18.0665374], [-16.0050078, 18.0661204], [-16.0047846, 18.0658074], [-16.0042664, 18.0650725], [-16.003576, 18.0640399]]}}, {"type": "Feature", "properties": {"highway": "tertiary"}, "geometry": {"type": "LineString", "coordinates": [[-15.9897195, 18.062269], [-15.990423, 18.0632884], [-15.9908323, 18.0638824], [-15.9908977, 18.0639773], [-15.9911414, 18.0643311], [-15.9914097, 18.0647186], [-15.9915444, 18.0649158], [-15.9915585, 18.0649365], [-15.9918703, 18.0653887]]}}, {"type": "Feature", "properties": {"highway": "trunk"}, "geometry": {"type": "LineString", "coordinates": [[-15.9642937, 18.0811652], [-15.9643035, 18.0811433], [-15.964566, 18.0805593]]}}, {"type": "Feature", "properties": {"highway": "trunk"}, "geometry": {"type": "LineString", "coordinates": [[-15.9328017, 18.1240912], [-15.9319826, 18.1251636], [-15.931696, 18.1255278], [-15.9311749, 18.1261649], [-15.9309644, 18.1264326], [-15.9304105, 18.127159], [-15.9302764, 18.1273247], [-15.9301557, 18.1274675], [-15.9299664, 18.1277095], [-15.9297828, 18.1279442], [-15.9295763, 18.1282003], [-15.929064, 18.1288414], [-15.9289832, 18.1289435], [-15.9288669, 18.1290938], [-15.9286882, 18.1293356], [-15.9286429, 18.1293971], [-15.9283478, 18.129788], [-15.9281507, 18.1300491], [-15.9281076, 18.1301038], [-15.9279539, 18.1302989], [-15.9279067, 18.1303588], [-15.9276911, 18.1306326], [-15.9272403, 18.1312048], [-15.9269648, 18.1315561], [-15.9265995, 18.1320218], [-15.9262378, 18.132483], [-15.925866, 18.1329411], [-15.9257234, 18.1331167], [-15.9254315, 18.1334706]]}}, {"type": "Feature", "properties": {"highway": "trunk"}, "geometry": {"type": "LineString", "coordinates": [[-15.8943703, 18.0666324], [-15.8950275, 18.066747]]}}, {"type": "Feature", "properties": {"highway": "trunk"}, "geometry": {"type": "LineString", "coordinates": [[-15.9918051, 18.0859459], [-15.9915473, 18.0855599], [-15.9915335, 18.0855393], [-15.9912886, 18.0851647]]}}, {"type": "Feature", "properties": {"highway": "trunk"}, "geometry": {"type": "LineString", "coordinates": [[-15.9912886, 18.0851647], [-15.9911868, 18.0851962], [-15.9909733, 18.0852622]]}}, {"type": "Feature", "properties": {"highway": "trunk"}, "geometry": {"type": "LineString", "coordinates": [[-15.9803316, 18.0877796], [-15.9799388, 18.0878032]]}}, {"type": "Feature", "properties": {"highway": "trunk"}, "geometry": {"type": "LineString", "coordinates": [[-15.9799415, 18.087857], [-15.980239, 18.0878442], [-15.9803217, 18.0878406]]}}, {"type": "Feature", "properties": {"highway": "secondary"}, "geometry": {"type": "LineString", "coordinates": [[-15.9912886, 18.0851647], [-15.9911491, 18.0849408], [-15.9910834, 18.0848337]]}}, {"type": "Feature", "properties": {"highway": "trunk"}, "geometry": {"type": "LineString", "coordinates": [[-15.9803217, 18.0878406], [-15.9806535, 18.0878145], [-15.98106, 18.0877929], [-15.9811727, 18.087784], [-15.9814394, 18.0877628]]}}, {"type": "Feature", "properties": {"highway": "primary"}, "geometry": {"type": "LineString", "coordinates": [[-16.0203651, 18.1013553], [-16.0204133, 18.1015044], [-16.0206521, 18.1023865]]}}, {"type": "Feature", "properties": {"highway": "trunk"}, "geometry": {"type": "LineString", "coordinates": [[-15.9814394, 18.0877628], [-15.9816032, 18.0877424]]}}, {"type": "Feature", "properties": {"highway": "tertiary"}, "geometry": {"type": "LineString", "coordinates": [[-15.952756, 18.1087218], [-15.9526299, 18.1089162], [-15.9525682, 18.1090214], [-15.952467, 18.1092011], [-15.9523013, 18.1095057], [-15.9521538, 18.1097944], [-15.9520676, 18.1099587], [-15.9520311, 18.1100283], [-15.9519131, 18.1102546], [-15.9518708, 18.1103317], [-15.9516978, 18.1106791], [-15.9515952, 18.1108626], [-15.9514846, 18.1110391], [-15.9513183, 18.1113068], [-15.9512298, 18.1114368], [-15.9510984, 18.1116223], [-15.950922, 18.1118811]]}}, {"type": "Feature", "properties": {"highway": "primary"}, "geometry": {"type": "LineString", "coordinates": [[-16.0206521, 18.1023865], [-16.0210081, 18.1036186]]}}, {"type": "Feature", "properties": {"highway": "trunk"}, "geometry": {"type": "LineString", "coordinates": [[-15.9668725, 18.075215], [-15.9661804, 18.0767955], [-15.966136, 18.0769131], [-15.9658854, 18.0774091], [-15.9658022, 18.0775978], [-15.9657097, 18.0777916]]}}, {"type": "Feature", "properties": {"highway": "secondary"}, "geometry": {"type": "LineString", "coordinates": [[-15.9357472, 18.0710734], [-15.9357813, 18.0709709], [-15.9360084, 18.0702894], [-15.9362364, 18.0696052], [-15.9363717, 18.0692164], [-15.9364645, 18.0689003], [-15.936482, 18.0688406], [-15.9366157, 18.0683859], [-15.9366235, 18.0683594]]}}, {"type": "Feature", "properties": {"highway": "trunk"}, "geometry": {"type": "LineString", "coordinates": [[-15.9620573, 18.0862397], [-15.9628419, 18.0844666], [-15.962978, 18.0841554], [-15.9637927, 18.0822992], [-15.9638181, 18.0822354], [-15.9638401, 18.0821859]]}}, {"type": "Feature", "properties": {"highway": "trunk"}, "geometry": {"type": "LineString", "coordinates": [[-15.963002, 18.0876629], [-15.9634066, 18.0874868], [-15.9635264, 18.0874347]]}}, {"type": "Feature", "properties": {"highway": "tertiary"}, "geometry": {"type": "LineString", "coordinates": [[-15.9746918, 18.1027253], [-15.9750243, 18.1027792], [-15.9751131, 18.1027936]]}}, {"type": "Feature", "properties": {"highway": "tertiary"}, "geometry": {"type": "LineString", "coordinates": [[-15.9585206, 18.0994354], [-15.9585938, 18.099563], [-15.9586984, 18.0996726], [-15.9588198, 18.0997708], [-15.959096, 18.0999327], [-15.9593213, 18.1000602], [-15.9597618, 18.1002798], [-15.9600926, 18.100446], [-15.96039, 18.1005962], [-15.9606543, 18.1007276], [-15.9610749, 18.1009277]]}}, {"type": "Feature", "properties": {"highway": "tertiary"}, "geometry": {"type": "LineString", "coordinates": [[-15.9639099, 18.0897905], [-15.963627, 18.0900175], [-15.9635796, 18.0900618], [-15.9634741, 18.0901602], [-15.9634178, 18.0902151], [-15.9633721, 18.0902597], [-15.9632742, 18.0903668], [-15.9630905, 18.0905848], [-15.963, 18.0907249], [-15.9628225, 18.0909998]]}}, {"type": "Feature", "properties": {"highway": "trunk"}, "geometry": {"type": "LineString", "coordinates": [[-15.9634888, 18.087355], [-15.9633699, 18.0874077], [-15.9629627, 18.0875883]]}}, {"type": "Feature", "properties": {"highway": "trunk"}, "geometry": {"type": "LineString", "coordinates": [[-15.9642385, 18.0811468], [-15.9639314, 18.0818419], [-15.9637783, 18.0821862], [-15.9637668, 18.0822121], [-15.9637385, 18.0822759], [-15.963614, 18.0825561]]}}, {"type": "Feature", "properties": {"highway": "secondary"}, "geometry": {"type": "LineString", "coordinates": [[-15.9656505, 18.1061933], [-15.9652064, 18.1061334], [-15.9645174, 18.1060182], [-15.9637813, 18.1058994], [-15.9631914, 18.1058016], [-15.9627204, 18.1057311], [-15.9621062, 18.1056341], [-15.9617981, 18.1055855]]}}, {"type": "Feature", "properties": {"highway": "trunk"}, "geometry": {"type": "LineString", "coordinates": [[-15.9644686, 18.080626], [-15.9642385, 18.0811468]]}}, {"type": "Feature", "properties": {"highway": "tertiary"}, "geometry": {"type": "LineString", "coordinates": [[-15.9673612, 18.0742822], [-15.9672847, 18.074265]]}}, {"type": "Feature", "properties": {"highway": "tertiary"}, "geometry": {"type": "LineString", "coordinates": [[-15.9618233, 18.0554986], [-15.9620325, 18.0553075], [-15.9621896, 18.0551856], [-15.9622815, 18.0550994], [-15.9626672, 18.0547617], [-15.9631479, 18.0543408], [-15.963317, 18.0542024], [-15.9633922, 18.0541373], [-15.963569, 18.0539758], [-15.9638283, 18.053739], [-15.964098, 18.0534926], [-15.9644544, 18.0531671], [-15.9645226, 18.0531048], [-15.9648577, 18.0528098], [-15.965653, 18.0521098]]}}, {"type": "Feature", "properties": {"highway": "tertiary"}, "geometry": {"type": "LineString", "coordinates": [[-15.9572437, 18.0715505], [-15.9573569, 18.07117], [-15.9573676, 18.0711341], [-15.95759, 18.070387], [-15.9576003, 18.0703521], [-15.9576788, 18.0700884], [-15.9578621, 18.0694723], [-15.9579692, 18.0691125]]}}, {"type": "Feature", "properties": {"highway": "tertiary"}, "geometry": {"type": "LineString", "coordinates": [[-15.9572437, 18.0715505], [-15.9568827, 18.071453], [-15.9560398, 18.0712254], [-15.9559756, 18.0712081], [-15.9557066, 18.0711355], [-15.9553251, 18.0710324], [-15.9550986, 18.0709713], [-15.9549902, 18.070942], [-15.9547231, 18.0708699], [-15.9541726, 18.0707213], [-15.9534649, 18.0705302], [-15.9531013, 18.070432], [-15.9523276, 18.0702231], [-15.9522134, 18.0701923], [-15.9519803, 18.0701293], [-15.9518403, 18.0700915], [-15.951359, 18.0699616], [-15.9512286, 18.0699264], [-15.9509615, 18.0698543], [-15.9508812, 18.0698326], [-15.9500892, 18.0696187], [-15.9496578, 18.0695022], [-15.9483662, 18.0691535], [-15.947871, 18.0690198]]}}, {"type": "Feature", "properties": {"highway": "trunk"}, "geometry": {"type": "LineString", "coordinates": [[-15.9366519, 18.0713229], [-15.9370442, 18.0714304], [-15.9372507, 18.0714864], [-15.9382429, 18.0717436], [-15.9387574, 18.0718823]]}}, {"type": "Feature", "properties": {"highway": "tertiary"}, "geometry": {"type": "LineString", "coordinates": [[-15.9841512, 18.0747529], [-15.9843202, 18.0746464], [-15.984907, 18.0742764], [-15.9853022, 18.0740273], [-15.9863742, 18.0733515], [-15.9874687, 18.0726616], [-15.9877454, 18.0724872]]}}, {"type": "Feature", "properties": {"highway": "trunk"}, "geometry": {"type": "LineString", "coordinates": [[-15.9657916, 18.0778317], [-15.9669286, 18.0752804]]}}, {"type": "Feature", "properties": {"highway": "trunk"}, "geometry": {"type": "LineString", "coordinates": [[-15.9728563, 18.0870977], [-15.9726494, 18.0870598], [-15.9718719, 18.0869325], [-15.9716741, 18.0868988]]}}, {"type": "Feature", "properties": {"highway": "primary"}, "geometry": {"type": "LineString", "coordinates": [[-15.944755, 18.0121452], [-15.9447402, 18.0124254], [-15.9447278, 18.0126864], [-15.9447139, 18.0131125], [-15.944685, 18.0137024], [-15.9446681, 18.0142209], [-15.9446427, 18.0147466], [-15.9446195, 18.0151409], [-15.9445859, 18.0155237], [-15.9445614, 18.0155732], [-15.9445232, 18.015611], [-15.944439, 18.0156517], [-15.9443793, 18.0156561], [-15.9442508, 18.0155993], [-15.9436933, 18.0152736], [-15.9432623, 18.0150208], [-15.9428573, 18.0147886], [-15.9419379, 18.0142531], [-15.9414437, 18.0139801], [-15.940961, 18.0137146], [-15.9406149, 18.0135082], [-15.9402546, 18.0132969], [-15.9399142, 18.0131006], [-15.9393807, 18.0127908], [-15.9389832, 18.0125683], [-15.938863, 18.0124993], [-15.9385551, 18.0123325], [-15.9385292, 18.0123285], [-15.9385033, 18.0123329], [-15.9384759, 18.0123469], [-15.9382527, 18.0127434], [-15.938036, 18.0131059], [-15.9378068, 18.0134959], [-15.9376204, 18.0138241], [-15.9372076, 18.0145371], [-15.9370481, 18.0148182], [-15.9365813, 18.0155805], [-15.9363551, 18.0159718], [-15.9361426, 18.016338], [-15.9358952, 18.0167645], [-15.9356755, 18.0171432], [-15.9352608, 18.0178683], [-15.9349102, 18.0184812], [-15.9336608, 18.0206461], [-15.9327928, 18.0221501]]}}, {"type": "Feature", "properties": {"highway": "secondary"}, "geometry": {"type": "LineString", "coordinates": [[-15.9807207, 18.0635707], [-15.9806107, 18.0635197], [-15.9804229, 18.0634356], [-15.9802915, 18.0633816], [-15.9798228, 18.0631961], [-15.9794721, 18.0630677]]}}, {"type": "Feature", "properties": {"highway": "tertiary"}, "geometry": {"type": "LineString", "coordinates": [[-15.9794721, 18.0630677], [-15.9796509, 18.0627174], [-15.9797041, 18.0626068], [-15.9797806, 18.0624513]]}}, {"type": "Feature", "properties": {"highway": "secondary"}, "geometry": {"type": "LineString", "coordinates": [[-15.9817305, 18.0643122], [-15.9816688, 18.0642376], [-15.9815642, 18.0641317], [-15.9814408, 18.0640081], [-15.9813094, 18.0639035], [-15.9810922, 18.0637543], [-15.9807207, 18.0635707]]}}, {"type": "Feature", "properties": {"highway": "tertiary"}, "geometry": {"type": "LineString", "coordinates": [[-15.9656137, 18.0570954], [-15.9654482, 18.0570553], [-15.9652129, 18.0569961], [-15.9650023, 18.0569438], [-15.9648283, 18.0569022], [-15.96458, 18.0568428], [-15.9644882, 18.0568209], [-15.9641781, 18.0567468], [-15.9641062, 18.0567303], [-15.9640851, 18.0567254], [-15.9639783, 18.0567009], [-15.9637704, 18.0566594], [-15.9636055, 18.0566333], [-15.9633996, 18.0566161], [-15.9628625, 18.0565853], [-15.9623705, 18.0565591], [-15.9621069, 18.056542], [-15.9617626, 18.0565212], [-15.9615523, 18.0565096]]}}, {"type": "Feature", "properties": {"highway": "trunk"}, "geometry": {"type": "LineString", "coordinates": [[-15.9751768, 18.0558887], [-15.9750746, 18.0562444], [-15.9749559, 18.0565959], [-15.9747922, 18.0570896], [-15.9747202, 18.0572736], [-15.9746721, 18.0573697], [-15.9745988, 18.0574683], [-15.9745057, 18.0575842]]}}, {"type": "Feature", "properties": {"highway": "tertiary"}, "geometry": {"type": "LineString", "coordinates": [[-15.97238, 18.0460441], [-15.9727739, 18.045706], [-15.9731444, 18.045388], [-15.9733734, 18.0451915]]}}, {"type": "Feature", "properties": {"highway": "trunk"}, "geometry": {"type": "LineString", "coordinates": [[-15.9747844, 18.0576782], [-15.9747966, 18.0575168], [-15.9748171, 18.057434], [-15.975206, 18.0563454]]}}, {"type": "Feature", "properties": {"highway": "secondary"}, "geometry": {"type": "LineString", "coordinates": [[-15.9750767, 18.0577185], [-15.9757036, 18.0574009], [-15.9764296, 18.0570158]]}}, {"type": "Feature", "properties": {"highway": "secondary"}, "geometry": {"type": "LineString", "coordinates": [[-15.9764296, 18.0570158], [-15.976542, 18.0569577], [-15.9769664, 18.056738], [-15.9779015, 18.056254], [-15.9779547, 18.0562216], [-15.9790024, 18.0556832]]}}, {"type": "Feature", "properties": {"highway": "secondary"}, "geometry": {"type": "LineString", "coordinates": [[-15.9574002, 18.0396857], [-15.9578396, 18.0395992], [-15.9586327, 18.0394371], [-15.9587105, 18.0394218], [-15.9589867, 18.0393605], [-15.9595621, 18.0392432], [-15.9599819, 18.0391476], [-15.9603857, 18.0390593], [-15.9608884, 18.0389512], [-15.9611982, 18.0388964], [-15.9612519, 18.0388874], [-15.9615496, 18.0388262], [-15.9621504, 18.0386962], [-15.9625675, 18.0386158]]}}, {"type": "Feature", "properties": {"highway": "tertiary"}, "geometry": {"type": "LineString", "coordinates": [[-15.9615523, 18.0565096], [-15.9616566, 18.0560904], [-15.9617155, 18.0558811]]}}, {"type": "Feature", "properties": {"highway": "tertiary"}, "geometry": {"type": "LineString", "coordinates": [[-15.9614529, 18.0558161], [-15.9618233, 18.0554986]]}}, {"type": "Feature", "properties": {"highway": "tertiary"}, "geometry": {"type": "LineString", "coordinates": [[-15.9617155, 18.0558811], [-15.9618233, 18.0554986]]}}, {"type": "Feature", "properties": {"highway": "tertiary"}, "geometry": {"type": "LineString", "coordinates": [[-15.9614529, 18.0558161], [-15.9615178, 18.0557927], [-15.9615644, 18.0557875], [-15.9615994, 18.0557918], [-15.961637, 18.0558063], [-15.9616684, 18.0558225], [-15.9616908, 18.0558438], [-15.9617155, 18.0558811]]}}, {"type": "Feature", "properties": {"highway": "secondary"}, "geometry": {"type": "LineString", "coordinates": [[-15.9405959, 18.0506642], [-15.94034, 18.0505403], [-15.9400128, 18.0503784], [-15.9396011, 18.0501559], [-15.9394254, 18.0500634], [-15.9390165, 18.0498435], [-15.9382861, 18.0494508], [-15.9377163, 18.0491388], [-15.9372209, 18.0488717], [-15.9368973, 18.0486963], [-15.9363408, 18.0483956], [-15.935628, 18.0480418], [-15.935276, 18.047855], [-15.9348696, 18.0476356], [-15.9347616, 18.0475773], [-15.9346048, 18.0474928], [-15.9345455, 18.047462], [-15.9343064, 18.0473379], [-15.9341011, 18.0472314], [-15.9338972, 18.0471141], [-15.93353, 18.0469189], [-15.9332496, 18.0467659], [-15.9328808, 18.0465747], [-15.9325518, 18.0464025], [-15.9322357, 18.0462362], [-15.9318918, 18.0460541], [-15.9315129, 18.0458536], [-15.9312241, 18.0456885], [-15.9310099, 18.0455661], [-15.9308936, 18.0454987], [-15.9306083, 18.0453334]]}}, {"type": "Feature", "properties": {"highway": "tertiary"}, "geometry": {"type": "LineString", "coordinates": [[-15.9940314, 18.068525], [-15.9942745, 18.0688779], [-15.9947614, 18.0695849]]}}, {"type": "Feature", "properties": {"highway": "secondary"}, "geometry": {"type": "LineString", "coordinates": [[-15.9391109, 18.0858112], [-15.9390934, 18.0858365], [-15.9390816, 18.0858647], [-15.9390762, 18.0858946], [-15.9390233, 18.0862177], [-15.9389547, 18.0866366], [-15.9389504, 18.0866663], [-15.9388807, 18.0871467], [-15.93881, 18.0876032], [-15.9387419, 18.0880425], [-15.938666, 18.0885325], [-15.9385879, 18.0890366], [-15.9385167, 18.0894962], [-15.9385155, 18.0895038], [-15.9384449, 18.0899591]]}}, {"type": "Feature", "properties": {"highway": "secondary"}, "geometry": {"type": "LineString", "coordinates": [[-15.9333728, 18.0834265], [-15.9338443, 18.0834964], [-15.9344075, 18.0835799], [-15.9348823, 18.0836503], [-15.9354561, 18.0837354], [-15.9359814, 18.0838133], [-15.9365058, 18.0838911]]}}, {"type": "Feature", "properties": {"highway": "tertiary"}, "geometry": {"type": "LineString", "coordinates": [[-15.922264, 18.0698917], [-15.9222651, 18.0699536]]}}, {"type": "Feature", "properties": {"highway": "tertiary"}, "geometry": {"type": "LineString", "coordinates": [[-15.9735626, 18.0449721], [-15.9734785, 18.0450696], [-15.9733734, 18.0451915]]}}, {"type": "Feature", "properties": {"highway": "trunk"}, "geometry": {"type": "LineString", "coordinates": [[-15.8928655, 18.0663247], [-15.8936388, 18.0665046], [-15.8938385, 18.0665338], [-15.8940491, 18.0665772], [-15.8943703, 18.0666324]]}}, {"type": "Feature", "properties": {"highway": "primary"}, "geometry": {"type": "LineString", "coordinates": [[-16.0215291, 17.9923179], [-16.0214889, 17.9936304], [-16.0214661, 17.9947937], [-16.0213749, 17.997874], [-16.0213602, 17.9997719], [-16.0213341, 18.0009988], [-16.0213297, 18.0012258], [-16.0212929, 18.003139], [-16.0212874, 18.003424], [-16.0212752, 18.003744], [-16.0212542, 18.0042934], [-16.0212475, 18.0052372], [-16.0212395, 18.0060764], [-16.0212314, 18.0071083], [-16.0211939, 18.0085444], [-16.0211764, 18.0102789], [-16.0211563, 18.0110671], [-16.0211241, 18.0120861], [-16.021104, 18.0150196], [-16.0209987, 18.0214014], [-16.0209137, 18.0251684], [-16.0208344, 18.0269182], [-16.0207459, 18.0289254], [-16.0207205, 18.0295235], [-16.0206869, 18.0303244], [-16.0206346, 18.0315167], [-16.0205756, 18.0328506], [-16.020551, 18.0343416], [-16.0205411, 18.0350123], [-16.0205496, 18.0351518], [-16.0205936, 18.0353215], [-16.0206572, 18.0354657], [-16.0207305, 18.0355843], [-16.0210368, 18.0359875], [-16.021301, 18.0363194], [-16.0214053, 18.0364728], [-16.0214816, 18.0366356], [-16.0214931, 18.0366736], [-16.0215154, 18.0367472], [-16.0215393, 18.0368594], [-16.0215548, 18.0369868], [-16.0215567, 18.037104], [-16.021562, 18.0374105], [-16.0215607, 18.0381631], [-16.0215906, 18.0427811]]}}, {"type": "Feature", "properties": {"highway": "trunk"}, "geometry": {"type": "LineString", "coordinates": [[-15.8923857, 18.0661939], [-15.8928655, 18.0663247]]}}, {"type": "Feature", "properties": {"highway": "tertiary"}, "geometry": {"type": "LineString", "coordinates": [[-16.003576, 18.0640399], [-16.003211, 18.0635083], [-16.002852, 18.062989]]}}, {"type": "Feature", "properties": {"highway": "trunk"}, "geometry": {"type": "LineString", "coordinates": [[-15.8950275, 18.066747], [-15.8952239, 18.0667812]]}}, {"type": "Feature", "properties": {"highway": "tertiary"}, "geometry": {"type": "LineString", "coordinates": [[-15.947968, 18.1050624], [-15.9470672, 18.1043874], [-15.9466637, 18.104078], [-15.9462416, 18.1037544], [-15.9457032, 18.1033525], [-15.9442885, 18.1022965], [-15.9432828, 18.1015507], [-15.940583, 18.0995306], [-15.9388584, 18.0982122]]}}, {"type": "Feature", "properties": {"highway": "primary"}, "geometry": {"type": "LineString", "coordinates": [[-16.022711, 18.1145823], [-16.022595, 18.1174155], [-16.0225537, 18.118065], [-16.0224816, 18.119476], [-16.0224545, 18.1202598], [-16.0223764, 18.1214981], [-16.0223563, 18.1220056]]}}, {"type": "Feature", "properties": {"highway": "tertiary"}, "geometry": {"type": "LineString", "coordinates": [[-15.9438367, 18.0817621], [-15.9409958, 18.0814314], [-15.9392148, 18.0811866], [-15.9363341, 18.0808143], [-15.9353821, 18.080686], [-15.934867, 18.0806195], [-15.9343548, 18.0805534], [-15.9338324, 18.080486]]}}, {"type": "Feature", "properties": {"highway": "tertiary"}, "geometry": {"type": "LineString", "coordinates": [[-15.9881339, 17.9923243], [-15.9881679, 17.9943938], [-15.9881926, 17.9959119], [-15.9880829, 18.0062328], [-15.9880802, 18.0065312], [-15.9880556, 18.0068838], [-15.9880042, 18.0072775], [-15.987805, 18.0085281], [-15.9877407, 18.0089317], [-15.9876794, 18.0093168], [-15.9875487, 18.0101375], [-15.9874757, 18.0105959], [-15.9874247, 18.0109161], [-15.9873513, 18.0113768], [-15.9872921, 18.0117482], [-15.987141, 18.012606]]}}, {"type": "Feature", "properties": {"highway": "tertiary"}, "geometry": {"type": "LineString", "coordinates": [[-15.9558335, 18.0948822], [-15.9544086, 18.0938055], [-15.9541209, 18.0935882], [-15.9526168, 18.0924848], [-15.9524462, 18.0923536], [-15.9516541, 18.0917446], [-15.950763, 18.0910771], [-15.9487429, 18.0895639], [-15.9472195, 18.0884006], [-15.9470956, 18.0882694], [-15.9470355, 18.0881281], [-15.9467417, 18.087001], [-15.9466639, 18.0869068], [-15.9465612, 18.0868328], [-15.9464192, 18.0867718]]}}, {"type": "Feature", "properties": {"highway": "secondary"}, "geometry": {"type": "LineString", "coordinates": [[-15.9519312, 18.1002552], [-15.9514125, 18.0998664], [-15.9510144, 18.0995679], [-15.9506245, 18.0992757], [-15.9501732, 18.0989374], [-15.949658, 18.0985512], [-15.9492673, 18.0982587], [-15.9488812, 18.097969], [-15.9482324, 18.0974827], [-15.9480748, 18.0973645], [-15.9475732, 18.096987], [-15.9471946, 18.0967021], [-15.9467661, 18.0963796], [-15.9462416, 18.0959848], [-15.9445445, 18.0947076], [-15.9430877, 18.0936212], [-15.9429887, 18.0935626], [-15.9428548, 18.0935192], [-15.9427027, 18.0934991]]}}, {"type": "Feature", "properties": {"highway": "primary"}, "geometry": {"type": "LineString", "coordinates": [[-15.9885763, 18.1470492], [-15.9885432, 18.1446811], [-15.9885611, 18.1446057], [-15.9885996, 18.1445521], [-15.9886431, 18.1445108], [-15.988702, 18.1444913], [-15.9887788, 18.1444913], [-15.9908743, 18.1444749], [-15.9921764, 18.1444647], [-15.9928912, 18.1444665], [-15.9936101, 18.1444684], [-15.9946326, 18.144471], [-15.9952484, 18.1444726]]}}, {"type": "Feature", "properties": {"highway": "primary"}, "geometry": {"type": "LineString", "coordinates": [[-16.0215906, 18.0427811], [-16.0215918, 18.0440083], [-16.0216014, 18.0454826], [-16.0216074, 18.0464078], [-16.0214652, 18.0559506], [-16.0214191, 18.0610503], [-16.0214175, 18.0618914], [-16.02146, 18.0636431], [-16.0218806, 18.070532], [-16.0221689, 18.0757034], [-16.0222884, 18.0777695], [-16.0225065, 18.0813809], [-16.0227027, 18.0849702], [-16.0230609, 18.0911775], [-16.0231153, 18.092039], [-16.0231001, 18.0925452], [-16.0230478, 18.09309], [-16.0229615, 18.0936786], [-16.0228838, 18.0940094], [-16.0221661, 18.0965651], [-16.0220389, 18.0968533], [-16.0218949, 18.0970796], [-16.0215449, 18.097446], [-16.0205277, 18.0984943], [-16.0203173, 18.0987407], [-16.0201804, 18.0989639], [-16.0200787, 18.0992528], [-16.0200282, 18.0994984], [-16.0199748, 18.0998753]]}}, {"type": "Feature", "properties": {"highway": "tertiary"}, "geometry": {"type": "LineString", "coordinates": [[-15.9987684, 18.1079117], [-15.998845, 18.1078926], [-15.9990144, 18.1078504], [-15.9990615, 18.1078387], [-15.9992074, 18.1078005], [-16.0005181, 18.1075427], [-16.0019986, 18.1072699]]}}, {"type": "Feature", "properties": {"highway": "trunk"}, "geometry": {"type": "LineString", "coordinates": [[-15.9974457, 18.1014868], [-15.9975311, 18.1019091]]}}, {"type": "Feature", "properties": {"highway": "trunk"}, "geometry": {"type": "LineString", "coordinates": [[-15.9975311, 18.1019091], [-15.9976173, 18.1023381], [-15.9976833, 18.102675], [-15.9978066, 18.1032878], [-15.9978183, 18.10339], [-15.9978215, 18.1035063], [-15.9977886, 18.1036644]]}}, {"type": "Feature", "properties": {"highway": "primary"}, "geometry": {"type": "LineString", "coordinates": [[-15.9885763, 18.1470492], [-15.9884998, 18.1470491]]}}, {"type": "Feature", "properties": {"highway": "primary"}, "geometry": {"type": "LineString", "coordinates": [[-15.9384786, 18.1394984], [-15.9387111, 18.1396701], [-15.9388098, 18.1397396], [-15.9393576, 18.1401307], [-15.9394774, 18.1402189], [-15.9396959, 18.1403804], [-15.9397326, 18.1404075], [-15.9398006, 18.1404579], [-15.9399928, 18.1406003], [-15.9402457, 18.1407876], [-15.9405709, 18.1410471], [-15.9407105, 18.1411502], [-15.9413984, 18.1416581], [-15.942326, 18.1423431], [-15.9427331, 18.1426437], [-15.943124, 18.1429324], [-15.9434682, 18.1431865], [-15.9437259, 18.1433769], [-15.9439236, 18.1435228], [-15.9440393, 18.1436082], [-15.9441347, 18.1436787], [-15.9442858, 18.1437899], [-15.9443811, 18.14386], [-15.9445695, 18.1439985], [-15.9446423, 18.1440521], [-15.9448474, 18.1442029], [-15.9450688, 18.1443658], [-15.9451686, 18.1444392], [-15.9453486, 18.1445716], [-15.9454562, 18.1446507], [-15.9456251, 18.144775], [-15.9457169, 18.1448425], [-15.9458766, 18.1449599], [-15.9459637, 18.145024], [-15.9461474, 18.1451591], [-15.9462691, 18.1452487], [-15.9463583, 18.1453143], [-15.9465245, 18.1454365], [-15.946632, 18.1455156], [-15.9467987, 18.1456321], [-15.9469678, 18.1457626], [-15.947048, 18.1458216], [-15.9472413, 18.1459638], [-15.9473345, 18.1460323], [-15.94759, 18.1462202], [-15.9476488, 18.1462634], [-15.9478469, 18.1464092], [-15.9479396, 18.1464774], [-15.9481899, 18.1466615], [-15.948249, 18.146705], [-15.9485127, 18.1468989], [-15.9485802, 18.1469486], [-15.9490043, 18.1472507], [-15.9506634, 18.1484809], [-15.9523697, 18.1497217], [-15.9532809, 18.1502273], [-15.954175, 18.1507134], [-15.954733, 18.1509859], [-15.9548651, 18.1510237], [-15.9549381, 18.1510446], [-15.9551151, 18.1510633], [-15.9552541, 18.151054], [-15.9553693, 18.1510366], [-15.9572627, 18.1506611], [-15.957665, 18.15058], [-15.9590909, 18.1502556], [-15.9594677, 18.1501977], [-15.9603393, 18.1500118], [-15.9611131, 18.1498607], [-15.9623979, 18.1496098], [-15.9630822, 18.1494726], [-15.963835, 18.1493216], [-15.9646821, 18.1491452], [-15.964926, 18.1490814], [-15.9649931, 18.1490486], [-15.9650398, 18.1490022], [-15.9650744, 18.148952], [-15.9650845, 18.1488747], [-15.9650805, 18.1487975], [-15.9650222, 18.148498], [-15.9649344, 18.1480472], [-15.9648549, 18.1476386]]}}, {"type": "Feature", "properties": {"highway": "tertiary"}, "geometry": {"type": "LineString", "coordinates": [[-15.951791, 18.0322009], [-15.9519733, 18.0318908], [-15.9523137, 18.0313033], [-15.9524296, 18.0311146], [-15.9526164, 18.0307984], [-15.9526406, 18.0307563], [-15.9528953, 18.0303262], [-15.9529297, 18.0302681], [-15.9530713, 18.0300289], [-15.9532145, 18.0297871], [-15.9535196, 18.0292719], [-15.9537488, 18.0289144]]}}, {"type": "Feature", "properties": {"highway": "tertiary"}, "geometry": {"type": "LineString", "coordinates": [[-15.9530122, 18.0046127], [-15.9528612, 18.0058793], [-15.9526915, 18.0073025], [-15.9526423, 18.0077157], [-15.952394, 18.0098278], [-15.9523056, 18.0111371], [-15.9522791, 18.0113575], [-15.9522477, 18.0115347], [-15.9521913, 18.0119296], [-15.9520966, 18.0124084], [-15.9520358, 18.0128359], [-15.9519418, 18.0137205], [-15.951909, 18.0140286], [-15.9517983, 18.0150705], [-15.951776, 18.0153527], [-15.9517677, 18.0157669], [-15.9517519, 18.0165316], [-15.9517324, 18.0169597], [-15.9517283, 18.017049], [-15.9516911, 18.017509], [-15.9516201, 18.0186526], [-15.9515728, 18.0194239], [-15.9515593, 18.0197967], [-15.9515627, 18.0199831], [-15.9515526, 18.0200827], [-15.9515289, 18.020163], [-15.9514715, 18.0202787], [-15.9514005, 18.0204073], [-15.9511286, 18.0208396], [-15.9504846, 18.0218638], [-15.9502521, 18.0222736], [-15.9501129, 18.0225282], [-15.9497942, 18.0230579], [-15.9495804, 18.0234132], [-15.9493446, 18.0238052], [-15.9488788, 18.0245792], [-15.9484391, 18.0252907], [-15.9480865, 18.0258613]]}}, {"type": "Feature", "properties": {"highway": "secondary"}, "geometry": {"type": "LineString", "coordinates": [[-15.9384449, 18.0899591], [-15.9383735, 18.090447], [-15.9383093, 18.0908856], [-15.9382449, 18.0913255], [-15.9381764, 18.0917929], [-15.9380552, 18.0926235]]}}, {"type": "Feature", "properties": {"highway": "tertiary"}, "geometry": {"type": "LineString", "coordinates": [[-15.9042915, 18.135281], [-15.9052751, 18.1359847], [-15.9063579, 18.1367765]]}}, {"type": "Feature", "properties": {"highway": "tertiary"}, "geometry": {"type": "LineString", "coordinates": [[-15.9201899, 18.1150772], [-15.9198538, 18.1148355], [-15.9192005, 18.1143655], [-15.9191258, 18.1143118], [-15.9189083, 18.1141553], [-15.9184253, 18.113808], [-15.9181163, 18.1135857], [-15.9177802, 18.1133439], [-15.9171144, 18.1128651], [-15.9170553, 18.1128225], [-15.9168394, 18.1126672], [-15.9163177, 18.112292], [-15.9159957, 18.1120604], [-15.9156696, 18.1118258], [-15.9150296, 18.1113655], [-15.9149381, 18.1112997], [-15.9147154, 18.1111395], [-15.9142306, 18.1107908], [-15.9139122, 18.1105617], [-15.9128782, 18.109818]]}}, {"type": "Feature", "properties": {"highway": "tertiary"}, "geometry": {"type": "LineString", "coordinates": [[-15.9063579, 18.1367765], [-15.9060898, 18.1371226]]}}, {"type": "Feature", "properties": {"highway": "tertiary"}, "geometry": {"type": "LineString", "coordinates": [[-15.9629231, 17.9763734], [-15.9629948, 17.9767769], [-15.9631921, 17.9778874], [-15.9632005, 17.9779347], [-15.9633003, 17.9784969], [-15.963363, 17.9788497], [-15.9635904, 17.9801301], [-15.9637971, 17.9812939], [-15.9638686, 17.9816962], [-15.9641705, 17.9833961], [-15.9642381, 17.9837767], [-15.9644036, 17.9847085], [-15.9646932, 17.986338]]}}, {"type": "Feature", "properties": {"highway": "tertiary"}, "geometry": {"type": "LineString", "coordinates": [[-15.9646932, 17.986338], [-15.9647749, 17.9868138], [-15.9649616, 17.9878954], [-15.9650656, 17.9884984], [-15.9651358, 17.9889051], [-15.965293, 17.9898165], [-15.9653575, 17.99019], [-15.9654886, 17.9909498], [-15.9655535, 17.9913259], [-15.9656222, 17.9917241], [-15.9657253, 17.9923219], [-15.965763, 17.9925403], [-15.9657816, 17.9926479], [-15.965837, 17.9929693], [-15.9659182, 17.9934395], [-15.9659993, 17.9939097]]}}, {"type": "Feature", "properties": {"highway": "tertiary"}, "geometry": {"type": "LineString", "coordinates": [[-15.997839, 18.098809], [-15.9983591, 18.0985416], [-15.9987259, 18.0983531], [-15.9988055, 18.0983122], [-15.9990552, 18.0981723], [-15.9993071, 18.098007], [-15.9995312, 18.0978533], [-16.000157, 18.0974147], [-16.0008082, 18.0969592], [-16.0011846, 18.0966959], [-16.0012402, 18.096657], [-16.0014376, 18.0965293], [-16.0020583, 18.0961562], [-16.0021152, 18.096122], [-16.0025154, 18.0958801], [-16.0029908, 18.0955927], [-16.0034758, 18.0952996], [-16.0037082, 18.0951592], [-16.0050582, 18.0943432], [-16.006027, 18.0937576], [-16.0069283, 18.0932128], [-16.0070038, 18.0931672], [-16.0076888, 18.0927531], [-16.0079072, 18.0926211], [-16.0081484, 18.0924753], [-16.0085972, 18.092204], [-16.009101, 18.0918995], [-16.0091918, 18.0918446], [-16.0096186, 18.0915866], [-16.0097454, 18.0915051], [-16.0098216, 18.0914516], [-16.0098523, 18.09143], [-16.0099144, 18.0913736], [-16.0099883, 18.0912872]]}}, {"type": "Feature", "properties": {"highway": "tertiary"}, "geometry": {"type": "LineString", "coordinates": [[-16.0096528, 18.0982295], [-16.0082344, 18.0981856], [-16.0075428, 18.0981642], [-16.0069008, 18.0981441], [-16.0068432, 18.0981425], [-16.0062177, 18.0981231], [-16.005896, 18.0981078], [-16.005442, 18.0980991], [-16.0048847, 18.0980819], [-16.0043791, 18.0980662], [-16.0039147, 18.0980518], [-16.0034452, 18.0980373], [-16.0029589, 18.0980223], [-16.0027082, 18.0980145], [-16.0020284, 18.0979935], [-16.0014911, 18.0979768], [-16.0014361, 18.0976619], [-16.0014111, 18.0975191], [-16.0012963, 18.0968622], [-16.0012722, 18.0968076], [-16.0011846, 18.0966959]]}}, {"type": "Feature", "properties": {"highway": "trunk"}, "geometry": {"type": "LineString", "coordinates": [[-15.9669286, 18.0752804], [-15.967122, 18.0748388], [-15.9673612, 18.0742822]]}}, {"type": "Feature", "properties": {"highway": "trunk"}, "geometry": {"type": "LineString", "coordinates": [[-15.9672847, 18.074265], [-15.9668725, 18.075215]]}}, {"type": "Feature", "properties": {"highway": "trunk"}, "geometry": {"type": "LineString", "coordinates": [[-15.964566, 18.0805593], [-15.9647944, 18.0800511], [-15.9648651, 18.0799154], [-15.9649077, 18.0798148]]}}, {"type": "Feature", "properties": {"highway": "trunk"}, "geometry": {"type": "LineString", "coordinates": [[-15.9657097, 18.0777916], [-15.9651542, 18.0790121], [-15.9648183, 18.0797868]]}}, {"type": "Feature", "properties": {"highway": "trunk"}, "geometry": {"type": "LineString", "coordinates": [[-15.9638401, 18.0821859], [-15.9642937, 18.0811652]]}}, {"type": "Feature", "properties": {"highway": "trunk"}, "geometry": {"type": "LineString", "coordinates": [[-15.963614, 18.0825561], [-15.9635871, 18.0826165], [-15.9631536, 18.0835919], [-15.9627874, 18.0844389], [-15.9627138, 18.0846092], [-15.9620162, 18.0861496]]}}, {"type": "Feature", "properties": {"highway": "tertiary"}, "geometry": {"type": "LineString", "coordinates": [[-15.9652774, 18.0792154], [-15.9661925, 18.0794375], [-15.9664284, 18.0794322]]}}, {"type": "Feature", "properties": {"highway": "trunk"}, "geometry": {"type": "LineString", "coordinates": [[-15.965345, 18.0790883], [-15.9650382, 18.0790006], [-15.9645818, 18.0788497], [-15.9641889, 18.0787656], [-15.9640724, 18.0787807]]}}, {"type": "Feature", "properties": {"highway": "trunk"}, "geometry": {"type": "LineString", "coordinates": [[-15.9649854, 18.0791339], [-15.9652774, 18.0792154]]}}, {"type": "Feature", "properties": {"highway": "tertiary"}, "geometry": {"type": "LineString", "coordinates": [[-16.0014278, 18.1209031], [-16.0012592, 18.120943], [-15.9996256, 18.1212711], [-15.9982036, 18.1215615], [-15.9974086, 18.1217238], [-15.9967718, 18.1218539], [-15.9960358, 18.1220042], [-15.9954953, 18.1221145], [-15.9952855, 18.1221574], [-15.9950118, 18.1222133], [-15.9942959, 18.1223594], [-15.9939721, 18.1224256], [-15.993827, 18.1224552], [-15.993326, 18.1225575], [-15.9927249, 18.1226802]]}}, {"type": "Feature", "properties": {"highway": "tertiary"}, "geometry": {"type": "LineString", "coordinates": [[-16.0053674, 18.1012085], [-16.0053896, 18.1012276], [-16.0054043, 18.1012525], [-16.0054995, 18.1017095], [-16.0055941, 18.102171], [-16.0056887, 18.1026323], [-16.0056906, 18.1026414], [-16.0057345, 18.1028553], [-16.0057809, 18.1031005], [-16.0059605, 18.1040507], [-16.0059831, 18.1041686], [-16.0061013, 18.1047865], [-16.0061899, 18.1052502], [-16.0063049, 18.1058844], [-16.0064041, 18.1064605]]}}]}